HIERARCHY
ROOT mixamorig:Hips
{
	OFFSET -0.000008 104.274872 1.554316
	CHANNELS 6 Xposition Yposition Zposition Xrotation Yrotation Zrotation
	JOINT mixamorig:Spine
	{
		OFFSET -0.000005 10.181595 0.131521
		CHANNELS 6 Xposition Yposition Zposition Xrotation Yrotation Zrotation
		JOINT mixamorig:Spine1
		{
			OFFSET -0.000000 9.893959 -1.470711
			CHANNELS 6 Xposition Yposition Zposition Xrotation Yrotation Zrotation
			JOINT mixamorig:Spine2
			{
				OFFSET -0.000000 9.220757 -1.370642
				CHANNELS 3 Xrotation Yrotation Zrotation
				JOINT mixamorig:Neck
				{
					OFFSET 0.000001 16.740417 -2.049038
					CHANNELS 6 Xposition Yposition Zposition Xrotation Yrotation Zrotation
					JOINT mixamorig:Head
					{
						OFFSET 0.000000 9.617874 1.685009
						CHANNELS 6 Xposition Yposition Zposition Xrotation Yrotation Zrotation
						JOINT mixamorig:HeadTop_End
						{
							OFFSET 0.000002 22.037384 7.501098
							CHANNELS 6 Xposition Yposition Zposition Xrotation Yrotation Zrotation
							End Site
							{
								OFFSET 0.000002 23.106583 -2.828261
							}
						}
					}
				}
				JOINT mixamorig:RightShoulder
				{
					OFFSET -4.569969 11.014923 -2.160886
					CHANNELS 6 Xposition Yposition Zposition Xrotation Yrotation Zrotation
					JOINT mixamorig:RightArm
					{
						OFFSET -10.592850 -0.524811 -2.232100
						CHANNELS 3 Xrotation Yrotation Zrotation
						JOINT mixamorig:RightForeArm
						{
							OFFSET -27.841520 0.000015 -0.000005
							CHANNELS 6 Xposition Yposition Zposition Xrotation Yrotation Zrotation
							JOINT mixamorig:RightHand
							{
								OFFSET -28.328838 -0.000015 0.000018
								CHANNELS 6 Xposition Yposition Zposition Xrotation Yrotation Zrotation
								JOINT mixamorig:RightHandThumb1
								{
									OFFSET -2.464806 -1.573990 2.681853
									CHANNELS 6 Xposition Yposition Zposition Xrotation Yrotation Zrotation
									JOINT mixamorig:RightHandThumb2
									{
										OFFSET -3.215195 -1.872772 1.924282
										CHANNELS 6 Xposition Yposition Zposition Xrotation Yrotation Zrotation
										JOINT mixamorig:RightHandThumb3
										{
											OFFSET -2.654823 -1.527985 1.512609
											CHANNELS 6 Xposition Yposition Zposition Xrotation Yrotation Zrotation
											JOINT mixamorig:RightHandThumb4
											{
												OFFSET -2.018822 -1.152008 1.108055
												CHANNELS 3 Xrotation Yrotation Zrotation
												End Site
												{
													OFFSET -1.888100 -1.145340 1.324313
												}
											}
										}
									}
								}
								JOINT mixamorig:RightHandIndex1
								{
									OFFSET -9.108284 -0.517868 2.259835
									CHANNELS 6 Xposition Yposition Zposition Xrotation Yrotation Zrotation
									JOINT mixamorig:RightHandIndex2
									{
										OFFSET -3.699997 0.000000 0.001215
										CHANNELS 3 Xrotation Yrotation Zrotation
										JOINT mixamorig:RightHandIndex3
										{
											OFFSET -2.850014 0.000031 -0.000522
											CHANNELS 3 Xrotation Yrotation Zrotation
											JOINT mixamorig:RightHandIndex4
											{
												OFFSET -2.772179 -0.000015 -0.000019
												CHANNELS 3 Xrotation Yrotation Zrotation
												End Site
												{
													OFFSET -2.772186 0.000000 -0.000502
												}
											}
										}
									}
								}
								JOINT mixamorig:RightHandMiddle1
								{
									OFFSET -9.532509 -0.000046 -0.000025
									CHANNELS 6 Xposition Yposition Zposition Xrotation Yrotation Zrotation
									JOINT mixamorig:RightHandMiddle2
									{
										OFFSET -3.700012 0.000000 0.003713
										CHANNELS 3 Xrotation Yrotation Zrotation
										JOINT mixamorig:RightHandMiddle3
										{
											OFFSET -2.949989 0.000015 -0.002054
											CHANNELS 3 Xrotation Yrotation Zrotation
											JOINT mixamorig:RightHandMiddle4
											{
												OFFSET -2.946625 0.000000 -0.000154
												CHANNELS 3 Xrotation Yrotation Zrotation
												End Site
												{
													OFFSET -2.946632 0.000015 -0.001136
												}
											}
										}
									}
								}
								JOINT mixamorig:RightHandRing1
								{
									OFFSET -9.103600 -0.043076 -1.865135
									CHANNELS 6 Xposition Yposition Zposition Xrotation Yrotation Zrotation
									JOINT mixamorig:RightHandRing2
									{
										OFFSET -3.379272 0.000000 -0.001054
										CHANNELS 3 Xrotation Yrotation Zrotation
										JOINT mixamorig:RightHandRing3
										{
											OFFSET -2.889694 0.000015 0.000379
											CHANNELS 3 Xrotation Yrotation Zrotation
											JOINT mixamorig:RightHandRing4
											{
												OFFSET -2.638809 0.000000 0.000941
												CHANNELS 3 Xrotation Yrotation Zrotation
												End Site
												{
													OFFSET -2.638802 0.000000 0.005160
												}
											}
										}
									}
								}
								JOINT mixamorig:RightHandPinky1
								{
									OFFSET -8.076675 -0.486710 -3.806280
									CHANNELS 6 Xposition Yposition Zposition Xrotation Yrotation Zrotation
									JOINT mixamorig:RightHandPinky2
									{
										OFFSET -3.600006 -0.000031 -0.003747
										CHANNELS 3 Xrotation Yrotation Zrotation
										JOINT mixamorig:RightHandPinky3
										{
											OFFSET -2.099976 -0.000015 -0.005740
											CHANNELS 3 Xrotation Yrotation Zrotation
											JOINT mixamorig:RightHandPinky4
											{
												OFFSET -2.115776 -0.000031 -0.003680
												CHANNELS 3 Xrotation Yrotation Zrotation
												End Site
												{
													OFFSET -2.115776 -0.000015 -0.003507
												}
											}
										}
									}
								}
							}
						}
					}
				}
				JOINT mixamorig:LeftShoulder
				{
					OFFSET 4.570447 11.014725 -2.160858
					CHANNELS 6 Xposition Yposition Zposition Xrotation Yrotation Zrotation
					JOINT mixamorig:LeftArm
					{
						OFFSET 10.592371 -0.524597 -2.232121
						CHANNELS 3 Xrotation Yrotation Zrotation
						JOINT mixamorig:LeftForeArm
						{
							OFFSET 27.841520 -0.000015 0.000023
							CHANNELS 3 Xrotation Yrotation Zrotation
							JOINT mixamorig:LeftHand
							{
								OFFSET 28.328835 -0.000046 0.000017
								CHANNELS 6 Xposition Yposition Zposition Xrotation Yrotation Zrotation
								JOINT mixamorig:LeftHandThumb1
								{
									OFFSET 2.466141 -1.576187 2.681734
									CHANNELS 6 Xposition Yposition Zposition Xrotation Yrotation Zrotation
									JOINT mixamorig:LeftHandThumb2
									{
										OFFSET 3.217804 -1.872055 1.916487
										CHANNELS 6 Xposition Yposition Zposition Xrotation Yrotation Zrotation
										JOINT mixamorig:LeftHandThumb3
										{
											OFFSET 2.656021 -1.528809 1.514508
											CHANNELS 6 Xposition Yposition Zposition Xrotation Yrotation Zrotation
											JOINT mixamorig:LeftHandThumb4
											{
												OFFSET 2.020889 -1.154068 1.115132
												CHANNELS 6 Xposition Yposition Zposition Xrotation Yrotation Zrotation
												End Site
												{
													OFFSET 1.908852 -1.150833 1.300490
												}
											}
										}
									}
								}
								JOINT mixamorig:LeftHandIndex1
								{
									OFFSET 9.109306 -0.518036 2.259871
									CHANNELS 6 Xposition Yposition Zposition Xrotation Yrotation Zrotation
									JOINT mixamorig:LeftHandIndex2
									{
										OFFSET 3.699997 -0.000015 -0.000323
										CHANNELS 3 Xrotation Yrotation Zrotation
										JOINT mixamorig:LeftHandIndex3
										{
											OFFSET 2.850006 -0.000015 0.000350
											CHANNELS 3 Xrotation Yrotation Zrotation
											JOINT mixamorig:LeftHandIndex4
											{
												OFFSET 2.774857 -0.000015 -0.000027
												CHANNELS 3 Xrotation Yrotation Zrotation
												End Site
												{
													OFFSET 2.774864 0.000000 -0.000099
												}
											}
										}
									}
								}
								JOINT mixamorig:LeftHandMiddle1
								{
									OFFSET 9.533401 0.000031 0.000044
									CHANNELS 6 Xposition Yposition Zposition Xrotation Yrotation Zrotation
									JOINT mixamorig:LeftHandMiddle2
									{
										OFFSET 3.699997 0.000000 -0.000231
										CHANNELS 3 Xrotation Yrotation Zrotation
										JOINT mixamorig:LeftHandMiddle3
										{
											OFFSET 2.949997 -0.000015 -0.000059
											CHANNELS 3 Xrotation Yrotation Zrotation
											JOINT mixamorig:LeftHandMiddle4
											{
												OFFSET 2.952866 0.000000 0.000062
												CHANNELS 3 Xrotation Yrotation Zrotation
												End Site
												{
													OFFSET 2.952858 0.000000 0.000228
												}
											}
										}
									}
								}
								JOINT mixamorig:LeftHandRing1
								{
									OFFSET 9.104530 -0.043030 -1.865075
									CHANNELS 6 Xposition Yposition Zposition Xrotation Yrotation Zrotation
									JOINT mixamorig:LeftHandRing2
									{
										OFFSET 3.150009 0.000000 0.000042
										CHANNELS 3 Xrotation Yrotation Zrotation
										JOINT mixamorig:LeftHandRing3
										{
											OFFSET 2.949989 -0.000015 0.000040
											CHANNELS 3 Xrotation Yrotation Zrotation
											JOINT mixamorig:LeftHandRing4
											{
												OFFSET 2.644318 -0.000015 0.000056
												CHANNELS 6 Xposition Yposition Zposition Xrotation Yrotation Zrotation
												End Site
												{
													OFFSET 2.644318 0.000000 0.000120
												}
											}
										}
									}
								}
								JOINT mixamorig:LeftHandPinky1
								{
									OFFSET 8.077782 -0.486877 -3.806258
									CHANNELS 6 Xposition Yposition Zposition Xrotation Yrotation Zrotation
									JOINT mixamorig:LeftHandPinky2
									{
										OFFSET 3.599960 0.000031 0.014726
										CHANNELS 3 Xrotation Yrotation Zrotation
										JOINT mixamorig:LeftHandPinky3
										{
											OFFSET 2.099998 0.000031 0.007705
											CHANNELS 3 Xrotation Yrotation Zrotation
											JOINT mixamorig:LeftHandPinky4
											{
												OFFSET 2.125504 0.000000 0.007515
												CHANNELS 3 Xrotation Yrotation Zrotation
												End Site
												{
													OFFSET 2.125511 0.000015 0.006257
												}
											}
										}
									}
								}
							}
						}
					}
				}
			}
		}
	}
	JOINT mixamorig:RightUpLeg
	{
		OFFSET -8.207787 -6.751663 -1.599560
		CHANNELS 6 Xposition Yposition Zposition Xrotation Yrotation Zrotation
		JOINT mixamorig:RightLeg
		{
			OFFSET -0.000001 -44.370129 0.345939
			CHANNELS 3 Xrotation Yrotation Zrotation
			JOINT mixamorig:RightFoot
			{
				OFFSET 0.000001 -44.423679 -3.043537
				CHANNELS 3 Xrotation Yrotation Zrotation
				JOINT mixamorig:RightToeBase
				{
					OFFSET -0.000003 -8.728673 10.710563
					CHANNELS 6 Xposition Yposition Zposition Xrotation Yrotation Zrotation
					JOINT mixamorig:RightToe_End
					{
						OFFSET -0.000002 -0.000676 9.278122
						CHANNELS 6 Xposition Yposition Zposition Xrotation Yrotation Zrotation
						End Site
						{
							OFFSET -0.000003 -0.000676 9.278122
						}
					}
				}
			}
		}
	}
	JOINT mixamorig:LeftUpLeg
	{
		OFFSET 8.207791 -6.751694 -1.599555
		CHANNELS 6 Xposition Yposition Zposition Xrotation Yrotation Zrotation
		JOINT mixamorig:LeftLeg
		{
			OFFSET -0.000002 -44.370033 0.346957
			CHANNELS 3 Xrotation Yrotation Zrotation
			JOINT mixamorig:LeftFoot
			{
				OFFSET 0.000000 -44.423672 -3.044393
				CHANNELS 3 Xrotation Yrotation Zrotation
				JOINT mixamorig:LeftToeBase
				{
					OFFSET -0.000003 -8.728668 10.710562
					CHANNELS 6 Xposition Yposition Zposition Xrotation Yrotation Zrotation
					JOINT mixamorig:LeftToe_End
					{
						OFFSET -0.000003 -0.000676 9.278135
						CHANNELS 6 Xposition Yposition Zposition Xrotation Yrotation Zrotation
						End Site
						{
							OFFSET -0.000003 -0.000677 9.278135
						}
					}
				}
			}
		}
	}
}
MOTION
Frames: 250
Frame Time: 0.033333
0.000006 104.270470 1.554256 0.000021 0.000003 -0.000113 -0.000005 10.181587 0.131521 0.000002 -0.000003 0.000084 -0.000000 9.893967 -1.470709 -0.000000 0.000000 -0.000000 -0.000000 0.000000 -0.000000 0.000001 16.740417 -2.049035 0.000000 -0.000000 -0.000000 0.000000 9.617874 1.685008 -0.000000 -0.000000 0.000000 0.000002 22.037354 7.501098 -0.000000 -0.000000 -0.000000 -4.569969 11.014894 -2.160884 0.000005 0.000003 -0.000023 -0.000052 0.000030 0.000011 -27.841520 0.000017 0.000005 -0.000010 0.000001 -0.000003 -28.328836 0.000017 0.000026 -0.000321 -0.000044 0.000010 -2.464817 -1.573966 2.681851 0.314112 -0.720934 -0.172575 -3.215199 -1.872762 1.924284 -0.432457 0.981326 0.240527 -2.654858 -1.527961 1.512612 -0.323118 0.728901 0.173694 0.000001 0.000001 0.000003 -9.108281 -0.517861 2.259837 -0.000007 -0.018787 0.000103 0.000005 0.029297 -0.000007 -0.000005 -0.010093 -0.000003 0.000000 0.000000 -0.000000 -9.532506 -0.000003 -0.000022 -0.000004 -0.057494 0.000110 -0.000001 0.097407 -0.000010 0.000002 -0.036900 -0.000003 -0.000000 0.000000 -0.000000 -9.103599 -0.043045 -1.865133 -0.000000 0.017917 -0.000000 -0.000004 -0.025390 -0.000003 0.000003 -0.012910 0.000003 0.000000 0.000000 0.000000 -8.076683 -0.486680 -3.806278 0.000000 0.059620 -0.000517 0.000001 0.097000 0.000017 -0.000004 -0.056907 0.000003 -0.000000 0.000000 -0.000000 4.570447 11.014723 -2.160855 -0.000007 -0.000002 -0.000015 0.000002 0.000103 0.000118 -0.000007 -0.000007 0.000007 28.328836 -0.000029 0.000017 0.000020 -0.000089 0.000000 2.466128 -1.576189 2.681733 0.271163 0.622431 0.149618 3.217803 -1.872061 1.916485 -0.380683 -0.867292 -0.214332 2.656008 -1.528832 1.514505 -0.280440 -0.641565 -0.159358 2.020883 -1.154066 1.115133 -0.000000 0.000002 -0.000004 9.109305 -0.518042 2.259871 0.000012 -0.005107 0.000093 -0.000008 0.012007 0.000014 -0.000002 -0.007600 -0.000003 -0.000000 -0.000000 0.000000 9.533409 0.000036 0.000044 0.000003 -0.003600 -0.000007 -0.000005 0.002400 0.000007 0.000012 0.002400 -0.000000 0.000000 -0.000000 -0.000000 9.104532 -0.043031 -1.865075 0.000007 0.000700 0.000097 -0.000005 0.000000 -0.000003 0.000010 0.000014 -0.000003 2.644325 0.000031 0.000057 0.000000 -0.000000 -0.000000 8.077785 -0.486864 -3.806258 0.000013 0.234300 -0.000586 -0.000002 -0.024114 0.000086 0.000003 -0.007673 -0.000010 0.000000 -0.000000 -0.000000 -8.207788 -6.751659 -1.599560 -0.077008 -0.000003 0.000080 0.153719 -0.000000 -0.000000 -0.076703 0.000000 -0.000002 -0.000005 -8.728669 10.710563 0.000005 -0.000000 -0.000000 -0.000001 -0.000676 9.278122 -0.000000 0.000000 -0.000000 8.207791 -6.751703 -1.599556 -0.074517 -0.000003 0.000081 0.148830 0.000002 0.000000 -0.074309 0.000000 -0.000002 -0.000003 -8.728670 10.710560 0.000005 -0.000000 -0.000000 -0.000001 -0.000677 9.278137 0.000003 0.000000 -0.000000 
0.000006 104.270470 1.554256 0.000021 0.000003 -0.000113 -0.000005 10.181587 0.131521 0.000002 -0.000003 0.000084 -0.000000 9.893967 -1.470709 -0.000000 0.000000 -0.000000 -0.000000 0.000000 -0.000000 0.000001 16.740417 -2.049035 0.000000 -0.000000 -0.000000 0.000000 9.617874 1.685008 -0.000000 -0.000000 0.000000 0.000002 22.037354 7.501098 -0.000000 -0.000000 -0.000000 -4.569969 11.014894 -2.160884 0.000005 0.000003 -0.000023 -0.000052 0.000030 0.000011 -27.841520 0.000017 0.000005 -0.000010 0.000001 -0.000003 -28.328836 0.000017 0.000026 -0.000321 -0.000044 0.000010 -2.464817 -1.573966 2.681851 0.314112 -0.720934 -0.172575 -3.215199 -1.872762 1.924284 -0.432457 0.981326 0.240527 -2.654858 -1.527961 1.512612 -0.323118 0.728901 0.173694 0.000001 0.000001 0.000003 -9.108281 -0.517861 2.259837 -0.000007 -0.018787 0.000103 0.000005 0.029297 -0.000007 -0.000005 -0.010093 -0.000003 0.000000 0.000000 -0.000000 -9.532506 -0.000003 -0.000022 -0.000004 -0.057494 0.000110 -0.000001 0.097407 -0.000010 0.000002 -0.036900 -0.000003 -0.000000 0.000000 -0.000000 -9.103599 -0.043045 -1.865133 -0.000000 0.017917 -0.000000 -0.000004 -0.025390 -0.000003 0.000003 -0.012910 0.000003 0.000000 0.000000 0.000000 -8.076683 -0.486680 -3.806278 0.000000 0.059620 -0.000517 0.000001 0.097000 0.000017 -0.000004 -0.056907 0.000003 -0.000000 0.000000 -0.000000 4.570447 11.014723 -2.160855 -0.000007 -0.000002 -0.000015 0.000002 0.000103 0.000118 -0.000007 -0.000007 0.000007 28.328836 -0.000029 0.000017 0.000020 -0.000089 0.000000 2.466128 -1.576189 2.681733 0.271163 0.622431 0.149618 3.217803 -1.872061 1.916485 -0.380683 -0.867292 -0.214332 2.656008 -1.528832 1.514505 -0.280440 -0.641565 -0.159358 2.020883 -1.154066 1.115133 -0.000000 0.000002 -0.000004 9.109305 -0.518042 2.259871 0.000012 -0.005107 0.000093 -0.000008 0.012007 0.000014 -0.000002 -0.007600 -0.000003 -0.000000 -0.000000 0.000000 9.533409 0.000036 0.000044 0.000003 -0.003600 -0.000007 -0.000005 0.002400 0.000007 0.000012 0.002400 -0.000000 0.000000 -0.000000 -0.000000 9.104532 -0.043031 -1.865075 0.000007 0.000700 0.000097 -0.000005 0.000000 -0.000003 0.000010 0.000014 -0.000003 2.644325 0.000031 0.000057 0.000000 -0.000000 -0.000000 8.077785 -0.486864 -3.806258 0.000013 0.234300 -0.000586 -0.000002 -0.024114 0.000086 0.000003 -0.007673 -0.000010 0.000000 -0.000000 -0.000000 -8.207788 -6.751659 -1.599560 -0.077008 -0.000003 0.000080 0.153719 -0.000000 -0.000000 -0.076703 0.000000 -0.000002 -0.000005 -8.728669 10.710563 0.000005 -0.000000 -0.000000 -0.000001 -0.000676 9.278122 -0.000000 0.000000 -0.000000 8.207791 -6.751703 -1.599556 -0.074517 -0.000003 0.000081 0.148830 0.000002 0.000000 -0.074309 0.000000 -0.000002 -0.000003 -8.728670 10.710560 0.000005 -0.000000 -0.000000 -0.000001 -0.000677 9.278137 0.000003 0.000000 -0.000000 
0.000006 104.270470 1.554256 0.000021 0.000003 -0.000113 -0.000005 10.181587 0.131521 0.000002 -0.000003 0.000084 -0.000000 9.893967 -1.470709 -0.000000 0.000000 -0.000000 -0.000000 0.000000 -0.000000 0.000001 16.740417 -2.049035 0.000000 -0.000000 -0.000000 0.000000 9.617874 1.685008 -0.000000 -0.000000 0.000000 0.000002 22.037354 7.501098 -0.000000 -0.000000 -0.000000 -4.569969 11.014894 -2.160884 0.000005 0.000003 -0.000023 -0.000052 0.000030 0.000011 -27.841520 0.000017 0.000005 -0.000010 0.000001 -0.000003 -28.328836 0.000017 0.000026 -0.000321 -0.000044 0.000010 -2.464817 -1.573966 2.681851 0.314112 -0.720934 -0.172575 -3.215199 -1.872762 1.924284 -0.432457 0.981326 0.240527 -2.654858 -1.527961 1.512612 -0.323118 0.728901 0.173694 0.000001 0.000001 0.000003 -9.108281 -0.517861 2.259837 -0.000007 -0.018787 0.000103 0.000005 0.029297 -0.000007 -0.000005 -0.010093 -0.000003 0.000000 0.000000 -0.000000 -9.532506 -0.000003 -0.000022 -0.000004 -0.057494 0.000110 -0.000001 0.097407 -0.000010 0.000002 -0.036900 -0.000003 -0.000000 0.000000 -0.000000 -9.103599 -0.043045 -1.865133 -0.000000 0.017917 -0.000000 -0.000004 -0.025390 -0.000003 0.000003 -0.012910 0.000003 0.000000 0.000000 0.000000 -8.076683 -0.486680 -3.806278 0.000000 0.059620 -0.000517 0.000001 0.097000 0.000017 -0.000004 -0.056907 0.000003 -0.000000 0.000000 -0.000000 4.570447 11.014723 -2.160855 -0.000007 -0.000002 -0.000015 0.000002 0.000103 0.000118 -0.000007 -0.000007 0.000007 28.328836 -0.000029 0.000017 0.000020 -0.000089 0.000000 2.466128 -1.576189 2.681733 0.271163 0.622431 0.149618 3.217803 -1.872061 1.916485 -0.380683 -0.867292 -0.214332 2.656008 -1.528832 1.514505 -0.280440 -0.641565 -0.159358 2.020883 -1.154066 1.115133 -0.000000 0.000002 -0.000004 9.109305 -0.518042 2.259871 0.000012 -0.005107 0.000093 -0.000008 0.012007 0.000014 -0.000002 -0.007600 -0.000003 -0.000000 -0.000000 0.000000 9.533409 0.000036 0.000044 0.000003 -0.003600 -0.000007 -0.000005 0.002400 0.000007 0.000012 0.002400 -0.000000 0.000000 -0.000000 -0.000000 9.104532 -0.043031 -1.865075 0.000007 0.000700 0.000097 -0.000005 0.000000 -0.000003 0.000010 0.000014 -0.000003 2.644325 0.000031 0.000057 0.000000 -0.000000 -0.000000 8.077785 -0.486864 -3.806258 0.000013 0.234300 -0.000586 -0.000002 -0.024114 0.000086 0.000003 -0.007673 -0.000010 0.000000 -0.000000 -0.000000 -8.207788 -6.751659 -1.599560 -0.077008 -0.000003 0.000080 0.153719 -0.000000 -0.000000 -0.076703 0.000000 -0.000002 -0.000005 -8.728669 10.710563 0.000005 -0.000000 -0.000000 -0.000001 -0.000676 9.278122 -0.000000 0.000000 -0.000000 8.207791 -6.751703 -1.599556 -0.074517 -0.000003 0.000081 0.148830 0.000002 0.000000 -0.074309 0.000000 -0.000002 -0.000003 -8.728670 10.710560 0.000005 -0.000000 -0.000000 -0.000001 -0.000677 9.278137 0.000003 0.000000 -0.000000 
0.000006 104.270470 1.554256 0.000021 0.000003 -0.000113 -0.000005 10.181587 0.131521 0.000002 -0.000003 0.000084 -0.000000 9.893967 -1.470709 -0.000000 0.000000 -0.000000 -0.000000 0.000000 -0.000000 0.000001 16.740417 -2.049035 0.000000 -0.000000 -0.000000 0.000000 9.617874 1.685008 -0.000000 -0.000000 0.000000 0.000002 22.037354 7.501098 -0.000000 -0.000000 -0.000000 -4.569969 11.014894 -2.160884 0.000005 0.000003 -0.000023 -0.000052 0.000030 0.000011 -27.841520 0.000017 0.000005 -0.000010 0.000001 -0.000003 -28.328836 0.000017 0.000026 -0.000321 -0.000044 0.000010 -2.464817 -1.573966 2.681851 0.314112 -0.720934 -0.172575 -3.215199 -1.872762 1.924284 -0.432457 0.981326 0.240527 -2.654858 -1.527961 1.512612 -0.323118 0.728901 0.173694 0.000001 0.000001 0.000003 -9.108281 -0.517861 2.259837 -0.000007 -0.018787 0.000103 0.000005 0.029297 -0.000007 -0.000005 -0.010093 -0.000003 0.000000 0.000000 -0.000000 -9.532506 -0.000003 -0.000022 -0.000004 -0.057494 0.000110 -0.000001 0.097407 -0.000010 0.000002 -0.036900 -0.000003 -0.000000 0.000000 -0.000000 -9.103599 -0.043045 -1.865133 -0.000000 0.017917 -0.000000 -0.000004 -0.025390 -0.000003 0.000003 -0.012910 0.000003 0.000000 0.000000 0.000000 -8.076683 -0.486680 -3.806278 0.000000 0.059620 -0.000517 0.000001 0.097000 0.000017 -0.000004 -0.056907 0.000003 -0.000000 0.000000 -0.000000 4.570447 11.014723 -2.160855 -0.000007 -0.000002 -0.000015 0.000002 0.000103 0.000118 -0.000007 -0.000007 0.000007 28.328836 -0.000029 0.000017 0.000020 -0.000089 0.000000 2.466128 -1.576189 2.681733 0.271163 0.622431 0.149618 3.217803 -1.872061 1.916485 -0.380683 -0.867292 -0.214332 2.656008 -1.528832 1.514505 -0.280440 -0.641565 -0.159358 2.020883 -1.154066 1.115133 -0.000000 0.000002 -0.000004 9.109305 -0.518042 2.259871 0.000012 -0.005107 0.000093 -0.000008 0.012007 0.000014 -0.000002 -0.007600 -0.000003 -0.000000 -0.000000 0.000000 9.533409 0.000036 0.000044 0.000003 -0.003600 -0.000007 -0.000005 0.002400 0.000007 0.000012 0.002400 -0.000000 0.000000 -0.000000 -0.000000 9.104532 -0.043031 -1.865075 0.000007 0.000700 0.000097 -0.000005 0.000000 -0.000003 0.000010 0.000014 -0.000003 2.644325 0.000031 0.000057 0.000000 -0.000000 -0.000000 8.077785 -0.486864 -3.806258 0.000013 0.234300 -0.000586 -0.000002 -0.024114 0.000086 0.000003 -0.007673 -0.000010 0.000000 -0.000000 -0.000000 -8.207788 -6.751659 -1.599560 -0.077008 -0.000003 0.000080 0.153719 -0.000000 -0.000000 -0.076703 0.000000 -0.000002 -0.000005 -8.728669 10.710563 0.000005 -0.000000 -0.000000 -0.000001 -0.000676 9.278122 -0.000000 0.000000 -0.000000 8.207791 -6.751703 -1.599556 -0.074517 -0.000003 0.000081 0.148830 0.000002 0.000000 -0.074309 0.000000 -0.000002 -0.000003 -8.728670 10.710560 0.000005 -0.000000 -0.000000 -0.000001 -0.000677 9.278137 0.000003 0.000000 -0.000000 
0.000006 104.270470 1.554256 0.000021 0.000003 -0.000113 -0.000005 10.181587 0.131521 0.000002 -0.000003 0.000084 -0.000000 9.893967 -1.470709 -0.000000 0.000000 -0.000000 -0.000000 0.000000 -0.000000 0.000001 16.740417 -2.049035 0.000000 -0.000000 -0.000000 0.000000 9.617874 1.685008 -0.000000 -0.000000 0.000000 0.000002 22.037354 7.501098 -0.000000 -0.000000 -0.000000 -4.569969 11.014894 -2.160884 0.000005 0.000003 -0.000023 -0.000052 0.000030 0.000011 -27.841520 0.000017 0.000005 -0.000010 0.000001 -0.000003 -28.328836 0.000017 0.000026 -0.000321 -0.000044 0.000010 -2.464817 -1.573966 2.681851 0.314112 -0.720934 -0.172575 -3.215199 -1.872762 1.924284 -0.432457 0.981326 0.240527 -2.654858 -1.527961 1.512612 -0.323118 0.728901 0.173694 0.000001 0.000001 0.000003 -9.108281 -0.517861 2.259837 -0.000007 -0.018787 0.000103 0.000005 0.029297 -0.000007 -0.000005 -0.010093 -0.000003 0.000000 0.000000 -0.000000 -9.532506 -0.000003 -0.000022 -0.000004 -0.057494 0.000110 -0.000001 0.097407 -0.000010 0.000002 -0.036900 -0.000003 -0.000000 0.000000 -0.000000 -9.103599 -0.043045 -1.865133 -0.000000 0.017917 -0.000000 -0.000004 -0.025390 -0.000003 0.000003 -0.012910 0.000003 0.000000 0.000000 0.000000 -8.076683 -0.486680 -3.806278 0.000000 0.059620 -0.000517 0.000001 0.097000 0.000017 -0.000004 -0.056907 0.000003 -0.000000 0.000000 -0.000000 4.570447 11.014723 -2.160855 -0.000007 -0.000002 -0.000015 0.000002 0.000103 0.000118 -0.000007 -0.000007 0.000007 28.328836 -0.000029 0.000017 0.000020 -0.000089 0.000000 2.466128 -1.576189 2.681733 0.271163 0.622431 0.149618 3.217803 -1.872061 1.916485 -0.380683 -0.867292 -0.214332 2.656008 -1.528832 1.514505 -0.280440 -0.641565 -0.159358 2.020883 -1.154066 1.115133 -0.000000 0.000002 -0.000004 9.109305 -0.518042 2.259871 0.000012 -0.005107 0.000093 -0.000008 0.012007 0.000014 -0.000002 -0.007600 -0.000003 -0.000000 -0.000000 0.000000 9.533409 0.000036 0.000044 0.000003 -0.003600 -0.000007 -0.000005 0.002400 0.000007 0.000012 0.002400 -0.000000 0.000000 -0.000000 -0.000000 9.104532 -0.043031 -1.865075 0.000007 0.000700 0.000097 -0.000005 0.000000 -0.000003 0.000010 0.000014 -0.000003 2.644325 0.000031 0.000057 0.000000 -0.000000 -0.000000 8.077785 -0.486864 -3.806258 0.000013 0.234300 -0.000586 -0.000002 -0.024114 0.000086 0.000003 -0.007673 -0.000010 0.000000 -0.000000 -0.000000 -8.207788 -6.751659 -1.599560 -0.077008 -0.000003 0.000080 0.153719 -0.000000 -0.000000 -0.076703 0.000000 -0.000002 -0.000005 -8.728669 10.710563 0.000005 -0.000000 -0.000000 -0.000001 -0.000676 9.278122 -0.000000 0.000000 -0.000000 8.207791 -6.751703 -1.599556 -0.074517 -0.000003 0.000081 0.148830 0.000002 0.000000 -0.074309 0.000000 -0.000002 -0.000003 -8.728670 10.710560 0.000005 -0.000000 -0.000000 -0.000001 -0.000677 9.278137 0.000003 0.000000 -0.000000 
0.000006 104.270470 1.554256 0.000021 0.000003 -0.000113 -0.000005 10.181587 0.131521 0.000002 -0.000003 0.000084 -0.000000 9.893967 -1.470709 -0.000000 0.000000 -0.000000 -0.000000 0.000000 -0.000000 0.000001 16.740417 -2.049035 0.000000 -0.000000 -0.000000 0.000000 9.617874 1.685008 -0.000000 -0.000000 0.000000 0.000002 22.037354 7.501098 -0.000000 -0.000000 -0.000000 -4.569969 11.014894 -2.160884 0.000005 0.000003 -0.000023 -0.000052 0.000030 0.000011 -27.841520 0.000017 0.000005 -0.000010 0.000001 -0.000003 -28.328836 0.000017 0.000026 -0.000321 -0.000044 0.000010 -2.464817 -1.573966 2.681851 0.314112 -0.720934 -0.172575 -3.215199 -1.872762 1.924284 -0.432457 0.981326 0.240527 -2.654858 -1.527961 1.512612 -0.323118 0.728901 0.173694 0.000001 0.000001 0.000003 -9.108281 -0.517861 2.259837 -0.000007 -0.018787 0.000103 0.000005 0.029297 -0.000007 -0.000005 -0.010093 -0.000003 0.000000 0.000000 -0.000000 -9.532506 -0.000003 -0.000022 -0.000004 -0.057494 0.000110 -0.000001 0.097407 -0.000010 0.000002 -0.036900 -0.000003 -0.000000 0.000000 -0.000000 -9.103599 -0.043045 -1.865133 -0.000000 0.017917 -0.000000 -0.000004 -0.025390 -0.000003 0.000003 -0.012910 0.000003 0.000000 0.000000 0.000000 -8.076683 -0.486680 -3.806278 0.000000 0.059620 -0.000517 0.000001 0.097000 0.000017 -0.000004 -0.056907 0.000003 -0.000000 0.000000 -0.000000 4.570447 11.014723 -2.160855 -0.000007 -0.000002 -0.000015 0.000002 0.000103 0.000118 -0.000007 -0.000007 0.000007 28.328836 -0.000029 0.000017 0.000020 -0.000089 0.000000 2.466128 -1.576189 2.681733 0.271163 0.622431 0.149618 3.217803 -1.872061 1.916485 -0.380683 -0.867292 -0.214332 2.656008 -1.528832 1.514505 -0.280440 -0.641565 -0.159358 2.020883 -1.154066 1.115133 -0.000000 0.000002 -0.000004 9.109305 -0.518042 2.259871 0.000012 -0.005107 0.000093 -0.000008 0.012007 0.000014 -0.000002 -0.007600 -0.000003 -0.000000 -0.000000 0.000000 9.533409 0.000036 0.000044 0.000003 -0.003600 -0.000007 -0.000005 0.002400 0.000007 0.000012 0.002400 -0.000000 0.000000 -0.000000 -0.000000 9.104532 -0.043031 -1.865075 0.000007 0.000700 0.000097 -0.000005 0.000000 -0.000003 0.000010 0.000014 -0.000003 2.644325 0.000031 0.000057 0.000000 -0.000000 -0.000000 8.077785 -0.486864 -3.806258 0.000013 0.234300 -0.000586 -0.000002 -0.024114 0.000086 0.000003 -0.007673 -0.000010 0.000000 -0.000000 -0.000000 -8.207788 -6.751659 -1.599560 -0.077008 -0.000003 0.000080 0.153719 -0.000000 -0.000000 -0.076703 0.000000 -0.000002 -0.000005 -8.728669 10.710563 0.000005 -0.000000 -0.000000 -0.000001 -0.000676 9.278122 -0.000000 0.000000 -0.000000 8.207791 -6.751703 -1.599556 -0.074517 -0.000003 0.000081 0.148830 0.000002 0.000000 -0.074309 0.000000 -0.000002 -0.000003 -8.728670 10.710560 0.000005 -0.000000 -0.000000 -0.000001 -0.000677 9.278137 0.000003 0.000000 -0.000000 
0.000006 104.270470 1.554256 0.000021 0.000003 -0.000113 -0.000005 10.181587 0.131521 0.000002 -0.000003 0.000084 -0.000000 9.893967 -1.470709 -0.000000 0.000000 -0.000000 -0.000000 0.000000 -0.000000 0.000001 16.740417 -2.049035 0.000000 -0.000000 -0.000000 0.000000 9.617874 1.685008 -0.000000 -0.000000 0.000000 0.000002 22.037354 7.501098 -0.000000 -0.000000 -0.000000 -4.569969 11.014894 -2.160884 0.000005 0.000003 -0.000023 -0.000052 0.000030 0.000011 -27.841520 0.000017 0.000005 -0.000010 0.000001 -0.000003 -28.328836 0.000017 0.000026 -0.000321 -0.000044 0.000010 -2.464817 -1.573966 2.681851 0.314112 -0.720934 -0.172575 -3.215199 -1.872762 1.924284 -0.432457 0.981326 0.240527 -2.654858 -1.527961 1.512612 -0.323118 0.728901 0.173694 0.000001 0.000001 0.000003 -9.108281 -0.517861 2.259837 -0.000007 -0.018787 0.000103 0.000005 0.029297 -0.000007 -0.000005 -0.010093 -0.000003 0.000000 0.000000 -0.000000 -9.532506 -0.000003 -0.000022 -0.000004 -0.057494 0.000110 -0.000001 0.097407 -0.000010 0.000002 -0.036900 -0.000003 -0.000000 0.000000 -0.000000 -9.103599 -0.043045 -1.865133 -0.000000 0.017917 -0.000000 -0.000004 -0.025390 -0.000003 0.000003 -0.012910 0.000003 0.000000 0.000000 0.000000 -8.076683 -0.486680 -3.806278 0.000000 0.059620 -0.000517 0.000001 0.097000 0.000017 -0.000004 -0.056907 0.000003 -0.000000 0.000000 -0.000000 4.570447 11.014723 -2.160855 -0.000007 -0.000002 -0.000015 0.000002 0.000103 0.000118 -0.000007 -0.000007 0.000007 28.328836 -0.000029 0.000017 0.000020 -0.000089 0.000000 2.466128 -1.576189 2.681733 0.271163 0.622431 0.149618 3.217803 -1.872061 1.916485 -0.380683 -0.867292 -0.214332 2.656008 -1.528832 1.514505 -0.280440 -0.641565 -0.159358 2.020883 -1.154066 1.115133 -0.000000 0.000002 -0.000004 9.109305 -0.518042 2.259871 0.000012 -0.005107 0.000093 -0.000008 0.012007 0.000014 -0.000002 -0.007600 -0.000003 -0.000000 -0.000000 0.000000 9.533409 0.000036 0.000044 0.000003 -0.003600 -0.000007 -0.000005 0.002400 0.000007 0.000012 0.002400 -0.000000 0.000000 -0.000000 -0.000000 9.104532 -0.043031 -1.865075 0.000007 0.000700 0.000097 -0.000005 0.000000 -0.000003 0.000010 0.000014 -0.000003 2.644325 0.000031 0.000057 0.000000 -0.000000 -0.000000 8.077785 -0.486864 -3.806258 0.000013 0.234300 -0.000586 -0.000002 -0.024114 0.000086 0.000003 -0.007673 -0.000010 0.000000 -0.000000 -0.000000 -8.207788 -6.751659 -1.599560 -0.077008 -0.000003 0.000080 0.153719 -0.000000 -0.000000 -0.076703 0.000000 -0.000002 -0.000005 -8.728669 10.710563 0.000005 -0.000000 -0.000000 -0.000001 -0.000676 9.278122 -0.000000 0.000000 -0.000000 8.207791 -6.751703 -1.599556 -0.074517 -0.000003 0.000081 0.148830 0.000002 0.000000 -0.074309 0.000000 -0.000002 -0.000003 -8.728670 10.710560 0.000005 -0.000000 -0.000000 -0.000001 -0.000677 9.278137 0.000003 0.000000 -0.000000 
0.000006 104.270470 1.554256 0.000021 0.000003 -0.000113 -0.000005 10.181587 0.131521 0.000002 -0.000003 0.000084 -0.000000 9.893967 -1.470709 -0.000000 0.000000 -0.000000 -0.000000 0.000000 -0.000000 0.000001 16.740417 -2.049035 0.000000 -0.000000 -0.000000 0.000000 9.617874 1.685008 -0.000000 -0.000000 0.000000 0.000002 22.037354 7.501098 -0.000000 -0.000000 -0.000000 -4.569969 11.014894 -2.160884 0.000005 0.000003 -0.000023 -0.000052 0.000030 0.000011 -27.841520 0.000017 0.000005 -0.000010 0.000001 -0.000003 -28.328836 0.000017 0.000026 -0.000321 -0.000044 0.000010 -2.464817 -1.573966 2.681851 0.314112 -0.720934 -0.172575 -3.215199 -1.872762 1.924284 -0.432457 0.981326 0.240527 -2.654858 -1.527961 1.512612 -0.323118 0.728901 0.173694 0.000001 0.000001 0.000003 -9.108281 -0.517861 2.259837 -0.000007 -0.018787 0.000103 0.000005 0.029297 -0.000007 -0.000005 -0.010093 -0.000003 0.000000 0.000000 -0.000000 -9.532506 -0.000003 -0.000022 -0.000004 -0.057494 0.000110 -0.000001 0.097407 -0.000010 0.000002 -0.036900 -0.000003 -0.000000 0.000000 -0.000000 -9.103599 -0.043045 -1.865133 -0.000000 0.017917 -0.000000 -0.000004 -0.025390 -0.000003 0.000003 -0.012910 0.000003 0.000000 0.000000 0.000000 -8.076683 -0.486680 -3.806278 0.000000 0.059620 -0.000517 0.000001 0.097000 0.000017 -0.000004 -0.056907 0.000003 -0.000000 0.000000 -0.000000 4.570447 11.014723 -2.160855 -0.000007 -0.000002 -0.000015 0.000002 0.000103 0.000118 -0.000007 -0.000007 0.000007 28.328836 -0.000029 0.000017 0.000020 -0.000089 0.000000 2.466128 -1.576189 2.681733 0.271163 0.622431 0.149618 3.217803 -1.872061 1.916485 -0.380683 -0.867292 -0.214332 2.656008 -1.528832 1.514505 -0.280440 -0.641565 -0.159358 2.020883 -1.154066 1.115133 -0.000000 0.000002 -0.000004 9.109305 -0.518042 2.259871 0.000012 -0.005107 0.000093 -0.000008 0.012007 0.000014 -0.000002 -0.007600 -0.000003 -0.000000 -0.000000 0.000000 9.533409 0.000036 0.000044 0.000003 -0.003600 -0.000007 -0.000005 0.002400 0.000007 0.000012 0.002400 -0.000000 0.000000 -0.000000 -0.000000 9.104532 -0.043031 -1.865075 0.000007 0.000700 0.000097 -0.000005 0.000000 -0.000003 0.000010 0.000014 -0.000003 2.644325 0.000031 0.000057 0.000000 -0.000000 -0.000000 8.077785 -0.486864 -3.806258 0.000013 0.234300 -0.000586 -0.000002 -0.024114 0.000086 0.000003 -0.007673 -0.000010 0.000000 -0.000000 -0.000000 -8.207788 -6.751659 -1.599560 -0.077008 -0.000003 0.000080 0.153719 -0.000000 -0.000000 -0.076703 0.000000 -0.000002 -0.000005 -8.728669 10.710563 0.000005 -0.000000 -0.000000 -0.000001 -0.000676 9.278122 -0.000000 0.000000 -0.000000 8.207791 -6.751703 -1.599556 -0.074517 -0.000003 0.000081 0.148830 0.000002 0.000000 -0.074309 0.000000 -0.000002 -0.000003 -8.728670 10.710560 0.000005 -0.000000 -0.000000 -0.000001 -0.000677 9.278137 0.000003 0.000000 -0.000000 
0.000006 104.270470 1.554256 0.000021 0.000003 -0.000113 -0.000005 10.181587 0.131521 0.000002 -0.000003 0.000084 -0.000000 9.893967 -1.470709 -0.000000 0.000000 -0.000000 -0.000000 0.000000 -0.000000 0.000001 16.740417 -2.049035 0.000000 -0.000000 -0.000000 0.000000 9.617874 1.685008 -0.000000 -0.000000 0.000000 0.000002 22.037354 7.501098 -0.000000 -0.000000 -0.000000 -4.569969 11.014894 -2.160884 0.000005 0.000003 -0.000023 -0.000052 0.000030 0.000011 -27.841520 0.000017 0.000005 -0.000010 0.000001 -0.000003 -28.328836 0.000017 0.000026 -0.000321 -0.000044 0.000010 -2.464817 -1.573966 2.681851 0.314112 -0.720934 -0.172575 -3.215199 -1.872762 1.924284 -0.432457 0.981326 0.240527 -2.654858 -1.527961 1.512612 -0.323118 0.728901 0.173694 0.000001 0.000001 0.000003 -9.108281 -0.517861 2.259837 -0.000007 -0.018787 0.000103 0.000005 0.029297 -0.000007 -0.000005 -0.010093 -0.000003 0.000000 0.000000 -0.000000 -9.532506 -0.000003 -0.000022 -0.000004 -0.057494 0.000110 -0.000001 0.097407 -0.000010 0.000002 -0.036900 -0.000003 -0.000000 0.000000 -0.000000 -9.103599 -0.043045 -1.865133 -0.000000 0.017917 -0.000000 -0.000004 -0.025390 -0.000003 0.000003 -0.012910 0.000003 0.000000 0.000000 0.000000 -8.076683 -0.486680 -3.806278 0.000000 0.059620 -0.000517 0.000001 0.097000 0.000017 -0.000004 -0.056907 0.000003 -0.000000 0.000000 -0.000000 4.570447 11.014723 -2.160855 -0.000007 -0.000002 -0.000015 0.000002 0.000103 0.000118 -0.000007 -0.000007 0.000007 28.328836 -0.000029 0.000017 0.000020 -0.000089 0.000000 2.466128 -1.576189 2.681733 0.271163 0.622431 0.149618 3.217803 -1.872061 1.916485 -0.380683 -0.867292 -0.214332 2.656008 -1.528832 1.514505 -0.280440 -0.641565 -0.159358 2.020883 -1.154066 1.115133 -0.000000 0.000002 -0.000004 9.109305 -0.518042 2.259871 0.000012 -0.005107 0.000093 -0.000008 0.012007 0.000014 -0.000002 -0.007600 -0.000003 -0.000000 -0.000000 0.000000 9.533409 0.000036 0.000044 0.000003 -0.003600 -0.000007 -0.000005 0.002400 0.000007 0.000012 0.002400 -0.000000 0.000000 -0.000000 -0.000000 9.104532 -0.043031 -1.865075 0.000007 0.000700 0.000097 -0.000005 0.000000 -0.000003 0.000010 0.000014 -0.000003 2.644325 0.000031 0.000057 0.000000 -0.000000 -0.000000 8.077785 -0.486864 -3.806258 0.000013 0.234300 -0.000586 -0.000002 -0.024114 0.000086 0.000003 -0.007673 -0.000010 0.000000 -0.000000 -0.000000 -8.207788 -6.751659 -1.599560 -0.077008 -0.000003 0.000080 0.153719 -0.000000 -0.000000 -0.076703 0.000000 -0.000002 -0.000005 -8.728669 10.710563 0.000005 -0.000000 -0.000000 -0.000001 -0.000676 9.278122 -0.000000 0.000000 -0.000000 8.207791 -6.751703 -1.599556 -0.074517 -0.000003 0.000081 0.148830 0.000002 0.000000 -0.074309 0.000000 -0.000002 -0.000003 -8.728670 10.710560 0.000005 -0.000000 -0.000000 -0.000001 -0.000677 9.278137 0.000003 0.000000 -0.000000 
0.000006 104.270470 1.554256 0.000021 0.000003 -0.000113 -0.000005 10.181587 0.131521 0.000002 -0.000003 0.000084 -0.000000 9.893967 -1.470709 -0.000000 0.000000 -0.000000 -0.000000 0.000000 -0.000000 0.000001 16.740417 -2.049035 0.000000 -0.000000 -0.000000 0.000000 9.617874 1.685008 -0.000000 -0.000000 0.000000 0.000002 22.037354 7.501098 -0.000000 -0.000000 -0.000000 -4.569969 11.014894 -2.160884 0.000005 0.000003 -0.000023 -0.000052 0.000030 0.000011 -27.841520 0.000017 0.000005 -0.000010 0.000001 -0.000003 -28.328836 0.000017 0.000026 -0.000321 -0.000044 0.000010 -2.464817 -1.573966 2.681851 0.314112 -0.720934 -0.172575 -3.215199 -1.872762 1.924284 -0.432457 0.981326 0.240527 -2.654858 -1.527961 1.512612 -0.323118 0.728901 0.173694 0.000001 0.000001 0.000003 -9.108281 -0.517861 2.259837 -0.000007 -0.018787 0.000103 0.000005 0.029297 -0.000007 -0.000005 -0.010093 -0.000003 0.000000 0.000000 -0.000000 -9.532506 -0.000003 -0.000022 -0.000004 -0.057494 0.000110 -0.000001 0.097407 -0.000010 0.000002 -0.036900 -0.000003 -0.000000 0.000000 -0.000000 -9.103599 -0.043045 -1.865133 -0.000000 0.017917 -0.000000 -0.000004 -0.025390 -0.000003 0.000003 -0.012910 0.000003 0.000000 0.000000 0.000000 -8.076683 -0.486680 -3.806278 0.000000 0.059620 -0.000517 0.000001 0.097000 0.000017 -0.000004 -0.056907 0.000003 -0.000000 0.000000 -0.000000 4.570447 11.014723 -2.160855 -0.000007 -0.000002 -0.000015 0.000002 0.000103 0.000118 -0.000007 -0.000007 0.000007 28.328836 -0.000029 0.000017 0.000020 -0.000089 0.000000 2.466128 -1.576189 2.681733 0.271163 0.622431 0.149618 3.217803 -1.872061 1.916485 -0.380683 -0.867292 -0.214332 2.656008 -1.528832 1.514505 -0.280440 -0.641565 -0.159358 2.020883 -1.154066 1.115133 -0.000000 0.000002 -0.000004 9.109305 -0.518042 2.259871 0.000012 -0.005107 0.000093 -0.000008 0.012007 0.000014 -0.000002 -0.007600 -0.000003 -0.000000 -0.000000 0.000000 9.533409 0.000036 0.000044 0.000003 -0.003600 -0.000007 -0.000005 0.002400 0.000007 0.000012 0.002400 -0.000000 0.000000 -0.000000 -0.000000 9.104532 -0.043031 -1.865075 0.000007 0.000700 0.000097 -0.000005 0.000000 -0.000003 0.000010 0.000014 -0.000003 2.644325 0.000031 0.000057 0.000000 -0.000000 -0.000000 8.077785 -0.486864 -3.806258 0.000013 0.234300 -0.000586 -0.000002 -0.024114 0.000086 0.000003 -0.007673 -0.000010 0.000000 -0.000000 -0.000000 -8.207788 -6.751659 -1.599560 -0.077008 -0.000003 0.000080 0.153719 -0.000000 -0.000000 -0.076703 0.000000 -0.000002 -0.000005 -8.728669 10.710563 0.000005 -0.000000 -0.000000 -0.000001 -0.000676 9.278122 -0.000000 0.000000 -0.000000 8.207791 -6.751703 -1.599556 -0.074517 -0.000003 0.000081 0.148830 0.000002 0.000000 -0.074309 0.000000 -0.000002 -0.000003 -8.728670 10.710560 0.000005 -0.000000 -0.000000 -0.000001 -0.000677 9.278137 0.000003 0.000000 -0.000000 
0.000006 104.270470 1.554256 0.000021 0.000003 -0.000113 -0.000005 10.181587 0.131521 0.000002 -0.000003 0.000084 -0.000000 9.893967 -1.470709 -0.000000 0.000000 -0.000000 -0.000000 0.000000 -0.000000 0.000001 16.740417 -2.049035 0.000000 -0.000000 -0.000000 0.000000 9.617874 1.685008 -0.000000 -0.000000 0.000000 0.000002 22.037354 7.501098 -0.000000 -0.000000 -0.000000 -4.569969 11.014894 -2.160884 0.000005 0.000003 -0.000023 -0.000052 0.000030 0.000011 -27.841520 0.000017 0.000005 -0.000010 0.000001 -0.000003 -28.328836 0.000017 0.000026 -0.000321 -0.000044 0.000010 -2.464817 -1.573966 2.681851 0.314112 -0.720934 -0.172575 -3.215199 -1.872762 1.924284 -0.432457 0.981326 0.240527 -2.654858 -1.527961 1.512612 -0.323118 0.728901 0.173694 0.000001 0.000001 0.000003 -9.108281 -0.517861 2.259837 -0.000007 -0.018787 0.000103 0.000005 0.029297 -0.000007 -0.000005 -0.010093 -0.000003 0.000000 0.000000 -0.000000 -9.532506 -0.000003 -0.000022 -0.000004 -0.057494 0.000110 -0.000001 0.097407 -0.000010 0.000002 -0.036900 -0.000003 -0.000000 0.000000 -0.000000 -9.103599 -0.043045 -1.865133 -0.000000 0.017917 -0.000000 -0.000004 -0.025390 -0.000003 0.000003 -0.012910 0.000003 0.000000 0.000000 0.000000 -8.076683 -0.486680 -3.806278 0.000000 0.059620 -0.000517 0.000001 0.097000 0.000017 -0.000004 -0.056907 0.000003 -0.000000 0.000000 -0.000000 4.570447 11.014723 -2.160855 -0.000007 -0.000002 -0.000015 0.000002 0.000103 0.000118 -0.000007 -0.000007 0.000007 28.328836 -0.000029 0.000017 0.000020 -0.000089 0.000000 2.466128 -1.576189 2.681733 0.271163 0.622431 0.149618 3.217803 -1.872061 1.916485 -0.380683 -0.867292 -0.214332 2.656008 -1.528832 1.514505 -0.280440 -0.641565 -0.159358 2.020883 -1.154066 1.115133 -0.000000 0.000002 -0.000004 9.109305 -0.518042 2.259871 0.000012 -0.005107 0.000093 -0.000008 0.012007 0.000014 -0.000002 -0.007600 -0.000003 -0.000000 -0.000000 0.000000 9.533409 0.000036 0.000044 0.000003 -0.003600 -0.000007 -0.000005 0.002400 0.000007 0.000012 0.002400 -0.000000 0.000000 -0.000000 -0.000000 9.104532 -0.043031 -1.865075 0.000007 0.000700 0.000097 -0.000005 0.000000 -0.000003 0.000010 0.000014 -0.000003 2.644325 0.000031 0.000057 0.000000 -0.000000 -0.000000 8.077785 -0.486864 -3.806258 0.000013 0.234300 -0.000586 -0.000002 -0.024114 0.000086 0.000003 -0.007673 -0.000010 0.000000 -0.000000 -0.000000 -8.207788 -6.751659 -1.599560 -0.077008 -0.000003 0.000080 0.153719 -0.000000 -0.000000 -0.076703 0.000000 -0.000002 -0.000005 -8.728669 10.710563 0.000005 -0.000000 -0.000000 -0.000001 -0.000676 9.278122 -0.000000 0.000000 -0.000000 8.207791 -6.751703 -1.599556 -0.074517 -0.000003 0.000081 0.148830 0.000002 0.000000 -0.074309 0.000000 -0.000002 -0.000003 -8.728670 10.710560 0.000005 -0.000000 -0.000000 -0.000001 -0.000677 9.278137 0.000003 0.000000 -0.000000 
0.000006 104.270470 1.554256 0.000021 0.000003 -0.000113 -0.000005 10.181587 0.131521 0.000002 -0.000003 0.000084 -0.000000 9.893967 -1.470709 -0.000000 0.000000 -0.000000 -0.000000 0.000000 -0.000000 0.000001 16.740417 -2.049035 0.000000 -0.000000 -0.000000 0.000000 9.617874 1.685008 -0.000000 -0.000000 0.000000 0.000002 22.037354 7.501098 -0.000000 -0.000000 -0.000000 -4.569969 11.014894 -2.160884 0.000005 0.000003 -0.000023 -0.000052 0.000030 0.000011 -27.841520 0.000017 0.000005 -0.000010 0.000001 -0.000003 -28.328836 0.000017 0.000026 -0.000321 -0.000044 0.000010 -2.464817 -1.573966 2.681851 0.314112 -0.720934 -0.172575 -3.215199 -1.872762 1.924284 -0.432457 0.981326 0.240527 -2.654858 -1.527961 1.512612 -0.323118 0.728901 0.173694 0.000001 0.000001 0.000003 -9.108281 -0.517861 2.259837 -0.000007 -0.018787 0.000103 0.000005 0.029297 -0.000007 -0.000005 -0.010093 -0.000003 0.000000 0.000000 -0.000000 -9.532506 -0.000003 -0.000022 -0.000004 -0.057494 0.000110 -0.000001 0.097407 -0.000010 0.000002 -0.036900 -0.000003 -0.000000 0.000000 -0.000000 -9.103599 -0.043045 -1.865133 -0.000000 0.017917 -0.000000 -0.000004 -0.025390 -0.000003 0.000003 -0.012910 0.000003 0.000000 0.000000 0.000000 -8.076683 -0.486680 -3.806278 0.000000 0.059620 -0.000517 0.000001 0.097000 0.000017 -0.000004 -0.056907 0.000003 -0.000000 0.000000 -0.000000 4.570447 11.014723 -2.160855 -0.000007 -0.000002 -0.000015 0.000002 0.000103 0.000118 -0.000007 -0.000007 0.000007 28.328836 -0.000029 0.000017 0.000020 -0.000089 0.000000 2.466128 -1.576189 2.681733 0.271163 0.622431 0.149618 3.217803 -1.872061 1.916485 -0.380683 -0.867292 -0.214332 2.656008 -1.528832 1.514505 -0.280440 -0.641565 -0.159358 2.020883 -1.154066 1.115133 -0.000000 0.000002 -0.000004 9.109305 -0.518042 2.259871 0.000012 -0.005107 0.000093 -0.000008 0.012007 0.000014 -0.000002 -0.007600 -0.000003 -0.000000 -0.000000 0.000000 9.533409 0.000036 0.000044 0.000003 -0.003600 -0.000007 -0.000005 0.002400 0.000007 0.000012 0.002400 -0.000000 0.000000 -0.000000 -0.000000 9.104532 -0.043031 -1.865075 0.000007 0.000700 0.000097 -0.000005 0.000000 -0.000003 0.000010 0.000014 -0.000003 2.644325 0.000031 0.000057 0.000000 -0.000000 -0.000000 8.077785 -0.486864 -3.806258 0.000013 0.234300 -0.000586 -0.000002 -0.024114 0.000086 0.000003 -0.007673 -0.000010 0.000000 -0.000000 -0.000000 -8.207788 -6.751659 -1.599560 -0.077008 -0.000003 0.000080 0.153719 -0.000000 -0.000000 -0.076703 0.000000 -0.000002 -0.000005 -8.728669 10.710563 0.000005 -0.000000 -0.000000 -0.000001 -0.000676 9.278122 -0.000000 0.000000 -0.000000 8.207791 -6.751703 -1.599556 -0.074517 -0.000003 0.000081 0.148830 0.000002 0.000000 -0.074309 0.000000 -0.000002 -0.000003 -8.728670 10.710560 0.000005 -0.000000 -0.000000 -0.000001 -0.000677 9.278137 0.000003 0.000000 -0.000000 
0.000006 104.270470 1.554256 0.000021 0.000003 -0.000113 -0.000005 10.181587 0.131521 0.000002 -0.000003 0.000084 -0.000000 9.893967 -1.470709 -0.000000 0.000000 -0.000000 -0.000000 0.000000 -0.000000 0.000001 16.740417 -2.049035 0.000000 -0.000000 -0.000000 0.000000 9.617874 1.685008 -0.000000 -0.000000 0.000000 0.000002 22.037354 7.501098 -0.000000 -0.000000 -0.000000 -4.569969 11.014894 -2.160884 0.000005 0.000003 -0.000023 -0.000052 0.000030 0.000011 -27.841520 0.000017 0.000005 -0.000010 0.000001 -0.000003 -28.328836 0.000017 0.000026 -0.000321 -0.000044 0.000010 -2.464817 -1.573966 2.681851 0.314112 -0.720934 -0.172575 -3.215199 -1.872762 1.924284 -0.432457 0.981326 0.240527 -2.654858 -1.527961 1.512612 -0.323118 0.728901 0.173694 0.000001 0.000001 0.000003 -9.108281 -0.517861 2.259837 -0.000007 -0.018787 0.000103 0.000005 0.029297 -0.000007 -0.000005 -0.010093 -0.000003 0.000000 0.000000 -0.000000 -9.532506 -0.000003 -0.000022 -0.000004 -0.057494 0.000110 -0.000001 0.097407 -0.000010 0.000002 -0.036900 -0.000003 -0.000000 0.000000 -0.000000 -9.103599 -0.043045 -1.865133 -0.000000 0.017917 -0.000000 -0.000004 -0.025390 -0.000003 0.000003 -0.012910 0.000003 0.000000 0.000000 0.000000 -8.076683 -0.486680 -3.806278 0.000000 0.059620 -0.000517 0.000001 0.097000 0.000017 -0.000004 -0.056907 0.000003 -0.000000 0.000000 -0.000000 4.570447 11.014723 -2.160855 -0.000007 -0.000002 -0.000015 0.000002 0.000103 0.000118 -0.000007 -0.000007 0.000007 28.328836 -0.000029 0.000017 0.000020 -0.000089 0.000000 2.466128 -1.576189 2.681733 0.271163 0.622431 0.149618 3.217803 -1.872061 1.916485 -0.380683 -0.867292 -0.214332 2.656008 -1.528832 1.514505 -0.280440 -0.641565 -0.159358 2.020883 -1.154066 1.115133 -0.000000 0.000002 -0.000004 9.109305 -0.518042 2.259871 0.000012 -0.005107 0.000093 -0.000008 0.012007 0.000014 -0.000002 -0.007600 -0.000003 -0.000000 -0.000000 0.000000 9.533409 0.000036 0.000044 0.000003 -0.003600 -0.000007 -0.000005 0.002400 0.000007 0.000012 0.002400 -0.000000 0.000000 -0.000000 -0.000000 9.104532 -0.043031 -1.865075 0.000007 0.000700 0.000097 -0.000005 0.000000 -0.000003 0.000010 0.000014 -0.000003 2.644325 0.000031 0.000057 0.000000 -0.000000 -0.000000 8.077785 -0.486864 -3.806258 0.000013 0.234300 -0.000586 -0.000002 -0.024114 0.000086 0.000003 -0.007673 -0.000010 0.000000 -0.000000 -0.000000 -8.207788 -6.751659 -1.599560 -0.077008 -0.000003 0.000080 0.153719 -0.000000 -0.000000 -0.076703 0.000000 -0.000002 -0.000005 -8.728669 10.710563 0.000005 -0.000000 -0.000000 -0.000001 -0.000676 9.278122 -0.000000 0.000000 -0.000000 8.207791 -6.751703 -1.599556 -0.074517 -0.000003 0.000081 0.148830 0.000002 0.000000 -0.074309 0.000000 -0.000002 -0.000003 -8.728670 10.710560 0.000005 -0.000000 -0.000000 -0.000001 -0.000677 9.278137 0.000003 0.000000 -0.000000 
0.000006 104.270470 1.554256 0.000021 0.000003 -0.000113 -0.000005 10.181587 0.131521 0.000002 -0.000003 0.000084 -0.000000 9.893967 -1.470709 -0.000000 0.000000 -0.000000 -0.000000 0.000000 -0.000000 0.000001 16.740417 -2.049035 0.000000 -0.000000 -0.000000 0.000000 9.617874 1.685008 -0.000000 -0.000000 0.000000 0.000002 22.037354 7.501098 -0.000000 -0.000000 -0.000000 -4.569969 11.014894 -2.160884 0.000005 0.000003 -0.000023 -0.000052 0.000030 0.000011 -27.841520 0.000017 0.000005 -0.000010 0.000001 -0.000003 -28.328836 0.000017 0.000026 -0.000321 -0.000044 0.000010 -2.464817 -1.573966 2.681851 0.314112 -0.720934 -0.172575 -3.215199 -1.872762 1.924284 -0.432457 0.981326 0.240527 -2.654858 -1.527961 1.512612 -0.323118 0.728901 0.173694 0.000001 0.000001 0.000003 -9.108281 -0.517861 2.259837 -0.000007 -0.018787 0.000103 0.000005 0.029297 -0.000007 -0.000005 -0.010093 -0.000003 0.000000 0.000000 -0.000000 -9.532506 -0.000003 -0.000022 -0.000004 -0.057494 0.000110 -0.000001 0.097407 -0.000010 0.000002 -0.036900 -0.000003 -0.000000 0.000000 -0.000000 -9.103599 -0.043045 -1.865133 -0.000000 0.017917 -0.000000 -0.000004 -0.025390 -0.000003 0.000003 -0.012910 0.000003 0.000000 0.000000 0.000000 -8.076683 -0.486680 -3.806278 0.000000 0.059620 -0.000517 0.000001 0.097000 0.000017 -0.000004 -0.056907 0.000003 -0.000000 0.000000 -0.000000 4.570447 11.014723 -2.160855 -0.000007 -0.000002 -0.000015 0.000002 0.000103 0.000118 -0.000007 -0.000007 0.000007 28.328836 -0.000029 0.000017 0.000020 -0.000089 0.000000 2.466128 -1.576189 2.681733 0.271163 0.622431 0.149618 3.217803 -1.872061 1.916485 -0.380683 -0.867292 -0.214332 2.656008 -1.528832 1.514505 -0.280440 -0.641565 -0.159358 2.020883 -1.154066 1.115133 -0.000000 0.000002 -0.000004 9.109305 -0.518042 2.259871 0.000012 -0.005107 0.000093 -0.000008 0.012007 0.000014 -0.000002 -0.007600 -0.000003 -0.000000 -0.000000 0.000000 9.533409 0.000036 0.000044 0.000003 -0.003600 -0.000007 -0.000005 0.002400 0.000007 0.000012 0.002400 -0.000000 0.000000 -0.000000 -0.000000 9.104532 -0.043031 -1.865075 0.000007 0.000700 0.000097 -0.000005 0.000000 -0.000003 0.000010 0.000014 -0.000003 2.644325 0.000031 0.000057 0.000000 -0.000000 -0.000000 8.077785 -0.486864 -3.806258 0.000013 0.234300 -0.000586 -0.000002 -0.024114 0.000086 0.000003 -0.007673 -0.000010 0.000000 -0.000000 -0.000000 -8.207788 -6.751659 -1.599560 -0.077008 -0.000003 0.000080 0.153719 -0.000000 -0.000000 -0.076703 0.000000 -0.000002 -0.000005 -8.728669 10.710563 0.000005 -0.000000 -0.000000 -0.000001 -0.000676 9.278122 -0.000000 0.000000 -0.000000 8.207791 -6.751703 -1.599556 -0.074517 -0.000003 0.000081 0.148830 0.000002 0.000000 -0.074309 0.000000 -0.000002 -0.000003 -8.728670 10.710560 0.000005 -0.000000 -0.000000 -0.000001 -0.000677 9.278137 0.000003 0.000000 -0.000000 
0.000006 104.270470 1.554256 0.000021 0.000003 -0.000113 -0.000005 10.181587 0.131521 0.000002 -0.000003 0.000084 -0.000000 9.893967 -1.470709 -0.000000 0.000000 -0.000000 -0.000000 0.000000 -0.000000 0.000001 16.740417 -2.049035 0.000000 -0.000000 -0.000000 0.000000 9.617874 1.685008 -0.000000 -0.000000 0.000000 0.000002 22.037354 7.501098 -0.000000 -0.000000 -0.000000 -4.569969 11.014894 -2.160884 0.000005 0.000003 -0.000023 -0.000052 0.000030 0.000011 -27.841520 0.000017 0.000005 -0.000010 0.000001 -0.000003 -28.328836 0.000017 0.000026 -0.000321 -0.000044 0.000010 -2.464817 -1.573966 2.681851 0.314112 -0.720934 -0.172575 -3.215199 -1.872762 1.924284 -0.432457 0.981326 0.240527 -2.654858 -1.527961 1.512612 -0.323118 0.728901 0.173694 0.000001 0.000001 0.000003 -9.108281 -0.517861 2.259837 -0.000007 -0.018787 0.000103 0.000005 0.029297 -0.000007 -0.000005 -0.010093 -0.000003 0.000000 0.000000 -0.000000 -9.532506 -0.000003 -0.000022 -0.000004 -0.057494 0.000110 -0.000001 0.097407 -0.000010 0.000002 -0.036900 -0.000003 -0.000000 0.000000 -0.000000 -9.103599 -0.043045 -1.865133 -0.000000 0.017917 -0.000000 -0.000004 -0.025390 -0.000003 0.000003 -0.012910 0.000003 0.000000 0.000000 0.000000 -8.076683 -0.486680 -3.806278 0.000000 0.059620 -0.000517 0.000001 0.097000 0.000017 -0.000004 -0.056907 0.000003 -0.000000 0.000000 -0.000000 4.570447 11.014723 -2.160855 -0.000007 -0.000002 -0.000015 0.000002 0.000103 0.000118 -0.000007 -0.000007 0.000007 28.328836 -0.000029 0.000017 0.000020 -0.000089 0.000000 2.466128 -1.576189 2.681733 0.271163 0.622431 0.149618 3.217803 -1.872061 1.916485 -0.380683 -0.867292 -0.214332 2.656008 -1.528832 1.514505 -0.280440 -0.641565 -0.159358 2.020883 -1.154066 1.115133 -0.000000 0.000002 -0.000004 9.109305 -0.518042 2.259871 0.000012 -0.005107 0.000093 -0.000008 0.012007 0.000014 -0.000002 -0.007600 -0.000003 -0.000000 -0.000000 0.000000 9.533409 0.000036 0.000044 0.000003 -0.003600 -0.000007 -0.000005 0.002400 0.000007 0.000012 0.002400 -0.000000 0.000000 -0.000000 -0.000000 9.104532 -0.043031 -1.865075 0.000007 0.000700 0.000097 -0.000005 0.000000 -0.000003 0.000010 0.000014 -0.000003 2.644325 0.000031 0.000057 0.000000 -0.000000 -0.000000 8.077785 -0.486864 -3.806258 0.000013 0.234300 -0.000586 -0.000002 -0.024114 0.000086 0.000003 -0.007673 -0.000010 0.000000 -0.000000 -0.000000 -8.207788 -6.751659 -1.599560 -0.077008 -0.000003 0.000080 0.153719 -0.000000 -0.000000 -0.076703 0.000000 -0.000002 -0.000005 -8.728669 10.710563 0.000005 -0.000000 -0.000000 -0.000001 -0.000676 9.278122 -0.000000 0.000000 -0.000000 8.207791 -6.751703 -1.599556 -0.074517 -0.000003 0.000081 0.148830 0.000002 0.000000 -0.074309 0.000000 -0.000002 -0.000003 -8.728670 10.710560 0.000005 -0.000000 -0.000000 -0.000001 -0.000677 9.278137 0.000003 0.000000 -0.000000 
0.000006 104.270470 1.554256 0.000021 0.000003 -0.000113 -0.000005 10.181587 0.131521 0.000002 -0.000003 0.000084 -0.000000 9.893967 -1.470709 -0.000000 0.000000 -0.000000 -0.000000 0.000000 -0.000000 0.000001 16.740417 -2.049035 0.000000 -0.000000 -0.000000 0.000000 9.617874 1.685008 -0.000000 -0.000000 0.000000 0.000002 22.037354 7.501098 -0.000000 -0.000000 -0.000000 -4.569969 11.014894 -2.160884 0.000005 0.000003 -0.000023 -0.000052 0.000030 0.000011 -27.841520 0.000017 0.000005 -0.000010 0.000001 -0.000003 -28.328836 0.000017 0.000026 -0.000321 -0.000044 0.000010 -2.464817 -1.573966 2.681851 0.314112 -0.720934 -0.172575 -3.215199 -1.872762 1.924284 -0.432457 0.981326 0.240527 -2.654858 -1.527961 1.512612 -0.323118 0.728901 0.173694 0.000001 0.000001 0.000003 -9.108281 -0.517861 2.259837 -0.000007 -0.018787 0.000103 0.000005 0.029297 -0.000007 -0.000005 -0.010093 -0.000003 0.000000 0.000000 -0.000000 -9.532506 -0.000003 -0.000022 -0.000004 -0.057494 0.000110 -0.000001 0.097407 -0.000010 0.000002 -0.036900 -0.000003 -0.000000 0.000000 -0.000000 -9.103599 -0.043045 -1.865133 -0.000000 0.017917 -0.000000 -0.000004 -0.025390 -0.000003 0.000003 -0.012910 0.000003 0.000000 0.000000 0.000000 -8.076683 -0.486680 -3.806278 0.000000 0.059620 -0.000517 0.000001 0.097000 0.000017 -0.000004 -0.056907 0.000003 -0.000000 0.000000 -0.000000 4.570447 11.014723 -2.160855 -0.000007 -0.000002 -0.000015 0.000002 0.000103 0.000118 -0.000007 -0.000007 0.000007 28.328836 -0.000029 0.000017 0.000020 -0.000089 0.000000 2.466128 -1.576189 2.681733 0.271163 0.622431 0.149618 3.217803 -1.872061 1.916485 -0.380683 -0.867292 -0.214332 2.656008 -1.528832 1.514505 -0.280440 -0.641565 -0.159358 2.020883 -1.154066 1.115133 -0.000000 0.000002 -0.000004 9.109305 -0.518042 2.259871 0.000012 -0.005107 0.000093 -0.000008 0.012007 0.000014 -0.000002 -0.007600 -0.000003 -0.000000 -0.000000 0.000000 9.533409 0.000036 0.000044 0.000003 -0.003600 -0.000007 -0.000005 0.002400 0.000007 0.000012 0.002400 -0.000000 0.000000 -0.000000 -0.000000 9.104532 -0.043031 -1.865075 0.000007 0.000700 0.000097 -0.000005 0.000000 -0.000003 0.000010 0.000014 -0.000003 2.644325 0.000031 0.000057 0.000000 -0.000000 -0.000000 8.077785 -0.486864 -3.806258 0.000013 0.234300 -0.000586 -0.000002 -0.024114 0.000086 0.000003 -0.007673 -0.000010 0.000000 -0.000000 -0.000000 -8.207788 -6.751659 -1.599560 -0.077008 -0.000003 0.000080 0.153719 -0.000000 -0.000000 -0.076703 0.000000 -0.000002 -0.000005 -8.728669 10.710563 0.000005 -0.000000 -0.000000 -0.000001 -0.000676 9.278122 -0.000000 0.000000 -0.000000 8.207791 -6.751703 -1.599556 -0.074517 -0.000003 0.000081 0.148830 0.000002 0.000000 -0.074309 0.000000 -0.000002 -0.000003 -8.728670 10.710560 0.000005 -0.000000 -0.000000 -0.000001 -0.000677 9.278137 0.000003 0.000000 -0.000000 
0.000006 104.270470 1.554256 0.000021 0.000003 -0.000113 -0.000005 10.181587 0.131521 0.000002 -0.000003 0.000084 -0.000000 9.893967 -1.470709 -0.000000 0.000000 -0.000000 -0.000000 0.000000 -0.000000 0.000001 16.740417 -2.049035 0.000000 -0.000000 -0.000000 0.000000 9.617874 1.685008 -0.000000 -0.000000 0.000000 0.000002 22.037354 7.501098 -0.000000 -0.000000 -0.000000 -4.569969 11.014894 -2.160884 0.000005 0.000003 -0.000023 -0.000052 0.000030 0.000011 -27.841520 0.000017 0.000005 -0.000010 0.000001 -0.000003 -28.328836 0.000017 0.000026 -0.000321 -0.000044 0.000010 -2.464817 -1.573966 2.681851 0.314112 -0.720934 -0.172575 -3.215199 -1.872762 1.924284 -0.432457 0.981326 0.240527 -2.654858 -1.527961 1.512612 -0.323118 0.728901 0.173694 0.000001 0.000001 0.000003 -9.108281 -0.517861 2.259837 -0.000007 -0.018787 0.000103 0.000005 0.029297 -0.000007 -0.000005 -0.010093 -0.000003 0.000000 0.000000 -0.000000 -9.532506 -0.000003 -0.000022 -0.000004 -0.057494 0.000110 -0.000001 0.097407 -0.000010 0.000002 -0.036900 -0.000003 -0.000000 0.000000 -0.000000 -9.103599 -0.043045 -1.865133 -0.000000 0.017917 -0.000000 -0.000004 -0.025390 -0.000003 0.000003 -0.012910 0.000003 0.000000 0.000000 0.000000 -8.076683 -0.486680 -3.806278 0.000000 0.059620 -0.000517 0.000001 0.097000 0.000017 -0.000004 -0.056907 0.000003 -0.000000 0.000000 -0.000000 4.570447 11.014723 -2.160855 -0.000007 -0.000002 -0.000015 0.000002 0.000103 0.000118 -0.000007 -0.000007 0.000007 28.328836 -0.000029 0.000017 0.000020 -0.000089 0.000000 2.466128 -1.576189 2.681733 0.271163 0.622431 0.149618 3.217803 -1.872061 1.916485 -0.380683 -0.867292 -0.214332 2.656008 -1.528832 1.514505 -0.280440 -0.641565 -0.159358 2.020883 -1.154066 1.115133 -0.000000 0.000002 -0.000004 9.109305 -0.518042 2.259871 0.000012 -0.005107 0.000093 -0.000008 0.012007 0.000014 -0.000002 -0.007600 -0.000003 -0.000000 -0.000000 0.000000 9.533409 0.000036 0.000044 0.000003 -0.003600 -0.000007 -0.000005 0.002400 0.000007 0.000012 0.002400 -0.000000 0.000000 -0.000000 -0.000000 9.104532 -0.043031 -1.865075 0.000007 0.000700 0.000097 -0.000005 0.000000 -0.000003 0.000010 0.000014 -0.000003 2.644325 0.000031 0.000057 0.000000 -0.000000 -0.000000 8.077785 -0.486864 -3.806258 0.000013 0.234300 -0.000586 -0.000002 -0.024114 0.000086 0.000003 -0.007673 -0.000010 0.000000 -0.000000 -0.000000 -8.207788 -6.751659 -1.599560 -0.077008 -0.000003 0.000080 0.153719 -0.000000 -0.000000 -0.076703 0.000000 -0.000002 -0.000005 -8.728669 10.710563 0.000005 -0.000000 -0.000000 -0.000001 -0.000676 9.278122 -0.000000 0.000000 -0.000000 8.207791 -6.751703 -1.599556 -0.074517 -0.000003 0.000081 0.148830 0.000002 0.000000 -0.074309 0.000000 -0.000002 -0.000003 -8.728670 10.710560 0.000005 -0.000000 -0.000000 -0.000001 -0.000677 9.278137 0.000003 0.000000 -0.000000 
0.000006 104.270470 1.554256 0.000021 0.000003 -0.000113 -0.000005 10.181587 0.131521 0.000002 -0.000003 0.000084 -0.000000 9.893967 -1.470709 -0.000000 0.000000 -0.000000 -0.000000 0.000000 -0.000000 0.000001 16.740417 -2.049035 0.000000 -0.000000 -0.000000 0.000000 9.617874 1.685008 -0.000000 -0.000000 0.000000 0.000002 22.037354 7.501098 -0.000000 -0.000000 -0.000000 -4.569969 11.014894 -2.160884 0.000005 0.000003 -0.000023 -0.000052 0.000030 0.000011 -27.841520 0.000017 0.000005 -0.000010 0.000001 -0.000003 -28.328836 0.000017 0.000026 -0.000321 -0.000044 0.000010 -2.464817 -1.573966 2.681851 0.314112 -0.720934 -0.172575 -3.215199 -1.872762 1.924284 -0.432457 0.981326 0.240527 -2.654858 -1.527961 1.512612 -0.323118 0.728901 0.173694 0.000001 0.000001 0.000003 -9.108281 -0.517861 2.259837 -0.000007 -0.018787 0.000103 0.000005 0.029297 -0.000007 -0.000005 -0.010093 -0.000003 0.000000 0.000000 -0.000000 -9.532506 -0.000003 -0.000022 -0.000004 -0.057494 0.000110 -0.000001 0.097407 -0.000010 0.000002 -0.036900 -0.000003 -0.000000 0.000000 -0.000000 -9.103599 -0.043045 -1.865133 -0.000000 0.017917 -0.000000 -0.000004 -0.025390 -0.000003 0.000003 -0.012910 0.000003 0.000000 0.000000 0.000000 -8.076683 -0.486680 -3.806278 0.000000 0.059620 -0.000517 0.000001 0.097000 0.000017 -0.000004 -0.056907 0.000003 -0.000000 0.000000 -0.000000 4.570447 11.014723 -2.160855 -0.000007 -0.000002 -0.000015 0.000002 0.000103 0.000118 -0.000007 -0.000007 0.000007 28.328836 -0.000029 0.000017 0.000020 -0.000089 0.000000 2.466128 -1.576189 2.681733 0.271163 0.622431 0.149618 3.217803 -1.872061 1.916485 -0.380683 -0.867292 -0.214332 2.656008 -1.528832 1.514505 -0.280440 -0.641565 -0.159358 2.020883 -1.154066 1.115133 -0.000000 0.000002 -0.000004 9.109305 -0.518042 2.259871 0.000012 -0.005107 0.000093 -0.000008 0.012007 0.000014 -0.000002 -0.007600 -0.000003 -0.000000 -0.000000 0.000000 9.533409 0.000036 0.000044 0.000003 -0.003600 -0.000007 -0.000005 0.002400 0.000007 0.000012 0.002400 -0.000000 0.000000 -0.000000 -0.000000 9.104532 -0.043031 -1.865075 0.000007 0.000700 0.000097 -0.000005 0.000000 -0.000003 0.000010 0.000014 -0.000003 2.644325 0.000031 0.000057 0.000000 -0.000000 -0.000000 8.077785 -0.486864 -3.806258 0.000013 0.234300 -0.000586 -0.000002 -0.024114 0.000086 0.000003 -0.007673 -0.000010 0.000000 -0.000000 -0.000000 -8.207788 -6.751659 -1.599560 -0.077008 -0.000003 0.000080 0.153719 -0.000000 -0.000000 -0.076703 0.000000 -0.000002 -0.000005 -8.728669 10.710563 0.000005 -0.000000 -0.000000 -0.000001 -0.000676 9.278122 -0.000000 0.000000 -0.000000 8.207791 -6.751703 -1.599556 -0.074517 -0.000003 0.000081 0.148830 0.000002 0.000000 -0.074309 0.000000 -0.000002 -0.000003 -8.728670 10.710560 0.000005 -0.000000 -0.000000 -0.000001 -0.000677 9.278137 0.000003 0.000000 -0.000000 
0.000006 104.270470 1.554256 0.000021 0.000003 -0.000113 -0.000005 10.181587 0.131521 0.000002 -0.000003 0.000084 -0.000000 9.893967 -1.470709 -0.000000 0.000000 -0.000000 -0.000000 0.000000 -0.000000 0.000001 16.740417 -2.049035 0.000000 -0.000000 -0.000000 0.000000 9.617874 1.685008 -0.000000 -0.000000 0.000000 0.000002 22.037354 7.501098 -0.000000 -0.000000 -0.000000 -4.569969 11.014894 -2.160884 0.000005 0.000003 -0.000023 -0.000052 0.000030 0.000011 -27.841520 0.000017 0.000005 -0.000010 0.000001 -0.000003 -28.328836 0.000017 0.000026 -0.000321 -0.000044 0.000010 -2.464817 -1.573966 2.681851 0.314112 -0.720934 -0.172575 -3.215199 -1.872762 1.924284 -0.432457 0.981326 0.240527 -2.654858 -1.527961 1.512612 -0.323118 0.728901 0.173694 0.000001 0.000001 0.000003 -9.108281 -0.517861 2.259837 -0.000007 -0.018787 0.000103 0.000005 0.029297 -0.000007 -0.000005 -0.010093 -0.000003 0.000000 0.000000 -0.000000 -9.532506 -0.000003 -0.000022 -0.000004 -0.057494 0.000110 -0.000001 0.097407 -0.000010 0.000002 -0.036900 -0.000003 -0.000000 0.000000 -0.000000 -9.103599 -0.043045 -1.865133 -0.000000 0.017917 -0.000000 -0.000004 -0.025390 -0.000003 0.000003 -0.012910 0.000003 0.000000 0.000000 0.000000 -8.076683 -0.486680 -3.806278 0.000000 0.059620 -0.000517 0.000001 0.097000 0.000017 -0.000004 -0.056907 0.000003 -0.000000 0.000000 -0.000000 4.570447 11.014723 -2.160855 -0.000007 -0.000002 -0.000015 0.000002 0.000103 0.000118 -0.000007 -0.000007 0.000007 28.328836 -0.000029 0.000017 0.000020 -0.000089 0.000000 2.466128 -1.576189 2.681733 0.271163 0.622431 0.149618 3.217803 -1.872061 1.916485 -0.380683 -0.867292 -0.214332 2.656008 -1.528832 1.514505 -0.280440 -0.641565 -0.159358 2.020883 -1.154066 1.115133 -0.000000 0.000002 -0.000004 9.109305 -0.518042 2.259871 0.000012 -0.005107 0.000093 -0.000008 0.012007 0.000014 -0.000002 -0.007600 -0.000003 -0.000000 -0.000000 0.000000 9.533409 0.000036 0.000044 0.000003 -0.003600 -0.000007 -0.000005 0.002400 0.000007 0.000012 0.002400 -0.000000 0.000000 -0.000000 -0.000000 9.104532 -0.043031 -1.865075 0.000007 0.000700 0.000097 -0.000005 0.000000 -0.000003 0.000010 0.000014 -0.000003 2.644325 0.000031 0.000057 0.000000 -0.000000 -0.000000 8.077785 -0.486864 -3.806258 0.000013 0.234300 -0.000586 -0.000002 -0.024114 0.000086 0.000003 -0.007673 -0.000010 0.000000 -0.000000 -0.000000 -8.207788 -6.751659 -1.599560 -0.077008 -0.000003 0.000080 0.153719 -0.000000 -0.000000 -0.076703 0.000000 -0.000002 -0.000005 -8.728669 10.710563 0.000005 -0.000000 -0.000000 -0.000001 -0.000676 9.278122 -0.000000 0.000000 -0.000000 8.207791 -6.751703 -1.599556 -0.074517 -0.000003 0.000081 0.148830 0.000002 0.000000 -0.074309 0.000000 -0.000002 -0.000003 -8.728670 10.710560 0.000005 -0.000000 -0.000000 -0.000001 -0.000677 9.278137 0.000003 0.000000 -0.000000 
0.000006 104.270470 1.554256 0.000021 0.000003 -0.000113 -0.000005 10.181587 0.131521 0.000002 -0.000003 0.000084 -0.000000 9.893967 -1.470709 -0.000000 0.000000 -0.000000 -0.000000 0.000000 -0.000000 0.000001 16.740417 -2.049035 0.000000 -0.000000 -0.000000 0.000000 9.617874 1.685008 -0.000000 -0.000000 0.000000 0.000002 22.037354 7.501098 -0.000000 -0.000000 -0.000000 -4.569969 11.014894 -2.160884 0.000005 0.000003 -0.000023 -0.000052 0.000030 0.000011 -27.841520 0.000017 0.000005 -0.000010 0.000001 -0.000003 -28.328836 0.000017 0.000026 -0.000321 -0.000044 0.000010 -2.464817 -1.573966 2.681851 0.314112 -0.720934 -0.172575 -3.215199 -1.872762 1.924284 -0.432457 0.981326 0.240527 -2.654858 -1.527961 1.512612 -0.323118 0.728901 0.173694 0.000001 0.000001 0.000003 -9.108281 -0.517861 2.259837 -0.000007 -0.018787 0.000103 0.000005 0.029297 -0.000007 -0.000005 -0.010093 -0.000003 0.000000 0.000000 -0.000000 -9.532506 -0.000003 -0.000022 -0.000004 -0.057494 0.000110 -0.000001 0.097407 -0.000010 0.000002 -0.036900 -0.000003 -0.000000 0.000000 -0.000000 -9.103599 -0.043045 -1.865133 -0.000000 0.017917 -0.000000 -0.000004 -0.025390 -0.000003 0.000003 -0.012910 0.000003 0.000000 0.000000 0.000000 -8.076683 -0.486680 -3.806278 0.000000 0.059620 -0.000517 0.000001 0.097000 0.000017 -0.000004 -0.056907 0.000003 -0.000000 0.000000 -0.000000 4.570447 11.014723 -2.160855 -0.000007 -0.000002 -0.000015 0.000002 0.000103 0.000118 -0.000007 -0.000007 0.000007 28.328836 -0.000029 0.000017 0.000020 -0.000089 0.000000 2.466128 -1.576189 2.681733 0.271163 0.622431 0.149618 3.217803 -1.872061 1.916485 -0.380683 -0.867292 -0.214332 2.656008 -1.528832 1.514505 -0.280440 -0.641565 -0.159358 2.020883 -1.154066 1.115133 -0.000000 0.000002 -0.000004 9.109305 -0.518042 2.259871 0.000012 -0.005107 0.000093 -0.000008 0.012007 0.000014 -0.000002 -0.007600 -0.000003 -0.000000 -0.000000 0.000000 9.533409 0.000036 0.000044 0.000003 -0.003600 -0.000007 -0.000005 0.002400 0.000007 0.000012 0.002400 -0.000000 0.000000 -0.000000 -0.000000 9.104532 -0.043031 -1.865075 0.000007 0.000700 0.000097 -0.000005 0.000000 -0.000003 0.000010 0.000014 -0.000003 2.644325 0.000031 0.000057 0.000000 -0.000000 -0.000000 8.077785 -0.486864 -3.806258 0.000013 0.234300 -0.000586 -0.000002 -0.024114 0.000086 0.000003 -0.007673 -0.000010 0.000000 -0.000000 -0.000000 -8.207788 -6.751659 -1.599560 -0.077008 -0.000003 0.000080 0.153719 -0.000000 -0.000000 -0.076703 0.000000 -0.000002 -0.000005 -8.728669 10.710563 0.000005 -0.000000 -0.000000 -0.000001 -0.000676 9.278122 -0.000000 0.000000 -0.000000 8.207791 -6.751703 -1.599556 -0.074517 -0.000003 0.000081 0.148830 0.000002 0.000000 -0.074309 0.000000 -0.000002 -0.000003 -8.728670 10.710560 0.000005 -0.000000 -0.000000 -0.000001 -0.000677 9.278137 0.000003 0.000000 -0.000000 
0.000006 104.270470 1.554256 0.000021 0.000003 -0.000113 -0.000005 10.181587 0.131521 0.000002 -0.000003 0.000084 -0.000000 9.893967 -1.470709 -0.000000 0.000000 -0.000000 -0.000000 0.000000 -0.000000 0.000001 16.740417 -2.049035 0.000000 -0.000000 -0.000000 0.000000 9.617874 1.685008 -0.000000 -0.000000 0.000000 0.000002 22.037354 7.501098 -0.000000 -0.000000 -0.000000 -4.569969 11.014894 -2.160884 0.000005 0.000003 -0.000023 -0.000052 0.000030 0.000011 -27.841520 0.000017 0.000005 -0.000010 0.000001 -0.000003 -28.328836 0.000017 0.000026 -0.000321 -0.000044 0.000010 -2.464817 -1.573966 2.681851 0.314112 -0.720934 -0.172575 -3.215199 -1.872762 1.924284 -0.432457 0.981326 0.240527 -2.654858 -1.527961 1.512612 -0.323118 0.728901 0.173694 0.000001 0.000001 0.000003 -9.108281 -0.517861 2.259837 -0.000007 -0.018787 0.000103 0.000005 0.029297 -0.000007 -0.000005 -0.010093 -0.000003 0.000000 0.000000 -0.000000 -9.532506 -0.000003 -0.000022 -0.000004 -0.057494 0.000110 -0.000001 0.097407 -0.000010 0.000002 -0.036900 -0.000003 -0.000000 0.000000 -0.000000 -9.103599 -0.043045 -1.865133 -0.000000 0.017917 -0.000000 -0.000004 -0.025390 -0.000003 0.000003 -0.012910 0.000003 0.000000 0.000000 0.000000 -8.076683 -0.486680 -3.806278 0.000000 0.059620 -0.000517 0.000001 0.097000 0.000017 -0.000004 -0.056907 0.000003 -0.000000 0.000000 -0.000000 4.570447 11.014723 -2.160855 -0.000007 -0.000002 -0.000015 0.000002 0.000103 0.000118 -0.000007 -0.000007 0.000007 28.328836 -0.000029 0.000017 0.000020 -0.000089 0.000000 2.466128 -1.576189 2.681733 0.271163 0.622431 0.149618 3.217803 -1.872061 1.916485 -0.380683 -0.867292 -0.214332 2.656008 -1.528832 1.514505 -0.280440 -0.641565 -0.159358 2.020883 -1.154066 1.115133 -0.000000 0.000002 -0.000004 9.109305 -0.518042 2.259871 0.000012 -0.005107 0.000093 -0.000008 0.012007 0.000014 -0.000002 -0.007600 -0.000003 -0.000000 -0.000000 0.000000 9.533409 0.000036 0.000044 0.000003 -0.003600 -0.000007 -0.000005 0.002400 0.000007 0.000012 0.002400 -0.000000 0.000000 -0.000000 -0.000000 9.104532 -0.043031 -1.865075 0.000007 0.000700 0.000097 -0.000005 0.000000 -0.000003 0.000010 0.000014 -0.000003 2.644325 0.000031 0.000057 0.000000 -0.000000 -0.000000 8.077785 -0.486864 -3.806258 0.000013 0.234300 -0.000586 -0.000002 -0.024114 0.000086 0.000003 -0.007673 -0.000010 0.000000 -0.000000 -0.000000 -8.207788 -6.751659 -1.599560 -0.077008 -0.000003 0.000080 0.153719 -0.000000 -0.000000 -0.076703 0.000000 -0.000002 -0.000005 -8.728669 10.710563 0.000005 -0.000000 -0.000000 -0.000001 -0.000676 9.278122 -0.000000 0.000000 -0.000000 8.207791 -6.751703 -1.599556 -0.074517 -0.000003 0.000081 0.148830 0.000002 0.000000 -0.074309 0.000000 -0.000002 -0.000003 -8.728670 10.710560 0.000005 -0.000000 -0.000000 -0.000001 -0.000677 9.278137 0.000003 0.000000 -0.000000 
0.000006 104.270470 1.554256 0.000021 0.000003 -0.000113 -0.000005 10.181587 0.131521 0.000002 -0.000003 0.000084 -0.000000 9.893967 -1.470709 -0.000000 0.000000 -0.000000 -0.000000 0.000000 -0.000000 0.000001 16.740417 -2.049035 0.000000 -0.000000 -0.000000 0.000000 9.617874 1.685008 -0.000000 -0.000000 0.000000 0.000002 22.037354 7.501098 -0.000000 -0.000000 -0.000000 -4.569969 11.014894 -2.160884 0.000005 0.000003 -0.000023 -0.000052 0.000030 0.000011 -27.841520 0.000017 0.000005 -0.000010 0.000001 -0.000003 -28.328836 0.000017 0.000026 -0.000321 -0.000044 0.000010 -2.464817 -1.573966 2.681851 0.314112 -0.720934 -0.172575 -3.215199 -1.872762 1.924284 -0.432457 0.981326 0.240527 -2.654858 -1.527961 1.512612 -0.323118 0.728901 0.173694 0.000001 0.000001 0.000003 -9.108281 -0.517861 2.259837 -0.000007 -0.018787 0.000103 0.000005 0.029297 -0.000007 -0.000005 -0.010093 -0.000003 0.000000 0.000000 -0.000000 -9.532506 -0.000003 -0.000022 -0.000004 -0.057494 0.000110 -0.000001 0.097407 -0.000010 0.000002 -0.036900 -0.000003 -0.000000 0.000000 -0.000000 -9.103599 -0.043045 -1.865133 -0.000000 0.017917 -0.000000 -0.000004 -0.025390 -0.000003 0.000003 -0.012910 0.000003 0.000000 0.000000 0.000000 -8.076683 -0.486680 -3.806278 0.000000 0.059620 -0.000517 0.000001 0.097000 0.000017 -0.000004 -0.056907 0.000003 -0.000000 0.000000 -0.000000 4.570447 11.014723 -2.160855 -0.000007 -0.000002 -0.000015 0.000002 0.000103 0.000118 -0.000007 -0.000007 0.000007 28.328836 -0.000029 0.000017 0.000020 -0.000089 0.000000 2.466128 -1.576189 2.681733 0.271163 0.622431 0.149618 3.217803 -1.872061 1.916485 -0.380683 -0.867292 -0.214332 2.656008 -1.528832 1.514505 -0.280440 -0.641565 -0.159358 2.020883 -1.154066 1.115133 -0.000000 0.000002 -0.000004 9.109305 -0.518042 2.259871 0.000012 -0.005107 0.000093 -0.000008 0.012007 0.000014 -0.000002 -0.007600 -0.000003 -0.000000 -0.000000 0.000000 9.533409 0.000036 0.000044 0.000003 -0.003600 -0.000007 -0.000005 0.002400 0.000007 0.000012 0.002400 -0.000000 0.000000 -0.000000 -0.000000 9.104532 -0.043031 -1.865075 0.000007 0.000700 0.000097 -0.000005 0.000000 -0.000003 0.000010 0.000014 -0.000003 2.644325 0.000031 0.000057 0.000000 -0.000000 -0.000000 8.077785 -0.486864 -3.806258 0.000013 0.234300 -0.000586 -0.000002 -0.024114 0.000086 0.000003 -0.007673 -0.000010 0.000000 -0.000000 -0.000000 -8.207788 -6.751659 -1.599560 -0.077008 -0.000003 0.000080 0.153719 -0.000000 -0.000000 -0.076703 0.000000 -0.000002 -0.000005 -8.728669 10.710563 0.000005 -0.000000 -0.000000 -0.000001 -0.000676 9.278122 -0.000000 0.000000 -0.000000 8.207791 -6.751703 -1.599556 -0.074517 -0.000003 0.000081 0.148830 0.000002 0.000000 -0.074309 0.000000 -0.000002 -0.000003 -8.728670 10.710560 0.000005 -0.000000 -0.000000 -0.000001 -0.000677 9.278137 0.000003 0.000000 -0.000000 
0.000006 104.270470 1.554256 0.000021 0.000003 -0.000113 -0.000005 10.181587 0.131521 0.000002 -0.000003 0.000084 -0.000000 9.893967 -1.470709 -0.000000 0.000000 -0.000000 -0.000000 0.000000 -0.000000 0.000001 16.740417 -2.049035 0.000000 -0.000000 -0.000000 0.000000 9.617874 1.685008 -0.000000 -0.000000 0.000000 0.000002 22.037354 7.501098 -0.000000 -0.000000 -0.000000 -4.569969 11.014894 -2.160884 0.000005 0.000003 -0.000023 -0.000052 0.000030 0.000011 -27.841520 0.000017 0.000005 -0.000010 0.000001 -0.000003 -28.328836 0.000017 0.000026 -0.000321 -0.000044 0.000010 -2.464817 -1.573966 2.681851 0.314112 -0.720934 -0.172575 -3.215199 -1.872762 1.924284 -0.432457 0.981326 0.240527 -2.654858 -1.527961 1.512612 -0.323118 0.728901 0.173694 0.000001 0.000001 0.000003 -9.108281 -0.517861 2.259837 -0.000007 -0.018787 0.000103 0.000005 0.029297 -0.000007 -0.000005 -0.010093 -0.000003 0.000000 0.000000 -0.000000 -9.532506 -0.000003 -0.000022 -0.000004 -0.057494 0.000110 -0.000001 0.097407 -0.000010 0.000002 -0.036900 -0.000003 -0.000000 0.000000 -0.000000 -9.103599 -0.043045 -1.865133 -0.000000 0.017917 -0.000000 -0.000004 -0.025390 -0.000003 0.000003 -0.012910 0.000003 0.000000 0.000000 0.000000 -8.076683 -0.486680 -3.806278 0.000000 0.059620 -0.000517 0.000001 0.097000 0.000017 -0.000004 -0.056907 0.000003 -0.000000 0.000000 -0.000000 4.570447 11.014723 -2.160855 -0.000007 -0.000002 -0.000015 0.000002 0.000103 0.000118 -0.000007 -0.000007 0.000007 28.328836 -0.000029 0.000017 0.000020 -0.000089 0.000000 2.466128 -1.576189 2.681733 0.271163 0.622431 0.149618 3.217803 -1.872061 1.916485 -0.380683 -0.867292 -0.214332 2.656008 -1.528832 1.514505 -0.280440 -0.641565 -0.159358 2.020883 -1.154066 1.115133 -0.000000 0.000002 -0.000004 9.109305 -0.518042 2.259871 0.000012 -0.005107 0.000093 -0.000008 0.012007 0.000014 -0.000002 -0.007600 -0.000003 -0.000000 -0.000000 0.000000 9.533409 0.000036 0.000044 0.000003 -0.003600 -0.000007 -0.000005 0.002400 0.000007 0.000012 0.002400 -0.000000 0.000000 -0.000000 -0.000000 9.104532 -0.043031 -1.865075 0.000007 0.000700 0.000097 -0.000005 0.000000 -0.000003 0.000010 0.000014 -0.000003 2.644325 0.000031 0.000057 0.000000 -0.000000 -0.000000 8.077785 -0.486864 -3.806258 0.000013 0.234300 -0.000586 -0.000002 -0.024114 0.000086 0.000003 -0.007673 -0.000010 0.000000 -0.000000 -0.000000 -8.207788 -6.751659 -1.599560 -0.077008 -0.000003 0.000080 0.153719 -0.000000 -0.000000 -0.076703 0.000000 -0.000002 -0.000005 -8.728669 10.710563 0.000005 -0.000000 -0.000000 -0.000001 -0.000676 9.278122 -0.000000 0.000000 -0.000000 8.207791 -6.751703 -1.599556 -0.074517 -0.000003 0.000081 0.148830 0.000002 0.000000 -0.074309 0.000000 -0.000002 -0.000003 -8.728670 10.710560 0.000005 -0.000000 -0.000000 -0.000001 -0.000677 9.278137 0.000003 0.000000 -0.000000 
0.000006 104.270470 1.554256 0.000021 0.000003 -0.000113 -0.000005 10.181587 0.131521 0.000002 -0.000003 0.000084 -0.000000 9.893967 -1.470709 -0.000000 0.000000 -0.000000 -0.000000 0.000000 -0.000000 0.000001 16.740417 -2.049035 0.000000 -0.000000 -0.000000 0.000000 9.617874 1.685008 -0.000000 -0.000000 0.000000 0.000002 22.037354 7.501098 -0.000000 -0.000000 -0.000000 -4.569969 11.014894 -2.160884 0.000005 0.000003 -0.000023 -0.000052 0.000030 0.000011 -27.841520 0.000017 0.000005 -0.000010 0.000001 -0.000003 -28.328836 0.000017 0.000026 -0.000321 -0.000044 0.000010 -2.464817 -1.573966 2.681851 0.314112 -0.720934 -0.172575 -3.215199 -1.872762 1.924284 -0.432457 0.981326 0.240527 -2.654858 -1.527961 1.512612 -0.323118 0.728901 0.173694 0.000001 0.000001 0.000003 -9.108281 -0.517861 2.259837 -0.000007 -0.018787 0.000103 0.000005 0.029297 -0.000007 -0.000005 -0.010093 -0.000003 0.000000 0.000000 -0.000000 -9.532506 -0.000003 -0.000022 -0.000004 -0.057494 0.000110 -0.000001 0.097407 -0.000010 0.000002 -0.036900 -0.000003 -0.000000 0.000000 -0.000000 -9.103599 -0.043045 -1.865133 -0.000000 0.017917 -0.000000 -0.000004 -0.025390 -0.000003 0.000003 -0.012910 0.000003 0.000000 0.000000 0.000000 -8.076683 -0.486680 -3.806278 0.000000 0.059620 -0.000517 0.000001 0.097000 0.000017 -0.000004 -0.056907 0.000003 -0.000000 0.000000 -0.000000 4.570447 11.014723 -2.160855 -0.000007 -0.000002 -0.000015 0.000002 0.000103 0.000118 -0.000007 -0.000007 0.000007 28.328836 -0.000029 0.000017 0.000020 -0.000089 0.000000 2.466128 -1.576189 2.681733 0.271163 0.622431 0.149618 3.217803 -1.872061 1.916485 -0.380683 -0.867292 -0.214332 2.656008 -1.528832 1.514505 -0.280440 -0.641565 -0.159358 2.020883 -1.154066 1.115133 -0.000000 0.000002 -0.000004 9.109305 -0.518042 2.259871 0.000012 -0.005107 0.000093 -0.000008 0.012007 0.000014 -0.000002 -0.007600 -0.000003 -0.000000 -0.000000 0.000000 9.533409 0.000036 0.000044 0.000003 -0.003600 -0.000007 -0.000005 0.002400 0.000007 0.000012 0.002400 -0.000000 0.000000 -0.000000 -0.000000 9.104532 -0.043031 -1.865075 0.000007 0.000700 0.000097 -0.000005 0.000000 -0.000003 0.000010 0.000014 -0.000003 2.644325 0.000031 0.000057 0.000000 -0.000000 -0.000000 8.077785 -0.486864 -3.806258 0.000013 0.234300 -0.000586 -0.000002 -0.024114 0.000086 0.000003 -0.007673 -0.000010 0.000000 -0.000000 -0.000000 -8.207788 -6.751659 -1.599560 -0.077008 -0.000003 0.000080 0.153719 -0.000000 -0.000000 -0.076703 0.000000 -0.000002 -0.000005 -8.728669 10.710563 0.000005 -0.000000 -0.000000 -0.000001 -0.000676 9.278122 -0.000000 0.000000 -0.000000 8.207791 -6.751703 -1.599556 -0.074517 -0.000003 0.000081 0.148830 0.000002 0.000000 -0.074309 0.000000 -0.000002 -0.000003 -8.728670 10.710560 0.000005 -0.000000 -0.000000 -0.000001 -0.000677 9.278137 0.000003 0.000000 -0.000000 
0.000006 104.270470 1.554256 0.000021 0.000003 -0.000113 -0.000005 10.181587 0.131521 0.000002 -0.000003 0.000084 -0.000000 9.893967 -1.470709 -0.000000 0.000000 -0.000000 -0.000000 0.000000 -0.000000 0.000001 16.740417 -2.049035 0.000000 -0.000000 -0.000000 0.000000 9.617874 1.685008 -0.000000 -0.000000 0.000000 0.000002 22.037354 7.501098 -0.000000 -0.000000 -0.000000 -4.569969 11.014894 -2.160884 0.000005 0.000003 -0.000023 -0.000052 0.000030 0.000011 -27.841520 0.000017 0.000005 -0.000010 0.000001 -0.000003 -28.328836 0.000017 0.000026 -0.000321 -0.000044 0.000010 -2.464817 -1.573966 2.681851 0.314112 -0.720934 -0.172575 -3.215199 -1.872762 1.924284 -0.432457 0.981326 0.240527 -2.654858 -1.527961 1.512612 -0.323118 0.728901 0.173694 0.000001 0.000001 0.000003 -9.108281 -0.517861 2.259837 -0.000007 -0.018787 0.000103 0.000005 0.029297 -0.000007 -0.000005 -0.010093 -0.000003 0.000000 0.000000 -0.000000 -9.532506 -0.000003 -0.000022 -0.000004 -0.057494 0.000110 -0.000001 0.097407 -0.000010 0.000002 -0.036900 -0.000003 -0.000000 0.000000 -0.000000 -9.103599 -0.043045 -1.865133 -0.000000 0.017917 -0.000000 -0.000004 -0.025390 -0.000003 0.000003 -0.012910 0.000003 0.000000 0.000000 0.000000 -8.076683 -0.486680 -3.806278 0.000000 0.059620 -0.000517 0.000001 0.097000 0.000017 -0.000004 -0.056907 0.000003 -0.000000 0.000000 -0.000000 4.570447 11.014723 -2.160855 -0.000007 -0.000002 -0.000015 0.000002 0.000103 0.000118 -0.000007 -0.000007 0.000007 28.328836 -0.000029 0.000017 0.000020 -0.000089 0.000000 2.466128 -1.576189 2.681733 0.271163 0.622431 0.149618 3.217803 -1.872061 1.916485 -0.380683 -0.867292 -0.214332 2.656008 -1.528832 1.514505 -0.280440 -0.641565 -0.159358 2.020883 -1.154066 1.115133 -0.000000 0.000002 -0.000004 9.109305 -0.518042 2.259871 0.000012 -0.005107 0.000093 -0.000008 0.012007 0.000014 -0.000002 -0.007600 -0.000003 -0.000000 -0.000000 0.000000 9.533409 0.000036 0.000044 0.000003 -0.003600 -0.000007 -0.000005 0.002400 0.000007 0.000012 0.002400 -0.000000 0.000000 -0.000000 -0.000000 9.104532 -0.043031 -1.865075 0.000007 0.000700 0.000097 -0.000005 0.000000 -0.000003 0.000010 0.000014 -0.000003 2.644325 0.000031 0.000057 0.000000 -0.000000 -0.000000 8.077785 -0.486864 -3.806258 0.000013 0.234300 -0.000586 -0.000002 -0.024114 0.000086 0.000003 -0.007673 -0.000010 0.000000 -0.000000 -0.000000 -8.207788 -6.751659 -1.599560 -0.077008 -0.000003 0.000080 0.153719 -0.000000 -0.000000 -0.076703 0.000000 -0.000002 -0.000005 -8.728669 10.710563 0.000005 -0.000000 -0.000000 -0.000001 -0.000676 9.278122 -0.000000 0.000000 -0.000000 8.207791 -6.751703 -1.599556 -0.074517 -0.000003 0.000081 0.148830 0.000002 0.000000 -0.074309 0.000000 -0.000002 -0.000003 -8.728670 10.710560 0.000005 -0.000000 -0.000000 -0.000001 -0.000677 9.278137 0.000003 0.000000 -0.000000 
0.000006 104.270470 1.554256 0.000021 0.000003 -0.000113 -0.000005 10.181587 0.131521 0.000002 -0.000003 0.000084 -0.000000 9.893967 -1.470709 -0.000000 0.000000 -0.000000 -0.000000 0.000000 -0.000000 0.000001 16.740417 -2.049035 0.000000 -0.000000 -0.000000 0.000000 9.617874 1.685008 -0.000000 -0.000000 0.000000 0.000002 22.037354 7.501098 -0.000000 -0.000000 -0.000000 -4.569969 11.014894 -2.160884 0.000005 0.000003 -0.000023 -0.000052 0.000030 0.000011 -27.841520 0.000017 0.000005 -0.000010 0.000001 -0.000003 -28.328836 0.000017 0.000026 -0.000321 -0.000044 0.000010 -2.464817 -1.573966 2.681851 0.314112 -0.720934 -0.172575 -3.215199 -1.872762 1.924284 -0.432457 0.981326 0.240527 -2.654858 -1.527961 1.512612 -0.323118 0.728901 0.173694 0.000001 0.000001 0.000003 -9.108281 -0.517861 2.259837 -0.000007 -0.018787 0.000103 0.000005 0.029297 -0.000007 -0.000005 -0.010093 -0.000003 0.000000 0.000000 -0.000000 -9.532506 -0.000003 -0.000022 -0.000004 -0.057494 0.000110 -0.000001 0.097407 -0.000010 0.000002 -0.036900 -0.000003 -0.000000 0.000000 -0.000000 -9.103599 -0.043045 -1.865133 -0.000000 0.017917 -0.000000 -0.000004 -0.025390 -0.000003 0.000003 -0.012910 0.000003 0.000000 0.000000 0.000000 -8.076683 -0.486680 -3.806278 0.000000 0.059620 -0.000517 0.000001 0.097000 0.000017 -0.000004 -0.056907 0.000003 -0.000000 0.000000 -0.000000 4.570447 11.014723 -2.160855 -0.000007 -0.000002 -0.000015 0.000002 0.000103 0.000118 -0.000007 -0.000007 0.000007 28.328836 -0.000029 0.000017 0.000020 -0.000089 0.000000 2.466128 -1.576189 2.681733 0.271163 0.622431 0.149618 3.217803 -1.872061 1.916485 -0.380683 -0.867292 -0.214332 2.656008 -1.528832 1.514505 -0.280440 -0.641565 -0.159358 2.020883 -1.154066 1.115133 -0.000000 0.000002 -0.000004 9.109305 -0.518042 2.259871 0.000012 -0.005107 0.000093 -0.000008 0.012007 0.000014 -0.000002 -0.007600 -0.000003 -0.000000 -0.000000 0.000000 9.533409 0.000036 0.000044 0.000003 -0.003600 -0.000007 -0.000005 0.002400 0.000007 0.000012 0.002400 -0.000000 0.000000 -0.000000 -0.000000 9.104532 -0.043031 -1.865075 0.000007 0.000700 0.000097 -0.000005 0.000000 -0.000003 0.000010 0.000014 -0.000003 2.644325 0.000031 0.000057 0.000000 -0.000000 -0.000000 8.077785 -0.486864 -3.806258 0.000013 0.234300 -0.000586 -0.000002 -0.024114 0.000086 0.000003 -0.007673 -0.000010 0.000000 -0.000000 -0.000000 -8.207788 -6.751659 -1.599560 -0.077008 -0.000003 0.000080 0.153719 -0.000000 -0.000000 -0.076703 0.000000 -0.000002 -0.000005 -8.728669 10.710563 0.000005 -0.000000 -0.000000 -0.000001 -0.000676 9.278122 -0.000000 0.000000 -0.000000 8.207791 -6.751703 -1.599556 -0.074517 -0.000003 0.000081 0.148830 0.000002 0.000000 -0.074309 0.000000 -0.000002 -0.000003 -8.728670 10.710560 0.000005 -0.000000 -0.000000 -0.000001 -0.000677 9.278137 0.000003 0.000000 -0.000000 
0.000006 104.270470 1.554256 0.000021 0.000003 -0.000113 -0.000005 10.181587 0.131521 0.000002 -0.000003 0.000084 -0.000000 9.893967 -1.470709 -0.000000 0.000000 -0.000000 -0.000000 0.000000 -0.000000 0.000001 16.740417 -2.049035 0.000000 -0.000000 -0.000000 0.000000 9.617874 1.685008 -0.000000 -0.000000 0.000000 0.000002 22.037354 7.501098 -0.000000 -0.000000 -0.000000 -4.569969 11.014894 -2.160884 0.000005 0.000003 -0.000023 -0.000052 0.000030 0.000011 -27.841520 0.000017 0.000005 -0.000010 0.000001 -0.000003 -28.328836 0.000017 0.000026 -0.000321 -0.000044 0.000010 -2.464817 -1.573966 2.681851 0.314112 -0.720934 -0.172575 -3.215199 -1.872762 1.924284 -0.432457 0.981326 0.240527 -2.654858 -1.527961 1.512612 -0.323118 0.728901 0.173694 0.000001 0.000001 0.000003 -9.108281 -0.517861 2.259837 -0.000007 -0.018787 0.000103 0.000005 0.029297 -0.000007 -0.000005 -0.010093 -0.000003 0.000000 0.000000 -0.000000 -9.532506 -0.000003 -0.000022 -0.000004 -0.057494 0.000110 -0.000001 0.097407 -0.000010 0.000002 -0.036900 -0.000003 -0.000000 0.000000 -0.000000 -9.103599 -0.043045 -1.865133 -0.000000 0.017917 -0.000000 -0.000004 -0.025390 -0.000003 0.000003 -0.012910 0.000003 0.000000 0.000000 0.000000 -8.076683 -0.486680 -3.806278 0.000000 0.059620 -0.000517 0.000001 0.097000 0.000017 -0.000004 -0.056907 0.000003 -0.000000 0.000000 -0.000000 4.570447 11.014723 -2.160855 -0.000007 -0.000002 -0.000015 0.000002 0.000103 0.000118 -0.000007 -0.000007 0.000007 28.328836 -0.000029 0.000017 0.000020 -0.000089 0.000000 2.466128 -1.576189 2.681733 0.271163 0.622431 0.149618 3.217803 -1.872061 1.916485 -0.380683 -0.867292 -0.214332 2.656008 -1.528832 1.514505 -0.280440 -0.641565 -0.159358 2.020883 -1.154066 1.115133 -0.000000 0.000002 -0.000004 9.109305 -0.518042 2.259871 0.000012 -0.005107 0.000093 -0.000008 0.012007 0.000014 -0.000002 -0.007600 -0.000003 -0.000000 -0.000000 0.000000 9.533409 0.000036 0.000044 0.000003 -0.003600 -0.000007 -0.000005 0.002400 0.000007 0.000012 0.002400 -0.000000 0.000000 -0.000000 -0.000000 9.104532 -0.043031 -1.865075 0.000007 0.000700 0.000097 -0.000005 0.000000 -0.000003 0.000010 0.000014 -0.000003 2.644325 0.000031 0.000057 0.000000 -0.000000 -0.000000 8.077785 -0.486864 -3.806258 0.000013 0.234300 -0.000586 -0.000002 -0.024114 0.000086 0.000003 -0.007673 -0.000010 0.000000 -0.000000 -0.000000 -8.207788 -6.751659 -1.599560 -0.077008 -0.000003 0.000080 0.153719 -0.000000 -0.000000 -0.076703 0.000000 -0.000002 -0.000005 -8.728669 10.710563 0.000005 -0.000000 -0.000000 -0.000001 -0.000676 9.278122 -0.000000 0.000000 -0.000000 8.207791 -6.751703 -1.599556 -0.074517 -0.000003 0.000081 0.148830 0.000002 0.000000 -0.074309 0.000000 -0.000002 -0.000003 -8.728670 10.710560 0.000005 -0.000000 -0.000000 -0.000001 -0.000677 9.278137 0.000003 0.000000 -0.000000 
0.000006 104.270470 1.554256 0.000021 0.000003 -0.000113 -0.000005 10.181587 0.131521 0.000002 -0.000003 0.000084 -0.000000 9.893967 -1.470709 -0.000000 0.000000 -0.000000 -0.000000 0.000000 -0.000000 0.000001 16.740417 -2.049035 0.000000 -0.000000 -0.000000 0.000000 9.617874 1.685008 -0.000000 -0.000000 0.000000 0.000002 22.037354 7.501098 -0.000000 -0.000000 -0.000000 -4.569969 11.014894 -2.160884 0.000005 0.000003 -0.000023 -0.000052 0.000030 0.000011 -27.841520 0.000017 0.000005 -0.000010 0.000001 -0.000003 -28.328836 0.000017 0.000026 -0.000321 -0.000044 0.000010 -2.464817 -1.573966 2.681851 0.314112 -0.720934 -0.172575 -3.215199 -1.872762 1.924284 -0.432457 0.981326 0.240527 -2.654858 -1.527961 1.512612 -0.323118 0.728901 0.173694 0.000001 0.000001 0.000003 -9.108281 -0.517861 2.259837 -0.000007 -0.018787 0.000103 0.000005 0.029297 -0.000007 -0.000005 -0.010093 -0.000003 0.000000 0.000000 -0.000000 -9.532506 -0.000003 -0.000022 -0.000004 -0.057494 0.000110 -0.000001 0.097407 -0.000010 0.000002 -0.036900 -0.000003 -0.000000 0.000000 -0.000000 -9.103599 -0.043045 -1.865133 -0.000000 0.017917 -0.000000 -0.000004 -0.025390 -0.000003 0.000003 -0.012910 0.000003 0.000000 0.000000 0.000000 -8.076683 -0.486680 -3.806278 0.000000 0.059620 -0.000517 0.000001 0.097000 0.000017 -0.000004 -0.056907 0.000003 -0.000000 0.000000 -0.000000 4.570447 11.014723 -2.160855 -0.000007 -0.000002 -0.000015 0.000002 0.000103 0.000118 -0.000007 -0.000007 0.000007 28.328836 -0.000029 0.000017 0.000020 -0.000089 0.000000 2.466128 -1.576189 2.681733 0.271163 0.622431 0.149618 3.217803 -1.872061 1.916485 -0.380683 -0.867292 -0.214332 2.656008 -1.528832 1.514505 -0.280440 -0.641565 -0.159358 2.020883 -1.154066 1.115133 -0.000000 0.000002 -0.000004 9.109305 -0.518042 2.259871 0.000012 -0.005107 0.000093 -0.000008 0.012007 0.000014 -0.000002 -0.007600 -0.000003 -0.000000 -0.000000 0.000000 9.533409 0.000036 0.000044 0.000003 -0.003600 -0.000007 -0.000005 0.002400 0.000007 0.000012 0.002400 -0.000000 0.000000 -0.000000 -0.000000 9.104532 -0.043031 -1.865075 0.000007 0.000700 0.000097 -0.000005 0.000000 -0.000003 0.000010 0.000014 -0.000003 2.644325 0.000031 0.000057 0.000000 -0.000000 -0.000000 8.077785 -0.486864 -3.806258 0.000013 0.234300 -0.000586 -0.000002 -0.024114 0.000086 0.000003 -0.007673 -0.000010 0.000000 -0.000000 -0.000000 -8.207788 -6.751659 -1.599560 -0.077008 -0.000003 0.000080 0.153719 -0.000000 -0.000000 -0.076703 0.000000 -0.000002 -0.000005 -8.728669 10.710563 0.000005 -0.000000 -0.000000 -0.000001 -0.000676 9.278122 -0.000000 0.000000 -0.000000 8.207791 -6.751703 -1.599556 -0.074517 -0.000003 0.000081 0.148830 0.000002 0.000000 -0.074309 0.000000 -0.000002 -0.000003 -8.728670 10.710560 0.000005 -0.000000 -0.000000 -0.000001 -0.000677 9.278137 0.000003 0.000000 -0.000000 
0.000006 104.270470 1.554256 0.000021 0.000003 -0.000113 -0.000005 10.181587 0.131521 0.000002 -0.000003 0.000084 -0.000000 9.893967 -1.470709 -0.000000 0.000000 -0.000000 -0.000000 0.000000 -0.000000 0.000001 16.740417 -2.049035 0.000000 -0.000000 -0.000000 0.000000 9.617874 1.685008 -0.000000 -0.000000 0.000000 0.000002 22.037354 7.501098 -0.000000 -0.000000 -0.000000 -4.569969 11.014894 -2.160884 0.000005 0.000003 -0.000023 -0.000052 0.000030 0.000011 -27.841520 0.000017 0.000005 -0.000010 0.000001 -0.000003 -28.328836 0.000017 0.000026 -0.000321 -0.000044 0.000010 -2.464817 -1.573966 2.681851 0.314112 -0.720934 -0.172575 -3.215199 -1.872762 1.924284 -0.432457 0.981326 0.240527 -2.654858 -1.527961 1.512612 -0.323118 0.728901 0.173694 0.000001 0.000001 0.000003 -9.108281 -0.517861 2.259837 -0.000007 -0.018787 0.000103 0.000005 0.029297 -0.000007 -0.000005 -0.010093 -0.000003 0.000000 0.000000 -0.000000 -9.532506 -0.000003 -0.000022 -0.000004 -0.057494 0.000110 -0.000001 0.097407 -0.000010 0.000002 -0.036900 -0.000003 -0.000000 0.000000 -0.000000 -9.103599 -0.043045 -1.865133 -0.000000 0.017917 -0.000000 -0.000004 -0.025390 -0.000003 0.000003 -0.012910 0.000003 0.000000 0.000000 0.000000 -8.076683 -0.486680 -3.806278 0.000000 0.059620 -0.000517 0.000001 0.097000 0.000017 -0.000004 -0.056907 0.000003 -0.000000 0.000000 -0.000000 4.570447 11.014723 -2.160855 -0.000007 -0.000002 -0.000015 0.000002 0.000103 0.000118 -0.000007 -0.000007 0.000007 28.328836 -0.000029 0.000017 0.000020 -0.000089 0.000000 2.466128 -1.576189 2.681733 0.271163 0.622431 0.149618 3.217803 -1.872061 1.916485 -0.380683 -0.867292 -0.214332 2.656008 -1.528832 1.514505 -0.280440 -0.641565 -0.159358 2.020883 -1.154066 1.115133 -0.000000 0.000002 -0.000004 9.109305 -0.518042 2.259871 0.000012 -0.005107 0.000093 -0.000008 0.012007 0.000014 -0.000002 -0.007600 -0.000003 -0.000000 -0.000000 0.000000 9.533409 0.000036 0.000044 0.000003 -0.003600 -0.000007 -0.000005 0.002400 0.000007 0.000012 0.002400 -0.000000 0.000000 -0.000000 -0.000000 9.104532 -0.043031 -1.865075 0.000007 0.000700 0.000097 -0.000005 0.000000 -0.000003 0.000010 0.000014 -0.000003 2.644325 0.000031 0.000057 0.000000 -0.000000 -0.000000 8.077785 -0.486864 -3.806258 0.000013 0.234300 -0.000586 -0.000002 -0.024114 0.000086 0.000003 -0.007673 -0.000010 0.000000 -0.000000 -0.000000 -8.207788 -6.751659 -1.599560 -0.077008 -0.000003 0.000080 0.153719 -0.000000 -0.000000 -0.076703 0.000000 -0.000002 -0.000005 -8.728669 10.710563 0.000005 -0.000000 -0.000000 -0.000001 -0.000676 9.278122 -0.000000 0.000000 -0.000000 8.207791 -6.751703 -1.599556 -0.074517 -0.000003 0.000081 0.148830 0.000002 0.000000 -0.074309 0.000000 -0.000002 -0.000003 -8.728670 10.710560 0.000005 -0.000000 -0.000000 -0.000001 -0.000677 9.278137 0.000003 0.000000 -0.000000 
0.000006 104.270470 1.554256 0.000021 0.000003 -0.000113 -0.000005 10.181587 0.131521 0.000002 -0.000003 0.000084 -0.000000 9.893967 -1.470709 -0.000000 0.000000 -0.000000 -0.000000 0.000000 -0.000000 0.000001 16.740417 -2.049035 0.000000 -0.000000 -0.000000 0.000000 9.617874 1.685008 -0.000000 -0.000000 0.000000 0.000002 22.037354 7.501098 -0.000000 -0.000000 -0.000000 -4.569969 11.014894 -2.160884 0.000005 0.000003 -0.000023 -0.000052 0.000030 0.000011 -27.841520 0.000017 0.000005 -0.000010 0.000001 -0.000003 -28.328836 0.000017 0.000026 -0.000321 -0.000044 0.000010 -2.464817 -1.573966 2.681851 0.314112 -0.720934 -0.172575 -3.215199 -1.872762 1.924284 -0.432457 0.981326 0.240527 -2.654858 -1.527961 1.512612 -0.323118 0.728901 0.173694 0.000001 0.000001 0.000003 -9.108281 -0.517861 2.259837 -0.000007 -0.018787 0.000103 0.000005 0.029297 -0.000007 -0.000005 -0.010093 -0.000003 0.000000 0.000000 -0.000000 -9.532506 -0.000003 -0.000022 -0.000004 -0.057494 0.000110 -0.000001 0.097407 -0.000010 0.000002 -0.036900 -0.000003 -0.000000 0.000000 -0.000000 -9.103599 -0.043045 -1.865133 -0.000000 0.017917 -0.000000 -0.000004 -0.025390 -0.000003 0.000003 -0.012910 0.000003 0.000000 0.000000 0.000000 -8.076683 -0.486680 -3.806278 0.000000 0.059620 -0.000517 0.000001 0.097000 0.000017 -0.000004 -0.056907 0.000003 -0.000000 0.000000 -0.000000 4.570447 11.014723 -2.160855 -0.000007 -0.000002 -0.000015 0.000002 0.000103 0.000118 -0.000007 -0.000007 0.000007 28.328836 -0.000029 0.000017 0.000020 -0.000089 0.000000 2.466128 -1.576189 2.681733 0.271163 0.622431 0.149618 3.217803 -1.872061 1.916485 -0.380683 -0.867292 -0.214332 2.656008 -1.528832 1.514505 -0.280440 -0.641565 -0.159358 2.020883 -1.154066 1.115133 -0.000000 0.000002 -0.000004 9.109305 -0.518042 2.259871 0.000012 -0.005107 0.000093 -0.000008 0.012007 0.000014 -0.000002 -0.007600 -0.000003 -0.000000 -0.000000 0.000000 9.533409 0.000036 0.000044 0.000003 -0.003600 -0.000007 -0.000005 0.002400 0.000007 0.000012 0.002400 -0.000000 0.000000 -0.000000 -0.000000 9.104532 -0.043031 -1.865075 0.000007 0.000700 0.000097 -0.000005 0.000000 -0.000003 0.000010 0.000014 -0.000003 2.644325 0.000031 0.000057 0.000000 -0.000000 -0.000000 8.077785 -0.486864 -3.806258 0.000013 0.234300 -0.000586 -0.000002 -0.024114 0.000086 0.000003 -0.007673 -0.000010 0.000000 -0.000000 -0.000000 -8.207788 -6.751659 -1.599560 -0.077008 -0.000003 0.000080 0.153719 -0.000000 -0.000000 -0.076703 0.000000 -0.000002 -0.000005 -8.728669 10.710563 0.000005 -0.000000 -0.000000 -0.000001 -0.000676 9.278122 -0.000000 0.000000 -0.000000 8.207791 -6.751703 -1.599556 -0.074517 -0.000003 0.000081 0.148830 0.000002 0.000000 -0.074309 0.000000 -0.000002 -0.000003 -8.728670 10.710560 0.000005 -0.000000 -0.000000 -0.000001 -0.000677 9.278137 0.000003 0.000000 -0.000000 
0.000006 104.270470 1.554256 0.000021 0.000003 -0.000113 -0.000005 10.181587 0.131521 0.000002 -0.000003 0.000084 -0.000000 9.893967 -1.470709 -0.000000 0.000000 -0.000000 -0.000000 0.000000 -0.000000 0.000001 16.740417 -2.049035 0.000000 -0.000000 -0.000000 0.000000 9.617874 1.685008 -0.000000 -0.000000 0.000000 0.000002 22.037354 7.501098 -0.000000 -0.000000 -0.000000 -4.569969 11.014894 -2.160884 0.000005 0.000003 -0.000023 -0.000052 0.000030 0.000011 -27.841520 0.000017 0.000005 -0.000010 0.000001 -0.000003 -28.328836 0.000017 0.000026 -0.000321 -0.000044 0.000010 -2.464817 -1.573966 2.681851 0.314112 -0.720934 -0.172575 -3.215199 -1.872762 1.924284 -0.432457 0.981326 0.240527 -2.654858 -1.527961 1.512612 -0.323118 0.728901 0.173694 0.000001 0.000001 0.000003 -9.108281 -0.517861 2.259837 -0.000007 -0.018787 0.000103 0.000005 0.029297 -0.000007 -0.000005 -0.010093 -0.000003 0.000000 0.000000 -0.000000 -9.532506 -0.000003 -0.000022 -0.000004 -0.057494 0.000110 -0.000001 0.097407 -0.000010 0.000002 -0.036900 -0.000003 -0.000000 0.000000 -0.000000 -9.103599 -0.043045 -1.865133 -0.000000 0.017917 -0.000000 -0.000004 -0.025390 -0.000003 0.000003 -0.012910 0.000003 0.000000 0.000000 0.000000 -8.076683 -0.486680 -3.806278 0.000000 0.059620 -0.000517 0.000001 0.097000 0.000017 -0.000004 -0.056907 0.000003 -0.000000 0.000000 -0.000000 4.570447 11.014723 -2.160855 -0.000007 -0.000002 -0.000015 0.000002 0.000103 0.000118 -0.000007 -0.000007 0.000007 28.328836 -0.000029 0.000017 0.000020 -0.000089 0.000000 2.466128 -1.576189 2.681733 0.271163 0.622431 0.149618 3.217803 -1.872061 1.916485 -0.380683 -0.867292 -0.214332 2.656008 -1.528832 1.514505 -0.280440 -0.641565 -0.159358 2.020883 -1.154066 1.115133 -0.000000 0.000002 -0.000004 9.109305 -0.518042 2.259871 0.000012 -0.005107 0.000093 -0.000008 0.012007 0.000014 -0.000002 -0.007600 -0.000003 -0.000000 -0.000000 0.000000 9.533409 0.000036 0.000044 0.000003 -0.003600 -0.000007 -0.000005 0.002400 0.000007 0.000012 0.002400 -0.000000 0.000000 -0.000000 -0.000000 9.104532 -0.043031 -1.865075 0.000007 0.000700 0.000097 -0.000005 0.000000 -0.000003 0.000010 0.000014 -0.000003 2.644325 0.000031 0.000057 0.000000 -0.000000 -0.000000 8.077785 -0.486864 -3.806258 0.000013 0.234300 -0.000586 -0.000002 -0.024114 0.000086 0.000003 -0.007673 -0.000010 0.000000 -0.000000 -0.000000 -8.207788 -6.751659 -1.599560 -0.077008 -0.000003 0.000080 0.153719 -0.000000 -0.000000 -0.076703 0.000000 -0.000002 -0.000005 -8.728669 10.710563 0.000005 -0.000000 -0.000000 -0.000001 -0.000676 9.278122 -0.000000 0.000000 -0.000000 8.207791 -6.751703 -1.599556 -0.074517 -0.000003 0.000081 0.148830 0.000002 0.000000 -0.074309 0.000000 -0.000002 -0.000003 -8.728670 10.710560 0.000005 -0.000000 -0.000000 -0.000001 -0.000677 9.278137 0.000003 0.000000 -0.000000 
0.000006 104.270470 1.554256 0.000021 0.000003 -0.000113 -0.000005 10.181587 0.131521 0.000002 -0.000003 0.000084 -0.000000 9.893967 -1.470709 -0.000000 0.000000 -0.000000 -0.000000 0.000000 -0.000000 0.000001 16.740417 -2.049035 0.000000 -0.000000 -0.000000 0.000000 9.617874 1.685008 -0.000000 -0.000000 0.000000 0.000002 22.037354 7.501098 -0.000000 -0.000000 -0.000000 -4.569969 11.014894 -2.160884 0.000005 0.000003 -0.000023 -0.000052 0.000030 0.000011 -27.841520 0.000017 0.000005 -0.000010 0.000001 -0.000003 -28.328836 0.000017 0.000026 -0.000321 -0.000044 0.000010 -2.464817 -1.573966 2.681851 0.314112 -0.720934 -0.172575 -3.215199 -1.872762 1.924284 -0.432457 0.981326 0.240527 -2.654858 -1.527961 1.512612 -0.323118 0.728901 0.173694 0.000001 0.000001 0.000003 -9.108281 -0.517861 2.259837 -0.000007 -0.018787 0.000103 0.000005 0.029297 -0.000007 -0.000005 -0.010093 -0.000003 0.000000 0.000000 -0.000000 -9.532506 -0.000003 -0.000022 -0.000004 -0.057494 0.000110 -0.000001 0.097407 -0.000010 0.000002 -0.036900 -0.000003 -0.000000 0.000000 -0.000000 -9.103599 -0.043045 -1.865133 -0.000000 0.017917 -0.000000 -0.000004 -0.025390 -0.000003 0.000003 -0.012910 0.000003 0.000000 0.000000 0.000000 -8.076683 -0.486680 -3.806278 0.000000 0.059620 -0.000517 0.000001 0.097000 0.000017 -0.000004 -0.056907 0.000003 -0.000000 0.000000 -0.000000 4.570447 11.014723 -2.160855 -0.000007 -0.000002 -0.000015 0.000002 0.000103 0.000118 -0.000007 -0.000007 0.000007 28.328836 -0.000029 0.000017 0.000020 -0.000089 0.000000 2.466128 -1.576189 2.681733 0.271163 0.622431 0.149618 3.217803 -1.872061 1.916485 -0.380683 -0.867292 -0.214332 2.656008 -1.528832 1.514505 -0.280440 -0.641565 -0.159358 2.020883 -1.154066 1.115133 -0.000000 0.000002 -0.000004 9.109305 -0.518042 2.259871 0.000012 -0.005107 0.000093 -0.000008 0.012007 0.000014 -0.000002 -0.007600 -0.000003 -0.000000 -0.000000 0.000000 9.533409 0.000036 0.000044 0.000003 -0.003600 -0.000007 -0.000005 0.002400 0.000007 0.000012 0.002400 -0.000000 0.000000 -0.000000 -0.000000 9.104532 -0.043031 -1.865075 0.000007 0.000700 0.000097 -0.000005 0.000000 -0.000003 0.000010 0.000014 -0.000003 2.644325 0.000031 0.000057 0.000000 -0.000000 -0.000000 8.077785 -0.486864 -3.806258 0.000013 0.234300 -0.000586 -0.000002 -0.024114 0.000086 0.000003 -0.007673 -0.000010 0.000000 -0.000000 -0.000000 -8.207788 -6.751659 -1.599560 -0.077008 -0.000003 0.000080 0.153719 -0.000000 -0.000000 -0.076703 0.000000 -0.000002 -0.000005 -8.728669 10.710563 0.000005 -0.000000 -0.000000 -0.000001 -0.000676 9.278122 -0.000000 0.000000 -0.000000 8.207791 -6.751703 -1.599556 -0.074517 -0.000003 0.000081 0.148830 0.000002 0.000000 -0.074309 0.000000 -0.000002 -0.000003 -8.728670 10.710560 0.000005 -0.000000 -0.000000 -0.000001 -0.000677 9.278137 0.000003 0.000000 -0.000000 
0.000006 104.270470 1.554256 0.000021 0.000003 -0.000113 -0.000005 10.181587 0.131521 0.000002 -0.000003 0.000084 -0.000000 9.893967 -1.470709 -0.000000 0.000000 -0.000000 -0.000000 0.000000 -0.000000 0.000001 16.740417 -2.049035 0.000000 -0.000000 -0.000000 0.000000 9.617874 1.685008 -0.000000 -0.000000 0.000000 0.000002 22.037354 7.501098 -0.000000 -0.000000 -0.000000 -4.569969 11.014894 -2.160884 0.000005 0.000003 -0.000023 -0.000052 0.000030 0.000011 -27.841520 0.000017 0.000005 -0.000010 0.000001 -0.000003 -28.328836 0.000017 0.000026 -0.000321 -0.000044 0.000010 -2.464817 -1.573966 2.681851 0.314112 -0.720934 -0.172575 -3.215199 -1.872762 1.924284 -0.432457 0.981326 0.240527 -2.654858 -1.527961 1.512612 -0.323118 0.728901 0.173694 0.000001 0.000001 0.000003 -9.108281 -0.517861 2.259837 -0.000007 -0.018787 0.000103 0.000005 0.029297 -0.000007 -0.000005 -0.010093 -0.000003 0.000000 0.000000 -0.000000 -9.532506 -0.000003 -0.000022 -0.000004 -0.057494 0.000110 -0.000001 0.097407 -0.000010 0.000002 -0.036900 -0.000003 -0.000000 0.000000 -0.000000 -9.103599 -0.043045 -1.865133 -0.000000 0.017917 -0.000000 -0.000004 -0.025390 -0.000003 0.000003 -0.012910 0.000003 0.000000 0.000000 0.000000 -8.076683 -0.486680 -3.806278 0.000000 0.059620 -0.000517 0.000001 0.097000 0.000017 -0.000004 -0.056907 0.000003 -0.000000 0.000000 -0.000000 4.570447 11.014723 -2.160855 -0.000007 -0.000002 -0.000015 0.000002 0.000103 0.000118 -0.000007 -0.000007 0.000007 28.328836 -0.000029 0.000017 0.000020 -0.000089 0.000000 2.466128 -1.576189 2.681733 0.271163 0.622431 0.149618 3.217803 -1.872061 1.916485 -0.380683 -0.867292 -0.214332 2.656008 -1.528832 1.514505 -0.280440 -0.641565 -0.159358 2.020883 -1.154066 1.115133 -0.000000 0.000002 -0.000004 9.109305 -0.518042 2.259871 0.000012 -0.005107 0.000093 -0.000008 0.012007 0.000014 -0.000002 -0.007600 -0.000003 -0.000000 -0.000000 0.000000 9.533409 0.000036 0.000044 0.000003 -0.003600 -0.000007 -0.000005 0.002400 0.000007 0.000012 0.002400 -0.000000 0.000000 -0.000000 -0.000000 9.104532 -0.043031 -1.865075 0.000007 0.000700 0.000097 -0.000005 0.000000 -0.000003 0.000010 0.000014 -0.000003 2.644325 0.000031 0.000057 0.000000 -0.000000 -0.000000 8.077785 -0.486864 -3.806258 0.000013 0.234300 -0.000586 -0.000002 -0.024114 0.000086 0.000003 -0.007673 -0.000010 0.000000 -0.000000 -0.000000 -8.207788 -6.751659 -1.599560 -0.077008 -0.000003 0.000080 0.153719 -0.000000 -0.000000 -0.076703 0.000000 -0.000002 -0.000005 -8.728669 10.710563 0.000005 -0.000000 -0.000000 -0.000001 -0.000676 9.278122 -0.000000 0.000000 -0.000000 8.207791 -6.751703 -1.599556 -0.074517 -0.000003 0.000081 0.148830 0.000002 0.000000 -0.074309 0.000000 -0.000002 -0.000003 -8.728670 10.710560 0.000005 -0.000000 -0.000000 -0.000001 -0.000677 9.278137 0.000003 0.000000 -0.000000 
0.000006 104.270470 1.554256 0.000021 0.000003 -0.000113 -0.000005 10.181587 0.131521 0.000002 -0.000003 0.000084 -0.000000 9.893967 -1.470709 -0.000000 0.000000 -0.000000 -0.000000 0.000000 -0.000000 0.000001 16.740417 -2.049035 0.000000 -0.000000 -0.000000 0.000000 9.617874 1.685008 -0.000000 -0.000000 0.000000 0.000002 22.037354 7.501098 -0.000000 -0.000000 -0.000000 -4.569969 11.014894 -2.160884 0.000005 0.000003 -0.000023 -0.000052 0.000030 0.000011 -27.841520 0.000017 0.000005 -0.000010 0.000001 -0.000003 -28.328836 0.000017 0.000026 -0.000321 -0.000044 0.000010 -2.464817 -1.573966 2.681851 0.314112 -0.720934 -0.172575 -3.215199 -1.872762 1.924284 -0.432457 0.981326 0.240527 -2.654858 -1.527961 1.512612 -0.323118 0.728901 0.173694 0.000001 0.000001 0.000003 -9.108281 -0.517861 2.259837 -0.000007 -0.018787 0.000103 0.000005 0.029297 -0.000007 -0.000005 -0.010093 -0.000003 0.000000 0.000000 -0.000000 -9.532506 -0.000003 -0.000022 -0.000004 -0.057494 0.000110 -0.000001 0.097407 -0.000010 0.000002 -0.036900 -0.000003 -0.000000 0.000000 -0.000000 -9.103599 -0.043045 -1.865133 -0.000000 0.017917 -0.000000 -0.000004 -0.025390 -0.000003 0.000003 -0.012910 0.000003 0.000000 0.000000 0.000000 -8.076683 -0.486680 -3.806278 0.000000 0.059620 -0.000517 0.000001 0.097000 0.000017 -0.000004 -0.056907 0.000003 -0.000000 0.000000 -0.000000 4.570447 11.014723 -2.160855 -0.000007 -0.000002 -0.000015 0.000002 0.000103 0.000118 -0.000007 -0.000007 0.000007 28.328836 -0.000029 0.000017 0.000020 -0.000089 0.000000 2.466128 -1.576189 2.681733 0.271163 0.622431 0.149618 3.217803 -1.872061 1.916485 -0.380683 -0.867292 -0.214332 2.656008 -1.528832 1.514505 -0.280440 -0.641565 -0.159358 2.020883 -1.154066 1.115133 -0.000000 0.000002 -0.000004 9.109305 -0.518042 2.259871 0.000012 -0.005107 0.000093 -0.000008 0.012007 0.000014 -0.000002 -0.007600 -0.000003 -0.000000 -0.000000 0.000000 9.533409 0.000036 0.000044 0.000003 -0.003600 -0.000007 -0.000005 0.002400 0.000007 0.000012 0.002400 -0.000000 0.000000 -0.000000 -0.000000 9.104532 -0.043031 -1.865075 0.000007 0.000700 0.000097 -0.000005 0.000000 -0.000003 0.000010 0.000014 -0.000003 2.644325 0.000031 0.000057 0.000000 -0.000000 -0.000000 8.077785 -0.486864 -3.806258 0.000013 0.234300 -0.000586 -0.000002 -0.024114 0.000086 0.000003 -0.007673 -0.000010 0.000000 -0.000000 -0.000000 -8.207788 -6.751659 -1.599560 -0.077008 -0.000003 0.000080 0.153719 -0.000000 -0.000000 -0.076703 0.000000 -0.000002 -0.000005 -8.728669 10.710563 0.000005 -0.000000 -0.000000 -0.000001 -0.000676 9.278122 -0.000000 0.000000 -0.000000 8.207791 -6.751703 -1.599556 -0.074517 -0.000003 0.000081 0.148830 0.000002 0.000000 -0.074309 0.000000 -0.000002 -0.000003 -8.728670 10.710560 0.000005 -0.000000 -0.000000 -0.000001 -0.000677 9.278137 0.000003 0.000000 -0.000000 
0.000006 104.270470 1.554256 0.000021 0.000003 -0.000113 -0.000005 10.181587 0.131521 0.000002 -0.000003 0.000084 -0.000000 9.893967 -1.470709 -0.000000 0.000000 -0.000000 -0.000000 0.000000 -0.000000 0.000001 16.740417 -2.049035 0.000000 -0.000000 -0.000000 0.000000 9.617874 1.685008 -0.000000 -0.000000 0.000000 0.000002 22.037354 7.501098 -0.000000 -0.000000 -0.000000 -4.569969 11.014894 -2.160884 0.000005 0.000003 -0.000023 -0.000052 0.000030 0.000011 -27.841520 0.000017 0.000005 -0.000010 0.000001 -0.000003 -28.328836 0.000017 0.000026 -0.000321 -0.000044 0.000010 -2.464817 -1.573966 2.681851 0.314112 -0.720934 -0.172575 -3.215199 -1.872762 1.924284 -0.432457 0.981326 0.240527 -2.654858 -1.527961 1.512612 -0.323118 0.728901 0.173694 0.000001 0.000001 0.000003 -9.108281 -0.517861 2.259837 -0.000007 -0.018787 0.000103 0.000005 0.029297 -0.000007 -0.000005 -0.010093 -0.000003 0.000000 0.000000 -0.000000 -9.532506 -0.000003 -0.000022 -0.000004 -0.057494 0.000110 -0.000001 0.097407 -0.000010 0.000002 -0.036900 -0.000003 -0.000000 0.000000 -0.000000 -9.103599 -0.043045 -1.865133 -0.000000 0.017917 -0.000000 -0.000004 -0.025390 -0.000003 0.000003 -0.012910 0.000003 0.000000 0.000000 0.000000 -8.076683 -0.486680 -3.806278 0.000000 0.059620 -0.000517 0.000001 0.097000 0.000017 -0.000004 -0.056907 0.000003 -0.000000 0.000000 -0.000000 4.570447 11.014723 -2.160855 -0.000007 -0.000002 -0.000015 0.000002 0.000103 0.000118 -0.000007 -0.000007 0.000007 28.328836 -0.000029 0.000017 0.000020 -0.000089 0.000000 2.466128 -1.576189 2.681733 0.271163 0.622431 0.149618 3.217803 -1.872061 1.916485 -0.380683 -0.867292 -0.214332 2.656008 -1.528832 1.514505 -0.280440 -0.641565 -0.159358 2.020883 -1.154066 1.115133 -0.000000 0.000002 -0.000004 9.109305 -0.518042 2.259871 0.000012 -0.005107 0.000093 -0.000008 0.012007 0.000014 -0.000002 -0.007600 -0.000003 -0.000000 -0.000000 0.000000 9.533409 0.000036 0.000044 0.000003 -0.003600 -0.000007 -0.000005 0.002400 0.000007 0.000012 0.002400 -0.000000 0.000000 -0.000000 -0.000000 9.104532 -0.043031 -1.865075 0.000007 0.000700 0.000097 -0.000005 0.000000 -0.000003 0.000010 0.000014 -0.000003 2.644325 0.000031 0.000057 0.000000 -0.000000 -0.000000 8.077785 -0.486864 -3.806258 0.000013 0.234300 -0.000586 -0.000002 -0.024114 0.000086 0.000003 -0.007673 -0.000010 0.000000 -0.000000 -0.000000 -8.207788 -6.751659 -1.599560 -0.077008 -0.000003 0.000080 0.153719 -0.000000 -0.000000 -0.076703 0.000000 -0.000002 -0.000005 -8.728669 10.710563 0.000005 -0.000000 -0.000000 -0.000001 -0.000676 9.278122 -0.000000 0.000000 -0.000000 8.207791 -6.751703 -1.599556 -0.074517 -0.000003 0.000081 0.148830 0.000002 0.000000 -0.074309 0.000000 -0.000002 -0.000003 -8.728670 10.710560 0.000005 -0.000000 -0.000000 -0.000001 -0.000677 9.278137 0.000003 0.000000 -0.000000 
0.000006 104.270470 1.554256 0.000021 0.000003 -0.000113 -0.000005 10.181587 0.131521 0.000002 -0.000003 0.000084 -0.000000 9.893967 -1.470709 -0.000000 0.000000 -0.000000 -0.000000 0.000000 -0.000000 0.000001 16.740417 -2.049035 0.000000 -0.000000 -0.000000 0.000000 9.617874 1.685008 -0.000000 -0.000000 0.000000 0.000002 22.037354 7.501098 -0.000000 -0.000000 -0.000000 -4.569969 11.014894 -2.160884 0.000005 0.000003 -0.000023 -0.000052 0.000030 0.000011 -27.841520 0.000017 0.000005 -0.000010 0.000001 -0.000003 -28.328836 0.000017 0.000026 -0.000321 -0.000044 0.000010 -2.464817 -1.573966 2.681851 0.314112 -0.720934 -0.172575 -3.215199 -1.872762 1.924284 -0.432457 0.981326 0.240527 -2.654858 -1.527961 1.512612 -0.323118 0.728901 0.173694 0.000001 0.000001 0.000003 -9.108281 -0.517861 2.259837 -0.000007 -0.018787 0.000103 0.000005 0.029297 -0.000007 -0.000005 -0.010093 -0.000003 0.000000 0.000000 -0.000000 -9.532506 -0.000003 -0.000022 -0.000004 -0.057494 0.000110 -0.000001 0.097407 -0.000010 0.000002 -0.036900 -0.000003 -0.000000 0.000000 -0.000000 -9.103599 -0.043045 -1.865133 -0.000000 0.017917 -0.000000 -0.000004 -0.025390 -0.000003 0.000003 -0.012910 0.000003 0.000000 0.000000 0.000000 -8.076683 -0.486680 -3.806278 0.000000 0.059620 -0.000517 0.000001 0.097000 0.000017 -0.000004 -0.056907 0.000003 -0.000000 0.000000 -0.000000 4.570447 11.014723 -2.160855 -0.000007 -0.000002 -0.000015 0.000002 0.000103 0.000118 -0.000007 -0.000007 0.000007 28.328836 -0.000029 0.000017 0.000020 -0.000089 0.000000 2.466128 -1.576189 2.681733 0.271163 0.622431 0.149618 3.217803 -1.872061 1.916485 -0.380683 -0.867292 -0.214332 2.656008 -1.528832 1.514505 -0.280440 -0.641565 -0.159358 2.020883 -1.154066 1.115133 -0.000000 0.000002 -0.000004 9.109305 -0.518042 2.259871 0.000012 -0.005107 0.000093 -0.000008 0.012007 0.000014 -0.000002 -0.007600 -0.000003 -0.000000 -0.000000 0.000000 9.533409 0.000036 0.000044 0.000003 -0.003600 -0.000007 -0.000005 0.002400 0.000007 0.000012 0.002400 -0.000000 0.000000 -0.000000 -0.000000 9.104532 -0.043031 -1.865075 0.000007 0.000700 0.000097 -0.000005 0.000000 -0.000003 0.000010 0.000014 -0.000003 2.644325 0.000031 0.000057 0.000000 -0.000000 -0.000000 8.077785 -0.486864 -3.806258 0.000013 0.234300 -0.000586 -0.000002 -0.024114 0.000086 0.000003 -0.007673 -0.000010 0.000000 -0.000000 -0.000000 -8.207788 -6.751659 -1.599560 -0.077008 -0.000003 0.000080 0.153719 -0.000000 -0.000000 -0.076703 0.000000 -0.000002 -0.000005 -8.728669 10.710563 0.000005 -0.000000 -0.000000 -0.000001 -0.000676 9.278122 -0.000000 0.000000 -0.000000 8.207791 -6.751703 -1.599556 -0.074517 -0.000003 0.000081 0.148830 0.000002 0.000000 -0.074309 0.000000 -0.000002 -0.000003 -8.728670 10.710560 0.000005 -0.000000 -0.000000 -0.000001 -0.000677 9.278137 0.000003 0.000000 -0.000000 
0.000006 104.270470 1.554256 0.000021 0.000003 -0.000113 -0.000005 10.181587 0.131521 0.000002 -0.000003 0.000084 -0.000000 9.893967 -1.470709 -0.000000 0.000000 -0.000000 -0.000000 0.000000 -0.000000 0.000001 16.740417 -2.049035 0.000000 -0.000000 -0.000000 0.000000 9.617874 1.685008 -0.000000 -0.000000 0.000000 0.000002 22.037354 7.501098 -0.000000 -0.000000 -0.000000 -4.569969 11.014894 -2.160884 0.000005 0.000003 -0.000023 -0.000052 0.000030 0.000011 -27.841520 0.000017 0.000005 -0.000010 0.000001 -0.000003 -28.328836 0.000017 0.000026 -0.000321 -0.000044 0.000010 -2.464817 -1.573966 2.681851 0.314112 -0.720934 -0.172575 -3.215199 -1.872762 1.924284 -0.432457 0.981326 0.240527 -2.654858 -1.527961 1.512612 -0.323118 0.728901 0.173694 0.000001 0.000001 0.000003 -9.108281 -0.517861 2.259837 -0.000007 -0.018787 0.000103 0.000005 0.029297 -0.000007 -0.000005 -0.010093 -0.000003 0.000000 0.000000 -0.000000 -9.532506 -0.000003 -0.000022 -0.000004 -0.057494 0.000110 -0.000001 0.097407 -0.000010 0.000002 -0.036900 -0.000003 -0.000000 0.000000 -0.000000 -9.103599 -0.043045 -1.865133 -0.000000 0.017917 -0.000000 -0.000004 -0.025390 -0.000003 0.000003 -0.012910 0.000003 0.000000 0.000000 0.000000 -8.076683 -0.486680 -3.806278 0.000000 0.059620 -0.000517 0.000001 0.097000 0.000017 -0.000004 -0.056907 0.000003 -0.000000 0.000000 -0.000000 4.570447 11.014723 -2.160855 -0.000007 -0.000002 -0.000015 0.000002 0.000103 0.000118 -0.000007 -0.000007 0.000007 28.328836 -0.000029 0.000017 0.000020 -0.000089 0.000000 2.466128 -1.576189 2.681733 0.271163 0.622431 0.149618 3.217803 -1.872061 1.916485 -0.380683 -0.867292 -0.214332 2.656008 -1.528832 1.514505 -0.280440 -0.641565 -0.159358 2.020883 -1.154066 1.115133 -0.000000 0.000002 -0.000004 9.109305 -0.518042 2.259871 0.000012 -0.005107 0.000093 -0.000008 0.012007 0.000014 -0.000002 -0.007600 -0.000003 -0.000000 -0.000000 0.000000 9.533409 0.000036 0.000044 0.000003 -0.003600 -0.000007 -0.000005 0.002400 0.000007 0.000012 0.002400 -0.000000 0.000000 -0.000000 -0.000000 9.104532 -0.043031 -1.865075 0.000007 0.000700 0.000097 -0.000005 0.000000 -0.000003 0.000010 0.000014 -0.000003 2.644325 0.000031 0.000057 0.000000 -0.000000 -0.000000 8.077785 -0.486864 -3.806258 0.000013 0.234300 -0.000586 -0.000002 -0.024114 0.000086 0.000003 -0.007673 -0.000010 0.000000 -0.000000 -0.000000 -8.207788 -6.751659 -1.599560 -0.077008 -0.000003 0.000080 0.153719 -0.000000 -0.000000 -0.076703 0.000000 -0.000002 -0.000005 -8.728669 10.710563 0.000005 -0.000000 -0.000000 -0.000001 -0.000676 9.278122 -0.000000 0.000000 -0.000000 8.207791 -6.751703 -1.599556 -0.074517 -0.000003 0.000081 0.148830 0.000002 0.000000 -0.074309 0.000000 -0.000002 -0.000003 -8.728670 10.710560 0.000005 -0.000000 -0.000000 -0.000001 -0.000677 9.278137 0.000003 0.000000 -0.000000 
0.000006 104.270470 1.554256 0.000021 0.000003 -0.000113 -0.000005 10.181587 0.131521 0.000002 -0.000003 0.000084 -0.000000 9.893967 -1.470709 -0.000000 0.000000 -0.000000 -0.000000 0.000000 -0.000000 0.000001 16.740417 -2.049035 0.000000 -0.000000 -0.000000 0.000000 9.617874 1.685008 -0.000000 -0.000000 0.000000 0.000002 22.037354 7.501098 -0.000000 -0.000000 -0.000000 -4.569969 11.014894 -2.160884 0.000005 0.000003 -0.000023 -0.000052 0.000030 0.000011 -27.841520 0.000017 0.000005 -0.000010 0.000001 -0.000003 -28.328836 0.000017 0.000026 -0.000321 -0.000044 0.000010 -2.464817 -1.573966 2.681851 0.314112 -0.720934 -0.172575 -3.215199 -1.872762 1.924284 -0.432457 0.981326 0.240527 -2.654858 -1.527961 1.512612 -0.323118 0.728901 0.173694 0.000001 0.000001 0.000003 -9.108281 -0.517861 2.259837 -0.000007 -0.018787 0.000103 0.000005 0.029297 -0.000007 -0.000005 -0.010093 -0.000003 0.000000 0.000000 -0.000000 -9.532506 -0.000003 -0.000022 -0.000004 -0.057494 0.000110 -0.000001 0.097407 -0.000010 0.000002 -0.036900 -0.000003 -0.000000 0.000000 -0.000000 -9.103599 -0.043045 -1.865133 -0.000000 0.017917 -0.000000 -0.000004 -0.025390 -0.000003 0.000003 -0.012910 0.000003 0.000000 0.000000 0.000000 -8.076683 -0.486680 -3.806278 0.000000 0.059620 -0.000517 0.000001 0.097000 0.000017 -0.000004 -0.056907 0.000003 -0.000000 0.000000 -0.000000 4.570447 11.014723 -2.160855 -0.000007 -0.000002 -0.000015 0.000002 0.000103 0.000118 -0.000007 -0.000007 0.000007 28.328836 -0.000029 0.000017 0.000020 -0.000089 0.000000 2.466128 -1.576189 2.681733 0.271163 0.622431 0.149618 3.217803 -1.872061 1.916485 -0.380683 -0.867292 -0.214332 2.656008 -1.528832 1.514505 -0.280440 -0.641565 -0.159358 2.020883 -1.154066 1.115133 -0.000000 0.000002 -0.000004 9.109305 -0.518042 2.259871 0.000012 -0.005107 0.000093 -0.000008 0.012007 0.000014 -0.000002 -0.007600 -0.000003 -0.000000 -0.000000 0.000000 9.533409 0.000036 0.000044 0.000003 -0.003600 -0.000007 -0.000005 0.002400 0.000007 0.000012 0.002400 -0.000000 0.000000 -0.000000 -0.000000 9.104532 -0.043031 -1.865075 0.000007 0.000700 0.000097 -0.000005 0.000000 -0.000003 0.000010 0.000014 -0.000003 2.644325 0.000031 0.000057 0.000000 -0.000000 -0.000000 8.077785 -0.486864 -3.806258 0.000013 0.234300 -0.000586 -0.000002 -0.024114 0.000086 0.000003 -0.007673 -0.000010 0.000000 -0.000000 -0.000000 -8.207788 -6.751659 -1.599560 -0.077008 -0.000003 0.000080 0.153719 -0.000000 -0.000000 -0.076703 0.000000 -0.000002 -0.000005 -8.728669 10.710563 0.000005 -0.000000 -0.000000 -0.000001 -0.000676 9.278122 -0.000000 0.000000 -0.000000 8.207791 -6.751703 -1.599556 -0.074517 -0.000003 0.000081 0.148830 0.000002 0.000000 -0.074309 0.000000 -0.000002 -0.000003 -8.728670 10.710560 0.000005 -0.000000 -0.000000 -0.000001 -0.000677 9.278137 0.000003 0.000000 -0.000000 
0.000006 104.270470 1.554256 0.000021 0.000003 -0.000113 -0.000005 10.181587 0.131521 0.000002 -0.000003 0.000084 -0.000000 9.893967 -1.470709 -0.000000 0.000000 -0.000000 -0.000000 0.000000 -0.000000 0.000001 16.740417 -2.049035 0.000000 -0.000000 -0.000000 0.000000 9.617874 1.685008 -0.000000 -0.000000 0.000000 0.000002 22.037354 7.501098 -0.000000 -0.000000 -0.000000 -4.569969 11.014894 -2.160884 0.000005 0.000003 -0.000023 -0.000052 0.000030 0.000011 -27.841520 0.000017 0.000005 -0.000010 0.000001 -0.000003 -28.328836 0.000017 0.000026 -0.000321 -0.000044 0.000010 -2.464817 -1.573966 2.681851 0.314112 -0.720934 -0.172575 -3.215199 -1.872762 1.924284 -0.432457 0.981326 0.240527 -2.654858 -1.527961 1.512612 -0.323118 0.728901 0.173694 0.000001 0.000001 0.000003 -9.108281 -0.517861 2.259837 -0.000007 -0.018787 0.000103 0.000005 0.029297 -0.000007 -0.000005 -0.010093 -0.000003 0.000000 0.000000 -0.000000 -9.532506 -0.000003 -0.000022 -0.000004 -0.057494 0.000110 -0.000001 0.097407 -0.000010 0.000002 -0.036900 -0.000003 -0.000000 0.000000 -0.000000 -9.103599 -0.043045 -1.865133 -0.000000 0.017917 -0.000000 -0.000004 -0.025390 -0.000003 0.000003 -0.012910 0.000003 0.000000 0.000000 0.000000 -8.076683 -0.486680 -3.806278 0.000000 0.059620 -0.000517 0.000001 0.097000 0.000017 -0.000004 -0.056907 0.000003 -0.000000 0.000000 -0.000000 4.570447 11.014723 -2.160855 -0.000007 -0.000002 -0.000015 0.000002 0.000103 0.000118 -0.000007 -0.000007 0.000007 28.328836 -0.000029 0.000017 0.000020 -0.000089 0.000000 2.466128 -1.576189 2.681733 0.271163 0.622431 0.149618 3.217803 -1.872061 1.916485 -0.380683 -0.867292 -0.214332 2.656008 -1.528832 1.514505 -0.280440 -0.641565 -0.159358 2.020883 -1.154066 1.115133 -0.000000 0.000002 -0.000004 9.109305 -0.518042 2.259871 0.000012 -0.005107 0.000093 -0.000008 0.012007 0.000014 -0.000002 -0.007600 -0.000003 -0.000000 -0.000000 0.000000 9.533409 0.000036 0.000044 0.000003 -0.003600 -0.000007 -0.000005 0.002400 0.000007 0.000012 0.002400 -0.000000 0.000000 -0.000000 -0.000000 9.104532 -0.043031 -1.865075 0.000007 0.000700 0.000097 -0.000005 0.000000 -0.000003 0.000010 0.000014 -0.000003 2.644325 0.000031 0.000057 0.000000 -0.000000 -0.000000 8.077785 -0.486864 -3.806258 0.000013 0.234300 -0.000586 -0.000002 -0.024114 0.000086 0.000003 -0.007673 -0.000010 0.000000 -0.000000 -0.000000 -8.207788 -6.751659 -1.599560 -0.077008 -0.000003 0.000080 0.153719 -0.000000 -0.000000 -0.076703 0.000000 -0.000002 -0.000005 -8.728669 10.710563 0.000005 -0.000000 -0.000000 -0.000001 -0.000676 9.278122 -0.000000 0.000000 -0.000000 8.207791 -6.751703 -1.599556 -0.074517 -0.000003 0.000081 0.148830 0.000002 0.000000 -0.074309 0.000000 -0.000002 -0.000003 -8.728670 10.710560 0.000005 -0.000000 -0.000000 -0.000001 -0.000677 9.278137 0.000003 0.000000 -0.000000 
0.000006 104.270470 1.554256 0.000021 0.000003 -0.000113 -0.000005 10.181587 0.131521 0.000002 -0.000003 0.000084 -0.000000 9.893967 -1.470709 -0.000000 0.000000 -0.000000 -0.000000 0.000000 -0.000000 0.000001 16.740417 -2.049035 0.000000 -0.000000 -0.000000 0.000000 9.617874 1.685008 -0.000000 -0.000000 0.000000 0.000002 22.037354 7.501098 -0.000000 -0.000000 -0.000000 -4.569969 11.014894 -2.160884 0.000005 0.000003 -0.000023 -0.000052 0.000030 0.000011 -27.841520 0.000017 0.000005 -0.000010 0.000001 -0.000003 -28.328836 0.000017 0.000026 -0.000321 -0.000044 0.000010 -2.464817 -1.573966 2.681851 0.314112 -0.720934 -0.172575 -3.215199 -1.872762 1.924284 -0.432457 0.981326 0.240527 -2.654858 -1.527961 1.512612 -0.323118 0.728901 0.173694 0.000001 0.000001 0.000003 -9.108281 -0.517861 2.259837 -0.000007 -0.018787 0.000103 0.000005 0.029297 -0.000007 -0.000005 -0.010093 -0.000003 0.000000 0.000000 -0.000000 -9.532506 -0.000003 -0.000022 -0.000004 -0.057494 0.000110 -0.000001 0.097407 -0.000010 0.000002 -0.036900 -0.000003 -0.000000 0.000000 -0.000000 -9.103599 -0.043045 -1.865133 -0.000000 0.017917 -0.000000 -0.000004 -0.025390 -0.000003 0.000003 -0.012910 0.000003 0.000000 0.000000 0.000000 -8.076683 -0.486680 -3.806278 0.000000 0.059620 -0.000517 0.000001 0.097000 0.000017 -0.000004 -0.056907 0.000003 -0.000000 0.000000 -0.000000 4.570447 11.014723 -2.160855 -0.000007 -0.000002 -0.000015 0.000002 0.000103 0.000118 -0.000007 -0.000007 0.000007 28.328836 -0.000029 0.000017 0.000020 -0.000089 0.000000 2.466128 -1.576189 2.681733 0.271163 0.622431 0.149618 3.217803 -1.872061 1.916485 -0.380683 -0.867292 -0.214332 2.656008 -1.528832 1.514505 -0.280440 -0.641565 -0.159358 2.020883 -1.154066 1.115133 -0.000000 0.000002 -0.000004 9.109305 -0.518042 2.259871 0.000012 -0.005107 0.000093 -0.000008 0.012007 0.000014 -0.000002 -0.007600 -0.000003 -0.000000 -0.000000 0.000000 9.533409 0.000036 0.000044 0.000003 -0.003600 -0.000007 -0.000005 0.002400 0.000007 0.000012 0.002400 -0.000000 0.000000 -0.000000 -0.000000 9.104532 -0.043031 -1.865075 0.000007 0.000700 0.000097 -0.000005 0.000000 -0.000003 0.000010 0.000014 -0.000003 2.644325 0.000031 0.000057 0.000000 -0.000000 -0.000000 8.077785 -0.486864 -3.806258 0.000013 0.234300 -0.000586 -0.000002 -0.024114 0.000086 0.000003 -0.007673 -0.000010 0.000000 -0.000000 -0.000000 -8.207788 -6.751659 -1.599560 -0.077008 -0.000003 0.000080 0.153719 -0.000000 -0.000000 -0.076703 0.000000 -0.000002 -0.000005 -8.728669 10.710563 0.000005 -0.000000 -0.000000 -0.000001 -0.000676 9.278122 -0.000000 0.000000 -0.000000 8.207791 -6.751703 -1.599556 -0.074517 -0.000003 0.000081 0.148830 0.000002 0.000000 -0.074309 0.000000 -0.000002 -0.000003 -8.728670 10.710560 0.000005 -0.000000 -0.000000 -0.000001 -0.000677 9.278137 0.000003 0.000000 -0.000000 
0.000006 104.270470 1.554256 0.000021 0.000003 -0.000113 -0.000005 10.181587 0.131521 0.000002 -0.000003 0.000084 -0.000000 9.893967 -1.470709 -0.000000 0.000000 -0.000000 -0.000000 0.000000 -0.000000 0.000001 16.740417 -2.049035 0.000000 -0.000000 -0.000000 0.000000 9.617874 1.685008 -0.000000 -0.000000 0.000000 0.000002 22.037354 7.501098 -0.000000 -0.000000 -0.000000 -4.569969 11.014894 -2.160884 0.000005 0.000003 -0.000023 -0.000052 0.000030 0.000011 -27.841520 0.000017 0.000005 -0.000010 0.000001 -0.000003 -28.328836 0.000017 0.000026 -0.000321 -0.000044 0.000010 -2.464817 -1.573966 2.681851 0.314112 -0.720934 -0.172575 -3.215199 -1.872762 1.924284 -0.432457 0.981326 0.240527 -2.654858 -1.527961 1.512612 -0.323118 0.728901 0.173694 0.000001 0.000001 0.000003 -9.108281 -0.517861 2.259837 -0.000007 -0.018787 0.000103 0.000005 0.029297 -0.000007 -0.000005 -0.010093 -0.000003 0.000000 0.000000 -0.000000 -9.532506 -0.000003 -0.000022 -0.000004 -0.057494 0.000110 -0.000001 0.097407 -0.000010 0.000002 -0.036900 -0.000003 -0.000000 0.000000 -0.000000 -9.103599 -0.043045 -1.865133 -0.000000 0.017917 -0.000000 -0.000004 -0.025390 -0.000003 0.000003 -0.012910 0.000003 0.000000 0.000000 0.000000 -8.076683 -0.486680 -3.806278 0.000000 0.059620 -0.000517 0.000001 0.097000 0.000017 -0.000004 -0.056907 0.000003 -0.000000 0.000000 -0.000000 4.570447 11.014723 -2.160855 -0.000007 -0.000002 -0.000015 0.000002 0.000103 0.000118 -0.000007 -0.000007 0.000007 28.328836 -0.000029 0.000017 0.000020 -0.000089 0.000000 2.466128 -1.576189 2.681733 0.271163 0.622431 0.149618 3.217803 -1.872061 1.916485 -0.380683 -0.867292 -0.214332 2.656008 -1.528832 1.514505 -0.280440 -0.641565 -0.159358 2.020883 -1.154066 1.115133 -0.000000 0.000002 -0.000004 9.109305 -0.518042 2.259871 0.000012 -0.005107 0.000093 -0.000008 0.012007 0.000014 -0.000002 -0.007600 -0.000003 -0.000000 -0.000000 0.000000 9.533409 0.000036 0.000044 0.000003 -0.003600 -0.000007 -0.000005 0.002400 0.000007 0.000012 0.002400 -0.000000 0.000000 -0.000000 -0.000000 9.104532 -0.043031 -1.865075 0.000007 0.000700 0.000097 -0.000005 0.000000 -0.000003 0.000010 0.000014 -0.000003 2.644325 0.000031 0.000057 0.000000 -0.000000 -0.000000 8.077785 -0.486864 -3.806258 0.000013 0.234300 -0.000586 -0.000002 -0.024114 0.000086 0.000003 -0.007673 -0.000010 0.000000 -0.000000 -0.000000 -8.207788 -6.751659 -1.599560 -0.077008 -0.000003 0.000080 0.153719 -0.000000 -0.000000 -0.076703 0.000000 -0.000002 -0.000005 -8.728669 10.710563 0.000005 -0.000000 -0.000000 -0.000001 -0.000676 9.278122 -0.000000 0.000000 -0.000000 8.207791 -6.751703 -1.599556 -0.074517 -0.000003 0.000081 0.148830 0.000002 0.000000 -0.074309 0.000000 -0.000002 -0.000003 -8.728670 10.710560 0.000005 -0.000000 -0.000000 -0.000001 -0.000677 9.278137 0.000003 0.000000 -0.000000 
0.000006 104.270470 1.554256 0.000021 0.000003 -0.000113 -0.000005 10.181587 0.131521 0.000002 -0.000003 0.000084 -0.000000 9.893967 -1.470709 -0.000000 0.000000 -0.000000 -0.000000 0.000000 -0.000000 0.000001 16.740417 -2.049035 0.000000 -0.000000 -0.000000 0.000000 9.617874 1.685008 -0.000000 -0.000000 0.000000 0.000002 22.037354 7.501098 -0.000000 -0.000000 -0.000000 -4.569969 11.014894 -2.160884 0.000005 0.000003 -0.000023 -0.000052 0.000030 0.000011 -27.841520 0.000017 0.000005 -0.000010 0.000001 -0.000003 -28.328836 0.000017 0.000026 -0.000321 -0.000044 0.000010 -2.464817 -1.573966 2.681851 0.314112 -0.720934 -0.172575 -3.215199 -1.872762 1.924284 -0.432457 0.981326 0.240527 -2.654858 -1.527961 1.512612 -0.323118 0.728901 0.173694 0.000001 0.000001 0.000003 -9.108281 -0.517861 2.259837 -0.000007 -0.018787 0.000103 0.000005 0.029297 -0.000007 -0.000005 -0.010093 -0.000003 0.000000 0.000000 -0.000000 -9.532506 -0.000003 -0.000022 -0.000004 -0.057494 0.000110 -0.000001 0.097407 -0.000010 0.000002 -0.036900 -0.000003 -0.000000 0.000000 -0.000000 -9.103599 -0.043045 -1.865133 -0.000000 0.017917 -0.000000 -0.000004 -0.025390 -0.000003 0.000003 -0.012910 0.000003 0.000000 0.000000 0.000000 -8.076683 -0.486680 -3.806278 0.000000 0.059620 -0.000517 0.000001 0.097000 0.000017 -0.000004 -0.056907 0.000003 -0.000000 0.000000 -0.000000 4.570447 11.014723 -2.160855 -0.000007 -0.000002 -0.000015 0.000002 0.000103 0.000118 -0.000007 -0.000007 0.000007 28.328836 -0.000029 0.000017 0.000020 -0.000089 0.000000 2.466128 -1.576189 2.681733 0.271163 0.622431 0.149618 3.217803 -1.872061 1.916485 -0.380683 -0.867292 -0.214332 2.656008 -1.528832 1.514505 -0.280440 -0.641565 -0.159358 2.020883 -1.154066 1.115133 -0.000000 0.000002 -0.000004 9.109305 -0.518042 2.259871 0.000012 -0.005107 0.000093 -0.000008 0.012007 0.000014 -0.000002 -0.007600 -0.000003 -0.000000 -0.000000 0.000000 9.533409 0.000036 0.000044 0.000003 -0.003600 -0.000007 -0.000005 0.002400 0.000007 0.000012 0.002400 -0.000000 0.000000 -0.000000 -0.000000 9.104532 -0.043031 -1.865075 0.000007 0.000700 0.000097 -0.000005 0.000000 -0.000003 0.000010 0.000014 -0.000003 2.644325 0.000031 0.000057 0.000000 -0.000000 -0.000000 8.077785 -0.486864 -3.806258 0.000013 0.234300 -0.000586 -0.000002 -0.024114 0.000086 0.000003 -0.007673 -0.000010 0.000000 -0.000000 -0.000000 -8.207788 -6.751659 -1.599560 -0.077008 -0.000003 0.000080 0.153719 -0.000000 -0.000000 -0.076703 0.000000 -0.000002 -0.000005 -8.728669 10.710563 0.000005 -0.000000 -0.000000 -0.000001 -0.000676 9.278122 -0.000000 0.000000 -0.000000 8.207791 -6.751703 -1.599556 -0.074517 -0.000003 0.000081 0.148830 0.000002 0.000000 -0.074309 0.000000 -0.000002 -0.000003 -8.728670 10.710560 0.000005 -0.000000 -0.000000 -0.000001 -0.000677 9.278137 0.000003 0.000000 -0.000000 
0.000006 104.270470 1.554256 0.000021 0.000003 -0.000113 -0.000005 10.181587 0.131521 0.000002 -0.000003 0.000084 -0.000000 9.893967 -1.470709 -0.000000 0.000000 -0.000000 -0.000000 0.000000 -0.000000 0.000001 16.740417 -2.049035 0.000000 -0.000000 -0.000000 0.000000 9.617874 1.685008 -0.000000 -0.000000 0.000000 0.000002 22.037354 7.501098 -0.000000 -0.000000 -0.000000 -4.569969 11.014894 -2.160884 0.000005 0.000003 -0.000023 -0.000052 0.000030 0.000011 -27.841520 0.000017 0.000005 -0.000010 0.000001 -0.000003 -28.328836 0.000017 0.000026 -0.000321 -0.000044 0.000010 -2.464817 -1.573966 2.681851 0.314112 -0.720934 -0.172575 -3.215199 -1.872762 1.924284 -0.432457 0.981326 0.240527 -2.654858 -1.527961 1.512612 -0.323118 0.728901 0.173694 0.000001 0.000001 0.000003 -9.108281 -0.517861 2.259837 -0.000007 -0.018787 0.000103 0.000005 0.029297 -0.000007 -0.000005 -0.010093 -0.000003 0.000000 0.000000 -0.000000 -9.532506 -0.000003 -0.000022 -0.000004 -0.057494 0.000110 -0.000001 0.097407 -0.000010 0.000002 -0.036900 -0.000003 -0.000000 0.000000 -0.000000 -9.103599 -0.043045 -1.865133 -0.000000 0.017917 -0.000000 -0.000004 -0.025390 -0.000003 0.000003 -0.012910 0.000003 0.000000 0.000000 0.000000 -8.076683 -0.486680 -3.806278 0.000000 0.059620 -0.000517 0.000001 0.097000 0.000017 -0.000004 -0.056907 0.000003 -0.000000 0.000000 -0.000000 4.570447 11.014723 -2.160855 -0.000007 -0.000002 -0.000015 0.000002 0.000103 0.000118 -0.000007 -0.000007 0.000007 28.328836 -0.000029 0.000017 0.000020 -0.000089 0.000000 2.466128 -1.576189 2.681733 0.271163 0.622431 0.149618 3.217803 -1.872061 1.916485 -0.380683 -0.867292 -0.214332 2.656008 -1.528832 1.514505 -0.280440 -0.641565 -0.159358 2.020883 -1.154066 1.115133 -0.000000 0.000002 -0.000004 9.109305 -0.518042 2.259871 0.000012 -0.005107 0.000093 -0.000008 0.012007 0.000014 -0.000002 -0.007600 -0.000003 -0.000000 -0.000000 0.000000 9.533409 0.000036 0.000044 0.000003 -0.003600 -0.000007 -0.000005 0.002400 0.000007 0.000012 0.002400 -0.000000 0.000000 -0.000000 -0.000000 9.104532 -0.043031 -1.865075 0.000007 0.000700 0.000097 -0.000005 0.000000 -0.000003 0.000010 0.000014 -0.000003 2.644325 0.000031 0.000057 0.000000 -0.000000 -0.000000 8.077785 -0.486864 -3.806258 0.000013 0.234300 -0.000586 -0.000002 -0.024114 0.000086 0.000003 -0.007673 -0.000010 0.000000 -0.000000 -0.000000 -8.207788 -6.751659 -1.599560 -0.077008 -0.000003 0.000080 0.153719 -0.000000 -0.000000 -0.076703 0.000000 -0.000002 -0.000005 -8.728669 10.710563 0.000005 -0.000000 -0.000000 -0.000001 -0.000676 9.278122 -0.000000 0.000000 -0.000000 8.207791 -6.751703 -1.599556 -0.074517 -0.000003 0.000081 0.148830 0.000002 0.000000 -0.074309 0.000000 -0.000002 -0.000003 -8.728670 10.710560 0.000005 -0.000000 -0.000000 -0.000001 -0.000677 9.278137 0.000003 0.000000 -0.000000 
0.000006 104.270470 1.554256 0.000021 0.000003 -0.000113 -0.000005 10.181587 0.131521 0.000002 -0.000003 0.000084 -0.000000 9.893967 -1.470709 -0.000000 0.000000 -0.000000 -0.000000 0.000000 -0.000000 0.000001 16.740417 -2.049035 0.000000 -0.000000 -0.000000 0.000000 9.617874 1.685008 -0.000000 -0.000000 0.000000 0.000002 22.037354 7.501098 -0.000000 -0.000000 -0.000000 -4.569969 11.014894 -2.160884 0.000005 0.000003 -0.000023 -0.000052 0.000030 0.000011 -27.841520 0.000017 0.000005 -0.000010 0.000001 -0.000003 -28.328836 0.000017 0.000026 -0.000321 -0.000044 0.000010 -2.464817 -1.573966 2.681851 0.314112 -0.720934 -0.172575 -3.215199 -1.872762 1.924284 -0.432457 0.981326 0.240527 -2.654858 -1.527961 1.512612 -0.323118 0.728901 0.173694 0.000001 0.000001 0.000003 -9.108281 -0.517861 2.259837 -0.000007 -0.018787 0.000103 0.000005 0.029297 -0.000007 -0.000005 -0.010093 -0.000003 0.000000 0.000000 -0.000000 -9.532506 -0.000003 -0.000022 -0.000004 -0.057494 0.000110 -0.000001 0.097407 -0.000010 0.000002 -0.036900 -0.000003 -0.000000 0.000000 -0.000000 -9.103599 -0.043045 -1.865133 -0.000000 0.017917 -0.000000 -0.000004 -0.025390 -0.000003 0.000003 -0.012910 0.000003 0.000000 0.000000 0.000000 -8.076683 -0.486680 -3.806278 0.000000 0.059620 -0.000517 0.000001 0.097000 0.000017 -0.000004 -0.056907 0.000003 -0.000000 0.000000 -0.000000 4.570447 11.014723 -2.160855 -0.000007 -0.000002 -0.000015 0.000002 0.000103 0.000118 -0.000007 -0.000007 0.000007 28.328836 -0.000029 0.000017 0.000020 -0.000089 0.000000 2.466128 -1.576189 2.681733 0.271163 0.622431 0.149618 3.217803 -1.872061 1.916485 -0.380683 -0.867292 -0.214332 2.656008 -1.528832 1.514505 -0.280440 -0.641565 -0.159358 2.020883 -1.154066 1.115133 -0.000000 0.000002 -0.000004 9.109305 -0.518042 2.259871 0.000012 -0.005107 0.000093 -0.000008 0.012007 0.000014 -0.000002 -0.007600 -0.000003 -0.000000 -0.000000 0.000000 9.533409 0.000036 0.000044 0.000003 -0.003600 -0.000007 -0.000005 0.002400 0.000007 0.000012 0.002400 -0.000000 0.000000 -0.000000 -0.000000 9.104532 -0.043031 -1.865075 0.000007 0.000700 0.000097 -0.000005 0.000000 -0.000003 0.000010 0.000014 -0.000003 2.644325 0.000031 0.000057 0.000000 -0.000000 -0.000000 8.077785 -0.486864 -3.806258 0.000013 0.234300 -0.000586 -0.000002 -0.024114 0.000086 0.000003 -0.007673 -0.000010 0.000000 -0.000000 -0.000000 -8.207788 -6.751659 -1.599560 -0.077008 -0.000003 0.000080 0.153719 -0.000000 -0.000000 -0.076703 0.000000 -0.000002 -0.000005 -8.728669 10.710563 0.000005 -0.000000 -0.000000 -0.000001 -0.000676 9.278122 -0.000000 0.000000 -0.000000 8.207791 -6.751703 -1.599556 -0.074517 -0.000003 0.000081 0.148830 0.000002 0.000000 -0.074309 0.000000 -0.000002 -0.000003 -8.728670 10.710560 0.000005 -0.000000 -0.000000 -0.000001 -0.000677 9.278137 0.000003 0.000000 -0.000000 
0.000006 104.270470 1.554256 0.000021 0.000003 -0.000113 -0.000005 10.181587 0.131521 0.000002 -0.000003 0.000084 -0.000000 9.893967 -1.470709 -0.000000 0.000000 -0.000000 -0.000000 0.000000 -0.000000 0.000001 16.740417 -2.049035 0.000000 -0.000000 -0.000000 0.000000 9.617874 1.685008 -0.000000 -0.000000 0.000000 0.000002 22.037354 7.501098 -0.000000 -0.000000 -0.000000 -4.569969 11.014894 -2.160884 0.000005 0.000003 -0.000023 -0.000052 0.000030 0.000011 -27.841520 0.000017 0.000005 -0.000010 0.000001 -0.000003 -28.328836 0.000017 0.000026 -0.000321 -0.000044 0.000010 -2.464817 -1.573966 2.681851 0.314112 -0.720934 -0.172575 -3.215199 -1.872762 1.924284 -0.432457 0.981326 0.240527 -2.654858 -1.527961 1.512612 -0.323118 0.728901 0.173694 0.000001 0.000001 0.000003 -9.108281 -0.517861 2.259837 -0.000007 -0.018787 0.000103 0.000005 0.029297 -0.000007 -0.000005 -0.010093 -0.000003 0.000000 0.000000 -0.000000 -9.532506 -0.000003 -0.000022 -0.000004 -0.057494 0.000110 -0.000001 0.097407 -0.000010 0.000002 -0.036900 -0.000003 -0.000000 0.000000 -0.000000 -9.103599 -0.043045 -1.865133 -0.000000 0.017917 -0.000000 -0.000004 -0.025390 -0.000003 0.000003 -0.012910 0.000003 0.000000 0.000000 0.000000 -8.076683 -0.486680 -3.806278 0.000000 0.059620 -0.000517 0.000001 0.097000 0.000017 -0.000004 -0.056907 0.000003 -0.000000 0.000000 -0.000000 4.570447 11.014723 -2.160855 -0.000007 -0.000002 -0.000015 0.000002 0.000103 0.000118 -0.000007 -0.000007 0.000007 28.328836 -0.000029 0.000017 0.000020 -0.000089 0.000000 2.466128 -1.576189 2.681733 0.271163 0.622431 0.149618 3.217803 -1.872061 1.916485 -0.380683 -0.867292 -0.214332 2.656008 -1.528832 1.514505 -0.280440 -0.641565 -0.159358 2.020883 -1.154066 1.115133 -0.000000 0.000002 -0.000004 9.109305 -0.518042 2.259871 0.000012 -0.005107 0.000093 -0.000008 0.012007 0.000014 -0.000002 -0.007600 -0.000003 -0.000000 -0.000000 0.000000 9.533409 0.000036 0.000044 0.000003 -0.003600 -0.000007 -0.000005 0.002400 0.000007 0.000012 0.002400 -0.000000 0.000000 -0.000000 -0.000000 9.104532 -0.043031 -1.865075 0.000007 0.000700 0.000097 -0.000005 0.000000 -0.000003 0.000010 0.000014 -0.000003 2.644325 0.000031 0.000057 0.000000 -0.000000 -0.000000 8.077785 -0.486864 -3.806258 0.000013 0.234300 -0.000586 -0.000002 -0.024114 0.000086 0.000003 -0.007673 -0.000010 0.000000 -0.000000 -0.000000 -8.207788 -6.751659 -1.599560 -0.077008 -0.000003 0.000080 0.153719 -0.000000 -0.000000 -0.076703 0.000000 -0.000002 -0.000005 -8.728669 10.710563 0.000005 -0.000000 -0.000000 -0.000001 -0.000676 9.278122 -0.000000 0.000000 -0.000000 8.207791 -6.751703 -1.599556 -0.074517 -0.000003 0.000081 0.148830 0.000002 0.000000 -0.074309 0.000000 -0.000002 -0.000003 -8.728670 10.710560 0.000005 -0.000000 -0.000000 -0.000001 -0.000677 9.278137 0.000003 0.000000 -0.000000 
0.000006 104.270470 1.554256 0.000021 0.000003 -0.000113 -0.000005 10.181587 0.131521 0.000002 -0.000003 0.000084 -0.000000 9.893967 -1.470709 -0.000000 0.000000 -0.000000 -0.000000 0.000000 -0.000000 0.000001 16.740417 -2.049035 0.000000 -0.000000 -0.000000 0.000000 9.617874 1.685008 -0.000000 -0.000000 0.000000 0.000002 22.037354 7.501098 -0.000000 -0.000000 -0.000000 -4.569969 11.014894 -2.160884 0.000005 0.000003 -0.000023 -0.000052 0.000030 0.000011 -27.841520 0.000017 0.000005 -0.000010 0.000001 -0.000003 -28.328836 0.000017 0.000026 -0.000321 -0.000044 0.000010 -2.464817 -1.573966 2.681851 0.314112 -0.720934 -0.172575 -3.215199 -1.872762 1.924284 -0.432457 0.981326 0.240527 -2.654858 -1.527961 1.512612 -0.323118 0.728901 0.173694 0.000001 0.000001 0.000003 -9.108281 -0.517861 2.259837 -0.000007 -0.018787 0.000103 0.000005 0.029297 -0.000007 -0.000005 -0.010093 -0.000003 0.000000 0.000000 -0.000000 -9.532506 -0.000003 -0.000022 -0.000004 -0.057494 0.000110 -0.000001 0.097407 -0.000010 0.000002 -0.036900 -0.000003 -0.000000 0.000000 -0.000000 -9.103599 -0.043045 -1.865133 -0.000000 0.017917 -0.000000 -0.000004 -0.025390 -0.000003 0.000003 -0.012910 0.000003 0.000000 0.000000 0.000000 -8.076683 -0.486680 -3.806278 0.000000 0.059620 -0.000517 0.000001 0.097000 0.000017 -0.000004 -0.056907 0.000003 -0.000000 0.000000 -0.000000 4.570447 11.014723 -2.160855 -0.000007 -0.000002 -0.000015 0.000002 0.000103 0.000118 -0.000007 -0.000007 0.000007 28.328836 -0.000029 0.000017 0.000020 -0.000089 0.000000 2.466128 -1.576189 2.681733 0.271163 0.622431 0.149618 3.217803 -1.872061 1.916485 -0.380683 -0.867292 -0.214332 2.656008 -1.528832 1.514505 -0.280440 -0.641565 -0.159358 2.020883 -1.154066 1.115133 -0.000000 0.000002 -0.000004 9.109305 -0.518042 2.259871 0.000012 -0.005107 0.000093 -0.000008 0.012007 0.000014 -0.000002 -0.007600 -0.000003 -0.000000 -0.000000 0.000000 9.533409 0.000036 0.000044 0.000003 -0.003600 -0.000007 -0.000005 0.002400 0.000007 0.000012 0.002400 -0.000000 0.000000 -0.000000 -0.000000 9.104532 -0.043031 -1.865075 0.000007 0.000700 0.000097 -0.000005 0.000000 -0.000003 0.000010 0.000014 -0.000003 2.644325 0.000031 0.000057 0.000000 -0.000000 -0.000000 8.077785 -0.486864 -3.806258 0.000013 0.234300 -0.000586 -0.000002 -0.024114 0.000086 0.000003 -0.007673 -0.000010 0.000000 -0.000000 -0.000000 -8.207788 -6.751659 -1.599560 -0.077008 -0.000003 0.000080 0.153719 -0.000000 -0.000000 -0.076703 0.000000 -0.000002 -0.000005 -8.728669 10.710563 0.000005 -0.000000 -0.000000 -0.000001 -0.000676 9.278122 -0.000000 0.000000 -0.000000 8.207791 -6.751703 -1.599556 -0.074517 -0.000003 0.000081 0.148830 0.000002 0.000000 -0.074309 0.000000 -0.000002 -0.000003 -8.728670 10.710560 0.000005 -0.000000 -0.000000 -0.000001 -0.000677 9.278137 0.000003 0.000000 -0.000000 
0.000006 104.270470 1.554256 0.000021 0.000003 -0.000113 -0.000005 10.181587 0.131521 0.000002 -0.000003 0.000084 -0.000000 9.893967 -1.470709 -0.000000 0.000000 -0.000000 -0.000000 0.000000 -0.000000 0.000001 16.740417 -2.049035 0.000000 -0.000000 -0.000000 0.000000 9.617874 1.685008 -0.000000 -0.000000 0.000000 0.000002 22.037354 7.501098 -0.000000 -0.000000 -0.000000 -4.569969 11.014894 -2.160884 0.000005 0.000003 -0.000023 -0.000052 0.000030 0.000011 -27.841520 0.000017 0.000005 -0.000010 0.000001 -0.000003 -28.328836 0.000017 0.000026 -0.000321 -0.000044 0.000010 -2.464817 -1.573966 2.681851 0.314112 -0.720934 -0.172575 -3.215199 -1.872762 1.924284 -0.432457 0.981326 0.240527 -2.654858 -1.527961 1.512612 -0.323118 0.728901 0.173694 0.000001 0.000001 0.000003 -9.108281 -0.517861 2.259837 -0.000007 -0.018787 0.000103 0.000005 0.029297 -0.000007 -0.000005 -0.010093 -0.000003 0.000000 0.000000 -0.000000 -9.532506 -0.000003 -0.000022 -0.000004 -0.057494 0.000110 -0.000001 0.097407 -0.000010 0.000002 -0.036900 -0.000003 -0.000000 0.000000 -0.000000 -9.103599 -0.043045 -1.865133 -0.000000 0.017917 -0.000000 -0.000004 -0.025390 -0.000003 0.000003 -0.012910 0.000003 0.000000 0.000000 0.000000 -8.076683 -0.486680 -3.806278 0.000000 0.059620 -0.000517 0.000001 0.097000 0.000017 -0.000004 -0.056907 0.000003 -0.000000 0.000000 -0.000000 4.570447 11.014723 -2.160855 -0.000007 -0.000002 -0.000015 0.000002 0.000103 0.000118 -0.000007 -0.000007 0.000007 28.328836 -0.000029 0.000017 0.000020 -0.000089 0.000000 2.466128 -1.576189 2.681733 0.271163 0.622431 0.149618 3.217803 -1.872061 1.916485 -0.380683 -0.867292 -0.214332 2.656008 -1.528832 1.514505 -0.280440 -0.641565 -0.159358 2.020883 -1.154066 1.115133 -0.000000 0.000002 -0.000004 9.109305 -0.518042 2.259871 0.000012 -0.005107 0.000093 -0.000008 0.012007 0.000014 -0.000002 -0.007600 -0.000003 -0.000000 -0.000000 0.000000 9.533409 0.000036 0.000044 0.000003 -0.003600 -0.000007 -0.000005 0.002400 0.000007 0.000012 0.002400 -0.000000 0.000000 -0.000000 -0.000000 9.104532 -0.043031 -1.865075 0.000007 0.000700 0.000097 -0.000005 0.000000 -0.000003 0.000010 0.000014 -0.000003 2.644325 0.000031 0.000057 0.000000 -0.000000 -0.000000 8.077785 -0.486864 -3.806258 0.000013 0.234300 -0.000586 -0.000002 -0.024114 0.000086 0.000003 -0.007673 -0.000010 0.000000 -0.000000 -0.000000 -8.207788 -6.751659 -1.599560 -0.077008 -0.000003 0.000080 0.153719 -0.000000 -0.000000 -0.076703 0.000000 -0.000002 -0.000005 -8.728669 10.710563 0.000005 -0.000000 -0.000000 -0.000001 -0.000676 9.278122 -0.000000 0.000000 -0.000000 8.207791 -6.751703 -1.599556 -0.074517 -0.000003 0.000081 0.148830 0.000002 0.000000 -0.074309 0.000000 -0.000002 -0.000003 -8.728670 10.710560 0.000005 -0.000000 -0.000000 -0.000001 -0.000677 9.278137 0.000003 0.000000 -0.000000 
0.000006 104.270470 1.554256 0.000021 0.000003 -0.000113 -0.000005 10.181587 0.131521 0.000002 -0.000003 0.000084 -0.000000 9.893967 -1.470709 -0.000000 0.000000 -0.000000 -0.000000 0.000000 -0.000000 0.000001 16.740417 -2.049035 0.000000 -0.000000 -0.000000 0.000000 9.617874 1.685008 -0.000000 -0.000000 0.000000 0.000002 22.037354 7.501098 -0.000000 -0.000000 -0.000000 -4.569969 11.014894 -2.160884 0.000005 0.000003 -0.000023 -0.000052 0.000030 0.000011 -27.841520 0.000017 0.000005 -0.000010 0.000001 -0.000003 -28.328836 0.000017 0.000026 -0.000321 -0.000044 0.000010 -2.464817 -1.573966 2.681851 0.314112 -0.720934 -0.172575 -3.215199 -1.872762 1.924284 -0.432457 0.981326 0.240527 -2.654858 -1.527961 1.512612 -0.323118 0.728901 0.173694 0.000001 0.000001 0.000003 -9.108281 -0.517861 2.259837 -0.000007 -0.018787 0.000103 0.000005 0.029297 -0.000007 -0.000005 -0.010093 -0.000003 0.000000 0.000000 -0.000000 -9.532506 -0.000003 -0.000022 -0.000004 -0.057494 0.000110 -0.000001 0.097407 -0.000010 0.000002 -0.036900 -0.000003 -0.000000 0.000000 -0.000000 -9.103599 -0.043045 -1.865133 -0.000000 0.017917 -0.000000 -0.000004 -0.025390 -0.000003 0.000003 -0.012910 0.000003 0.000000 0.000000 0.000000 -8.076683 -0.486680 -3.806278 0.000000 0.059620 -0.000517 0.000001 0.097000 0.000017 -0.000004 -0.056907 0.000003 -0.000000 0.000000 -0.000000 4.570447 11.014723 -2.160855 -0.000007 -0.000002 -0.000015 0.000002 0.000103 0.000118 -0.000007 -0.000007 0.000007 28.328836 -0.000029 0.000017 0.000020 -0.000089 0.000000 2.466128 -1.576189 2.681733 0.271163 0.622431 0.149618 3.217803 -1.872061 1.916485 -0.380683 -0.867292 -0.214332 2.656008 -1.528832 1.514505 -0.280440 -0.641565 -0.159358 2.020883 -1.154066 1.115133 -0.000000 0.000002 -0.000004 9.109305 -0.518042 2.259871 0.000012 -0.005107 0.000093 -0.000008 0.012007 0.000014 -0.000002 -0.007600 -0.000003 -0.000000 -0.000000 0.000000 9.533409 0.000036 0.000044 0.000003 -0.003600 -0.000007 -0.000005 0.002400 0.000007 0.000012 0.002400 -0.000000 0.000000 -0.000000 -0.000000 9.104532 -0.043031 -1.865075 0.000007 0.000700 0.000097 -0.000005 0.000000 -0.000003 0.000010 0.000014 -0.000003 2.644325 0.000031 0.000057 0.000000 -0.000000 -0.000000 8.077785 -0.486864 -3.806258 0.000013 0.234300 -0.000586 -0.000002 -0.024114 0.000086 0.000003 -0.007673 -0.000010 0.000000 -0.000000 -0.000000 -8.207788 -6.751659 -1.599560 -0.077008 -0.000003 0.000080 0.153719 -0.000000 -0.000000 -0.076703 0.000000 -0.000002 -0.000005 -8.728669 10.710563 0.000005 -0.000000 -0.000000 -0.000001 -0.000676 9.278122 -0.000000 0.000000 -0.000000 8.207791 -6.751703 -1.599556 -0.074517 -0.000003 0.000081 0.148830 0.000002 0.000000 -0.074309 0.000000 -0.000002 -0.000003 -8.728670 10.710560 0.000005 -0.000000 -0.000000 -0.000001 -0.000677 9.278137 0.000003 0.000000 -0.000000 
0.000006 104.270470 1.554256 0.000021 0.000003 -0.000113 -0.000005 10.181587 0.131521 0.000002 -0.000003 0.000084 -0.000000 9.893967 -1.470709 -0.000000 0.000000 -0.000000 -0.000000 0.000000 -0.000000 0.000001 16.740417 -2.049035 0.000000 -0.000000 -0.000000 0.000000 9.617874 1.685008 -0.000000 -0.000000 0.000000 0.000002 22.037354 7.501098 -0.000000 -0.000000 -0.000000 -4.569969 11.014894 -2.160884 0.000005 0.000003 -0.000023 -0.000052 0.000030 0.000011 -27.841520 0.000017 0.000005 -0.000010 0.000001 -0.000003 -28.328836 0.000017 0.000026 -0.000321 -0.000044 0.000010 -2.464817 -1.573966 2.681851 0.314112 -0.720934 -0.172575 -3.215199 -1.872762 1.924284 -0.432457 0.981326 0.240527 -2.654858 -1.527961 1.512612 -0.323118 0.728901 0.173694 0.000001 0.000001 0.000003 -9.108281 -0.517861 2.259837 -0.000007 -0.018787 0.000103 0.000005 0.029297 -0.000007 -0.000005 -0.010093 -0.000003 0.000000 0.000000 -0.000000 -9.532506 -0.000003 -0.000022 -0.000004 -0.057494 0.000110 -0.000001 0.097407 -0.000010 0.000002 -0.036900 -0.000003 -0.000000 0.000000 -0.000000 -9.103599 -0.043045 -1.865133 -0.000000 0.017917 -0.000000 -0.000004 -0.025390 -0.000003 0.000003 -0.012910 0.000003 0.000000 0.000000 0.000000 -8.076683 -0.486680 -3.806278 0.000000 0.059620 -0.000517 0.000001 0.097000 0.000017 -0.000004 -0.056907 0.000003 -0.000000 0.000000 -0.000000 4.570447 11.014723 -2.160855 -0.000007 -0.000002 -0.000015 0.000002 0.000103 0.000118 -0.000007 -0.000007 0.000007 28.328836 -0.000029 0.000017 0.000020 -0.000089 0.000000 2.466128 -1.576189 2.681733 0.271163 0.622431 0.149618 3.217803 -1.872061 1.916485 -0.380683 -0.867292 -0.214332 2.656008 -1.528832 1.514505 -0.280440 -0.641565 -0.159358 2.020883 -1.154066 1.115133 -0.000000 0.000002 -0.000004 9.109305 -0.518042 2.259871 0.000012 -0.005107 0.000093 -0.000008 0.012007 0.000014 -0.000002 -0.007600 -0.000003 -0.000000 -0.000000 0.000000 9.533409 0.000036 0.000044 0.000003 -0.003600 -0.000007 -0.000005 0.002400 0.000007 0.000012 0.002400 -0.000000 0.000000 -0.000000 -0.000000 9.104532 -0.043031 -1.865075 0.000007 0.000700 0.000097 -0.000005 0.000000 -0.000003 0.000010 0.000014 -0.000003 2.644325 0.000031 0.000057 0.000000 -0.000000 -0.000000 8.077785 -0.486864 -3.806258 0.000013 0.234300 -0.000586 -0.000002 -0.024114 0.000086 0.000003 -0.007673 -0.000010 0.000000 -0.000000 -0.000000 -8.207788 -6.751659 -1.599560 -0.077008 -0.000003 0.000080 0.153719 -0.000000 -0.000000 -0.076703 0.000000 -0.000002 -0.000005 -8.728669 10.710563 0.000005 -0.000000 -0.000000 -0.000001 -0.000676 9.278122 -0.000000 0.000000 -0.000000 8.207791 -6.751703 -1.599556 -0.074517 -0.000003 0.000081 0.148830 0.000002 0.000000 -0.074309 0.000000 -0.000002 -0.000003 -8.728670 10.710560 0.000005 -0.000000 -0.000000 -0.000001 -0.000677 9.278137 0.000003 0.000000 -0.000000 
0.000006 104.270470 1.554256 0.000021 0.000003 -0.000113 -0.000005 10.181587 0.131521 0.000002 -0.000003 0.000084 -0.000000 9.893967 -1.470709 -0.000000 0.000000 -0.000000 -0.000000 0.000000 -0.000000 0.000001 16.740417 -2.049035 0.000000 -0.000000 -0.000000 0.000000 9.617874 1.685008 -0.000000 -0.000000 0.000000 0.000002 22.037354 7.501098 -0.000000 -0.000000 -0.000000 -4.569969 11.014894 -2.160884 0.000005 0.000003 -0.000023 -0.000052 0.000030 0.000011 -27.841520 0.000017 0.000005 -0.000010 0.000001 -0.000003 -28.328836 0.000017 0.000026 -0.000321 -0.000044 0.000010 -2.464817 -1.573966 2.681851 0.314112 -0.720934 -0.172575 -3.215199 -1.872762 1.924284 -0.432457 0.981326 0.240527 -2.654858 -1.527961 1.512612 -0.323118 0.728901 0.173694 0.000001 0.000001 0.000003 -9.108281 -0.517861 2.259837 -0.000007 -0.018787 0.000103 0.000005 0.029297 -0.000007 -0.000005 -0.010093 -0.000003 0.000000 0.000000 -0.000000 -9.532506 -0.000003 -0.000022 -0.000004 -0.057494 0.000110 -0.000001 0.097407 -0.000010 0.000002 -0.036900 -0.000003 -0.000000 0.000000 -0.000000 -9.103599 -0.043045 -1.865133 -0.000000 0.017917 -0.000000 -0.000004 -0.025390 -0.000003 0.000003 -0.012910 0.000003 0.000000 0.000000 0.000000 -8.076683 -0.486680 -3.806278 0.000000 0.059620 -0.000517 0.000001 0.097000 0.000017 -0.000004 -0.056907 0.000003 -0.000000 0.000000 -0.000000 4.570447 11.014723 -2.160855 -0.000007 -0.000002 -0.000015 0.000002 0.000103 0.000118 -0.000007 -0.000007 0.000007 28.328836 -0.000029 0.000017 0.000020 -0.000089 0.000000 2.466128 -1.576189 2.681733 0.271163 0.622431 0.149618 3.217803 -1.872061 1.916485 -0.380683 -0.867292 -0.214332 2.656008 -1.528832 1.514505 -0.280440 -0.641565 -0.159358 2.020883 -1.154066 1.115133 -0.000000 0.000002 -0.000004 9.109305 -0.518042 2.259871 0.000012 -0.005107 0.000093 -0.000008 0.012007 0.000014 -0.000002 -0.007600 -0.000003 -0.000000 -0.000000 0.000000 9.533409 0.000036 0.000044 0.000003 -0.003600 -0.000007 -0.000005 0.002400 0.000007 0.000012 0.002400 -0.000000 0.000000 -0.000000 -0.000000 9.104532 -0.043031 -1.865075 0.000007 0.000700 0.000097 -0.000005 0.000000 -0.000003 0.000010 0.000014 -0.000003 2.644325 0.000031 0.000057 0.000000 -0.000000 -0.000000 8.077785 -0.486864 -3.806258 0.000013 0.234300 -0.000586 -0.000002 -0.024114 0.000086 0.000003 -0.007673 -0.000010 0.000000 -0.000000 -0.000000 -8.207788 -6.751659 -1.599560 -0.077008 -0.000003 0.000080 0.153719 -0.000000 -0.000000 -0.076703 0.000000 -0.000002 -0.000005 -8.728669 10.710563 0.000005 -0.000000 -0.000000 -0.000001 -0.000676 9.278122 -0.000000 0.000000 -0.000000 8.207791 -6.751703 -1.599556 -0.074517 -0.000003 0.000081 0.148830 0.000002 0.000000 -0.074309 0.000000 -0.000002 -0.000003 -8.728670 10.710560 0.000005 -0.000000 -0.000000 -0.000001 -0.000677 9.278137 0.000003 0.000000 -0.000000 
0.000006 104.270470 1.554256 0.000021 0.000003 -0.000113 -0.000005 10.181587 0.131521 0.000002 -0.000003 0.000084 -0.000000 9.893967 -1.470709 -0.000000 0.000000 -0.000000 -0.000000 0.000000 -0.000000 0.000001 16.740417 -2.049035 0.000000 -0.000000 -0.000000 0.000000 9.617874 1.685008 -0.000000 -0.000000 0.000000 0.000002 22.037354 7.501098 -0.000000 -0.000000 -0.000000 -4.569969 11.014894 -2.160884 0.000005 0.000003 -0.000023 -0.000052 0.000030 0.000011 -27.841520 0.000017 0.000005 -0.000010 0.000001 -0.000003 -28.328836 0.000017 0.000026 -0.000321 -0.000044 0.000010 -2.464817 -1.573966 2.681851 0.314112 -0.720934 -0.172575 -3.215199 -1.872762 1.924284 -0.432457 0.981326 0.240527 -2.654858 -1.527961 1.512612 -0.323118 0.728901 0.173694 0.000001 0.000001 0.000003 -9.108281 -0.517861 2.259837 -0.000007 -0.018787 0.000103 0.000005 0.029297 -0.000007 -0.000005 -0.010093 -0.000003 0.000000 0.000000 -0.000000 -9.532506 -0.000003 -0.000022 -0.000004 -0.057494 0.000110 -0.000001 0.097407 -0.000010 0.000002 -0.036900 -0.000003 -0.000000 0.000000 -0.000000 -9.103599 -0.043045 -1.865133 -0.000000 0.017917 -0.000000 -0.000004 -0.025390 -0.000003 0.000003 -0.012910 0.000003 0.000000 0.000000 0.000000 -8.076683 -0.486680 -3.806278 0.000000 0.059620 -0.000517 0.000001 0.097000 0.000017 -0.000004 -0.056907 0.000003 -0.000000 0.000000 -0.000000 4.570447 11.014723 -2.160855 -0.000007 -0.000002 -0.000015 0.000002 0.000103 0.000118 -0.000007 -0.000007 0.000007 28.328836 -0.000029 0.000017 0.000020 -0.000089 0.000000 2.466128 -1.576189 2.681733 0.271163 0.622431 0.149618 3.217803 -1.872061 1.916485 -0.380683 -0.867292 -0.214332 2.656008 -1.528832 1.514505 -0.280440 -0.641565 -0.159358 2.020883 -1.154066 1.115133 -0.000000 0.000002 -0.000004 9.109305 -0.518042 2.259871 0.000012 -0.005107 0.000093 -0.000008 0.012007 0.000014 -0.000002 -0.007600 -0.000003 -0.000000 -0.000000 0.000000 9.533409 0.000036 0.000044 0.000003 -0.003600 -0.000007 -0.000005 0.002400 0.000007 0.000012 0.002400 -0.000000 0.000000 -0.000000 -0.000000 9.104532 -0.043031 -1.865075 0.000007 0.000700 0.000097 -0.000005 0.000000 -0.000003 0.000010 0.000014 -0.000003 2.644325 0.000031 0.000057 0.000000 -0.000000 -0.000000 8.077785 -0.486864 -3.806258 0.000013 0.234300 -0.000586 -0.000002 -0.024114 0.000086 0.000003 -0.007673 -0.000010 0.000000 -0.000000 -0.000000 -8.207788 -6.751659 -1.599560 -0.077008 -0.000003 0.000080 0.153719 -0.000000 -0.000000 -0.076703 0.000000 -0.000002 -0.000005 -8.728669 10.710563 0.000005 -0.000000 -0.000000 -0.000001 -0.000676 9.278122 -0.000000 0.000000 -0.000000 8.207791 -6.751703 -1.599556 -0.074517 -0.000003 0.000081 0.148830 0.000002 0.000000 -0.074309 0.000000 -0.000002 -0.000003 -8.728670 10.710560 0.000005 -0.000000 -0.000000 -0.000001 -0.000677 9.278137 0.000003 0.000000 -0.000000 
0.000006 104.270470 1.554256 0.000021 0.000003 -0.000113 -0.000005 10.181587 0.131521 0.000002 -0.000003 0.000084 -0.000000 9.893967 -1.470709 -0.000000 0.000000 -0.000000 -0.000000 0.000000 -0.000000 0.000001 16.740417 -2.049035 0.000000 -0.000000 -0.000000 0.000000 9.617874 1.685008 -0.000000 -0.000000 0.000000 0.000002 22.037354 7.501098 -0.000000 -0.000000 -0.000000 -4.569969 11.014894 -2.160884 0.000005 0.000003 -0.000023 -0.000052 0.000030 0.000011 -27.841520 0.000017 0.000005 -0.000010 0.000001 -0.000003 -28.328836 0.000017 0.000026 -0.000321 -0.000044 0.000010 -2.464817 -1.573966 2.681851 0.314112 -0.720934 -0.172575 -3.215199 -1.872762 1.924284 -0.432457 0.981326 0.240527 -2.654858 -1.527961 1.512612 -0.323118 0.728901 0.173694 0.000001 0.000001 0.000003 -9.108281 -0.517861 2.259837 -0.000007 -0.018787 0.000103 0.000005 0.029297 -0.000007 -0.000005 -0.010093 -0.000003 0.000000 0.000000 -0.000000 -9.532506 -0.000003 -0.000022 -0.000004 -0.057494 0.000110 -0.000001 0.097407 -0.000010 0.000002 -0.036900 -0.000003 -0.000000 0.000000 -0.000000 -9.103599 -0.043045 -1.865133 -0.000000 0.017917 -0.000000 -0.000004 -0.025390 -0.000003 0.000003 -0.012910 0.000003 0.000000 0.000000 0.000000 -8.076683 -0.486680 -3.806278 0.000000 0.059620 -0.000517 0.000001 0.097000 0.000017 -0.000004 -0.056907 0.000003 -0.000000 0.000000 -0.000000 4.570447 11.014723 -2.160855 -0.000007 -0.000002 -0.000015 0.000002 0.000103 0.000118 -0.000007 -0.000007 0.000007 28.328836 -0.000029 0.000017 0.000020 -0.000089 0.000000 2.466128 -1.576189 2.681733 0.271163 0.622431 0.149618 3.217803 -1.872061 1.916485 -0.380683 -0.867292 -0.214332 2.656008 -1.528832 1.514505 -0.280440 -0.641565 -0.159358 2.020883 -1.154066 1.115133 -0.000000 0.000002 -0.000004 9.109305 -0.518042 2.259871 0.000012 -0.005107 0.000093 -0.000008 0.012007 0.000014 -0.000002 -0.007600 -0.000003 -0.000000 -0.000000 0.000000 9.533409 0.000036 0.000044 0.000003 -0.003600 -0.000007 -0.000005 0.002400 0.000007 0.000012 0.002400 -0.000000 0.000000 -0.000000 -0.000000 9.104532 -0.043031 -1.865075 0.000007 0.000700 0.000097 -0.000005 0.000000 -0.000003 0.000010 0.000014 -0.000003 2.644325 0.000031 0.000057 0.000000 -0.000000 -0.000000 8.077785 -0.486864 -3.806258 0.000013 0.234300 -0.000586 -0.000002 -0.024114 0.000086 0.000003 -0.007673 -0.000010 0.000000 -0.000000 -0.000000 -8.207788 -6.751659 -1.599560 -0.077008 -0.000003 0.000080 0.153719 -0.000000 -0.000000 -0.076703 0.000000 -0.000002 -0.000005 -8.728669 10.710563 0.000005 -0.000000 -0.000000 -0.000001 -0.000676 9.278122 -0.000000 0.000000 -0.000000 8.207791 -6.751703 -1.599556 -0.074517 -0.000003 0.000081 0.148830 0.000002 0.000000 -0.074309 0.000000 -0.000002 -0.000003 -8.728670 10.710560 0.000005 -0.000000 -0.000000 -0.000001 -0.000677 9.278137 0.000003 0.000000 -0.000000 
0.000006 104.270470 1.554256 0.000021 0.000003 -0.000113 -0.000005 10.181587 0.131521 0.000002 -0.000003 0.000084 -0.000000 9.893967 -1.470709 -0.000000 0.000000 -0.000000 -0.000000 0.000000 -0.000000 0.000001 16.740417 -2.049035 0.000000 -0.000000 -0.000000 0.000000 9.617874 1.685008 -0.000000 -0.000000 0.000000 0.000002 22.037354 7.501098 -0.000000 -0.000000 -0.000000 -4.569969 11.014894 -2.160884 0.000005 0.000003 -0.000023 -0.000052 0.000030 0.000011 -27.841520 0.000017 0.000005 -0.000010 0.000001 -0.000003 -28.328836 0.000017 0.000026 -0.000321 -0.000044 0.000010 -2.464817 -1.573966 2.681851 0.314112 -0.720934 -0.172575 -3.215199 -1.872762 1.924284 -0.432457 0.981326 0.240527 -2.654858 -1.527961 1.512612 -0.323118 0.728901 0.173694 0.000001 0.000001 0.000003 -9.108281 -0.517861 2.259837 -0.000007 -0.018787 0.000103 0.000005 0.029297 -0.000007 -0.000005 -0.010093 -0.000003 0.000000 0.000000 -0.000000 -9.532506 -0.000003 -0.000022 -0.000004 -0.057494 0.000110 -0.000001 0.097407 -0.000010 0.000002 -0.036900 -0.000003 -0.000000 0.000000 -0.000000 -9.103599 -0.043045 -1.865133 -0.000000 0.017917 -0.000000 -0.000004 -0.025390 -0.000003 0.000003 -0.012910 0.000003 0.000000 0.000000 0.000000 -8.076683 -0.486680 -3.806278 0.000000 0.059620 -0.000517 0.000001 0.097000 0.000017 -0.000004 -0.056907 0.000003 -0.000000 0.000000 -0.000000 4.570447 11.014723 -2.160855 -0.000007 -0.000002 -0.000015 0.000002 0.000103 0.000118 -0.000007 -0.000007 0.000007 28.328836 -0.000029 0.000017 0.000020 -0.000089 0.000000 2.466128 -1.576189 2.681733 0.271163 0.622431 0.149618 3.217803 -1.872061 1.916485 -0.380683 -0.867292 -0.214332 2.656008 -1.528832 1.514505 -0.280440 -0.641565 -0.159358 2.020883 -1.154066 1.115133 -0.000000 0.000002 -0.000004 9.109305 -0.518042 2.259871 0.000012 -0.005107 0.000093 -0.000008 0.012007 0.000014 -0.000002 -0.007600 -0.000003 -0.000000 -0.000000 0.000000 9.533409 0.000036 0.000044 0.000003 -0.003600 -0.000007 -0.000005 0.002400 0.000007 0.000012 0.002400 -0.000000 0.000000 -0.000000 -0.000000 9.104532 -0.043031 -1.865075 0.000007 0.000700 0.000097 -0.000005 0.000000 -0.000003 0.000010 0.000014 -0.000003 2.644325 0.000031 0.000057 0.000000 -0.000000 -0.000000 8.077785 -0.486864 -3.806258 0.000013 0.234300 -0.000586 -0.000002 -0.024114 0.000086 0.000003 -0.007673 -0.000010 0.000000 -0.000000 -0.000000 -8.207788 -6.751659 -1.599560 -0.077008 -0.000003 0.000080 0.153719 -0.000000 -0.000000 -0.076703 0.000000 -0.000002 -0.000005 -8.728669 10.710563 0.000005 -0.000000 -0.000000 -0.000001 -0.000676 9.278122 -0.000000 0.000000 -0.000000 8.207791 -6.751703 -1.599556 -0.074517 -0.000003 0.000081 0.148830 0.000002 0.000000 -0.074309 0.000000 -0.000002 -0.000003 -8.728670 10.710560 0.000005 -0.000000 -0.000000 -0.000001 -0.000677 9.278137 0.000003 0.000000 -0.000000 
0.000006 104.270470 1.554256 0.000021 0.000003 -0.000113 -0.000005 10.181587 0.131521 0.000002 -0.000003 0.000084 -0.000000 9.893967 -1.470709 -0.000000 0.000000 -0.000000 -0.000000 0.000000 -0.000000 0.000001 16.740417 -2.049035 0.000000 -0.000000 -0.000000 0.000000 9.617874 1.685008 -0.000000 -0.000000 0.000000 0.000002 22.037354 7.501098 -0.000000 -0.000000 -0.000000 -4.569969 11.014894 -2.160884 0.000005 0.000003 -0.000023 -0.000052 0.000030 0.000011 -27.841520 0.000017 0.000005 -0.000010 0.000001 -0.000003 -28.328836 0.000017 0.000026 -0.000321 -0.000044 0.000010 -2.464817 -1.573966 2.681851 0.314112 -0.720934 -0.172575 -3.215199 -1.872762 1.924284 -0.432457 0.981326 0.240527 -2.654858 -1.527961 1.512612 -0.323118 0.728901 0.173694 0.000001 0.000001 0.000003 -9.108281 -0.517861 2.259837 -0.000007 -0.018787 0.000103 0.000005 0.029297 -0.000007 -0.000005 -0.010093 -0.000003 0.000000 0.000000 -0.000000 -9.532506 -0.000003 -0.000022 -0.000004 -0.057494 0.000110 -0.000001 0.097407 -0.000010 0.000002 -0.036900 -0.000003 -0.000000 0.000000 -0.000000 -9.103599 -0.043045 -1.865133 -0.000000 0.017917 -0.000000 -0.000004 -0.025390 -0.000003 0.000003 -0.012910 0.000003 0.000000 0.000000 0.000000 -8.076683 -0.486680 -3.806278 0.000000 0.059620 -0.000517 0.000001 0.097000 0.000017 -0.000004 -0.056907 0.000003 -0.000000 0.000000 -0.000000 4.570447 11.014723 -2.160855 -0.000007 -0.000002 -0.000015 0.000002 0.000103 0.000118 -0.000007 -0.000007 0.000007 28.328836 -0.000029 0.000017 0.000020 -0.000089 0.000000 2.466128 -1.576189 2.681733 0.271163 0.622431 0.149618 3.217803 -1.872061 1.916485 -0.380683 -0.867292 -0.214332 2.656008 -1.528832 1.514505 -0.280440 -0.641565 -0.159358 2.020883 -1.154066 1.115133 -0.000000 0.000002 -0.000004 9.109305 -0.518042 2.259871 0.000012 -0.005107 0.000093 -0.000008 0.012007 0.000014 -0.000002 -0.007600 -0.000003 -0.000000 -0.000000 0.000000 9.533409 0.000036 0.000044 0.000003 -0.003600 -0.000007 -0.000005 0.002400 0.000007 0.000012 0.002400 -0.000000 0.000000 -0.000000 -0.000000 9.104532 -0.043031 -1.865075 0.000007 0.000700 0.000097 -0.000005 0.000000 -0.000003 0.000010 0.000014 -0.000003 2.644325 0.000031 0.000057 0.000000 -0.000000 -0.000000 8.077785 -0.486864 -3.806258 0.000013 0.234300 -0.000586 -0.000002 -0.024114 0.000086 0.000003 -0.007673 -0.000010 0.000000 -0.000000 -0.000000 -8.207788 -6.751659 -1.599560 -0.077008 -0.000003 0.000080 0.153719 -0.000000 -0.000000 -0.076703 0.000000 -0.000002 -0.000005 -8.728669 10.710563 0.000005 -0.000000 -0.000000 -0.000001 -0.000676 9.278122 -0.000000 0.000000 -0.000000 8.207791 -6.751703 -1.599556 -0.074517 -0.000003 0.000081 0.148830 0.000002 0.000000 -0.074309 0.000000 -0.000002 -0.000003 -8.728670 10.710560 0.000005 -0.000000 -0.000000 -0.000001 -0.000677 9.278137 0.000003 0.000000 -0.000000 
0.000006 104.270470 1.554256 0.000021 0.000003 -0.000113 -0.000005 10.181587 0.131521 0.000002 -0.000003 0.000084 -0.000000 9.893967 -1.470709 -0.000000 0.000000 -0.000000 -0.000000 0.000000 -0.000000 0.000001 16.740417 -2.049035 0.000000 -0.000000 -0.000000 0.000000 9.617874 1.685008 -0.000000 -0.000000 0.000000 0.000002 22.037354 7.501098 -0.000000 -0.000000 -0.000000 -4.569969 11.014894 -2.160884 0.000005 0.000003 -0.000023 -0.000052 0.000030 0.000011 -27.841520 0.000017 0.000005 -0.000010 0.000001 -0.000003 -28.328836 0.000017 0.000026 -0.000321 -0.000044 0.000010 -2.464817 -1.573966 2.681851 0.314112 -0.720934 -0.172575 -3.215199 -1.872762 1.924284 -0.432457 0.981326 0.240527 -2.654858 -1.527961 1.512612 -0.323118 0.728901 0.173694 0.000001 0.000001 0.000003 -9.108281 -0.517861 2.259837 -0.000007 -0.018787 0.000103 0.000005 0.029297 -0.000007 -0.000005 -0.010093 -0.000003 0.000000 0.000000 -0.000000 -9.532506 -0.000003 -0.000022 -0.000004 -0.057494 0.000110 -0.000001 0.097407 -0.000010 0.000002 -0.036900 -0.000003 -0.000000 0.000000 -0.000000 -9.103599 -0.043045 -1.865133 -0.000000 0.017917 -0.000000 -0.000004 -0.025390 -0.000003 0.000003 -0.012910 0.000003 0.000000 0.000000 0.000000 -8.076683 -0.486680 -3.806278 0.000000 0.059620 -0.000517 0.000001 0.097000 0.000017 -0.000004 -0.056907 0.000003 -0.000000 0.000000 -0.000000 4.570447 11.014723 -2.160855 -0.000007 -0.000002 -0.000015 0.000002 0.000103 0.000118 -0.000007 -0.000007 0.000007 28.328836 -0.000029 0.000017 0.000020 -0.000089 0.000000 2.466128 -1.576189 2.681733 0.271163 0.622431 0.149618 3.217803 -1.872061 1.916485 -0.380683 -0.867292 -0.214332 2.656008 -1.528832 1.514505 -0.280440 -0.641565 -0.159358 2.020883 -1.154066 1.115133 -0.000000 0.000002 -0.000004 9.109305 -0.518042 2.259871 0.000012 -0.005107 0.000093 -0.000008 0.012007 0.000014 -0.000002 -0.007600 -0.000003 -0.000000 -0.000000 0.000000 9.533409 0.000036 0.000044 0.000003 -0.003600 -0.000007 -0.000005 0.002400 0.000007 0.000012 0.002400 -0.000000 0.000000 -0.000000 -0.000000 9.104532 -0.043031 -1.865075 0.000007 0.000700 0.000097 -0.000005 0.000000 -0.000003 0.000010 0.000014 -0.000003 2.644325 0.000031 0.000057 0.000000 -0.000000 -0.000000 8.077785 -0.486864 -3.806258 0.000013 0.234300 -0.000586 -0.000002 -0.024114 0.000086 0.000003 -0.007673 -0.000010 0.000000 -0.000000 -0.000000 -8.207788 -6.751659 -1.599560 -0.077008 -0.000003 0.000080 0.153719 -0.000000 -0.000000 -0.076703 0.000000 -0.000002 -0.000005 -8.728669 10.710563 0.000005 -0.000000 -0.000000 -0.000001 -0.000676 9.278122 -0.000000 0.000000 -0.000000 8.207791 -6.751703 -1.599556 -0.074517 -0.000003 0.000081 0.148830 0.000002 0.000000 -0.074309 0.000000 -0.000002 -0.000003 -8.728670 10.710560 0.000005 -0.000000 -0.000000 -0.000001 -0.000677 9.278137 0.000003 0.000000 -0.000000 
0.000006 104.270470 1.554256 0.000021 0.000003 -0.000113 -0.000005 10.181587 0.131521 0.000002 -0.000003 0.000084 -0.000000 9.893967 -1.470709 -0.000000 0.000000 -0.000000 -0.000000 0.000000 -0.000000 0.000001 16.740417 -2.049035 0.000000 -0.000000 -0.000000 0.000000 9.617874 1.685008 -0.000000 -0.000000 0.000000 0.000002 22.037354 7.501098 -0.000000 -0.000000 -0.000000 -4.569969 11.014894 -2.160884 0.000005 0.000003 -0.000023 -0.000052 0.000030 0.000011 -27.841520 0.000017 0.000005 -0.000010 0.000001 -0.000003 -28.328836 0.000017 0.000026 -0.000321 -0.000044 0.000010 -2.464817 -1.573966 2.681851 0.314112 -0.720934 -0.172575 -3.215199 -1.872762 1.924284 -0.432457 0.981326 0.240527 -2.654858 -1.527961 1.512612 -0.323118 0.728901 0.173694 0.000001 0.000001 0.000003 -9.108281 -0.517861 2.259837 -0.000007 -0.018787 0.000103 0.000005 0.029297 -0.000007 -0.000005 -0.010093 -0.000003 0.000000 0.000000 -0.000000 -9.532506 -0.000003 -0.000022 -0.000004 -0.057494 0.000110 -0.000001 0.097407 -0.000010 0.000002 -0.036900 -0.000003 -0.000000 0.000000 -0.000000 -9.103599 -0.043045 -1.865133 -0.000000 0.017917 -0.000000 -0.000004 -0.025390 -0.000003 0.000003 -0.012910 0.000003 0.000000 0.000000 0.000000 -8.076683 -0.486680 -3.806278 0.000000 0.059620 -0.000517 0.000001 0.097000 0.000017 -0.000004 -0.056907 0.000003 -0.000000 0.000000 -0.000000 4.570447 11.014723 -2.160855 -0.000007 -0.000002 -0.000015 0.000002 0.000103 0.000118 -0.000007 -0.000007 0.000007 28.328836 -0.000029 0.000017 0.000020 -0.000089 0.000000 2.466128 -1.576189 2.681733 0.271163 0.622431 0.149618 3.217803 -1.872061 1.916485 -0.380683 -0.867292 -0.214332 2.656008 -1.528832 1.514505 -0.280440 -0.641565 -0.159358 2.020883 -1.154066 1.115133 -0.000000 0.000002 -0.000004 9.109305 -0.518042 2.259871 0.000012 -0.005107 0.000093 -0.000008 0.012007 0.000014 -0.000002 -0.007600 -0.000003 -0.000000 -0.000000 0.000000 9.533409 0.000036 0.000044 0.000003 -0.003600 -0.000007 -0.000005 0.002400 0.000007 0.000012 0.002400 -0.000000 0.000000 -0.000000 -0.000000 9.104532 -0.043031 -1.865075 0.000007 0.000700 0.000097 -0.000005 0.000000 -0.000003 0.000010 0.000014 -0.000003 2.644325 0.000031 0.000057 0.000000 -0.000000 -0.000000 8.077785 -0.486864 -3.806258 0.000013 0.234300 -0.000586 -0.000002 -0.024114 0.000086 0.000003 -0.007673 -0.000010 0.000000 -0.000000 -0.000000 -8.207788 -6.751659 -1.599560 -0.077008 -0.000003 0.000080 0.153719 -0.000000 -0.000000 -0.076703 0.000000 -0.000002 -0.000005 -8.728669 10.710563 0.000005 -0.000000 -0.000000 -0.000001 -0.000676 9.278122 -0.000000 0.000000 -0.000000 8.207791 -6.751703 -1.599556 -0.074517 -0.000003 0.000081 0.148830 0.000002 0.000000 -0.074309 0.000000 -0.000002 -0.000003 -8.728670 10.710560 0.000005 -0.000000 -0.000000 -0.000001 -0.000677 9.278137 0.000003 0.000000 -0.000000 
0.000006 104.270470 1.554256 0.000021 0.000003 -0.000113 -0.000005 10.181587 0.131521 0.000002 -0.000003 0.000084 -0.000000 9.893967 -1.470709 -0.000000 0.000000 -0.000000 -0.000000 0.000000 -0.000000 0.000001 16.740417 -2.049035 0.000000 -0.000000 -0.000000 0.000000 9.617874 1.685008 -0.000000 -0.000000 0.000000 0.000002 22.037354 7.501098 -0.000000 -0.000000 -0.000000 -4.569969 11.014894 -2.160884 0.000005 0.000003 -0.000023 -0.000052 0.000030 0.000011 -27.841520 0.000017 0.000005 -0.000010 0.000001 -0.000003 -28.328836 0.000017 0.000026 -0.000321 -0.000044 0.000010 -2.464817 -1.573966 2.681851 0.314112 -0.720934 -0.172575 -3.215199 -1.872762 1.924284 -0.432457 0.981326 0.240527 -2.654858 -1.527961 1.512612 -0.323118 0.728901 0.173694 0.000001 0.000001 0.000003 -9.108281 -0.517861 2.259837 -0.000007 -0.018787 0.000103 0.000005 0.029297 -0.000007 -0.000005 -0.010093 -0.000003 0.000000 0.000000 -0.000000 -9.532506 -0.000003 -0.000022 -0.000004 -0.057494 0.000110 -0.000001 0.097407 -0.000010 0.000002 -0.036900 -0.000003 -0.000000 0.000000 -0.000000 -9.103599 -0.043045 -1.865133 -0.000000 0.017917 -0.000000 -0.000004 -0.025390 -0.000003 0.000003 -0.012910 0.000003 0.000000 0.000000 0.000000 -8.076683 -0.486680 -3.806278 0.000000 0.059620 -0.000517 0.000001 0.097000 0.000017 -0.000004 -0.056907 0.000003 -0.000000 0.000000 -0.000000 4.570447 11.014723 -2.160855 -0.000007 -0.000002 -0.000015 0.000002 0.000103 0.000118 -0.000007 -0.000007 0.000007 28.328836 -0.000029 0.000017 0.000020 -0.000089 0.000000 2.466128 -1.576189 2.681733 0.271163 0.622431 0.149618 3.217803 -1.872061 1.916485 -0.380683 -0.867292 -0.214332 2.656008 -1.528832 1.514505 -0.280440 -0.641565 -0.159358 2.020883 -1.154066 1.115133 -0.000000 0.000002 -0.000004 9.109305 -0.518042 2.259871 0.000012 -0.005107 0.000093 -0.000008 0.012007 0.000014 -0.000002 -0.007600 -0.000003 -0.000000 -0.000000 0.000000 9.533409 0.000036 0.000044 0.000003 -0.003600 -0.000007 -0.000005 0.002400 0.000007 0.000012 0.002400 -0.000000 0.000000 -0.000000 -0.000000 9.104532 -0.043031 -1.865075 0.000007 0.000700 0.000097 -0.000005 0.000000 -0.000003 0.000010 0.000014 -0.000003 2.644325 0.000031 0.000057 0.000000 -0.000000 -0.000000 8.077785 -0.486864 -3.806258 0.000013 0.234300 -0.000586 -0.000002 -0.024114 0.000086 0.000003 -0.007673 -0.000010 0.000000 -0.000000 -0.000000 -8.207788 -6.751659 -1.599560 -0.077008 -0.000003 0.000080 0.153719 -0.000000 -0.000000 -0.076703 0.000000 -0.000002 -0.000005 -8.728669 10.710563 0.000005 -0.000000 -0.000000 -0.000001 -0.000676 9.278122 -0.000000 0.000000 -0.000000 8.207791 -6.751703 -1.599556 -0.074517 -0.000003 0.000081 0.148830 0.000002 0.000000 -0.074309 0.000000 -0.000002 -0.000003 -8.728670 10.710560 0.000005 -0.000000 -0.000000 -0.000001 -0.000677 9.278137 0.000003 0.000000 -0.000000 
0.000006 104.270470 1.554256 0.000021 0.000003 -0.000113 -0.000005 10.181587 0.131521 0.000002 -0.000003 0.000084 -0.000000 9.893967 -1.470709 -0.000000 0.000000 -0.000000 -0.000000 0.000000 -0.000000 0.000001 16.740417 -2.049035 0.000000 -0.000000 -0.000000 0.000000 9.617874 1.685008 -0.000000 -0.000000 0.000000 0.000002 22.037354 7.501098 -0.000000 -0.000000 -0.000000 -4.569969 11.014894 -2.160884 0.000005 0.000003 -0.000023 -0.000052 0.000030 0.000011 -27.841520 0.000017 0.000005 -0.000010 0.000001 -0.000003 -28.328836 0.000017 0.000026 -0.000321 -0.000044 0.000010 -2.464817 -1.573966 2.681851 0.314112 -0.720934 -0.172575 -3.215199 -1.872762 1.924284 -0.432457 0.981326 0.240527 -2.654858 -1.527961 1.512612 -0.323118 0.728901 0.173694 0.000001 0.000001 0.000003 -9.108281 -0.517861 2.259837 -0.000007 -0.018787 0.000103 0.000005 0.029297 -0.000007 -0.000005 -0.010093 -0.000003 0.000000 0.000000 -0.000000 -9.532506 -0.000003 -0.000022 -0.000004 -0.057494 0.000110 -0.000001 0.097407 -0.000010 0.000002 -0.036900 -0.000003 -0.000000 0.000000 -0.000000 -9.103599 -0.043045 -1.865133 -0.000000 0.017917 -0.000000 -0.000004 -0.025390 -0.000003 0.000003 -0.012910 0.000003 0.000000 0.000000 0.000000 -8.076683 -0.486680 -3.806278 0.000000 0.059620 -0.000517 0.000001 0.097000 0.000017 -0.000004 -0.056907 0.000003 -0.000000 0.000000 -0.000000 4.570447 11.014723 -2.160855 -0.000007 -0.000002 -0.000015 0.000002 0.000103 0.000118 -0.000007 -0.000007 0.000007 28.328836 -0.000029 0.000017 0.000020 -0.000089 0.000000 2.466128 -1.576189 2.681733 0.271163 0.622431 0.149618 3.217803 -1.872061 1.916485 -0.380683 -0.867292 -0.214332 2.656008 -1.528832 1.514505 -0.280440 -0.641565 -0.159358 2.020883 -1.154066 1.115133 -0.000000 0.000002 -0.000004 9.109305 -0.518042 2.259871 0.000012 -0.005107 0.000093 -0.000008 0.012007 0.000014 -0.000002 -0.007600 -0.000003 -0.000000 -0.000000 0.000000 9.533409 0.000036 0.000044 0.000003 -0.003600 -0.000007 -0.000005 0.002400 0.000007 0.000012 0.002400 -0.000000 0.000000 -0.000000 -0.000000 9.104532 -0.043031 -1.865075 0.000007 0.000700 0.000097 -0.000005 0.000000 -0.000003 0.000010 0.000014 -0.000003 2.644325 0.000031 0.000057 0.000000 -0.000000 -0.000000 8.077785 -0.486864 -3.806258 0.000013 0.234300 -0.000586 -0.000002 -0.024114 0.000086 0.000003 -0.007673 -0.000010 0.000000 -0.000000 -0.000000 -8.207788 -6.751659 -1.599560 -0.077008 -0.000003 0.000080 0.153719 -0.000000 -0.000000 -0.076703 0.000000 -0.000002 -0.000005 -8.728669 10.710563 0.000005 -0.000000 -0.000000 -0.000001 -0.000676 9.278122 -0.000000 0.000000 -0.000000 8.207791 -6.751703 -1.599556 -0.074517 -0.000003 0.000081 0.148830 0.000002 0.000000 -0.074309 0.000000 -0.000002 -0.000003 -8.728670 10.710560 0.000005 -0.000000 -0.000000 -0.000001 -0.000677 9.278137 0.000003 0.000000 -0.000000 
0.000006 104.270470 1.554256 0.000021 0.000003 -0.000113 -0.000005 10.181587 0.131521 0.000002 -0.000003 0.000084 -0.000000 9.893967 -1.470709 -0.000000 0.000000 -0.000000 -0.000000 0.000000 -0.000000 0.000001 16.740417 -2.049035 0.000000 -0.000000 -0.000000 0.000000 9.617874 1.685008 -0.000000 -0.000000 0.000000 0.000002 22.037354 7.501098 -0.000000 -0.000000 -0.000000 -4.569969 11.014894 -2.160884 0.000005 0.000003 -0.000023 -0.000052 0.000030 0.000011 -27.841520 0.000017 0.000005 -0.000010 0.000001 -0.000003 -28.328836 0.000017 0.000026 -0.000321 -0.000044 0.000010 -2.464817 -1.573966 2.681851 0.314112 -0.720934 -0.172575 -3.215199 -1.872762 1.924284 -0.432457 0.981326 0.240527 -2.654858 -1.527961 1.512612 -0.323118 0.728901 0.173694 0.000001 0.000001 0.000003 -9.108281 -0.517861 2.259837 -0.000007 -0.018787 0.000103 0.000005 0.029297 -0.000007 -0.000005 -0.010093 -0.000003 0.000000 0.000000 -0.000000 -9.532506 -0.000003 -0.000022 -0.000004 -0.057494 0.000110 -0.000001 0.097407 -0.000010 0.000002 -0.036900 -0.000003 -0.000000 0.000000 -0.000000 -9.103599 -0.043045 -1.865133 -0.000000 0.017917 -0.000000 -0.000004 -0.025390 -0.000003 0.000003 -0.012910 0.000003 0.000000 0.000000 0.000000 -8.076683 -0.486680 -3.806278 0.000000 0.059620 -0.000517 0.000001 0.097000 0.000017 -0.000004 -0.056907 0.000003 -0.000000 0.000000 -0.000000 4.570447 11.014723 -2.160855 -0.000007 -0.000002 -0.000015 0.000002 0.000103 0.000118 -0.000007 -0.000007 0.000007 28.328836 -0.000029 0.000017 0.000020 -0.000089 0.000000 2.466128 -1.576189 2.681733 0.271163 0.622431 0.149618 3.217803 -1.872061 1.916485 -0.380683 -0.867292 -0.214332 2.656008 -1.528832 1.514505 -0.280440 -0.641565 -0.159358 2.020883 -1.154066 1.115133 -0.000000 0.000002 -0.000004 9.109305 -0.518042 2.259871 0.000012 -0.005107 0.000093 -0.000008 0.012007 0.000014 -0.000002 -0.007600 -0.000003 -0.000000 -0.000000 0.000000 9.533409 0.000036 0.000044 0.000003 -0.003600 -0.000007 -0.000005 0.002400 0.000007 0.000012 0.002400 -0.000000 0.000000 -0.000000 -0.000000 9.104532 -0.043031 -1.865075 0.000007 0.000700 0.000097 -0.000005 0.000000 -0.000003 0.000010 0.000014 -0.000003 2.644325 0.000031 0.000057 0.000000 -0.000000 -0.000000 8.077785 -0.486864 -3.806258 0.000013 0.234300 -0.000586 -0.000002 -0.024114 0.000086 0.000003 -0.007673 -0.000010 0.000000 -0.000000 -0.000000 -8.207788 -6.751659 -1.599560 -0.077008 -0.000003 0.000080 0.153719 -0.000000 -0.000000 -0.076703 0.000000 -0.000002 -0.000005 -8.728669 10.710563 0.000005 -0.000000 -0.000000 -0.000001 -0.000676 9.278122 -0.000000 0.000000 -0.000000 8.207791 -6.751703 -1.599556 -0.074517 -0.000003 0.000081 0.148830 0.000002 0.000000 -0.074309 0.000000 -0.000002 -0.000003 -8.728670 10.710560 0.000005 -0.000000 -0.000000 -0.000001 -0.000677 9.278137 0.000003 0.000000 -0.000000 
0.000006 104.270470 1.554256 0.000021 0.000003 -0.000113 -0.000005 10.181587 0.131521 0.000002 -0.000003 0.000084 -0.000000 9.893967 -1.470709 -0.000000 0.000000 -0.000000 -0.000000 0.000000 -0.000000 0.000001 16.740417 -2.049035 0.000000 -0.000000 -0.000000 0.000000 9.617874 1.685008 -0.000000 -0.000000 0.000000 0.000002 22.037354 7.501098 -0.000000 -0.000000 -0.000000 -4.569969 11.014894 -2.160884 0.000005 0.000003 -0.000023 -0.000052 0.000030 0.000011 -27.841520 0.000017 0.000005 -0.000010 0.000001 -0.000003 -28.328836 0.000017 0.000026 -0.000321 -0.000044 0.000010 -2.464817 -1.573966 2.681851 0.314112 -0.720934 -0.172575 -3.215199 -1.872762 1.924284 -0.432457 0.981326 0.240527 -2.654858 -1.527961 1.512612 -0.323118 0.728901 0.173694 0.000001 0.000001 0.000003 -9.108281 -0.517861 2.259837 -0.000007 -0.018787 0.000103 0.000005 0.029297 -0.000007 -0.000005 -0.010093 -0.000003 0.000000 0.000000 -0.000000 -9.532506 -0.000003 -0.000022 -0.000004 -0.057494 0.000110 -0.000001 0.097407 -0.000010 0.000002 -0.036900 -0.000003 -0.000000 0.000000 -0.000000 -9.103599 -0.043045 -1.865133 -0.000000 0.017917 -0.000000 -0.000004 -0.025390 -0.000003 0.000003 -0.012910 0.000003 0.000000 0.000000 0.000000 -8.076683 -0.486680 -3.806278 0.000000 0.059620 -0.000517 0.000001 0.097000 0.000017 -0.000004 -0.056907 0.000003 -0.000000 0.000000 -0.000000 4.570447 11.014723 -2.160855 -0.000007 -0.000002 -0.000015 0.000002 0.000103 0.000118 -0.000007 -0.000007 0.000007 28.328836 -0.000029 0.000017 0.000020 -0.000089 0.000000 2.466128 -1.576189 2.681733 0.271163 0.622431 0.149618 3.217803 -1.872061 1.916485 -0.380683 -0.867292 -0.214332 2.656008 -1.528832 1.514505 -0.280440 -0.641565 -0.159358 2.020883 -1.154066 1.115133 -0.000000 0.000002 -0.000004 9.109305 -0.518042 2.259871 0.000012 -0.005107 0.000093 -0.000008 0.012007 0.000014 -0.000002 -0.007600 -0.000003 -0.000000 -0.000000 0.000000 9.533409 0.000036 0.000044 0.000003 -0.003600 -0.000007 -0.000005 0.002400 0.000007 0.000012 0.002400 -0.000000 0.000000 -0.000000 -0.000000 9.104532 -0.043031 -1.865075 0.000007 0.000700 0.000097 -0.000005 0.000000 -0.000003 0.000010 0.000014 -0.000003 2.644325 0.000031 0.000057 0.000000 -0.000000 -0.000000 8.077785 -0.486864 -3.806258 0.000013 0.234300 -0.000586 -0.000002 -0.024114 0.000086 0.000003 -0.007673 -0.000010 0.000000 -0.000000 -0.000000 -8.207788 -6.751659 -1.599560 -0.077008 -0.000003 0.000080 0.153719 -0.000000 -0.000000 -0.076703 0.000000 -0.000002 -0.000005 -8.728669 10.710563 0.000005 -0.000000 -0.000000 -0.000001 -0.000676 9.278122 -0.000000 0.000000 -0.000000 8.207791 -6.751703 -1.599556 -0.074517 -0.000003 0.000081 0.148830 0.000002 0.000000 -0.074309 0.000000 -0.000002 -0.000003 -8.728670 10.710560 0.000005 -0.000000 -0.000000 -0.000001 -0.000677 9.278137 0.000003 0.000000 -0.000000 
0.000006 104.270470 1.554256 0.000021 0.000003 -0.000113 -0.000005 10.181587 0.131521 0.000002 -0.000003 0.000084 -0.000000 9.893967 -1.470709 -0.000000 0.000000 -0.000000 -0.000000 0.000000 -0.000000 0.000001 16.740417 -2.049035 0.000000 -0.000000 -0.000000 0.000000 9.617874 1.685008 -0.000000 -0.000000 0.000000 0.000002 22.037354 7.501098 -0.000000 -0.000000 -0.000000 -4.569969 11.014894 -2.160884 0.000005 0.000003 -0.000023 -0.000052 0.000030 0.000011 -27.841520 0.000017 0.000005 -0.000010 0.000001 -0.000003 -28.328836 0.000017 0.000026 -0.000321 -0.000044 0.000010 -2.464817 -1.573966 2.681851 0.314112 -0.720934 -0.172575 -3.215199 -1.872762 1.924284 -0.432457 0.981326 0.240527 -2.654858 -1.527961 1.512612 -0.323118 0.728901 0.173694 0.000001 0.000001 0.000003 -9.108281 -0.517861 2.259837 -0.000007 -0.018787 0.000103 0.000005 0.029297 -0.000007 -0.000005 -0.010093 -0.000003 0.000000 0.000000 -0.000000 -9.532506 -0.000003 -0.000022 -0.000004 -0.057494 0.000110 -0.000001 0.097407 -0.000010 0.000002 -0.036900 -0.000003 -0.000000 0.000000 -0.000000 -9.103599 -0.043045 -1.865133 -0.000000 0.017917 -0.000000 -0.000004 -0.025390 -0.000003 0.000003 -0.012910 0.000003 0.000000 0.000000 0.000000 -8.076683 -0.486680 -3.806278 0.000000 0.059620 -0.000517 0.000001 0.097000 0.000017 -0.000004 -0.056907 0.000003 -0.000000 0.000000 -0.000000 4.570447 11.014723 -2.160855 -0.000007 -0.000002 -0.000015 0.000002 0.000103 0.000118 -0.000007 -0.000007 0.000007 28.328836 -0.000029 0.000017 0.000020 -0.000089 0.000000 2.466128 -1.576189 2.681733 0.271163 0.622431 0.149618 3.217803 -1.872061 1.916485 -0.380683 -0.867292 -0.214332 2.656008 -1.528832 1.514505 -0.280440 -0.641565 -0.159358 2.020883 -1.154066 1.115133 -0.000000 0.000002 -0.000004 9.109305 -0.518042 2.259871 0.000012 -0.005107 0.000093 -0.000008 0.012007 0.000014 -0.000002 -0.007600 -0.000003 -0.000000 -0.000000 0.000000 9.533409 0.000036 0.000044 0.000003 -0.003600 -0.000007 -0.000005 0.002400 0.000007 0.000012 0.002400 -0.000000 0.000000 -0.000000 -0.000000 9.104532 -0.043031 -1.865075 0.000007 0.000700 0.000097 -0.000005 0.000000 -0.000003 0.000010 0.000014 -0.000003 2.644325 0.000031 0.000057 0.000000 -0.000000 -0.000000 8.077785 -0.486864 -3.806258 0.000013 0.234300 -0.000586 -0.000002 -0.024114 0.000086 0.000003 -0.007673 -0.000010 0.000000 -0.000000 -0.000000 -8.207788 -6.751659 -1.599560 -0.077008 -0.000003 0.000080 0.153719 -0.000000 -0.000000 -0.076703 0.000000 -0.000002 -0.000005 -8.728669 10.710563 0.000005 -0.000000 -0.000000 -0.000001 -0.000676 9.278122 -0.000000 0.000000 -0.000000 8.207791 -6.751703 -1.599556 -0.074517 -0.000003 0.000081 0.148830 0.000002 0.000000 -0.074309 0.000000 -0.000002 -0.000003 -8.728670 10.710560 0.000005 -0.000000 -0.000000 -0.000001 -0.000677 9.278137 0.000003 0.000000 -0.000000 
0.000006 104.270470 1.554256 0.000021 0.000003 -0.000113 -0.000005 10.181587 0.131521 0.000002 -0.000003 0.000084 -0.000000 9.893967 -1.470709 -0.000000 0.000000 -0.000000 -0.000000 0.000000 -0.000000 0.000001 16.740417 -2.049035 0.000000 -0.000000 -0.000000 0.000000 9.617874 1.685008 -0.000000 -0.000000 0.000000 0.000002 22.037354 7.501098 -0.000000 -0.000000 -0.000000 -4.569969 11.014894 -2.160884 0.000005 0.000003 -0.000023 -0.000052 0.000030 0.000011 -27.841520 0.000017 0.000005 -0.000010 0.000001 -0.000003 -28.328836 0.000017 0.000026 -0.000321 -0.000044 0.000010 -2.464817 -1.573966 2.681851 0.314112 -0.720934 -0.172575 -3.215199 -1.872762 1.924284 -0.432457 0.981326 0.240527 -2.654858 -1.527961 1.512612 -0.323118 0.728901 0.173694 0.000001 0.000001 0.000003 -9.108281 -0.517861 2.259837 -0.000007 -0.018787 0.000103 0.000005 0.029297 -0.000007 -0.000005 -0.010093 -0.000003 0.000000 0.000000 -0.000000 -9.532506 -0.000003 -0.000022 -0.000004 -0.057494 0.000110 -0.000001 0.097407 -0.000010 0.000002 -0.036900 -0.000003 -0.000000 0.000000 -0.000000 -9.103599 -0.043045 -1.865133 -0.000000 0.017917 -0.000000 -0.000004 -0.025390 -0.000003 0.000003 -0.012910 0.000003 0.000000 0.000000 0.000000 -8.076683 -0.486680 -3.806278 0.000000 0.059620 -0.000517 0.000001 0.097000 0.000017 -0.000004 -0.056907 0.000003 -0.000000 0.000000 -0.000000 4.570447 11.014723 -2.160855 -0.000007 -0.000002 -0.000015 0.000002 0.000103 0.000118 -0.000007 -0.000007 0.000007 28.328836 -0.000029 0.000017 0.000020 -0.000089 0.000000 2.466128 -1.576189 2.681733 0.271163 0.622431 0.149618 3.217803 -1.872061 1.916485 -0.380683 -0.867292 -0.214332 2.656008 -1.528832 1.514505 -0.280440 -0.641565 -0.159358 2.020883 -1.154066 1.115133 -0.000000 0.000002 -0.000004 9.109305 -0.518042 2.259871 0.000012 -0.005107 0.000093 -0.000008 0.012007 0.000014 -0.000002 -0.007600 -0.000003 -0.000000 -0.000000 0.000000 9.533409 0.000036 0.000044 0.000003 -0.003600 -0.000007 -0.000005 0.002400 0.000007 0.000012 0.002400 -0.000000 0.000000 -0.000000 -0.000000 9.104532 -0.043031 -1.865075 0.000007 0.000700 0.000097 -0.000005 0.000000 -0.000003 0.000010 0.000014 -0.000003 2.644325 0.000031 0.000057 0.000000 -0.000000 -0.000000 8.077785 -0.486864 -3.806258 0.000013 0.234300 -0.000586 -0.000002 -0.024114 0.000086 0.000003 -0.007673 -0.000010 0.000000 -0.000000 -0.000000 -8.207788 -6.751659 -1.599560 -0.077008 -0.000003 0.000080 0.153719 -0.000000 -0.000000 -0.076703 0.000000 -0.000002 -0.000005 -8.728669 10.710563 0.000005 -0.000000 -0.000000 -0.000001 -0.000676 9.278122 -0.000000 0.000000 -0.000000 8.207791 -6.751703 -1.599556 -0.074517 -0.000003 0.000081 0.148830 0.000002 0.000000 -0.074309 0.000000 -0.000002 -0.000003 -8.728670 10.710560 0.000005 -0.000000 -0.000000 -0.000001 -0.000677 9.278137 0.000003 0.000000 -0.000000 
0.000006 104.270470 1.554256 0.000021 0.000003 -0.000113 -0.000005 10.181587 0.131521 0.000002 -0.000003 0.000084 -0.000000 9.893967 -1.470709 -0.000000 0.000000 -0.000000 -0.000000 0.000000 -0.000000 0.000001 16.740417 -2.049035 0.000000 -0.000000 -0.000000 0.000000 9.617874 1.685008 -0.000000 -0.000000 0.000000 0.000002 22.037354 7.501098 -0.000000 -0.000000 -0.000000 -4.569969 11.014894 -2.160884 0.000005 0.000003 -0.000023 -0.000052 0.000030 0.000011 -27.841520 0.000017 0.000005 -0.000010 0.000001 -0.000003 -28.328836 0.000017 0.000026 -0.000321 -0.000044 0.000010 -2.464817 -1.573966 2.681851 0.314112 -0.720934 -0.172575 -3.215199 -1.872762 1.924284 -0.432457 0.981326 0.240527 -2.654858 -1.527961 1.512612 -0.323118 0.728901 0.173694 0.000001 0.000001 0.000003 -9.108281 -0.517861 2.259837 -0.000007 -0.018787 0.000103 0.000005 0.029297 -0.000007 -0.000005 -0.010093 -0.000003 0.000000 0.000000 -0.000000 -9.532506 -0.000003 -0.000022 -0.000004 -0.057494 0.000110 -0.000001 0.097407 -0.000010 0.000002 -0.036900 -0.000003 -0.000000 0.000000 -0.000000 -9.103599 -0.043045 -1.865133 -0.000000 0.017917 -0.000000 -0.000004 -0.025390 -0.000003 0.000003 -0.012910 0.000003 0.000000 0.000000 0.000000 -8.076683 -0.486680 -3.806278 0.000000 0.059620 -0.000517 0.000001 0.097000 0.000017 -0.000004 -0.056907 0.000003 -0.000000 0.000000 -0.000000 4.570447 11.014723 -2.160855 -0.000007 -0.000002 -0.000015 0.000002 0.000103 0.000118 -0.000007 -0.000007 0.000007 28.328836 -0.000029 0.000017 0.000020 -0.000089 0.000000 2.466128 -1.576189 2.681733 0.271163 0.622431 0.149618 3.217803 -1.872061 1.916485 -0.380683 -0.867292 -0.214332 2.656008 -1.528832 1.514505 -0.280440 -0.641565 -0.159358 2.020883 -1.154066 1.115133 -0.000000 0.000002 -0.000004 9.109305 -0.518042 2.259871 0.000012 -0.005107 0.000093 -0.000008 0.012007 0.000014 -0.000002 -0.007600 -0.000003 -0.000000 -0.000000 0.000000 9.533409 0.000036 0.000044 0.000003 -0.003600 -0.000007 -0.000005 0.002400 0.000007 0.000012 0.002400 -0.000000 0.000000 -0.000000 -0.000000 9.104532 -0.043031 -1.865075 0.000007 0.000700 0.000097 -0.000005 0.000000 -0.000003 0.000010 0.000014 -0.000003 2.644325 0.000031 0.000057 0.000000 -0.000000 -0.000000 8.077785 -0.486864 -3.806258 0.000013 0.234300 -0.000586 -0.000002 -0.024114 0.000086 0.000003 -0.007673 -0.000010 0.000000 -0.000000 -0.000000 -8.207788 -6.751659 -1.599560 -0.077008 -0.000003 0.000080 0.153719 -0.000000 -0.000000 -0.076703 0.000000 -0.000002 -0.000005 -8.728669 10.710563 0.000005 -0.000000 -0.000000 -0.000001 -0.000676 9.278122 -0.000000 0.000000 -0.000000 8.207791 -6.751703 -1.599556 -0.074517 -0.000003 0.000081 0.148830 0.000002 0.000000 -0.074309 0.000000 -0.000002 -0.000003 -8.728670 10.710560 0.000005 -0.000000 -0.000000 -0.000001 -0.000677 9.278137 0.000003 0.000000 -0.000000 
0.000006 104.270470 1.554256 0.000021 0.000003 -0.000113 -0.000005 10.181587 0.131521 0.000002 -0.000003 0.000084 -0.000000 9.893967 -1.470709 -0.000000 0.000000 -0.000000 -0.000000 0.000000 -0.000000 0.000001 16.740417 -2.049035 0.000000 -0.000000 -0.000000 0.000000 9.617874 1.685008 -0.000000 -0.000000 0.000000 0.000002 22.037354 7.501098 -0.000000 -0.000000 -0.000000 -4.569969 11.014894 -2.160884 0.000005 0.000003 -0.000023 -0.000052 0.000030 0.000011 -27.841520 0.000017 0.000005 -0.000010 0.000001 -0.000003 -28.328836 0.000017 0.000026 -0.000321 -0.000044 0.000010 -2.464817 -1.573966 2.681851 0.314112 -0.720934 -0.172575 -3.215199 -1.872762 1.924284 -0.432457 0.981326 0.240527 -2.654858 -1.527961 1.512612 -0.323118 0.728901 0.173694 0.000001 0.000001 0.000003 -9.108281 -0.517861 2.259837 -0.000007 -0.018787 0.000103 0.000005 0.029297 -0.000007 -0.000005 -0.010093 -0.000003 0.000000 0.000000 -0.000000 -9.532506 -0.000003 -0.000022 -0.000004 -0.057494 0.000110 -0.000001 0.097407 -0.000010 0.000002 -0.036900 -0.000003 -0.000000 0.000000 -0.000000 -9.103599 -0.043045 -1.865133 -0.000000 0.017917 -0.000000 -0.000004 -0.025390 -0.000003 0.000003 -0.012910 0.000003 0.000000 0.000000 0.000000 -8.076683 -0.486680 -3.806278 0.000000 0.059620 -0.000517 0.000001 0.097000 0.000017 -0.000004 -0.056907 0.000003 -0.000000 0.000000 -0.000000 4.570447 11.014723 -2.160855 -0.000007 -0.000002 -0.000015 0.000002 0.000103 0.000118 -0.000007 -0.000007 0.000007 28.328836 -0.000029 0.000017 0.000020 -0.000089 0.000000 2.466128 -1.576189 2.681733 0.271163 0.622431 0.149618 3.217803 -1.872061 1.916485 -0.380683 -0.867292 -0.214332 2.656008 -1.528832 1.514505 -0.280440 -0.641565 -0.159358 2.020883 -1.154066 1.115133 -0.000000 0.000002 -0.000004 9.109305 -0.518042 2.259871 0.000012 -0.005107 0.000093 -0.000008 0.012007 0.000014 -0.000002 -0.007600 -0.000003 -0.000000 -0.000000 0.000000 9.533409 0.000036 0.000044 0.000003 -0.003600 -0.000007 -0.000005 0.002400 0.000007 0.000012 0.002400 -0.000000 0.000000 -0.000000 -0.000000 9.104532 -0.043031 -1.865075 0.000007 0.000700 0.000097 -0.000005 0.000000 -0.000003 0.000010 0.000014 -0.000003 2.644325 0.000031 0.000057 0.000000 -0.000000 -0.000000 8.077785 -0.486864 -3.806258 0.000013 0.234300 -0.000586 -0.000002 -0.024114 0.000086 0.000003 -0.007673 -0.000010 0.000000 -0.000000 -0.000000 -8.207788 -6.751659 -1.599560 -0.077008 -0.000003 0.000080 0.153719 -0.000000 -0.000000 -0.076703 0.000000 -0.000002 -0.000005 -8.728669 10.710563 0.000005 -0.000000 -0.000000 -0.000001 -0.000676 9.278122 -0.000000 0.000000 -0.000000 8.207791 -6.751703 -1.599556 -0.074517 -0.000003 0.000081 0.148830 0.000002 0.000000 -0.074309 0.000000 -0.000002 -0.000003 -8.728670 10.710560 0.000005 -0.000000 -0.000000 -0.000001 -0.000677 9.278137 0.000003 0.000000 -0.000000 
0.000006 104.270470 1.554256 0.000021 0.000003 -0.000113 -0.000005 10.181587 0.131521 0.000002 -0.000003 0.000084 -0.000000 9.893967 -1.470709 -0.000000 0.000000 -0.000000 -0.000000 0.000000 -0.000000 0.000001 16.740417 -2.049035 0.000000 -0.000000 -0.000000 0.000000 9.617874 1.685008 -0.000000 -0.000000 0.000000 0.000002 22.037354 7.501098 -0.000000 -0.000000 -0.000000 -4.569969 11.014894 -2.160884 0.000005 0.000003 -0.000023 -0.000052 0.000030 0.000011 -27.841520 0.000017 0.000005 -0.000010 0.000001 -0.000003 -28.328836 0.000017 0.000026 -0.000321 -0.000044 0.000010 -2.464817 -1.573966 2.681851 0.314112 -0.720934 -0.172575 -3.215199 -1.872762 1.924284 -0.432457 0.981326 0.240527 -2.654858 -1.527961 1.512612 -0.323118 0.728901 0.173694 0.000001 0.000001 0.000003 -9.108281 -0.517861 2.259837 -0.000007 -0.018787 0.000103 0.000005 0.029297 -0.000007 -0.000005 -0.010093 -0.000003 0.000000 0.000000 -0.000000 -9.532506 -0.000003 -0.000022 -0.000004 -0.057494 0.000110 -0.000001 0.097407 -0.000010 0.000002 -0.036900 -0.000003 -0.000000 0.000000 -0.000000 -9.103599 -0.043045 -1.865133 -0.000000 0.017917 -0.000000 -0.000004 -0.025390 -0.000003 0.000003 -0.012910 0.000003 0.000000 0.000000 0.000000 -8.076683 -0.486680 -3.806278 0.000000 0.059620 -0.000517 0.000001 0.097000 0.000017 -0.000004 -0.056907 0.000003 -0.000000 0.000000 -0.000000 4.570447 11.014723 -2.160855 -0.000007 -0.000002 -0.000015 0.000002 0.000103 0.000118 -0.000007 -0.000007 0.000007 28.328836 -0.000029 0.000017 0.000020 -0.000089 0.000000 2.466128 -1.576189 2.681733 0.271163 0.622431 0.149618 3.217803 -1.872061 1.916485 -0.380683 -0.867292 -0.214332 2.656008 -1.528832 1.514505 -0.280440 -0.641565 -0.159358 2.020883 -1.154066 1.115133 -0.000000 0.000002 -0.000004 9.109305 -0.518042 2.259871 0.000012 -0.005107 0.000093 -0.000008 0.012007 0.000014 -0.000002 -0.007600 -0.000003 -0.000000 -0.000000 0.000000 9.533409 0.000036 0.000044 0.000003 -0.003600 -0.000007 -0.000005 0.002400 0.000007 0.000012 0.002400 -0.000000 0.000000 -0.000000 -0.000000 9.104532 -0.043031 -1.865075 0.000007 0.000700 0.000097 -0.000005 0.000000 -0.000003 0.000010 0.000014 -0.000003 2.644325 0.000031 0.000057 0.000000 -0.000000 -0.000000 8.077785 -0.486864 -3.806258 0.000013 0.234300 -0.000586 -0.000002 -0.024114 0.000086 0.000003 -0.007673 -0.000010 0.000000 -0.000000 -0.000000 -8.207788 -6.751659 -1.599560 -0.077008 -0.000003 0.000080 0.153719 -0.000000 -0.000000 -0.076703 0.000000 -0.000002 -0.000005 -8.728669 10.710563 0.000005 -0.000000 -0.000000 -0.000001 -0.000676 9.278122 -0.000000 0.000000 -0.000000 8.207791 -6.751703 -1.599556 -0.074517 -0.000003 0.000081 0.148830 0.000002 0.000000 -0.074309 0.000000 -0.000002 -0.000003 -8.728670 10.710560 0.000005 -0.000000 -0.000000 -0.000001 -0.000677 9.278137 0.000003 0.000000 -0.000000 
0.000006 104.270470 1.554256 0.000021 0.000003 -0.000113 -0.000005 10.181587 0.131521 0.000002 -0.000003 0.000084 -0.000000 9.893967 -1.470709 -0.000000 0.000000 -0.000000 -0.000000 0.000000 -0.000000 0.000001 16.740417 -2.049035 0.000000 -0.000000 -0.000000 0.000000 9.617874 1.685008 -0.000000 -0.000000 0.000000 0.000002 22.037354 7.501098 -0.000000 -0.000000 -0.000000 -4.569969 11.014894 -2.160884 0.000005 0.000003 -0.000023 -0.000052 0.000030 0.000011 -27.841520 0.000017 0.000005 -0.000010 0.000001 -0.000003 -28.328836 0.000017 0.000026 -0.000321 -0.000044 0.000010 -2.464817 -1.573966 2.681851 0.314112 -0.720934 -0.172575 -3.215199 -1.872762 1.924284 -0.432457 0.981326 0.240527 -2.654858 -1.527961 1.512612 -0.323118 0.728901 0.173694 0.000001 0.000001 0.000003 -9.108281 -0.517861 2.259837 -0.000007 -0.018787 0.000103 0.000005 0.029297 -0.000007 -0.000005 -0.010093 -0.000003 0.000000 0.000000 -0.000000 -9.532506 -0.000003 -0.000022 -0.000004 -0.057494 0.000110 -0.000001 0.097407 -0.000010 0.000002 -0.036900 -0.000003 -0.000000 0.000000 -0.000000 -9.103599 -0.043045 -1.865133 -0.000000 0.017917 -0.000000 -0.000004 -0.025390 -0.000003 0.000003 -0.012910 0.000003 0.000000 0.000000 0.000000 -8.076683 -0.486680 -3.806278 0.000000 0.059620 -0.000517 0.000001 0.097000 0.000017 -0.000004 -0.056907 0.000003 -0.000000 0.000000 -0.000000 4.570447 11.014723 -2.160855 -0.000007 -0.000002 -0.000015 0.000002 0.000103 0.000118 -0.000007 -0.000007 0.000007 28.328836 -0.000029 0.000017 0.000020 -0.000089 0.000000 2.466128 -1.576189 2.681733 0.271163 0.622431 0.149618 3.217803 -1.872061 1.916485 -0.380683 -0.867292 -0.214332 2.656008 -1.528832 1.514505 -0.280440 -0.641565 -0.159358 2.020883 -1.154066 1.115133 -0.000000 0.000002 -0.000004 9.109305 -0.518042 2.259871 0.000012 -0.005107 0.000093 -0.000008 0.012007 0.000014 -0.000002 -0.007600 -0.000003 -0.000000 -0.000000 0.000000 9.533409 0.000036 0.000044 0.000003 -0.003600 -0.000007 -0.000005 0.002400 0.000007 0.000012 0.002400 -0.000000 0.000000 -0.000000 -0.000000 9.104532 -0.043031 -1.865075 0.000007 0.000700 0.000097 -0.000005 0.000000 -0.000003 0.000010 0.000014 -0.000003 2.644325 0.000031 0.000057 0.000000 -0.000000 -0.000000 8.077785 -0.486864 -3.806258 0.000013 0.234300 -0.000586 -0.000002 -0.024114 0.000086 0.000003 -0.007673 -0.000010 0.000000 -0.000000 -0.000000 -8.207788 -6.751659 -1.599560 -0.077008 -0.000003 0.000080 0.153719 -0.000000 -0.000000 -0.076703 0.000000 -0.000002 -0.000005 -8.728669 10.710563 0.000005 -0.000000 -0.000000 -0.000001 -0.000676 9.278122 -0.000000 0.000000 -0.000000 8.207791 -6.751703 -1.599556 -0.074517 -0.000003 0.000081 0.148830 0.000002 0.000000 -0.074309 0.000000 -0.000002 -0.000003 -8.728670 10.710560 0.000005 -0.000000 -0.000000 -0.000001 -0.000677 9.278137 0.000003 0.000000 -0.000000 
0.000006 104.270470 1.554256 0.000021 0.000003 -0.000113 -0.000005 10.181587 0.131521 0.000002 -0.000003 0.000084 -0.000000 9.893967 -1.470709 -0.000000 0.000000 -0.000000 -0.000000 0.000000 -0.000000 0.000001 16.740417 -2.049035 0.000000 -0.000000 -0.000000 0.000000 9.617874 1.685008 -0.000000 -0.000000 0.000000 0.000002 22.037354 7.501098 -0.000000 -0.000000 -0.000000 -4.569969 11.014894 -2.160884 0.000005 0.000003 -0.000023 -0.000052 0.000030 0.000011 -27.841520 0.000017 0.000005 -0.000010 0.000001 -0.000003 -28.328836 0.000017 0.000026 -0.000321 -0.000044 0.000010 -2.464817 -1.573966 2.681851 0.314112 -0.720934 -0.172575 -3.215199 -1.872762 1.924284 -0.432457 0.981326 0.240527 -2.654858 -1.527961 1.512612 -0.323118 0.728901 0.173694 0.000001 0.000001 0.000003 -9.108281 -0.517861 2.259837 -0.000007 -0.018787 0.000103 0.000005 0.029297 -0.000007 -0.000005 -0.010093 -0.000003 0.000000 0.000000 -0.000000 -9.532506 -0.000003 -0.000022 -0.000004 -0.057494 0.000110 -0.000001 0.097407 -0.000010 0.000002 -0.036900 -0.000003 -0.000000 0.000000 -0.000000 -9.103599 -0.043045 -1.865133 -0.000000 0.017917 -0.000000 -0.000004 -0.025390 -0.000003 0.000003 -0.012910 0.000003 0.000000 0.000000 0.000000 -8.076683 -0.486680 -3.806278 0.000000 0.059620 -0.000517 0.000001 0.097000 0.000017 -0.000004 -0.056907 0.000003 -0.000000 0.000000 -0.000000 4.570447 11.014723 -2.160855 -0.000007 -0.000002 -0.000015 0.000002 0.000103 0.000118 -0.000007 -0.000007 0.000007 28.328836 -0.000029 0.000017 0.000020 -0.000089 0.000000 2.466128 -1.576189 2.681733 0.271163 0.622431 0.149618 3.217803 -1.872061 1.916485 -0.380683 -0.867292 -0.214332 2.656008 -1.528832 1.514505 -0.280440 -0.641565 -0.159358 2.020883 -1.154066 1.115133 -0.000000 0.000002 -0.000004 9.109305 -0.518042 2.259871 0.000012 -0.005107 0.000093 -0.000008 0.012007 0.000014 -0.000002 -0.007600 -0.000003 -0.000000 -0.000000 0.000000 9.533409 0.000036 0.000044 0.000003 -0.003600 -0.000007 -0.000005 0.002400 0.000007 0.000012 0.002400 -0.000000 0.000000 -0.000000 -0.000000 9.104532 -0.043031 -1.865075 0.000007 0.000700 0.000097 -0.000005 0.000000 -0.000003 0.000010 0.000014 -0.000003 2.644325 0.000031 0.000057 0.000000 -0.000000 -0.000000 8.077785 -0.486864 -3.806258 0.000013 0.234300 -0.000586 -0.000002 -0.024114 0.000086 0.000003 -0.007673 -0.000010 0.000000 -0.000000 -0.000000 -8.207788 -6.751659 -1.599560 -0.077008 -0.000003 0.000080 0.153719 -0.000000 -0.000000 -0.076703 0.000000 -0.000002 -0.000005 -8.728669 10.710563 0.000005 -0.000000 -0.000000 -0.000001 -0.000676 9.278122 -0.000000 0.000000 -0.000000 8.207791 -6.751703 -1.599556 -0.074517 -0.000003 0.000081 0.148830 0.000002 0.000000 -0.074309 0.000000 -0.000002 -0.000003 -8.728670 10.710560 0.000005 -0.000000 -0.000000 -0.000001 -0.000677 9.278137 0.000003 0.000000 -0.000000 
0.000006 104.270470 1.554256 0.000021 0.000003 -0.000113 -0.000005 10.181587 0.131521 0.000002 -0.000003 0.000084 -0.000000 9.893967 -1.470709 -0.000000 0.000000 -0.000000 -0.000000 0.000000 -0.000000 0.000001 16.740417 -2.049035 0.000000 -0.000000 -0.000000 0.000000 9.617874 1.685008 -0.000000 -0.000000 0.000000 0.000002 22.037354 7.501098 -0.000000 -0.000000 -0.000000 -4.569969 11.014894 -2.160884 0.000005 0.000003 -0.000023 -0.000052 0.000030 0.000011 -27.841520 0.000017 0.000005 -0.000010 0.000001 -0.000003 -28.328836 0.000017 0.000026 -0.000321 -0.000044 0.000010 -2.464817 -1.573966 2.681851 0.314112 -0.720934 -0.172575 -3.215199 -1.872762 1.924284 -0.432457 0.981326 0.240527 -2.654858 -1.527961 1.512612 -0.323118 0.728901 0.173694 0.000001 0.000001 0.000003 -9.108281 -0.517861 2.259837 -0.000007 -0.018787 0.000103 0.000005 0.029297 -0.000007 -0.000005 -0.010093 -0.000003 0.000000 0.000000 -0.000000 -9.532506 -0.000003 -0.000022 -0.000004 -0.057494 0.000110 -0.000001 0.097407 -0.000010 0.000002 -0.036900 -0.000003 -0.000000 0.000000 -0.000000 -9.103599 -0.043045 -1.865133 -0.000000 0.017917 -0.000000 -0.000004 -0.025390 -0.000003 0.000003 -0.012910 0.000003 0.000000 0.000000 0.000000 -8.076683 -0.486680 -3.806278 0.000000 0.059620 -0.000517 0.000001 0.097000 0.000017 -0.000004 -0.056907 0.000003 -0.000000 0.000000 -0.000000 4.570447 11.014723 -2.160855 -0.000007 -0.000002 -0.000015 0.000002 0.000103 0.000118 -0.000007 -0.000007 0.000007 28.328836 -0.000029 0.000017 0.000020 -0.000089 0.000000 2.466128 -1.576189 2.681733 0.271163 0.622431 0.149618 3.217803 -1.872061 1.916485 -0.380683 -0.867292 -0.214332 2.656008 -1.528832 1.514505 -0.280440 -0.641565 -0.159358 2.020883 -1.154066 1.115133 -0.000000 0.000002 -0.000004 9.109305 -0.518042 2.259871 0.000012 -0.005107 0.000093 -0.000008 0.012007 0.000014 -0.000002 -0.007600 -0.000003 -0.000000 -0.000000 0.000000 9.533409 0.000036 0.000044 0.000003 -0.003600 -0.000007 -0.000005 0.002400 0.000007 0.000012 0.002400 -0.000000 0.000000 -0.000000 -0.000000 9.104532 -0.043031 -1.865075 0.000007 0.000700 0.000097 -0.000005 0.000000 -0.000003 0.000010 0.000014 -0.000003 2.644325 0.000031 0.000057 0.000000 -0.000000 -0.000000 8.077785 -0.486864 -3.806258 0.000013 0.234300 -0.000586 -0.000002 -0.024114 0.000086 0.000003 -0.007673 -0.000010 0.000000 -0.000000 -0.000000 -8.207788 -6.751659 -1.599560 -0.077008 -0.000003 0.000080 0.153719 -0.000000 -0.000000 -0.076703 0.000000 -0.000002 -0.000005 -8.728669 10.710563 0.000005 -0.000000 -0.000000 -0.000001 -0.000676 9.278122 -0.000000 0.000000 -0.000000 8.207791 -6.751703 -1.599556 -0.074517 -0.000003 0.000081 0.148830 0.000002 0.000000 -0.074309 0.000000 -0.000002 -0.000003 -8.728670 10.710560 0.000005 -0.000000 -0.000000 -0.000001 -0.000677 9.278137 0.000003 0.000000 -0.000000 
0.000006 104.270470 1.554256 0.000021 0.000003 -0.000113 -0.000005 10.181587 0.131521 0.000002 -0.000003 0.000084 -0.000000 9.893967 -1.470709 -0.000000 0.000000 -0.000000 -0.000000 0.000000 -0.000000 0.000001 16.740417 -2.049035 0.000000 -0.000000 -0.000000 0.000000 9.617874 1.685008 -0.000000 -0.000000 0.000000 0.000002 22.037354 7.501098 -0.000000 -0.000000 -0.000000 -4.569969 11.014894 -2.160884 0.000005 0.000003 -0.000023 -0.000052 0.000030 0.000011 -27.841520 0.000017 0.000005 -0.000010 0.000001 -0.000003 -28.328836 0.000017 0.000026 -0.000321 -0.000044 0.000010 -2.464817 -1.573966 2.681851 0.314112 -0.720934 -0.172575 -3.215199 -1.872762 1.924284 -0.432457 0.981326 0.240527 -2.654858 -1.527961 1.512612 -0.323118 0.728901 0.173694 0.000001 0.000001 0.000003 -9.108281 -0.517861 2.259837 -0.000007 -0.018787 0.000103 0.000005 0.029297 -0.000007 -0.000005 -0.010093 -0.000003 0.000000 0.000000 -0.000000 -9.532506 -0.000003 -0.000022 -0.000004 -0.057494 0.000110 -0.000001 0.097407 -0.000010 0.000002 -0.036900 -0.000003 -0.000000 0.000000 -0.000000 -9.103599 -0.043045 -1.865133 -0.000000 0.017917 -0.000000 -0.000004 -0.025390 -0.000003 0.000003 -0.012910 0.000003 0.000000 0.000000 0.000000 -8.076683 -0.486680 -3.806278 0.000000 0.059620 -0.000517 0.000001 0.097000 0.000017 -0.000004 -0.056907 0.000003 -0.000000 0.000000 -0.000000 4.570447 11.014723 -2.160855 -0.000007 -0.000002 -0.000015 0.000002 0.000103 0.000118 -0.000007 -0.000007 0.000007 28.328836 -0.000029 0.000017 0.000020 -0.000089 0.000000 2.466128 -1.576189 2.681733 0.271163 0.622431 0.149618 3.217803 -1.872061 1.916485 -0.380683 -0.867292 -0.214332 2.656008 -1.528832 1.514505 -0.280440 -0.641565 -0.159358 2.020883 -1.154066 1.115133 -0.000000 0.000002 -0.000004 9.109305 -0.518042 2.259871 0.000012 -0.005107 0.000093 -0.000008 0.012007 0.000014 -0.000002 -0.007600 -0.000003 -0.000000 -0.000000 0.000000 9.533409 0.000036 0.000044 0.000003 -0.003600 -0.000007 -0.000005 0.002400 0.000007 0.000012 0.002400 -0.000000 0.000000 -0.000000 -0.000000 9.104532 -0.043031 -1.865075 0.000007 0.000700 0.000097 -0.000005 0.000000 -0.000003 0.000010 0.000014 -0.000003 2.644325 0.000031 0.000057 0.000000 -0.000000 -0.000000 8.077785 -0.486864 -3.806258 0.000013 0.234300 -0.000586 -0.000002 -0.024114 0.000086 0.000003 -0.007673 -0.000010 0.000000 -0.000000 -0.000000 -8.207788 -6.751659 -1.599560 -0.077008 -0.000003 0.000080 0.153719 -0.000000 -0.000000 -0.076703 0.000000 -0.000002 -0.000005 -8.728669 10.710563 0.000005 -0.000000 -0.000000 -0.000001 -0.000676 9.278122 -0.000000 0.000000 -0.000000 8.207791 -6.751703 -1.599556 -0.074517 -0.000003 0.000081 0.148830 0.000002 0.000000 -0.074309 0.000000 -0.000002 -0.000003 -8.728670 10.710560 0.000005 -0.000000 -0.000000 -0.000001 -0.000677 9.278137 0.000003 0.000000 -0.000000 
0.000006 104.270470 1.554256 0.000021 0.000003 -0.000113 -0.000005 10.181587 0.131521 0.000002 -0.000003 0.000084 -0.000000 9.893967 -1.470709 -0.000000 0.000000 -0.000000 -0.000000 0.000000 -0.000000 0.000001 16.740417 -2.049035 0.000000 -0.000000 -0.000000 0.000000 9.617874 1.685008 -0.000000 -0.000000 0.000000 0.000002 22.037354 7.501098 -0.000000 -0.000000 -0.000000 -4.569969 11.014894 -2.160884 0.000005 0.000003 -0.000023 -0.000052 0.000030 0.000011 -27.841520 0.000017 0.000005 -0.000010 0.000001 -0.000003 -28.328836 0.000017 0.000026 -0.000321 -0.000044 0.000010 -2.464817 -1.573966 2.681851 0.314112 -0.720934 -0.172575 -3.215199 -1.872762 1.924284 -0.432457 0.981326 0.240527 -2.654858 -1.527961 1.512612 -0.323118 0.728901 0.173694 0.000001 0.000001 0.000003 -9.108281 -0.517861 2.259837 -0.000007 -0.018787 0.000103 0.000005 0.029297 -0.000007 -0.000005 -0.010093 -0.000003 0.000000 0.000000 -0.000000 -9.532506 -0.000003 -0.000022 -0.000004 -0.057494 0.000110 -0.000001 0.097407 -0.000010 0.000002 -0.036900 -0.000003 -0.000000 0.000000 -0.000000 -9.103599 -0.043045 -1.865133 -0.000000 0.017917 -0.000000 -0.000004 -0.025390 -0.000003 0.000003 -0.012910 0.000003 0.000000 0.000000 0.000000 -8.076683 -0.486680 -3.806278 0.000000 0.059620 -0.000517 0.000001 0.097000 0.000017 -0.000004 -0.056907 0.000003 -0.000000 0.000000 -0.000000 4.570447 11.014723 -2.160855 -0.000007 -0.000002 -0.000015 0.000002 0.000103 0.000118 -0.000007 -0.000007 0.000007 28.328836 -0.000029 0.000017 0.000020 -0.000089 0.000000 2.466128 -1.576189 2.681733 0.271163 0.622431 0.149618 3.217803 -1.872061 1.916485 -0.380683 -0.867292 -0.214332 2.656008 -1.528832 1.514505 -0.280440 -0.641565 -0.159358 2.020883 -1.154066 1.115133 -0.000000 0.000002 -0.000004 9.109305 -0.518042 2.259871 0.000012 -0.005107 0.000093 -0.000008 0.012007 0.000014 -0.000002 -0.007600 -0.000003 -0.000000 -0.000000 0.000000 9.533409 0.000036 0.000044 0.000003 -0.003600 -0.000007 -0.000005 0.002400 0.000007 0.000012 0.002400 -0.000000 0.000000 -0.000000 -0.000000 9.104532 -0.043031 -1.865075 0.000007 0.000700 0.000097 -0.000005 0.000000 -0.000003 0.000010 0.000014 -0.000003 2.644325 0.000031 0.000057 0.000000 -0.000000 -0.000000 8.077785 -0.486864 -3.806258 0.000013 0.234300 -0.000586 -0.000002 -0.024114 0.000086 0.000003 -0.007673 -0.000010 0.000000 -0.000000 -0.000000 -8.207788 -6.751659 -1.599560 -0.077008 -0.000003 0.000080 0.153719 -0.000000 -0.000000 -0.076703 0.000000 -0.000002 -0.000005 -8.728669 10.710563 0.000005 -0.000000 -0.000000 -0.000001 -0.000676 9.278122 -0.000000 0.000000 -0.000000 8.207791 -6.751703 -1.599556 -0.074517 -0.000003 0.000081 0.148830 0.000002 0.000000 -0.074309 0.000000 -0.000002 -0.000003 -8.728670 10.710560 0.000005 -0.000000 -0.000000 -0.000001 -0.000677 9.278137 0.000003 0.000000 -0.000000 
0.000006 104.270470 1.554256 0.000021 0.000003 -0.000113 -0.000005 10.181587 0.131521 0.000002 -0.000003 0.000084 -0.000000 9.893967 -1.470709 -0.000000 0.000000 -0.000000 -0.000000 0.000000 -0.000000 0.000001 16.740417 -2.049035 0.000000 -0.000000 -0.000000 0.000000 9.617874 1.685008 -0.000000 -0.000000 0.000000 0.000002 22.037354 7.501098 -0.000000 -0.000000 -0.000000 -4.569969 11.014894 -2.160884 0.000005 0.000003 -0.000023 -0.000052 0.000030 0.000011 -27.841520 0.000017 0.000005 -0.000010 0.000001 -0.000003 -28.328836 0.000017 0.000026 -0.000321 -0.000044 0.000010 -2.464817 -1.573966 2.681851 0.314112 -0.720934 -0.172575 -3.215199 -1.872762 1.924284 -0.432457 0.981326 0.240527 -2.654858 -1.527961 1.512612 -0.323118 0.728901 0.173694 0.000001 0.000001 0.000003 -9.108281 -0.517861 2.259837 -0.000007 -0.018787 0.000103 0.000005 0.029297 -0.000007 -0.000005 -0.010093 -0.000003 0.000000 0.000000 -0.000000 -9.532506 -0.000003 -0.000022 -0.000004 -0.057494 0.000110 -0.000001 0.097407 -0.000010 0.000002 -0.036900 -0.000003 -0.000000 0.000000 -0.000000 -9.103599 -0.043045 -1.865133 -0.000000 0.017917 -0.000000 -0.000004 -0.025390 -0.000003 0.000003 -0.012910 0.000003 0.000000 0.000000 0.000000 -8.076683 -0.486680 -3.806278 0.000000 0.059620 -0.000517 0.000001 0.097000 0.000017 -0.000004 -0.056907 0.000003 -0.000000 0.000000 -0.000000 4.570447 11.014723 -2.160855 -0.000007 -0.000002 -0.000015 0.000002 0.000103 0.000118 -0.000007 -0.000007 0.000007 28.328836 -0.000029 0.000017 0.000020 -0.000089 0.000000 2.466128 -1.576189 2.681733 0.271163 0.622431 0.149618 3.217803 -1.872061 1.916485 -0.380683 -0.867292 -0.214332 2.656008 -1.528832 1.514505 -0.280440 -0.641565 -0.159358 2.020883 -1.154066 1.115133 -0.000000 0.000002 -0.000004 9.109305 -0.518042 2.259871 0.000012 -0.005107 0.000093 -0.000008 0.012007 0.000014 -0.000002 -0.007600 -0.000003 -0.000000 -0.000000 0.000000 9.533409 0.000036 0.000044 0.000003 -0.003600 -0.000007 -0.000005 0.002400 0.000007 0.000012 0.002400 -0.000000 0.000000 -0.000000 -0.000000 9.104532 -0.043031 -1.865075 0.000007 0.000700 0.000097 -0.000005 0.000000 -0.000003 0.000010 0.000014 -0.000003 2.644325 0.000031 0.000057 0.000000 -0.000000 -0.000000 8.077785 -0.486864 -3.806258 0.000013 0.234300 -0.000586 -0.000002 -0.024114 0.000086 0.000003 -0.007673 -0.000010 0.000000 -0.000000 -0.000000 -8.207788 -6.751659 -1.599560 -0.077008 -0.000003 0.000080 0.153719 -0.000000 -0.000000 -0.076703 0.000000 -0.000002 -0.000005 -8.728669 10.710563 0.000005 -0.000000 -0.000000 -0.000001 -0.000676 9.278122 -0.000000 0.000000 -0.000000 8.207791 -6.751703 -1.599556 -0.074517 -0.000003 0.000081 0.148830 0.000002 0.000000 -0.074309 0.000000 -0.000002 -0.000003 -8.728670 10.710560 0.000005 -0.000000 -0.000000 -0.000001 -0.000677 9.278137 0.000003 0.000000 -0.000000 
0.000006 104.270470 1.554256 0.000021 0.000003 -0.000113 -0.000005 10.181587 0.131521 0.000002 -0.000003 0.000084 -0.000000 9.893967 -1.470709 -0.000000 0.000000 -0.000000 -0.000000 0.000000 -0.000000 0.000001 16.740417 -2.049035 0.000000 -0.000000 -0.000000 0.000000 9.617874 1.685008 -0.000000 -0.000000 0.000000 0.000002 22.037354 7.501098 -0.000000 -0.000000 -0.000000 -4.569969 11.014894 -2.160884 0.000005 0.000003 -0.000023 -0.000052 0.000030 0.000011 -27.841520 0.000017 0.000005 -0.000010 0.000001 -0.000003 -28.328836 0.000017 0.000026 -0.000321 -0.000044 0.000010 -2.464817 -1.573966 2.681851 0.314112 -0.720934 -0.172575 -3.215199 -1.872762 1.924284 -0.432457 0.981326 0.240527 -2.654858 -1.527961 1.512612 -0.323118 0.728901 0.173694 0.000001 0.000001 0.000003 -9.108281 -0.517861 2.259837 -0.000007 -0.018787 0.000103 0.000005 0.029297 -0.000007 -0.000005 -0.010093 -0.000003 0.000000 0.000000 -0.000000 -9.532506 -0.000003 -0.000022 -0.000004 -0.057494 0.000110 -0.000001 0.097407 -0.000010 0.000002 -0.036900 -0.000003 -0.000000 0.000000 -0.000000 -9.103599 -0.043045 -1.865133 -0.000000 0.017917 -0.000000 -0.000004 -0.025390 -0.000003 0.000003 -0.012910 0.000003 0.000000 0.000000 0.000000 -8.076683 -0.486680 -3.806278 0.000000 0.059620 -0.000517 0.000001 0.097000 0.000017 -0.000004 -0.056907 0.000003 -0.000000 0.000000 -0.000000 4.570447 11.014723 -2.160855 -0.000007 -0.000002 -0.000015 0.000002 0.000103 0.000118 -0.000007 -0.000007 0.000007 28.328836 -0.000029 0.000017 0.000020 -0.000089 0.000000 2.466128 -1.576189 2.681733 0.271163 0.622431 0.149618 3.217803 -1.872061 1.916485 -0.380683 -0.867292 -0.214332 2.656008 -1.528832 1.514505 -0.280440 -0.641565 -0.159358 2.020883 -1.154066 1.115133 -0.000000 0.000002 -0.000004 9.109305 -0.518042 2.259871 0.000012 -0.005107 0.000093 -0.000008 0.012007 0.000014 -0.000002 -0.007600 -0.000003 -0.000000 -0.000000 0.000000 9.533409 0.000036 0.000044 0.000003 -0.003600 -0.000007 -0.000005 0.002400 0.000007 0.000012 0.002400 -0.000000 0.000000 -0.000000 -0.000000 9.104532 -0.043031 -1.865075 0.000007 0.000700 0.000097 -0.000005 0.000000 -0.000003 0.000010 0.000014 -0.000003 2.644325 0.000031 0.000057 0.000000 -0.000000 -0.000000 8.077785 -0.486864 -3.806258 0.000013 0.234300 -0.000586 -0.000002 -0.024114 0.000086 0.000003 -0.007673 -0.000010 0.000000 -0.000000 -0.000000 -8.207788 -6.751659 -1.599560 -0.077008 -0.000003 0.000080 0.153719 -0.000000 -0.000000 -0.076703 0.000000 -0.000002 -0.000005 -8.728669 10.710563 0.000005 -0.000000 -0.000000 -0.000001 -0.000676 9.278122 -0.000000 0.000000 -0.000000 8.207791 -6.751703 -1.599556 -0.074517 -0.000003 0.000081 0.148830 0.000002 0.000000 -0.074309 0.000000 -0.000002 -0.000003 -8.728670 10.710560 0.000005 -0.000000 -0.000000 -0.000001 -0.000677 9.278137 0.000003 0.000000 -0.000000 
0.000006 104.270470 1.554256 0.000021 0.000003 -0.000113 -0.000005 10.181587 0.131521 0.000002 -0.000003 0.000084 -0.000000 9.893967 -1.470709 -0.000000 0.000000 -0.000000 -0.000000 0.000000 -0.000000 0.000001 16.740417 -2.049035 0.000000 -0.000000 -0.000000 0.000000 9.617874 1.685008 -0.000000 -0.000000 0.000000 0.000002 22.037354 7.501098 -0.000000 -0.000000 -0.000000 -4.569969 11.014894 -2.160884 0.000005 0.000003 -0.000023 -0.000052 0.000030 0.000011 -27.841520 0.000017 0.000005 -0.000010 0.000001 -0.000003 -28.328836 0.000017 0.000026 -0.000321 -0.000044 0.000010 -2.464817 -1.573966 2.681851 0.314112 -0.720934 -0.172575 -3.215199 -1.872762 1.924284 -0.432457 0.981326 0.240527 -2.654858 -1.527961 1.512612 -0.323118 0.728901 0.173694 0.000001 0.000001 0.000003 -9.108281 -0.517861 2.259837 -0.000007 -0.018787 0.000103 0.000005 0.029297 -0.000007 -0.000005 -0.010093 -0.000003 0.000000 0.000000 -0.000000 -9.532506 -0.000003 -0.000022 -0.000004 -0.057494 0.000110 -0.000001 0.097407 -0.000010 0.000002 -0.036900 -0.000003 -0.000000 0.000000 -0.000000 -9.103599 -0.043045 -1.865133 -0.000000 0.017917 -0.000000 -0.000004 -0.025390 -0.000003 0.000003 -0.012910 0.000003 0.000000 0.000000 0.000000 -8.076683 -0.486680 -3.806278 0.000000 0.059620 -0.000517 0.000001 0.097000 0.000017 -0.000004 -0.056907 0.000003 -0.000000 0.000000 -0.000000 4.570447 11.014723 -2.160855 -0.000007 -0.000002 -0.000015 0.000002 0.000103 0.000118 -0.000007 -0.000007 0.000007 28.328836 -0.000029 0.000017 0.000020 -0.000089 0.000000 2.466128 -1.576189 2.681733 0.271163 0.622431 0.149618 3.217803 -1.872061 1.916485 -0.380683 -0.867292 -0.214332 2.656008 -1.528832 1.514505 -0.280440 -0.641565 -0.159358 2.020883 -1.154066 1.115133 -0.000000 0.000002 -0.000004 9.109305 -0.518042 2.259871 0.000012 -0.005107 0.000093 -0.000008 0.012007 0.000014 -0.000002 -0.007600 -0.000003 -0.000000 -0.000000 0.000000 9.533409 0.000036 0.000044 0.000003 -0.003600 -0.000007 -0.000005 0.002400 0.000007 0.000012 0.002400 -0.000000 0.000000 -0.000000 -0.000000 9.104532 -0.043031 -1.865075 0.000007 0.000700 0.000097 -0.000005 0.000000 -0.000003 0.000010 0.000014 -0.000003 2.644325 0.000031 0.000057 0.000000 -0.000000 -0.000000 8.077785 -0.486864 -3.806258 0.000013 0.234300 -0.000586 -0.000002 -0.024114 0.000086 0.000003 -0.007673 -0.000010 0.000000 -0.000000 -0.000000 -8.207788 -6.751659 -1.599560 -0.077008 -0.000003 0.000080 0.153719 -0.000000 -0.000000 -0.076703 0.000000 -0.000002 -0.000005 -8.728669 10.710563 0.000005 -0.000000 -0.000000 -0.000001 -0.000676 9.278122 -0.000000 0.000000 -0.000000 8.207791 -6.751703 -1.599556 -0.074517 -0.000003 0.000081 0.148830 0.000002 0.000000 -0.074309 0.000000 -0.000002 -0.000003 -8.728670 10.710560 0.000005 -0.000000 -0.000000 -0.000001 -0.000677 9.278137 0.000003 0.000000 -0.000000 
0.000006 104.270470 1.554256 0.000021 0.000003 -0.000113 -0.000005 10.181587 0.131521 0.000002 -0.000003 0.000084 -0.000000 9.893967 -1.470709 -0.000000 0.000000 -0.000000 -0.000000 0.000000 -0.000000 0.000001 16.740417 -2.049035 0.000000 -0.000000 -0.000000 0.000000 9.617874 1.685008 -0.000000 -0.000000 0.000000 0.000002 22.037354 7.501098 -0.000000 -0.000000 -0.000000 -4.569969 11.014894 -2.160884 0.000005 0.000003 -0.000023 -0.000052 0.000030 0.000011 -27.841520 0.000017 0.000005 -0.000010 0.000001 -0.000003 -28.328836 0.000017 0.000026 -0.000321 -0.000044 0.000010 -2.464817 -1.573966 2.681851 0.314112 -0.720934 -0.172575 -3.215199 -1.872762 1.924284 -0.432457 0.981326 0.240527 -2.654858 -1.527961 1.512612 -0.323118 0.728901 0.173694 0.000001 0.000001 0.000003 -9.108281 -0.517861 2.259837 -0.000007 -0.018787 0.000103 0.000005 0.029297 -0.000007 -0.000005 -0.010093 -0.000003 0.000000 0.000000 -0.000000 -9.532506 -0.000003 -0.000022 -0.000004 -0.057494 0.000110 -0.000001 0.097407 -0.000010 0.000002 -0.036900 -0.000003 -0.000000 0.000000 -0.000000 -9.103599 -0.043045 -1.865133 -0.000000 0.017917 -0.000000 -0.000004 -0.025390 -0.000003 0.000003 -0.012910 0.000003 0.000000 0.000000 0.000000 -8.076683 -0.486680 -3.806278 0.000000 0.059620 -0.000517 0.000001 0.097000 0.000017 -0.000004 -0.056907 0.000003 -0.000000 0.000000 -0.000000 4.570447 11.014723 -2.160855 -0.000007 -0.000002 -0.000015 0.000002 0.000103 0.000118 -0.000007 -0.000007 0.000007 28.328836 -0.000029 0.000017 0.000020 -0.000089 0.000000 2.466128 -1.576189 2.681733 0.271163 0.622431 0.149618 3.217803 -1.872061 1.916485 -0.380683 -0.867292 -0.214332 2.656008 -1.528832 1.514505 -0.280440 -0.641565 -0.159358 2.020883 -1.154066 1.115133 -0.000000 0.000002 -0.000004 9.109305 -0.518042 2.259871 0.000012 -0.005107 0.000093 -0.000008 0.012007 0.000014 -0.000002 -0.007600 -0.000003 -0.000000 -0.000000 0.000000 9.533409 0.000036 0.000044 0.000003 -0.003600 -0.000007 -0.000005 0.002400 0.000007 0.000012 0.002400 -0.000000 0.000000 -0.000000 -0.000000 9.104532 -0.043031 -1.865075 0.000007 0.000700 0.000097 -0.000005 0.000000 -0.000003 0.000010 0.000014 -0.000003 2.644325 0.000031 0.000057 0.000000 -0.000000 -0.000000 8.077785 -0.486864 -3.806258 0.000013 0.234300 -0.000586 -0.000002 -0.024114 0.000086 0.000003 -0.007673 -0.000010 0.000000 -0.000000 -0.000000 -8.207788 -6.751659 -1.599560 -0.077008 -0.000003 0.000080 0.153719 -0.000000 -0.000000 -0.076703 0.000000 -0.000002 -0.000005 -8.728669 10.710563 0.000005 -0.000000 -0.000000 -0.000001 -0.000676 9.278122 -0.000000 0.000000 -0.000000 8.207791 -6.751703 -1.599556 -0.074517 -0.000003 0.000081 0.148830 0.000002 0.000000 -0.074309 0.000000 -0.000002 -0.000003 -8.728670 10.710560 0.000005 -0.000000 -0.000000 -0.000001 -0.000677 9.278137 0.000003 0.000000 -0.000000 
0.000006 104.270470 1.554256 0.000021 0.000003 -0.000113 -0.000005 10.181587 0.131521 0.000002 -0.000003 0.000084 -0.000000 9.893967 -1.470709 -0.000000 0.000000 -0.000000 -0.000000 0.000000 -0.000000 0.000001 16.740417 -2.049035 0.000000 -0.000000 -0.000000 0.000000 9.617874 1.685008 -0.000000 -0.000000 0.000000 0.000002 22.037354 7.501098 -0.000000 -0.000000 -0.000000 -4.569969 11.014894 -2.160884 0.000005 0.000003 -0.000023 -0.000052 0.000030 0.000011 -27.841520 0.000017 0.000005 -0.000010 0.000001 -0.000003 -28.328836 0.000017 0.000026 -0.000321 -0.000044 0.000010 -2.464817 -1.573966 2.681851 0.314112 -0.720934 -0.172575 -3.215199 -1.872762 1.924284 -0.432457 0.981326 0.240527 -2.654858 -1.527961 1.512612 -0.323118 0.728901 0.173694 0.000001 0.000001 0.000003 -9.108281 -0.517861 2.259837 -0.000007 -0.018787 0.000103 0.000005 0.029297 -0.000007 -0.000005 -0.010093 -0.000003 0.000000 0.000000 -0.000000 -9.532506 -0.000003 -0.000022 -0.000004 -0.057494 0.000110 -0.000001 0.097407 -0.000010 0.000002 -0.036900 -0.000003 -0.000000 0.000000 -0.000000 -9.103599 -0.043045 -1.865133 -0.000000 0.017917 -0.000000 -0.000004 -0.025390 -0.000003 0.000003 -0.012910 0.000003 0.000000 0.000000 0.000000 -8.076683 -0.486680 -3.806278 0.000000 0.059620 -0.000517 0.000001 0.097000 0.000017 -0.000004 -0.056907 0.000003 -0.000000 0.000000 -0.000000 4.570447 11.014723 -2.160855 -0.000007 -0.000002 -0.000015 0.000002 0.000103 0.000118 -0.000007 -0.000007 0.000007 28.328836 -0.000029 0.000017 0.000020 -0.000089 0.000000 2.466128 -1.576189 2.681733 0.271163 0.622431 0.149618 3.217803 -1.872061 1.916485 -0.380683 -0.867292 -0.214332 2.656008 -1.528832 1.514505 -0.280440 -0.641565 -0.159358 2.020883 -1.154066 1.115133 -0.000000 0.000002 -0.000004 9.109305 -0.518042 2.259871 0.000012 -0.005107 0.000093 -0.000008 0.012007 0.000014 -0.000002 -0.007600 -0.000003 -0.000000 -0.000000 0.000000 9.533409 0.000036 0.000044 0.000003 -0.003600 -0.000007 -0.000005 0.002400 0.000007 0.000012 0.002400 -0.000000 0.000000 -0.000000 -0.000000 9.104532 -0.043031 -1.865075 0.000007 0.000700 0.000097 -0.000005 0.000000 -0.000003 0.000010 0.000014 -0.000003 2.644325 0.000031 0.000057 0.000000 -0.000000 -0.000000 8.077785 -0.486864 -3.806258 0.000013 0.234300 -0.000586 -0.000002 -0.024114 0.000086 0.000003 -0.007673 -0.000010 0.000000 -0.000000 -0.000000 -8.207788 -6.751659 -1.599560 -0.077008 -0.000003 0.000080 0.153719 -0.000000 -0.000000 -0.076703 0.000000 -0.000002 -0.000005 -8.728669 10.710563 0.000005 -0.000000 -0.000000 -0.000001 -0.000676 9.278122 -0.000000 0.000000 -0.000000 8.207791 -6.751703 -1.599556 -0.074517 -0.000003 0.000081 0.148830 0.000002 0.000000 -0.074309 0.000000 -0.000002 -0.000003 -8.728670 10.710560 0.000005 -0.000000 -0.000000 -0.000001 -0.000677 9.278137 0.000003 0.000000 -0.000000 
0.000006 104.270470 1.554256 0.000021 0.000003 -0.000113 -0.000005 10.181587 0.131521 0.000002 -0.000003 0.000084 -0.000000 9.893967 -1.470709 -0.000000 0.000000 -0.000000 -0.000000 0.000000 -0.000000 0.000001 16.740417 -2.049035 0.000000 -0.000000 -0.000000 0.000000 9.617874 1.685008 -0.000000 -0.000000 0.000000 0.000002 22.037354 7.501098 -0.000000 -0.000000 -0.000000 -4.569969 11.014894 -2.160884 0.000005 0.000003 -0.000023 -0.000052 0.000030 0.000011 -27.841520 0.000017 0.000005 -0.000010 0.000001 -0.000003 -28.328836 0.000017 0.000026 -0.000321 -0.000044 0.000010 -2.464817 -1.573966 2.681851 0.314112 -0.720934 -0.172575 -3.215199 -1.872762 1.924284 -0.432457 0.981326 0.240527 -2.654858 -1.527961 1.512612 -0.323118 0.728901 0.173694 0.000001 0.000001 0.000003 -9.108281 -0.517861 2.259837 -0.000007 -0.018787 0.000103 0.000005 0.029297 -0.000007 -0.000005 -0.010093 -0.000003 0.000000 0.000000 -0.000000 -9.532506 -0.000003 -0.000022 -0.000004 -0.057494 0.000110 -0.000001 0.097407 -0.000010 0.000002 -0.036900 -0.000003 -0.000000 0.000000 -0.000000 -9.103599 -0.043045 -1.865133 -0.000000 0.017917 -0.000000 -0.000004 -0.025390 -0.000003 0.000003 -0.012910 0.000003 0.000000 0.000000 0.000000 -8.076683 -0.486680 -3.806278 0.000000 0.059620 -0.000517 0.000001 0.097000 0.000017 -0.000004 -0.056907 0.000003 -0.000000 0.000000 -0.000000 4.570447 11.014723 -2.160855 -0.000007 -0.000002 -0.000015 0.000002 0.000103 0.000118 -0.000007 -0.000007 0.000007 28.328836 -0.000029 0.000017 0.000020 -0.000089 0.000000 2.466128 -1.576189 2.681733 0.271163 0.622431 0.149618 3.217803 -1.872061 1.916485 -0.380683 -0.867292 -0.214332 2.656008 -1.528832 1.514505 -0.280440 -0.641565 -0.159358 2.020883 -1.154066 1.115133 -0.000000 0.000002 -0.000004 9.109305 -0.518042 2.259871 0.000012 -0.005107 0.000093 -0.000008 0.012007 0.000014 -0.000002 -0.007600 -0.000003 -0.000000 -0.000000 0.000000 9.533409 0.000036 0.000044 0.000003 -0.003600 -0.000007 -0.000005 0.002400 0.000007 0.000012 0.002400 -0.000000 0.000000 -0.000000 -0.000000 9.104532 -0.043031 -1.865075 0.000007 0.000700 0.000097 -0.000005 0.000000 -0.000003 0.000010 0.000014 -0.000003 2.644325 0.000031 0.000057 0.000000 -0.000000 -0.000000 8.077785 -0.486864 -3.806258 0.000013 0.234300 -0.000586 -0.000002 -0.024114 0.000086 0.000003 -0.007673 -0.000010 0.000000 -0.000000 -0.000000 -8.207788 -6.751659 -1.599560 -0.077008 -0.000003 0.000080 0.153719 -0.000000 -0.000000 -0.076703 0.000000 -0.000002 -0.000005 -8.728669 10.710563 0.000005 -0.000000 -0.000000 -0.000001 -0.000676 9.278122 -0.000000 0.000000 -0.000000 8.207791 -6.751703 -1.599556 -0.074517 -0.000003 0.000081 0.148830 0.000002 0.000000 -0.074309 0.000000 -0.000002 -0.000003 -8.728670 10.710560 0.000005 -0.000000 -0.000000 -0.000001 -0.000677 9.278137 0.000003 0.000000 -0.000000 
0.000006 104.270470 1.554256 0.000021 0.000003 -0.000113 -0.000005 10.181587 0.131521 0.000002 -0.000003 0.000084 -0.000000 9.893967 -1.470709 -0.000000 0.000000 -0.000000 -0.000000 0.000000 -0.000000 0.000001 16.740417 -2.049035 0.000000 -0.000000 -0.000000 0.000000 9.617874 1.685008 -0.000000 -0.000000 0.000000 0.000002 22.037354 7.501098 -0.000000 -0.000000 -0.000000 -4.569969 11.014894 -2.160884 0.000005 0.000003 -0.000023 -0.000052 0.000030 0.000011 -27.841520 0.000017 0.000005 -0.000010 0.000001 -0.000003 -28.328836 0.000017 0.000026 -0.000321 -0.000044 0.000010 -2.464817 -1.573966 2.681851 0.314112 -0.720934 -0.172575 -3.215199 -1.872762 1.924284 -0.432457 0.981326 0.240527 -2.654858 -1.527961 1.512612 -0.323118 0.728901 0.173694 0.000001 0.000001 0.000003 -9.108281 -0.517861 2.259837 -0.000007 -0.018787 0.000103 0.000005 0.029297 -0.000007 -0.000005 -0.010093 -0.000003 0.000000 0.000000 -0.000000 -9.532506 -0.000003 -0.000022 -0.000004 -0.057494 0.000110 -0.000001 0.097407 -0.000010 0.000002 -0.036900 -0.000003 -0.000000 0.000000 -0.000000 -9.103599 -0.043045 -1.865133 -0.000000 0.017917 -0.000000 -0.000004 -0.025390 -0.000003 0.000003 -0.012910 0.000003 0.000000 0.000000 0.000000 -8.076683 -0.486680 -3.806278 0.000000 0.059620 -0.000517 0.000001 0.097000 0.000017 -0.000004 -0.056907 0.000003 -0.000000 0.000000 -0.000000 4.570447 11.014723 -2.160855 -0.000007 -0.000002 -0.000015 0.000002 0.000103 0.000118 -0.000007 -0.000007 0.000007 28.328836 -0.000029 0.000017 0.000020 -0.000089 0.000000 2.466128 -1.576189 2.681733 0.271163 0.622431 0.149618 3.217803 -1.872061 1.916485 -0.380683 -0.867292 -0.214332 2.656008 -1.528832 1.514505 -0.280440 -0.641565 -0.159358 2.020883 -1.154066 1.115133 -0.000000 0.000002 -0.000004 9.109305 -0.518042 2.259871 0.000012 -0.005107 0.000093 -0.000008 0.012007 0.000014 -0.000002 -0.007600 -0.000003 -0.000000 -0.000000 0.000000 9.533409 0.000036 0.000044 0.000003 -0.003600 -0.000007 -0.000005 0.002400 0.000007 0.000012 0.002400 -0.000000 0.000000 -0.000000 -0.000000 9.104532 -0.043031 -1.865075 0.000007 0.000700 0.000097 -0.000005 0.000000 -0.000003 0.000010 0.000014 -0.000003 2.644325 0.000031 0.000057 0.000000 -0.000000 -0.000000 8.077785 -0.486864 -3.806258 0.000013 0.234300 -0.000586 -0.000002 -0.024114 0.000086 0.000003 -0.007673 -0.000010 0.000000 -0.000000 -0.000000 -8.207788 -6.751659 -1.599560 -0.077008 -0.000003 0.000080 0.153719 -0.000000 -0.000000 -0.076703 0.000000 -0.000002 -0.000005 -8.728669 10.710563 0.000005 -0.000000 -0.000000 -0.000001 -0.000676 9.278122 -0.000000 0.000000 -0.000000 8.207791 -6.751703 -1.599556 -0.074517 -0.000003 0.000081 0.148830 0.000002 0.000000 -0.074309 0.000000 -0.000002 -0.000003 -8.728670 10.710560 0.000005 -0.000000 -0.000000 -0.000001 -0.000677 9.278137 0.000003 0.000000 -0.000000 
0.000006 104.270470 1.554256 0.000021 0.000003 -0.000113 -0.000005 10.181587 0.131521 0.000002 -0.000003 0.000084 -0.000000 9.893967 -1.470709 -0.000000 0.000000 -0.000000 -0.000000 0.000000 -0.000000 0.000001 16.740417 -2.049035 0.000000 -0.000000 -0.000000 0.000000 9.617874 1.685008 -0.000000 -0.000000 0.000000 0.000002 22.037354 7.501098 -0.000000 -0.000000 -0.000000 -4.569969 11.014894 -2.160884 0.000005 0.000003 -0.000023 -0.000052 0.000030 0.000011 -27.841520 0.000017 0.000005 -0.000010 0.000001 -0.000003 -28.328836 0.000017 0.000026 -0.000321 -0.000044 0.000010 -2.464817 -1.573966 2.681851 0.314112 -0.720934 -0.172575 -3.215199 -1.872762 1.924284 -0.432457 0.981326 0.240527 -2.654858 -1.527961 1.512612 -0.323118 0.728901 0.173694 0.000001 0.000001 0.000003 -9.108281 -0.517861 2.259837 -0.000007 -0.018787 0.000103 0.000005 0.029297 -0.000007 -0.000005 -0.010093 -0.000003 0.000000 0.000000 -0.000000 -9.532506 -0.000003 -0.000022 -0.000004 -0.057494 0.000110 -0.000001 0.097407 -0.000010 0.000002 -0.036900 -0.000003 -0.000000 0.000000 -0.000000 -9.103599 -0.043045 -1.865133 -0.000000 0.017917 -0.000000 -0.000004 -0.025390 -0.000003 0.000003 -0.012910 0.000003 0.000000 0.000000 0.000000 -8.076683 -0.486680 -3.806278 0.000000 0.059620 -0.000517 0.000001 0.097000 0.000017 -0.000004 -0.056907 0.000003 -0.000000 0.000000 -0.000000 4.570447 11.014723 -2.160855 -0.000007 -0.000002 -0.000015 0.000002 0.000103 0.000118 -0.000007 -0.000007 0.000007 28.328836 -0.000029 0.000017 0.000020 -0.000089 0.000000 2.466128 -1.576189 2.681733 0.271163 0.622431 0.149618 3.217803 -1.872061 1.916485 -0.380683 -0.867292 -0.214332 2.656008 -1.528832 1.514505 -0.280440 -0.641565 -0.159358 2.020883 -1.154066 1.115133 -0.000000 0.000002 -0.000004 9.109305 -0.518042 2.259871 0.000012 -0.005107 0.000093 -0.000008 0.012007 0.000014 -0.000002 -0.007600 -0.000003 -0.000000 -0.000000 0.000000 9.533409 0.000036 0.000044 0.000003 -0.003600 -0.000007 -0.000005 0.002400 0.000007 0.000012 0.002400 -0.000000 0.000000 -0.000000 -0.000000 9.104532 -0.043031 -1.865075 0.000007 0.000700 0.000097 -0.000005 0.000000 -0.000003 0.000010 0.000014 -0.000003 2.644325 0.000031 0.000057 0.000000 -0.000000 -0.000000 8.077785 -0.486864 -3.806258 0.000013 0.234300 -0.000586 -0.000002 -0.024114 0.000086 0.000003 -0.007673 -0.000010 0.000000 -0.000000 -0.000000 -8.207788 -6.751659 -1.599560 -0.077008 -0.000003 0.000080 0.153719 -0.000000 -0.000000 -0.076703 0.000000 -0.000002 -0.000005 -8.728669 10.710563 0.000005 -0.000000 -0.000000 -0.000001 -0.000676 9.278122 -0.000000 0.000000 -0.000000 8.207791 -6.751703 -1.599556 -0.074517 -0.000003 0.000081 0.148830 0.000002 0.000000 -0.074309 0.000000 -0.000002 -0.000003 -8.728670 10.710560 0.000005 -0.000000 -0.000000 -0.000001 -0.000677 9.278137 0.000003 0.000000 -0.000000 
0.000006 104.270470 1.554256 0.000021 0.000003 -0.000113 -0.000005 10.181587 0.131521 0.000002 -0.000003 0.000084 -0.000000 9.893967 -1.470709 -0.000000 0.000000 -0.000000 -0.000000 0.000000 -0.000000 0.000001 16.740417 -2.049035 0.000000 -0.000000 -0.000000 0.000000 9.617874 1.685008 -0.000000 -0.000000 0.000000 0.000002 22.037354 7.501098 -0.000000 -0.000000 -0.000000 -4.569969 11.014894 -2.160884 0.000005 0.000003 -0.000023 -0.000052 0.000030 0.000011 -27.841520 0.000017 0.000005 -0.000010 0.000001 -0.000003 -28.328836 0.000017 0.000026 -0.000321 -0.000044 0.000010 -2.464817 -1.573966 2.681851 0.314112 -0.720934 -0.172575 -3.215199 -1.872762 1.924284 -0.432457 0.981326 0.240527 -2.654858 -1.527961 1.512612 -0.323118 0.728901 0.173694 0.000001 0.000001 0.000003 -9.108281 -0.517861 2.259837 -0.000007 -0.018787 0.000103 0.000005 0.029297 -0.000007 -0.000005 -0.010093 -0.000003 0.000000 0.000000 -0.000000 -9.532506 -0.000003 -0.000022 -0.000004 -0.057494 0.000110 -0.000001 0.097407 -0.000010 0.000002 -0.036900 -0.000003 -0.000000 0.000000 -0.000000 -9.103599 -0.043045 -1.865133 -0.000000 0.017917 -0.000000 -0.000004 -0.025390 -0.000003 0.000003 -0.012910 0.000003 0.000000 0.000000 0.000000 -8.076683 -0.486680 -3.806278 0.000000 0.059620 -0.000517 0.000001 0.097000 0.000017 -0.000004 -0.056907 0.000003 -0.000000 0.000000 -0.000000 4.570447 11.014723 -2.160855 -0.000007 -0.000002 -0.000015 0.000002 0.000103 0.000118 -0.000007 -0.000007 0.000007 28.328836 -0.000029 0.000017 0.000020 -0.000089 0.000000 2.466128 -1.576189 2.681733 0.271163 0.622431 0.149618 3.217803 -1.872061 1.916485 -0.380683 -0.867292 -0.214332 2.656008 -1.528832 1.514505 -0.280440 -0.641565 -0.159358 2.020883 -1.154066 1.115133 -0.000000 0.000002 -0.000004 9.109305 -0.518042 2.259871 0.000012 -0.005107 0.000093 -0.000008 0.012007 0.000014 -0.000002 -0.007600 -0.000003 -0.000000 -0.000000 0.000000 9.533409 0.000036 0.000044 0.000003 -0.003600 -0.000007 -0.000005 0.002400 0.000007 0.000012 0.002400 -0.000000 0.000000 -0.000000 -0.000000 9.104532 -0.043031 -1.865075 0.000007 0.000700 0.000097 -0.000005 0.000000 -0.000003 0.000010 0.000014 -0.000003 2.644325 0.000031 0.000057 0.000000 -0.000000 -0.000000 8.077785 -0.486864 -3.806258 0.000013 0.234300 -0.000586 -0.000002 -0.024114 0.000086 0.000003 -0.007673 -0.000010 0.000000 -0.000000 -0.000000 -8.207788 -6.751659 -1.599560 -0.077008 -0.000003 0.000080 0.153719 -0.000000 -0.000000 -0.076703 0.000000 -0.000002 -0.000005 -8.728669 10.710563 0.000005 -0.000000 -0.000000 -0.000001 -0.000676 9.278122 -0.000000 0.000000 -0.000000 8.207791 -6.751703 -1.599556 -0.074517 -0.000003 0.000081 0.148830 0.000002 0.000000 -0.074309 0.000000 -0.000002 -0.000003 -8.728670 10.710560 0.000005 -0.000000 -0.000000 -0.000001 -0.000677 9.278137 0.000003 0.000000 -0.000000 
0.000006 104.270470 1.554256 0.000021 0.000003 -0.000113 -0.000005 10.181587 0.131521 0.000002 -0.000003 0.000084 -0.000000 9.893967 -1.470709 -0.000000 0.000000 -0.000000 -0.000000 0.000000 -0.000000 0.000001 16.740417 -2.049035 0.000000 -0.000000 -0.000000 0.000000 9.617874 1.685008 -0.000000 -0.000000 0.000000 0.000002 22.037354 7.501098 -0.000000 -0.000000 -0.000000 -4.569969 11.014894 -2.160884 0.000005 0.000003 -0.000023 -0.000052 0.000030 0.000011 -27.841520 0.000017 0.000005 -0.000010 0.000001 -0.000003 -28.328836 0.000017 0.000026 -0.000321 -0.000044 0.000010 -2.464817 -1.573966 2.681851 0.314112 -0.720934 -0.172575 -3.215199 -1.872762 1.924284 -0.432457 0.981326 0.240527 -2.654858 -1.527961 1.512612 -0.323118 0.728901 0.173694 0.000001 0.000001 0.000003 -9.108281 -0.517861 2.259837 -0.000007 -0.018787 0.000103 0.000005 0.029297 -0.000007 -0.000005 -0.010093 -0.000003 0.000000 0.000000 -0.000000 -9.532506 -0.000003 -0.000022 -0.000004 -0.057494 0.000110 -0.000001 0.097407 -0.000010 0.000002 -0.036900 -0.000003 -0.000000 0.000000 -0.000000 -9.103599 -0.043045 -1.865133 -0.000000 0.017917 -0.000000 -0.000004 -0.025390 -0.000003 0.000003 -0.012910 0.000003 0.000000 0.000000 0.000000 -8.076683 -0.486680 -3.806278 0.000000 0.059620 -0.000517 0.000001 0.097000 0.000017 -0.000004 -0.056907 0.000003 -0.000000 0.000000 -0.000000 4.570447 11.014723 -2.160855 -0.000007 -0.000002 -0.000015 0.000002 0.000103 0.000118 -0.000007 -0.000007 0.000007 28.328836 -0.000029 0.000017 0.000020 -0.000089 0.000000 2.466128 -1.576189 2.681733 0.271163 0.622431 0.149618 3.217803 -1.872061 1.916485 -0.380683 -0.867292 -0.214332 2.656008 -1.528832 1.514505 -0.280440 -0.641565 -0.159358 2.020883 -1.154066 1.115133 -0.000000 0.000002 -0.000004 9.109305 -0.518042 2.259871 0.000012 -0.005107 0.000093 -0.000008 0.012007 0.000014 -0.000002 -0.007600 -0.000003 -0.000000 -0.000000 0.000000 9.533409 0.000036 0.000044 0.000003 -0.003600 -0.000007 -0.000005 0.002400 0.000007 0.000012 0.002400 -0.000000 0.000000 -0.000000 -0.000000 9.104532 -0.043031 -1.865075 0.000007 0.000700 0.000097 -0.000005 0.000000 -0.000003 0.000010 0.000014 -0.000003 2.644325 0.000031 0.000057 0.000000 -0.000000 -0.000000 8.077785 -0.486864 -3.806258 0.000013 0.234300 -0.000586 -0.000002 -0.024114 0.000086 0.000003 -0.007673 -0.000010 0.000000 -0.000000 -0.000000 -8.207788 -6.751659 -1.599560 -0.077008 -0.000003 0.000080 0.153719 -0.000000 -0.000000 -0.076703 0.000000 -0.000002 -0.000005 -8.728669 10.710563 0.000005 -0.000000 -0.000000 -0.000001 -0.000676 9.278122 -0.000000 0.000000 -0.000000 8.207791 -6.751703 -1.599556 -0.074517 -0.000003 0.000081 0.148830 0.000002 0.000000 -0.074309 0.000000 -0.000002 -0.000003 -8.728670 10.710560 0.000005 -0.000000 -0.000000 -0.000001 -0.000677 9.278137 0.000003 0.000000 -0.000000 
0.000006 104.270470 1.554256 0.000021 0.000003 -0.000113 -0.000005 10.181587 0.131521 0.000002 -0.000003 0.000084 -0.000000 9.893967 -1.470709 -0.000000 0.000000 -0.000000 -0.000000 0.000000 -0.000000 0.000001 16.740417 -2.049035 0.000000 -0.000000 -0.000000 0.000000 9.617874 1.685008 -0.000000 -0.000000 0.000000 0.000002 22.037354 7.501098 -0.000000 -0.000000 -0.000000 -4.569969 11.014894 -2.160884 0.000005 0.000003 -0.000023 -0.000052 0.000030 0.000011 -27.841520 0.000017 0.000005 -0.000010 0.000001 -0.000003 -28.328836 0.000017 0.000026 -0.000321 -0.000044 0.000010 -2.464817 -1.573966 2.681851 0.314112 -0.720934 -0.172575 -3.215199 -1.872762 1.924284 -0.432457 0.981326 0.240527 -2.654858 -1.527961 1.512612 -0.323118 0.728901 0.173694 0.000001 0.000001 0.000003 -9.108281 -0.517861 2.259837 -0.000007 -0.018787 0.000103 0.000005 0.029297 -0.000007 -0.000005 -0.010093 -0.000003 0.000000 0.000000 -0.000000 -9.532506 -0.000003 -0.000022 -0.000004 -0.057494 0.000110 -0.000001 0.097407 -0.000010 0.000002 -0.036900 -0.000003 -0.000000 0.000000 -0.000000 -9.103599 -0.043045 -1.865133 -0.000000 0.017917 -0.000000 -0.000004 -0.025390 -0.000003 0.000003 -0.012910 0.000003 0.000000 0.000000 0.000000 -8.076683 -0.486680 -3.806278 0.000000 0.059620 -0.000517 0.000001 0.097000 0.000017 -0.000004 -0.056907 0.000003 -0.000000 0.000000 -0.000000 4.570447 11.014723 -2.160855 -0.000007 -0.000002 -0.000015 0.000002 0.000103 0.000118 -0.000007 -0.000007 0.000007 28.328836 -0.000029 0.000017 0.000020 -0.000089 0.000000 2.466128 -1.576189 2.681733 0.271163 0.622431 0.149618 3.217803 -1.872061 1.916485 -0.380683 -0.867292 -0.214332 2.656008 -1.528832 1.514505 -0.280440 -0.641565 -0.159358 2.020883 -1.154066 1.115133 -0.000000 0.000002 -0.000004 9.109305 -0.518042 2.259871 0.000012 -0.005107 0.000093 -0.000008 0.012007 0.000014 -0.000002 -0.007600 -0.000003 -0.000000 -0.000000 0.000000 9.533409 0.000036 0.000044 0.000003 -0.003600 -0.000007 -0.000005 0.002400 0.000007 0.000012 0.002400 -0.000000 0.000000 -0.000000 -0.000000 9.104532 -0.043031 -1.865075 0.000007 0.000700 0.000097 -0.000005 0.000000 -0.000003 0.000010 0.000014 -0.000003 2.644325 0.000031 0.000057 0.000000 -0.000000 -0.000000 8.077785 -0.486864 -3.806258 0.000013 0.234300 -0.000586 -0.000002 -0.024114 0.000086 0.000003 -0.007673 -0.000010 0.000000 -0.000000 -0.000000 -8.207788 -6.751659 -1.599560 -0.077008 -0.000003 0.000080 0.153719 -0.000000 -0.000000 -0.076703 0.000000 -0.000002 -0.000005 -8.728669 10.710563 0.000005 -0.000000 -0.000000 -0.000001 -0.000676 9.278122 -0.000000 0.000000 -0.000000 8.207791 -6.751703 -1.599556 -0.074517 -0.000003 0.000081 0.148830 0.000002 0.000000 -0.074309 0.000000 -0.000002 -0.000003 -8.728670 10.710560 0.000005 -0.000000 -0.000000 -0.000001 -0.000677 9.278137 0.000003 0.000000 -0.000000 
0.000006 104.270470 1.554256 0.000021 0.000003 -0.000113 -0.000005 10.181587 0.131521 0.000002 -0.000003 0.000084 -0.000000 9.893967 -1.470709 -0.000000 0.000000 -0.000000 -0.000000 0.000000 -0.000000 0.000001 16.740417 -2.049035 0.000000 -0.000000 -0.000000 0.000000 9.617874 1.685008 -0.000000 -0.000000 0.000000 0.000002 22.037354 7.501098 -0.000000 -0.000000 -0.000000 -4.569969 11.014894 -2.160884 0.000005 0.000003 -0.000023 -0.000052 0.000030 0.000011 -27.841520 0.000017 0.000005 -0.000010 0.000001 -0.000003 -28.328836 0.000017 0.000026 -0.000321 -0.000044 0.000010 -2.464817 -1.573966 2.681851 0.314112 -0.720934 -0.172575 -3.215199 -1.872762 1.924284 -0.432457 0.981326 0.240527 -2.654858 -1.527961 1.512612 -0.323118 0.728901 0.173694 0.000001 0.000001 0.000003 -9.108281 -0.517861 2.259837 -0.000007 -0.018787 0.000103 0.000005 0.029297 -0.000007 -0.000005 -0.010093 -0.000003 0.000000 0.000000 -0.000000 -9.532506 -0.000003 -0.000022 -0.000004 -0.057494 0.000110 -0.000001 0.097407 -0.000010 0.000002 -0.036900 -0.000003 -0.000000 0.000000 -0.000000 -9.103599 -0.043045 -1.865133 -0.000000 0.017917 -0.000000 -0.000004 -0.025390 -0.000003 0.000003 -0.012910 0.000003 0.000000 0.000000 0.000000 -8.076683 -0.486680 -3.806278 0.000000 0.059620 -0.000517 0.000001 0.097000 0.000017 -0.000004 -0.056907 0.000003 -0.000000 0.000000 -0.000000 4.570447 11.014723 -2.160855 -0.000007 -0.000002 -0.000015 0.000002 0.000103 0.000118 -0.000007 -0.000007 0.000007 28.328836 -0.000029 0.000017 0.000020 -0.000089 0.000000 2.466128 -1.576189 2.681733 0.271163 0.622431 0.149618 3.217803 -1.872061 1.916485 -0.380683 -0.867292 -0.214332 2.656008 -1.528832 1.514505 -0.280440 -0.641565 -0.159358 2.020883 -1.154066 1.115133 -0.000000 0.000002 -0.000004 9.109305 -0.518042 2.259871 0.000012 -0.005107 0.000093 -0.000008 0.012007 0.000014 -0.000002 -0.007600 -0.000003 -0.000000 -0.000000 0.000000 9.533409 0.000036 0.000044 0.000003 -0.003600 -0.000007 -0.000005 0.002400 0.000007 0.000012 0.002400 -0.000000 0.000000 -0.000000 -0.000000 9.104532 -0.043031 -1.865075 0.000007 0.000700 0.000097 -0.000005 0.000000 -0.000003 0.000010 0.000014 -0.000003 2.644325 0.000031 0.000057 0.000000 -0.000000 -0.000000 8.077785 -0.486864 -3.806258 0.000013 0.234300 -0.000586 -0.000002 -0.024114 0.000086 0.000003 -0.007673 -0.000010 0.000000 -0.000000 -0.000000 -8.207788 -6.751659 -1.599560 -0.077008 -0.000003 0.000080 0.153719 -0.000000 -0.000000 -0.076703 0.000000 -0.000002 -0.000005 -8.728669 10.710563 0.000005 -0.000000 -0.000000 -0.000001 -0.000676 9.278122 -0.000000 0.000000 -0.000000 8.207791 -6.751703 -1.599556 -0.074517 -0.000003 0.000081 0.148830 0.000002 0.000000 -0.074309 0.000000 -0.000002 -0.000003 -8.728670 10.710560 0.000005 -0.000000 -0.000000 -0.000001 -0.000677 9.278137 0.000003 0.000000 -0.000000 
0.000006 104.270470 1.554256 0.000021 0.000003 -0.000113 -0.000005 10.181587 0.131521 0.000002 -0.000003 0.000084 -0.000000 9.893967 -1.470709 -0.000000 0.000000 -0.000000 -0.000000 0.000000 -0.000000 0.000001 16.740417 -2.049035 0.000000 -0.000000 -0.000000 0.000000 9.617874 1.685008 -0.000000 -0.000000 0.000000 0.000002 22.037354 7.501098 -0.000000 -0.000000 -0.000000 -4.569969 11.014894 -2.160884 0.000005 0.000003 -0.000023 -0.000052 0.000030 0.000011 -27.841520 0.000017 0.000005 -0.000010 0.000001 -0.000003 -28.328836 0.000017 0.000026 -0.000321 -0.000044 0.000010 -2.464817 -1.573966 2.681851 0.314112 -0.720934 -0.172575 -3.215199 -1.872762 1.924284 -0.432457 0.981326 0.240527 -2.654858 -1.527961 1.512612 -0.323118 0.728901 0.173694 0.000001 0.000001 0.000003 -9.108281 -0.517861 2.259837 -0.000007 -0.018787 0.000103 0.000005 0.029297 -0.000007 -0.000005 -0.010093 -0.000003 0.000000 0.000000 -0.000000 -9.532506 -0.000003 -0.000022 -0.000004 -0.057494 0.000110 -0.000001 0.097407 -0.000010 0.000002 -0.036900 -0.000003 -0.000000 0.000000 -0.000000 -9.103599 -0.043045 -1.865133 -0.000000 0.017917 -0.000000 -0.000004 -0.025390 -0.000003 0.000003 -0.012910 0.000003 0.000000 0.000000 0.000000 -8.076683 -0.486680 -3.806278 0.000000 0.059620 -0.000517 0.000001 0.097000 0.000017 -0.000004 -0.056907 0.000003 -0.000000 0.000000 -0.000000 4.570447 11.014723 -2.160855 -0.000007 -0.000002 -0.000015 0.000002 0.000103 0.000118 -0.000007 -0.000007 0.000007 28.328836 -0.000029 0.000017 0.000020 -0.000089 0.000000 2.466128 -1.576189 2.681733 0.271163 0.622431 0.149618 3.217803 -1.872061 1.916485 -0.380683 -0.867292 -0.214332 2.656008 -1.528832 1.514505 -0.280440 -0.641565 -0.159358 2.020883 -1.154066 1.115133 -0.000000 0.000002 -0.000004 9.109305 -0.518042 2.259871 0.000012 -0.005107 0.000093 -0.000008 0.012007 0.000014 -0.000002 -0.007600 -0.000003 -0.000000 -0.000000 0.000000 9.533409 0.000036 0.000044 0.000003 -0.003600 -0.000007 -0.000005 0.002400 0.000007 0.000012 0.002400 -0.000000 0.000000 -0.000000 -0.000000 9.104532 -0.043031 -1.865075 0.000007 0.000700 0.000097 -0.000005 0.000000 -0.000003 0.000010 0.000014 -0.000003 2.644325 0.000031 0.000057 0.000000 -0.000000 -0.000000 8.077785 -0.486864 -3.806258 0.000013 0.234300 -0.000586 -0.000002 -0.024114 0.000086 0.000003 -0.007673 -0.000010 0.000000 -0.000000 -0.000000 -8.207788 -6.751659 -1.599560 -0.077008 -0.000003 0.000080 0.153719 -0.000000 -0.000000 -0.076703 0.000000 -0.000002 -0.000005 -8.728669 10.710563 0.000005 -0.000000 -0.000000 -0.000001 -0.000676 9.278122 -0.000000 0.000000 -0.000000 8.207791 -6.751703 -1.599556 -0.074517 -0.000003 0.000081 0.148830 0.000002 0.000000 -0.074309 0.000000 -0.000002 -0.000003 -8.728670 10.710560 0.000005 -0.000000 -0.000000 -0.000001 -0.000677 9.278137 0.000003 0.000000 -0.000000 
0.000006 104.270470 1.554256 0.000021 0.000003 -0.000113 -0.000005 10.181587 0.131521 0.000002 -0.000003 0.000084 -0.000000 9.893967 -1.470709 -0.000000 0.000000 -0.000000 -0.000000 0.000000 -0.000000 0.000001 16.740417 -2.049035 0.000000 -0.000000 -0.000000 0.000000 9.617874 1.685008 -0.000000 -0.000000 0.000000 0.000002 22.037354 7.501098 -0.000000 -0.000000 -0.000000 -4.569969 11.014894 -2.160884 0.000005 0.000003 -0.000023 -0.000052 0.000030 0.000011 -27.841520 0.000017 0.000005 -0.000010 0.000001 -0.000003 -28.328836 0.000017 0.000026 -0.000321 -0.000044 0.000010 -2.464817 -1.573966 2.681851 0.314112 -0.720934 -0.172575 -3.215199 -1.872762 1.924284 -0.432457 0.981326 0.240527 -2.654858 -1.527961 1.512612 -0.323118 0.728901 0.173694 0.000001 0.000001 0.000003 -9.108281 -0.517861 2.259837 -0.000007 -0.018787 0.000103 0.000005 0.029297 -0.000007 -0.000005 -0.010093 -0.000003 0.000000 0.000000 -0.000000 -9.532506 -0.000003 -0.000022 -0.000004 -0.057494 0.000110 -0.000001 0.097407 -0.000010 0.000002 -0.036900 -0.000003 -0.000000 0.000000 -0.000000 -9.103599 -0.043045 -1.865133 -0.000000 0.017917 -0.000000 -0.000004 -0.025390 -0.000003 0.000003 -0.012910 0.000003 0.000000 0.000000 0.000000 -8.076683 -0.486680 -3.806278 0.000000 0.059620 -0.000517 0.000001 0.097000 0.000017 -0.000004 -0.056907 0.000003 -0.000000 0.000000 -0.000000 4.570447 11.014723 -2.160855 -0.000007 -0.000002 -0.000015 0.000002 0.000103 0.000118 -0.000007 -0.000007 0.000007 28.328836 -0.000029 0.000017 0.000020 -0.000089 0.000000 2.466128 -1.576189 2.681733 0.271163 0.622431 0.149618 3.217803 -1.872061 1.916485 -0.380683 -0.867292 -0.214332 2.656008 -1.528832 1.514505 -0.280440 -0.641565 -0.159358 2.020883 -1.154066 1.115133 -0.000000 0.000002 -0.000004 9.109305 -0.518042 2.259871 0.000012 -0.005107 0.000093 -0.000008 0.012007 0.000014 -0.000002 -0.007600 -0.000003 -0.000000 -0.000000 0.000000 9.533409 0.000036 0.000044 0.000003 -0.003600 -0.000007 -0.000005 0.002400 0.000007 0.000012 0.002400 -0.000000 0.000000 -0.000000 -0.000000 9.104532 -0.043031 -1.865075 0.000007 0.000700 0.000097 -0.000005 0.000000 -0.000003 0.000010 0.000014 -0.000003 2.644325 0.000031 0.000057 0.000000 -0.000000 -0.000000 8.077785 -0.486864 -3.806258 0.000013 0.234300 -0.000586 -0.000002 -0.024114 0.000086 0.000003 -0.007673 -0.000010 0.000000 -0.000000 -0.000000 -8.207788 -6.751659 -1.599560 -0.077008 -0.000003 0.000080 0.153719 -0.000000 -0.000000 -0.076703 0.000000 -0.000002 -0.000005 -8.728669 10.710563 0.000005 -0.000000 -0.000000 -0.000001 -0.000676 9.278122 -0.000000 0.000000 -0.000000 8.207791 -6.751703 -1.599556 -0.074517 -0.000003 0.000081 0.148830 0.000002 0.000000 -0.074309 0.000000 -0.000002 -0.000003 -8.728670 10.710560 0.000005 -0.000000 -0.000000 -0.000001 -0.000677 9.278137 0.000003 0.000000 -0.000000 
0.000006 104.270470 1.554256 0.000021 0.000003 -0.000113 -0.000005 10.181587 0.131521 0.000002 -0.000003 0.000084 -0.000000 9.893967 -1.470709 -0.000000 0.000000 -0.000000 -0.000000 0.000000 -0.000000 0.000001 16.740417 -2.049035 0.000000 -0.000000 -0.000000 0.000000 9.617874 1.685008 -0.000000 -0.000000 0.000000 0.000002 22.037354 7.501098 -0.000000 -0.000000 -0.000000 -4.569969 11.014894 -2.160884 0.000005 0.000003 -0.000023 -0.000052 0.000030 0.000011 -27.841520 0.000017 0.000005 -0.000010 0.000001 -0.000003 -28.328836 0.000017 0.000026 -0.000321 -0.000044 0.000010 -2.464817 -1.573966 2.681851 0.314112 -0.720934 -0.172575 -3.215199 -1.872762 1.924284 -0.432457 0.981326 0.240527 -2.654858 -1.527961 1.512612 -0.323118 0.728901 0.173694 0.000001 0.000001 0.000003 -9.108281 -0.517861 2.259837 -0.000007 -0.018787 0.000103 0.000005 0.029297 -0.000007 -0.000005 -0.010093 -0.000003 0.000000 0.000000 -0.000000 -9.532506 -0.000003 -0.000022 -0.000004 -0.057494 0.000110 -0.000001 0.097407 -0.000010 0.000002 -0.036900 -0.000003 -0.000000 0.000000 -0.000000 -9.103599 -0.043045 -1.865133 -0.000000 0.017917 -0.000000 -0.000004 -0.025390 -0.000003 0.000003 -0.012910 0.000003 0.000000 0.000000 0.000000 -8.076683 -0.486680 -3.806278 0.000000 0.059620 -0.000517 0.000001 0.097000 0.000017 -0.000004 -0.056907 0.000003 -0.000000 0.000000 -0.000000 4.570447 11.014723 -2.160855 -0.000007 -0.000002 -0.000015 0.000002 0.000103 0.000118 -0.000007 -0.000007 0.000007 28.328836 -0.000029 0.000017 0.000020 -0.000089 0.000000 2.466128 -1.576189 2.681733 0.271163 0.622431 0.149618 3.217803 -1.872061 1.916485 -0.380683 -0.867292 -0.214332 2.656008 -1.528832 1.514505 -0.280440 -0.641565 -0.159358 2.020883 -1.154066 1.115133 -0.000000 0.000002 -0.000004 9.109305 -0.518042 2.259871 0.000012 -0.005107 0.000093 -0.000008 0.012007 0.000014 -0.000002 -0.007600 -0.000003 -0.000000 -0.000000 0.000000 9.533409 0.000036 0.000044 0.000003 -0.003600 -0.000007 -0.000005 0.002400 0.000007 0.000012 0.002400 -0.000000 0.000000 -0.000000 -0.000000 9.104532 -0.043031 -1.865075 0.000007 0.000700 0.000097 -0.000005 0.000000 -0.000003 0.000010 0.000014 -0.000003 2.644325 0.000031 0.000057 0.000000 -0.000000 -0.000000 8.077785 -0.486864 -3.806258 0.000013 0.234300 -0.000586 -0.000002 -0.024114 0.000086 0.000003 -0.007673 -0.000010 0.000000 -0.000000 -0.000000 -8.207788 -6.751659 -1.599560 -0.077008 -0.000003 0.000080 0.153719 -0.000000 -0.000000 -0.076703 0.000000 -0.000002 -0.000005 -8.728669 10.710563 0.000005 -0.000000 -0.000000 -0.000001 -0.000676 9.278122 -0.000000 0.000000 -0.000000 8.207791 -6.751703 -1.599556 -0.074517 -0.000003 0.000081 0.148830 0.000002 0.000000 -0.074309 0.000000 -0.000002 -0.000003 -8.728670 10.710560 0.000005 -0.000000 -0.000000 -0.000001 -0.000677 9.278137 0.000003 0.000000 -0.000000 
0.000006 104.270470 1.554256 0.000021 0.000003 -0.000113 -0.000005 10.181587 0.131521 0.000002 -0.000003 0.000084 -0.000000 9.893967 -1.470709 -0.000000 0.000000 -0.000000 -0.000000 0.000000 -0.000000 0.000001 16.740417 -2.049035 0.000000 -0.000000 -0.000000 0.000000 9.617874 1.685008 -0.000000 -0.000000 0.000000 0.000002 22.037354 7.501098 -0.000000 -0.000000 -0.000000 -4.569969 11.014894 -2.160884 0.000005 0.000003 -0.000023 -0.000052 0.000030 0.000011 -27.841520 0.000017 0.000005 -0.000010 0.000001 -0.000003 -28.328836 0.000017 0.000026 -0.000321 -0.000044 0.000010 -2.464817 -1.573966 2.681851 0.314112 -0.720934 -0.172575 -3.215199 -1.872762 1.924284 -0.432457 0.981326 0.240527 -2.654858 -1.527961 1.512612 -0.323118 0.728901 0.173694 0.000001 0.000001 0.000003 -9.108281 -0.517861 2.259837 -0.000007 -0.018787 0.000103 0.000005 0.029297 -0.000007 -0.000005 -0.010093 -0.000003 0.000000 0.000000 -0.000000 -9.532506 -0.000003 -0.000022 -0.000004 -0.057494 0.000110 -0.000001 0.097407 -0.000010 0.000002 -0.036900 -0.000003 -0.000000 0.000000 -0.000000 -9.103599 -0.043045 -1.865133 -0.000000 0.017917 -0.000000 -0.000004 -0.025390 -0.000003 0.000003 -0.012910 0.000003 0.000000 0.000000 0.000000 -8.076683 -0.486680 -3.806278 0.000000 0.059620 -0.000517 0.000001 0.097000 0.000017 -0.000004 -0.056907 0.000003 -0.000000 0.000000 -0.000000 4.570447 11.014723 -2.160855 -0.000007 -0.000002 -0.000015 0.000002 0.000103 0.000118 -0.000007 -0.000007 0.000007 28.328836 -0.000029 0.000017 0.000020 -0.000089 0.000000 2.466128 -1.576189 2.681733 0.271163 0.622431 0.149618 3.217803 -1.872061 1.916485 -0.380683 -0.867292 -0.214332 2.656008 -1.528832 1.514505 -0.280440 -0.641565 -0.159358 2.020883 -1.154066 1.115133 -0.000000 0.000002 -0.000004 9.109305 -0.518042 2.259871 0.000012 -0.005107 0.000093 -0.000008 0.012007 0.000014 -0.000002 -0.007600 -0.000003 -0.000000 -0.000000 0.000000 9.533409 0.000036 0.000044 0.000003 -0.003600 -0.000007 -0.000005 0.002400 0.000007 0.000012 0.002400 -0.000000 0.000000 -0.000000 -0.000000 9.104532 -0.043031 -1.865075 0.000007 0.000700 0.000097 -0.000005 0.000000 -0.000003 0.000010 0.000014 -0.000003 2.644325 0.000031 0.000057 0.000000 -0.000000 -0.000000 8.077785 -0.486864 -3.806258 0.000013 0.234300 -0.000586 -0.000002 -0.024114 0.000086 0.000003 -0.007673 -0.000010 0.000000 -0.000000 -0.000000 -8.207788 -6.751659 -1.599560 -0.077008 -0.000003 0.000080 0.153719 -0.000000 -0.000000 -0.076703 0.000000 -0.000002 -0.000005 -8.728669 10.710563 0.000005 -0.000000 -0.000000 -0.000001 -0.000676 9.278122 -0.000000 0.000000 -0.000000 8.207791 -6.751703 -1.599556 -0.074517 -0.000003 0.000081 0.148830 0.000002 0.000000 -0.074309 0.000000 -0.000002 -0.000003 -8.728670 10.710560 0.000005 -0.000000 -0.000000 -0.000001 -0.000677 9.278137 0.000003 0.000000 -0.000000 
0.000006 104.270470 1.554256 0.000021 0.000003 -0.000113 -0.000005 10.181587 0.131521 0.000002 -0.000003 0.000084 -0.000000 9.893967 -1.470709 -0.000000 0.000000 -0.000000 -0.000000 0.000000 -0.000000 0.000001 16.740417 -2.049035 0.000000 -0.000000 -0.000000 0.000000 9.617874 1.685008 -0.000000 -0.000000 0.000000 0.000002 22.037354 7.501098 -0.000000 -0.000000 -0.000000 -4.569969 11.014894 -2.160884 0.000005 0.000003 -0.000023 -0.000052 0.000030 0.000011 -27.841520 0.000017 0.000005 -0.000010 0.000001 -0.000003 -28.328836 0.000017 0.000026 -0.000321 -0.000044 0.000010 -2.464817 -1.573966 2.681851 0.314112 -0.720934 -0.172575 -3.215199 -1.872762 1.924284 -0.432457 0.981326 0.240527 -2.654858 -1.527961 1.512612 -0.323118 0.728901 0.173694 0.000001 0.000001 0.000003 -9.108281 -0.517861 2.259837 -0.000007 -0.018787 0.000103 0.000005 0.029297 -0.000007 -0.000005 -0.010093 -0.000003 0.000000 0.000000 -0.000000 -9.532506 -0.000003 -0.000022 -0.000004 -0.057494 0.000110 -0.000001 0.097407 -0.000010 0.000002 -0.036900 -0.000003 -0.000000 0.000000 -0.000000 -9.103599 -0.043045 -1.865133 -0.000000 0.017917 -0.000000 -0.000004 -0.025390 -0.000003 0.000003 -0.012910 0.000003 0.000000 0.000000 0.000000 -8.076683 -0.486680 -3.806278 0.000000 0.059620 -0.000517 0.000001 0.097000 0.000017 -0.000004 -0.056907 0.000003 -0.000000 0.000000 -0.000000 4.570447 11.014723 -2.160855 -0.000007 -0.000002 -0.000015 0.000002 0.000103 0.000118 -0.000007 -0.000007 0.000007 28.328836 -0.000029 0.000017 0.000020 -0.000089 0.000000 2.466128 -1.576189 2.681733 0.271163 0.622431 0.149618 3.217803 -1.872061 1.916485 -0.380683 -0.867292 -0.214332 2.656008 -1.528832 1.514505 -0.280440 -0.641565 -0.159358 2.020883 -1.154066 1.115133 -0.000000 0.000002 -0.000004 9.109305 -0.518042 2.259871 0.000012 -0.005107 0.000093 -0.000008 0.012007 0.000014 -0.000002 -0.007600 -0.000003 -0.000000 -0.000000 0.000000 9.533409 0.000036 0.000044 0.000003 -0.003600 -0.000007 -0.000005 0.002400 0.000007 0.000012 0.002400 -0.000000 0.000000 -0.000000 -0.000000 9.104532 -0.043031 -1.865075 0.000007 0.000700 0.000097 -0.000005 0.000000 -0.000003 0.000010 0.000014 -0.000003 2.644325 0.000031 0.000057 0.000000 -0.000000 -0.000000 8.077785 -0.486864 -3.806258 0.000013 0.234300 -0.000586 -0.000002 -0.024114 0.000086 0.000003 -0.007673 -0.000010 0.000000 -0.000000 -0.000000 -8.207788 -6.751659 -1.599560 -0.077008 -0.000003 0.000080 0.153719 -0.000000 -0.000000 -0.076703 0.000000 -0.000002 -0.000005 -8.728669 10.710563 0.000005 -0.000000 -0.000000 -0.000001 -0.000676 9.278122 -0.000000 0.000000 -0.000000 8.207791 -6.751703 -1.599556 -0.074517 -0.000003 0.000081 0.148830 0.000002 0.000000 -0.074309 0.000000 -0.000002 -0.000003 -8.728670 10.710560 0.000005 -0.000000 -0.000000 -0.000001 -0.000677 9.278137 0.000003 0.000000 -0.000000 
0.000006 104.270470 1.554256 0.000021 0.000003 -0.000113 -0.000005 10.181587 0.131521 0.000002 -0.000003 0.000084 -0.000000 9.893967 -1.470709 -0.000000 0.000000 -0.000000 -0.000000 0.000000 -0.000000 0.000001 16.740417 -2.049035 0.000000 -0.000000 -0.000000 0.000000 9.617874 1.685008 -0.000000 -0.000000 0.000000 0.000002 22.037354 7.501098 -0.000000 -0.000000 -0.000000 -4.569969 11.014894 -2.160884 0.000005 0.000003 -0.000023 -0.000052 0.000030 0.000011 -27.841520 0.000017 0.000005 -0.000010 0.000001 -0.000003 -28.328836 0.000017 0.000026 -0.000321 -0.000044 0.000010 -2.464817 -1.573966 2.681851 0.314112 -0.720934 -0.172575 -3.215199 -1.872762 1.924284 -0.432457 0.981326 0.240527 -2.654858 -1.527961 1.512612 -0.323118 0.728901 0.173694 0.000001 0.000001 0.000003 -9.108281 -0.517861 2.259837 -0.000007 -0.018787 0.000103 0.000005 0.029297 -0.000007 -0.000005 -0.010093 -0.000003 0.000000 0.000000 -0.000000 -9.532506 -0.000003 -0.000022 -0.000004 -0.057494 0.000110 -0.000001 0.097407 -0.000010 0.000002 -0.036900 -0.000003 -0.000000 0.000000 -0.000000 -9.103599 -0.043045 -1.865133 -0.000000 0.017917 -0.000000 -0.000004 -0.025390 -0.000003 0.000003 -0.012910 0.000003 0.000000 0.000000 0.000000 -8.076683 -0.486680 -3.806278 0.000000 0.059620 -0.000517 0.000001 0.097000 0.000017 -0.000004 -0.056907 0.000003 -0.000000 0.000000 -0.000000 4.570447 11.014723 -2.160855 -0.000007 -0.000002 -0.000015 0.000002 0.000103 0.000118 -0.000007 -0.000007 0.000007 28.328836 -0.000029 0.000017 0.000020 -0.000089 0.000000 2.466128 -1.576189 2.681733 0.271163 0.622431 0.149618 3.217803 -1.872061 1.916485 -0.380683 -0.867292 -0.214332 2.656008 -1.528832 1.514505 -0.280440 -0.641565 -0.159358 2.020883 -1.154066 1.115133 -0.000000 0.000002 -0.000004 9.109305 -0.518042 2.259871 0.000012 -0.005107 0.000093 -0.000008 0.012007 0.000014 -0.000002 -0.007600 -0.000003 -0.000000 -0.000000 0.000000 9.533409 0.000036 0.000044 0.000003 -0.003600 -0.000007 -0.000005 0.002400 0.000007 0.000012 0.002400 -0.000000 0.000000 -0.000000 -0.000000 9.104532 -0.043031 -1.865075 0.000007 0.000700 0.000097 -0.000005 0.000000 -0.000003 0.000010 0.000014 -0.000003 2.644325 0.000031 0.000057 0.000000 -0.000000 -0.000000 8.077785 -0.486864 -3.806258 0.000013 0.234300 -0.000586 -0.000002 -0.024114 0.000086 0.000003 -0.007673 -0.000010 0.000000 -0.000000 -0.000000 -8.207788 -6.751659 -1.599560 -0.077008 -0.000003 0.000080 0.153719 -0.000000 -0.000000 -0.076703 0.000000 -0.000002 -0.000005 -8.728669 10.710563 0.000005 -0.000000 -0.000000 -0.000001 -0.000676 9.278122 -0.000000 0.000000 -0.000000 8.207791 -6.751703 -1.599556 -0.074517 -0.000003 0.000081 0.148830 0.000002 0.000000 -0.074309 0.000000 -0.000002 -0.000003 -8.728670 10.710560 0.000005 -0.000000 -0.000000 -0.000001 -0.000677 9.278137 0.000003 0.000000 -0.000000 
0.000006 104.270470 1.554256 0.000021 0.000003 -0.000113 -0.000005 10.181587 0.131521 0.000002 -0.000003 0.000084 -0.000000 9.893967 -1.470709 -0.000000 0.000000 -0.000000 -0.000000 0.000000 -0.000000 0.000001 16.740417 -2.049035 0.000000 -0.000000 -0.000000 0.000000 9.617874 1.685008 -0.000000 -0.000000 0.000000 0.000002 22.037354 7.501098 -0.000000 -0.000000 -0.000000 -4.569969 11.014894 -2.160884 0.000005 0.000003 -0.000023 -0.000052 0.000030 0.000011 -27.841520 0.000017 0.000005 -0.000010 0.000001 -0.000003 -28.328836 0.000017 0.000026 -0.000321 -0.000044 0.000010 -2.464817 -1.573966 2.681851 0.314112 -0.720934 -0.172575 -3.215199 -1.872762 1.924284 -0.432457 0.981326 0.240527 -2.654858 -1.527961 1.512612 -0.323118 0.728901 0.173694 0.000001 0.000001 0.000003 -9.108281 -0.517861 2.259837 -0.000007 -0.018787 0.000103 0.000005 0.029297 -0.000007 -0.000005 -0.010093 -0.000003 0.000000 0.000000 -0.000000 -9.532506 -0.000003 -0.000022 -0.000004 -0.057494 0.000110 -0.000001 0.097407 -0.000010 0.000002 -0.036900 -0.000003 -0.000000 0.000000 -0.000000 -9.103599 -0.043045 -1.865133 -0.000000 0.017917 -0.000000 -0.000004 -0.025390 -0.000003 0.000003 -0.012910 0.000003 0.000000 0.000000 0.000000 -8.076683 -0.486680 -3.806278 0.000000 0.059620 -0.000517 0.000001 0.097000 0.000017 -0.000004 -0.056907 0.000003 -0.000000 0.000000 -0.000000 4.570447 11.014723 -2.160855 -0.000007 -0.000002 -0.000015 0.000002 0.000103 0.000118 -0.000007 -0.000007 0.000007 28.328836 -0.000029 0.000017 0.000020 -0.000089 0.000000 2.466128 -1.576189 2.681733 0.271163 0.622431 0.149618 3.217803 -1.872061 1.916485 -0.380683 -0.867292 -0.214332 2.656008 -1.528832 1.514505 -0.280440 -0.641565 -0.159358 2.020883 -1.154066 1.115133 -0.000000 0.000002 -0.000004 9.109305 -0.518042 2.259871 0.000012 -0.005107 0.000093 -0.000008 0.012007 0.000014 -0.000002 -0.007600 -0.000003 -0.000000 -0.000000 0.000000 9.533409 0.000036 0.000044 0.000003 -0.003600 -0.000007 -0.000005 0.002400 0.000007 0.000012 0.002400 -0.000000 0.000000 -0.000000 -0.000000 9.104532 -0.043031 -1.865075 0.000007 0.000700 0.000097 -0.000005 0.000000 -0.000003 0.000010 0.000014 -0.000003 2.644325 0.000031 0.000057 0.000000 -0.000000 -0.000000 8.077785 -0.486864 -3.806258 0.000013 0.234300 -0.000586 -0.000002 -0.024114 0.000086 0.000003 -0.007673 -0.000010 0.000000 -0.000000 -0.000000 -8.207788 -6.751659 -1.599560 -0.077008 -0.000003 0.000080 0.153719 -0.000000 -0.000000 -0.076703 0.000000 -0.000002 -0.000005 -8.728669 10.710563 0.000005 -0.000000 -0.000000 -0.000001 -0.000676 9.278122 -0.000000 0.000000 -0.000000 8.207791 -6.751703 -1.599556 -0.074517 -0.000003 0.000081 0.148830 0.000002 0.000000 -0.074309 0.000000 -0.000002 -0.000003 -8.728670 10.710560 0.000005 -0.000000 -0.000000 -0.000001 -0.000677 9.278137 0.000003 0.000000 -0.000000 
0.000006 104.270470 1.554256 0.000021 0.000003 -0.000113 -0.000005 10.181587 0.131521 0.000002 -0.000003 0.000084 -0.000000 9.893967 -1.470709 -0.000000 0.000000 -0.000000 -0.000000 0.000000 -0.000000 0.000001 16.740417 -2.049035 0.000000 -0.000000 -0.000000 0.000000 9.617874 1.685008 -0.000000 -0.000000 0.000000 0.000002 22.037354 7.501098 -0.000000 -0.000000 -0.000000 -4.569969 11.014894 -2.160884 0.000005 0.000003 -0.000023 -0.000052 0.000030 0.000011 -27.841520 0.000017 0.000005 -0.000010 0.000001 -0.000003 -28.328836 0.000017 0.000026 -0.000321 -0.000044 0.000010 -2.464817 -1.573966 2.681851 0.314112 -0.720934 -0.172575 -3.215199 -1.872762 1.924284 -0.432457 0.981326 0.240527 -2.654858 -1.527961 1.512612 -0.323118 0.728901 0.173694 0.000001 0.000001 0.000003 -9.108281 -0.517861 2.259837 -0.000007 -0.018787 0.000103 0.000005 0.029297 -0.000007 -0.000005 -0.010093 -0.000003 0.000000 0.000000 -0.000000 -9.532506 -0.000003 -0.000022 -0.000004 -0.057494 0.000110 -0.000001 0.097407 -0.000010 0.000002 -0.036900 -0.000003 -0.000000 0.000000 -0.000000 -9.103599 -0.043045 -1.865133 -0.000000 0.017917 -0.000000 -0.000004 -0.025390 -0.000003 0.000003 -0.012910 0.000003 0.000000 0.000000 0.000000 -8.076683 -0.486680 -3.806278 0.000000 0.059620 -0.000517 0.000001 0.097000 0.000017 -0.000004 -0.056907 0.000003 -0.000000 0.000000 -0.000000 4.570447 11.014723 -2.160855 -0.000007 -0.000002 -0.000015 0.000002 0.000103 0.000118 -0.000007 -0.000007 0.000007 28.328836 -0.000029 0.000017 0.000020 -0.000089 0.000000 2.466128 -1.576189 2.681733 0.271163 0.622431 0.149618 3.217803 -1.872061 1.916485 -0.380683 -0.867292 -0.214332 2.656008 -1.528832 1.514505 -0.280440 -0.641565 -0.159358 2.020883 -1.154066 1.115133 -0.000000 0.000002 -0.000004 9.109305 -0.518042 2.259871 0.000012 -0.005107 0.000093 -0.000008 0.012007 0.000014 -0.000002 -0.007600 -0.000003 -0.000000 -0.000000 0.000000 9.533409 0.000036 0.000044 0.000003 -0.003600 -0.000007 -0.000005 0.002400 0.000007 0.000012 0.002400 -0.000000 0.000000 -0.000000 -0.000000 9.104532 -0.043031 -1.865075 0.000007 0.000700 0.000097 -0.000005 0.000000 -0.000003 0.000010 0.000014 -0.000003 2.644325 0.000031 0.000057 0.000000 -0.000000 -0.000000 8.077785 -0.486864 -3.806258 0.000013 0.234300 -0.000586 -0.000002 -0.024114 0.000086 0.000003 -0.007673 -0.000010 0.000000 -0.000000 -0.000000 -8.207788 -6.751659 -1.599560 -0.077008 -0.000003 0.000080 0.153719 -0.000000 -0.000000 -0.076703 0.000000 -0.000002 -0.000005 -8.728669 10.710563 0.000005 -0.000000 -0.000000 -0.000001 -0.000676 9.278122 -0.000000 0.000000 -0.000000 8.207791 -6.751703 -1.599556 -0.074517 -0.000003 0.000081 0.148830 0.000002 0.000000 -0.074309 0.000000 -0.000002 -0.000003 -8.728670 10.710560 0.000005 -0.000000 -0.000000 -0.000001 -0.000677 9.278137 0.000003 0.000000 -0.000000 
0.000006 104.270470 1.554256 0.000021 0.000003 -0.000113 -0.000005 10.181587 0.131521 0.000002 -0.000003 0.000084 -0.000000 9.893967 -1.470709 -0.000000 0.000000 -0.000000 -0.000000 0.000000 -0.000000 0.000001 16.740417 -2.049035 0.000000 -0.000000 -0.000000 0.000000 9.617874 1.685008 -0.000000 -0.000000 0.000000 0.000002 22.037354 7.501098 -0.000000 -0.000000 -0.000000 -4.569969 11.014894 -2.160884 0.000005 0.000003 -0.000023 -0.000052 0.000030 0.000011 -27.841520 0.000017 0.000005 -0.000010 0.000001 -0.000003 -28.328836 0.000017 0.000026 -0.000321 -0.000044 0.000010 -2.464817 -1.573966 2.681851 0.314112 -0.720934 -0.172575 -3.215199 -1.872762 1.924284 -0.432457 0.981326 0.240527 -2.654858 -1.527961 1.512612 -0.323118 0.728901 0.173694 0.000001 0.000001 0.000003 -9.108281 -0.517861 2.259837 -0.000007 -0.018787 0.000103 0.000005 0.029297 -0.000007 -0.000005 -0.010093 -0.000003 0.000000 0.000000 -0.000000 -9.532506 -0.000003 -0.000022 -0.000004 -0.057494 0.000110 -0.000001 0.097407 -0.000010 0.000002 -0.036900 -0.000003 -0.000000 0.000000 -0.000000 -9.103599 -0.043045 -1.865133 -0.000000 0.017917 -0.000000 -0.000004 -0.025390 -0.000003 0.000003 -0.012910 0.000003 0.000000 0.000000 0.000000 -8.076683 -0.486680 -3.806278 0.000000 0.059620 -0.000517 0.000001 0.097000 0.000017 -0.000004 -0.056907 0.000003 -0.000000 0.000000 -0.000000 4.570447 11.014723 -2.160855 -0.000007 -0.000002 -0.000015 0.000002 0.000103 0.000118 -0.000007 -0.000007 0.000007 28.328836 -0.000029 0.000017 0.000020 -0.000089 0.000000 2.466128 -1.576189 2.681733 0.271163 0.622431 0.149618 3.217803 -1.872061 1.916485 -0.380683 -0.867292 -0.214332 2.656008 -1.528832 1.514505 -0.280440 -0.641565 -0.159358 2.020883 -1.154066 1.115133 -0.000000 0.000002 -0.000004 9.109305 -0.518042 2.259871 0.000012 -0.005107 0.000093 -0.000008 0.012007 0.000014 -0.000002 -0.007600 -0.000003 -0.000000 -0.000000 0.000000 9.533409 0.000036 0.000044 0.000003 -0.003600 -0.000007 -0.000005 0.002400 0.000007 0.000012 0.002400 -0.000000 0.000000 -0.000000 -0.000000 9.104532 -0.043031 -1.865075 0.000007 0.000700 0.000097 -0.000005 0.000000 -0.000003 0.000010 0.000014 -0.000003 2.644325 0.000031 0.000057 0.000000 -0.000000 -0.000000 8.077785 -0.486864 -3.806258 0.000013 0.234300 -0.000586 -0.000002 -0.024114 0.000086 0.000003 -0.007673 -0.000010 0.000000 -0.000000 -0.000000 -8.207788 -6.751659 -1.599560 -0.077008 -0.000003 0.000080 0.153719 -0.000000 -0.000000 -0.076703 0.000000 -0.000002 -0.000005 -8.728669 10.710563 0.000005 -0.000000 -0.000000 -0.000001 -0.000676 9.278122 -0.000000 0.000000 -0.000000 8.207791 -6.751703 -1.599556 -0.074517 -0.000003 0.000081 0.148830 0.000002 0.000000 -0.074309 0.000000 -0.000002 -0.000003 -8.728670 10.710560 0.000005 -0.000000 -0.000000 -0.000001 -0.000677 9.278137 0.000003 0.000000 -0.000000 
0.000006 104.270470 1.554256 0.000021 0.000003 -0.000113 -0.000005 10.181587 0.131521 0.000002 -0.000003 0.000084 -0.000000 9.893967 -1.470709 -0.000000 0.000000 -0.000000 -0.000000 0.000000 -0.000000 0.000001 16.740417 -2.049035 0.000000 -0.000000 -0.000000 0.000000 9.617874 1.685008 -0.000000 -0.000000 0.000000 0.000002 22.037354 7.501098 -0.000000 -0.000000 -0.000000 -4.569969 11.014894 -2.160884 0.000005 0.000003 -0.000023 -0.000052 0.000030 0.000011 -27.841520 0.000017 0.000005 -0.000010 0.000001 -0.000003 -28.328836 0.000017 0.000026 -0.000321 -0.000044 0.000010 -2.464817 -1.573966 2.681851 0.314112 -0.720934 -0.172575 -3.215199 -1.872762 1.924284 -0.432457 0.981326 0.240527 -2.654858 -1.527961 1.512612 -0.323118 0.728901 0.173694 0.000001 0.000001 0.000003 -9.108281 -0.517861 2.259837 -0.000007 -0.018787 0.000103 0.000005 0.029297 -0.000007 -0.000005 -0.010093 -0.000003 0.000000 0.000000 -0.000000 -9.532506 -0.000003 -0.000022 -0.000004 -0.057494 0.000110 -0.000001 0.097407 -0.000010 0.000002 -0.036900 -0.000003 -0.000000 0.000000 -0.000000 -9.103599 -0.043045 -1.865133 -0.000000 0.017917 -0.000000 -0.000004 -0.025390 -0.000003 0.000003 -0.012910 0.000003 0.000000 0.000000 0.000000 -8.076683 -0.486680 -3.806278 0.000000 0.059620 -0.000517 0.000001 0.097000 0.000017 -0.000004 -0.056907 0.000003 -0.000000 0.000000 -0.000000 4.570447 11.014723 -2.160855 -0.000007 -0.000002 -0.000015 0.000002 0.000103 0.000118 -0.000007 -0.000007 0.000007 28.328836 -0.000029 0.000017 0.000020 -0.000089 0.000000 2.466128 -1.576189 2.681733 0.271163 0.622431 0.149618 3.217803 -1.872061 1.916485 -0.380683 -0.867292 -0.214332 2.656008 -1.528832 1.514505 -0.280440 -0.641565 -0.159358 2.020883 -1.154066 1.115133 -0.000000 0.000002 -0.000004 9.109305 -0.518042 2.259871 0.000012 -0.005107 0.000093 -0.000008 0.012007 0.000014 -0.000002 -0.007600 -0.000003 -0.000000 -0.000000 0.000000 9.533409 0.000036 0.000044 0.000003 -0.003600 -0.000007 -0.000005 0.002400 0.000007 0.000012 0.002400 -0.000000 0.000000 -0.000000 -0.000000 9.104532 -0.043031 -1.865075 0.000007 0.000700 0.000097 -0.000005 0.000000 -0.000003 0.000010 0.000014 -0.000003 2.644325 0.000031 0.000057 0.000000 -0.000000 -0.000000 8.077785 -0.486864 -3.806258 0.000013 0.234300 -0.000586 -0.000002 -0.024114 0.000086 0.000003 -0.007673 -0.000010 0.000000 -0.000000 -0.000000 -8.207788 -6.751659 -1.599560 -0.077008 -0.000003 0.000080 0.153719 -0.000000 -0.000000 -0.076703 0.000000 -0.000002 -0.000005 -8.728669 10.710563 0.000005 -0.000000 -0.000000 -0.000001 -0.000676 9.278122 -0.000000 0.000000 -0.000000 8.207791 -6.751703 -1.599556 -0.074517 -0.000003 0.000081 0.148830 0.000002 0.000000 -0.074309 0.000000 -0.000002 -0.000003 -8.728670 10.710560 0.000005 -0.000000 -0.000000 -0.000001 -0.000677 9.278137 0.000003 0.000000 -0.000000 
0.000006 104.270470 1.554256 0.000021 0.000003 -0.000113 -0.000005 10.181587 0.131521 0.000002 -0.000003 0.000084 -0.000000 9.893967 -1.470709 -0.000000 0.000000 -0.000000 -0.000000 0.000000 -0.000000 0.000001 16.740417 -2.049035 0.000000 -0.000000 -0.000000 0.000000 9.617874 1.685008 -0.000000 -0.000000 0.000000 0.000002 22.037354 7.501098 -0.000000 -0.000000 -0.000000 -4.569969 11.014894 -2.160884 0.000005 0.000003 -0.000023 -0.000052 0.000030 0.000011 -27.841520 0.000017 0.000005 -0.000010 0.000001 -0.000003 -28.328836 0.000017 0.000026 -0.000321 -0.000044 0.000010 -2.464817 -1.573966 2.681851 0.314112 -0.720934 -0.172575 -3.215199 -1.872762 1.924284 -0.432457 0.981326 0.240527 -2.654858 -1.527961 1.512612 -0.323118 0.728901 0.173694 0.000001 0.000001 0.000003 -9.108281 -0.517861 2.259837 -0.000007 -0.018787 0.000103 0.000005 0.029297 -0.000007 -0.000005 -0.010093 -0.000003 0.000000 0.000000 -0.000000 -9.532506 -0.000003 -0.000022 -0.000004 -0.057494 0.000110 -0.000001 0.097407 -0.000010 0.000002 -0.036900 -0.000003 -0.000000 0.000000 -0.000000 -9.103599 -0.043045 -1.865133 -0.000000 0.017917 -0.000000 -0.000004 -0.025390 -0.000003 0.000003 -0.012910 0.000003 0.000000 0.000000 0.000000 -8.076683 -0.486680 -3.806278 0.000000 0.059620 -0.000517 0.000001 0.097000 0.000017 -0.000004 -0.056907 0.000003 -0.000000 0.000000 -0.000000 4.570447 11.014723 -2.160855 -0.000007 -0.000002 -0.000015 0.000002 0.000103 0.000118 -0.000007 -0.000007 0.000007 28.328836 -0.000029 0.000017 0.000020 -0.000089 0.000000 2.466128 -1.576189 2.681733 0.271163 0.622431 0.149618 3.217803 -1.872061 1.916485 -0.380683 -0.867292 -0.214332 2.656008 -1.528832 1.514505 -0.280440 -0.641565 -0.159358 2.020883 -1.154066 1.115133 -0.000000 0.000002 -0.000004 9.109305 -0.518042 2.259871 0.000012 -0.005107 0.000093 -0.000008 0.012007 0.000014 -0.000002 -0.007600 -0.000003 -0.000000 -0.000000 0.000000 9.533409 0.000036 0.000044 0.000003 -0.003600 -0.000007 -0.000005 0.002400 0.000007 0.000012 0.002400 -0.000000 0.000000 -0.000000 -0.000000 9.104532 -0.043031 -1.865075 0.000007 0.000700 0.000097 -0.000005 0.000000 -0.000003 0.000010 0.000014 -0.000003 2.644325 0.000031 0.000057 0.000000 -0.000000 -0.000000 8.077785 -0.486864 -3.806258 0.000013 0.234300 -0.000586 -0.000002 -0.024114 0.000086 0.000003 -0.007673 -0.000010 0.000000 -0.000000 -0.000000 -8.207788 -6.751659 -1.599560 -0.077008 -0.000003 0.000080 0.153719 -0.000000 -0.000000 -0.076703 0.000000 -0.000002 -0.000005 -8.728669 10.710563 0.000005 -0.000000 -0.000000 -0.000001 -0.000676 9.278122 -0.000000 0.000000 -0.000000 8.207791 -6.751703 -1.599556 -0.074517 -0.000003 0.000081 0.148830 0.000002 0.000000 -0.074309 0.000000 -0.000002 -0.000003 -8.728670 10.710560 0.000005 -0.000000 -0.000000 -0.000001 -0.000677 9.278137 0.000003 0.000000 -0.000000 
0.000006 104.270470 1.554256 0.000021 0.000003 -0.000113 -0.000005 10.181587 0.131521 0.000002 -0.000003 0.000084 -0.000000 9.893967 -1.470709 -0.000000 0.000000 -0.000000 -0.000000 0.000000 -0.000000 0.000001 16.740417 -2.049035 0.000000 -0.000000 -0.000000 0.000000 9.617874 1.685008 -0.000000 -0.000000 0.000000 0.000002 22.037354 7.501098 -0.000000 -0.000000 -0.000000 -4.569969 11.014894 -2.160884 0.000005 0.000003 -0.000023 -0.000052 0.000030 0.000011 -27.841520 0.000017 0.000005 -0.000010 0.000001 -0.000003 -28.328836 0.000017 0.000026 -0.000321 -0.000044 0.000010 -2.464817 -1.573966 2.681851 0.314112 -0.720934 -0.172575 -3.215199 -1.872762 1.924284 -0.432457 0.981326 0.240527 -2.654858 -1.527961 1.512612 -0.323118 0.728901 0.173694 0.000001 0.000001 0.000003 -9.108281 -0.517861 2.259837 -0.000007 -0.018787 0.000103 0.000005 0.029297 -0.000007 -0.000005 -0.010093 -0.000003 0.000000 0.000000 -0.000000 -9.532506 -0.000003 -0.000022 -0.000004 -0.057494 0.000110 -0.000001 0.097407 -0.000010 0.000002 -0.036900 -0.000003 -0.000000 0.000000 -0.000000 -9.103599 -0.043045 -1.865133 -0.000000 0.017917 -0.000000 -0.000004 -0.025390 -0.000003 0.000003 -0.012910 0.000003 0.000000 0.000000 0.000000 -8.076683 -0.486680 -3.806278 0.000000 0.059620 -0.000517 0.000001 0.097000 0.000017 -0.000004 -0.056907 0.000003 -0.000000 0.000000 -0.000000 4.570447 11.014723 -2.160855 -0.000007 -0.000002 -0.000015 0.000002 0.000103 0.000118 -0.000007 -0.000007 0.000007 28.328836 -0.000029 0.000017 0.000020 -0.000089 0.000000 2.466128 -1.576189 2.681733 0.271163 0.622431 0.149618 3.217803 -1.872061 1.916485 -0.380683 -0.867292 -0.214332 2.656008 -1.528832 1.514505 -0.280440 -0.641565 -0.159358 2.020883 -1.154066 1.115133 -0.000000 0.000002 -0.000004 9.109305 -0.518042 2.259871 0.000012 -0.005107 0.000093 -0.000008 0.012007 0.000014 -0.000002 -0.007600 -0.000003 -0.000000 -0.000000 0.000000 9.533409 0.000036 0.000044 0.000003 -0.003600 -0.000007 -0.000005 0.002400 0.000007 0.000012 0.002400 -0.000000 0.000000 -0.000000 -0.000000 9.104532 -0.043031 -1.865075 0.000007 0.000700 0.000097 -0.000005 0.000000 -0.000003 0.000010 0.000014 -0.000003 2.644325 0.000031 0.000057 0.000000 -0.000000 -0.000000 8.077785 -0.486864 -3.806258 0.000013 0.234300 -0.000586 -0.000002 -0.024114 0.000086 0.000003 -0.007673 -0.000010 0.000000 -0.000000 -0.000000 -8.207788 -6.751659 -1.599560 -0.077008 -0.000003 0.000080 0.153719 -0.000000 -0.000000 -0.076703 0.000000 -0.000002 -0.000005 -8.728669 10.710563 0.000005 -0.000000 -0.000000 -0.000001 -0.000676 9.278122 -0.000000 0.000000 -0.000000 8.207791 -6.751703 -1.599556 -0.074517 -0.000003 0.000081 0.148830 0.000002 0.000000 -0.074309 0.000000 -0.000002 -0.000003 -8.728670 10.710560 0.000005 -0.000000 -0.000000 -0.000001 -0.000677 9.278137 0.000003 0.000000 -0.000000 
0.000006 104.270470 1.554256 0.000021 0.000003 -0.000113 -0.000005 10.181587 0.131521 0.000002 -0.000003 0.000084 -0.000000 9.893967 -1.470709 -0.000000 0.000000 -0.000000 -0.000000 0.000000 -0.000000 0.000001 16.740417 -2.049035 0.000000 -0.000000 -0.000000 0.000000 9.617874 1.685008 -0.000000 -0.000000 0.000000 0.000002 22.037354 7.501098 -0.000000 -0.000000 -0.000000 -4.569969 11.014894 -2.160884 0.000005 0.000003 -0.000023 -0.000052 0.000030 0.000011 -27.841520 0.000017 0.000005 -0.000010 0.000001 -0.000003 -28.328836 0.000017 0.000026 -0.000321 -0.000044 0.000010 -2.464817 -1.573966 2.681851 0.314112 -0.720934 -0.172575 -3.215199 -1.872762 1.924284 -0.432457 0.981326 0.240527 -2.654858 -1.527961 1.512612 -0.323118 0.728901 0.173694 0.000001 0.000001 0.000003 -9.108281 -0.517861 2.259837 -0.000007 -0.018787 0.000103 0.000005 0.029297 -0.000007 -0.000005 -0.010093 -0.000003 0.000000 0.000000 -0.000000 -9.532506 -0.000003 -0.000022 -0.000004 -0.057494 0.000110 -0.000001 0.097407 -0.000010 0.000002 -0.036900 -0.000003 -0.000000 0.000000 -0.000000 -9.103599 -0.043045 -1.865133 -0.000000 0.017917 -0.000000 -0.000004 -0.025390 -0.000003 0.000003 -0.012910 0.000003 0.000000 0.000000 0.000000 -8.076683 -0.486680 -3.806278 0.000000 0.059620 -0.000517 0.000001 0.097000 0.000017 -0.000004 -0.056907 0.000003 -0.000000 0.000000 -0.000000 4.570447 11.014723 -2.160855 -0.000007 -0.000002 -0.000015 0.000002 0.000103 0.000118 -0.000007 -0.000007 0.000007 28.328836 -0.000029 0.000017 0.000020 -0.000089 0.000000 2.466128 -1.576189 2.681733 0.271163 0.622431 0.149618 3.217803 -1.872061 1.916485 -0.380683 -0.867292 -0.214332 2.656008 -1.528832 1.514505 -0.280440 -0.641565 -0.159358 2.020883 -1.154066 1.115133 -0.000000 0.000002 -0.000004 9.109305 -0.518042 2.259871 0.000012 -0.005107 0.000093 -0.000008 0.012007 0.000014 -0.000002 -0.007600 -0.000003 -0.000000 -0.000000 0.000000 9.533409 0.000036 0.000044 0.000003 -0.003600 -0.000007 -0.000005 0.002400 0.000007 0.000012 0.002400 -0.000000 0.000000 -0.000000 -0.000000 9.104532 -0.043031 -1.865075 0.000007 0.000700 0.000097 -0.000005 0.000000 -0.000003 0.000010 0.000014 -0.000003 2.644325 0.000031 0.000057 0.000000 -0.000000 -0.000000 8.077785 -0.486864 -3.806258 0.000013 0.234300 -0.000586 -0.000002 -0.024114 0.000086 0.000003 -0.007673 -0.000010 0.000000 -0.000000 -0.000000 -8.207788 -6.751659 -1.599560 -0.077008 -0.000003 0.000080 0.153719 -0.000000 -0.000000 -0.076703 0.000000 -0.000002 -0.000005 -8.728669 10.710563 0.000005 -0.000000 -0.000000 -0.000001 -0.000676 9.278122 -0.000000 0.000000 -0.000000 8.207791 -6.751703 -1.599556 -0.074517 -0.000003 0.000081 0.148830 0.000002 0.000000 -0.074309 0.000000 -0.000002 -0.000003 -8.728670 10.710560 0.000005 -0.000000 -0.000000 -0.000001 -0.000677 9.278137 0.000003 0.000000 -0.000000 
0.000006 104.270470 1.554256 0.000021 0.000003 -0.000113 -0.000005 10.181587 0.131521 0.000002 -0.000003 0.000084 -0.000000 9.893967 -1.470709 -0.000000 0.000000 -0.000000 -0.000000 0.000000 -0.000000 0.000001 16.740417 -2.049035 0.000000 -0.000000 -0.000000 0.000000 9.617874 1.685008 -0.000000 -0.000000 0.000000 0.000002 22.037354 7.501098 -0.000000 -0.000000 -0.000000 -4.569969 11.014894 -2.160884 0.000005 0.000003 -0.000023 -0.000052 0.000030 0.000011 -27.841520 0.000017 0.000005 -0.000010 0.000001 -0.000003 -28.328836 0.000017 0.000026 -0.000321 -0.000044 0.000010 -2.464817 -1.573966 2.681851 0.314112 -0.720934 -0.172575 -3.215199 -1.872762 1.924284 -0.432457 0.981326 0.240527 -2.654858 -1.527961 1.512612 -0.323118 0.728901 0.173694 0.000001 0.000001 0.000003 -9.108281 -0.517861 2.259837 -0.000007 -0.018787 0.000103 0.000005 0.029297 -0.000007 -0.000005 -0.010093 -0.000003 0.000000 0.000000 -0.000000 -9.532506 -0.000003 -0.000022 -0.000004 -0.057494 0.000110 -0.000001 0.097407 -0.000010 0.000002 -0.036900 -0.000003 -0.000000 0.000000 -0.000000 -9.103599 -0.043045 -1.865133 -0.000000 0.017917 -0.000000 -0.000004 -0.025390 -0.000003 0.000003 -0.012910 0.000003 0.000000 0.000000 0.000000 -8.076683 -0.486680 -3.806278 0.000000 0.059620 -0.000517 0.000001 0.097000 0.000017 -0.000004 -0.056907 0.000003 -0.000000 0.000000 -0.000000 4.570447 11.014723 -2.160855 -0.000007 -0.000002 -0.000015 0.000002 0.000103 0.000118 -0.000007 -0.000007 0.000007 28.328836 -0.000029 0.000017 0.000020 -0.000089 0.000000 2.466128 -1.576189 2.681733 0.271163 0.622431 0.149618 3.217803 -1.872061 1.916485 -0.380683 -0.867292 -0.214332 2.656008 -1.528832 1.514505 -0.280440 -0.641565 -0.159358 2.020883 -1.154066 1.115133 -0.000000 0.000002 -0.000004 9.109305 -0.518042 2.259871 0.000012 -0.005107 0.000093 -0.000008 0.012007 0.000014 -0.000002 -0.007600 -0.000003 -0.000000 -0.000000 0.000000 9.533409 0.000036 0.000044 0.000003 -0.003600 -0.000007 -0.000005 0.002400 0.000007 0.000012 0.002400 -0.000000 0.000000 -0.000000 -0.000000 9.104532 -0.043031 -1.865075 0.000007 0.000700 0.000097 -0.000005 0.000000 -0.000003 0.000010 0.000014 -0.000003 2.644325 0.000031 0.000057 0.000000 -0.000000 -0.000000 8.077785 -0.486864 -3.806258 0.000013 0.234300 -0.000586 -0.000002 -0.024114 0.000086 0.000003 -0.007673 -0.000010 0.000000 -0.000000 -0.000000 -8.207788 -6.751659 -1.599560 -0.077008 -0.000003 0.000080 0.153719 -0.000000 -0.000000 -0.076703 0.000000 -0.000002 -0.000005 -8.728669 10.710563 0.000005 -0.000000 -0.000000 -0.000001 -0.000676 9.278122 -0.000000 0.000000 -0.000000 8.207791 -6.751703 -1.599556 -0.074517 -0.000003 0.000081 0.148830 0.000002 0.000000 -0.074309 0.000000 -0.000002 -0.000003 -8.728670 10.710560 0.000005 -0.000000 -0.000000 -0.000001 -0.000677 9.278137 0.000003 0.000000 -0.000000 
0.000006 104.270470 1.554256 0.000021 0.000003 -0.000113 -0.000005 10.181587 0.131521 0.000002 -0.000003 0.000084 -0.000000 9.893967 -1.470709 -0.000000 0.000000 -0.000000 -0.000000 0.000000 -0.000000 0.000001 16.740417 -2.049035 0.000000 -0.000000 -0.000000 0.000000 9.617874 1.685008 -0.000000 -0.000000 0.000000 0.000002 22.037354 7.501098 -0.000000 -0.000000 -0.000000 -4.569969 11.014894 -2.160884 0.000005 0.000003 -0.000023 -0.000052 0.000030 0.000011 -27.841520 0.000017 0.000005 -0.000010 0.000001 -0.000003 -28.328836 0.000017 0.000026 -0.000321 -0.000044 0.000010 -2.464817 -1.573966 2.681851 0.314112 -0.720934 -0.172575 -3.215199 -1.872762 1.924284 -0.432457 0.981326 0.240527 -2.654858 -1.527961 1.512612 -0.323118 0.728901 0.173694 0.000001 0.000001 0.000003 -9.108281 -0.517861 2.259837 -0.000007 -0.018787 0.000103 0.000005 0.029297 -0.000007 -0.000005 -0.010093 -0.000003 0.000000 0.000000 -0.000000 -9.532506 -0.000003 -0.000022 -0.000004 -0.057494 0.000110 -0.000001 0.097407 -0.000010 0.000002 -0.036900 -0.000003 -0.000000 0.000000 -0.000000 -9.103599 -0.043045 -1.865133 -0.000000 0.017917 -0.000000 -0.000004 -0.025390 -0.000003 0.000003 -0.012910 0.000003 0.000000 0.000000 0.000000 -8.076683 -0.486680 -3.806278 0.000000 0.059620 -0.000517 0.000001 0.097000 0.000017 -0.000004 -0.056907 0.000003 -0.000000 0.000000 -0.000000 4.570447 11.014723 -2.160855 -0.000007 -0.000002 -0.000015 0.000002 0.000103 0.000118 -0.000007 -0.000007 0.000007 28.328836 -0.000029 0.000017 0.000020 -0.000089 0.000000 2.466128 -1.576189 2.681733 0.271163 0.622431 0.149618 3.217803 -1.872061 1.916485 -0.380683 -0.867292 -0.214332 2.656008 -1.528832 1.514505 -0.280440 -0.641565 -0.159358 2.020883 -1.154066 1.115133 -0.000000 0.000002 -0.000004 9.109305 -0.518042 2.259871 0.000012 -0.005107 0.000093 -0.000008 0.012007 0.000014 -0.000002 -0.007600 -0.000003 -0.000000 -0.000000 0.000000 9.533409 0.000036 0.000044 0.000003 -0.003600 -0.000007 -0.000005 0.002400 0.000007 0.000012 0.002400 -0.000000 0.000000 -0.000000 -0.000000 9.104532 -0.043031 -1.865075 0.000007 0.000700 0.000097 -0.000005 0.000000 -0.000003 0.000010 0.000014 -0.000003 2.644325 0.000031 0.000057 0.000000 -0.000000 -0.000000 8.077785 -0.486864 -3.806258 0.000013 0.234300 -0.000586 -0.000002 -0.024114 0.000086 0.000003 -0.007673 -0.000010 0.000000 -0.000000 -0.000000 -8.207788 -6.751659 -1.599560 -0.077008 -0.000003 0.000080 0.153719 -0.000000 -0.000000 -0.076703 0.000000 -0.000002 -0.000005 -8.728669 10.710563 0.000005 -0.000000 -0.000000 -0.000001 -0.000676 9.278122 -0.000000 0.000000 -0.000000 8.207791 -6.751703 -1.599556 -0.074517 -0.000003 0.000081 0.148830 0.000002 0.000000 -0.074309 0.000000 -0.000002 -0.000003 -8.728670 10.710560 0.000005 -0.000000 -0.000000 -0.000001 -0.000677 9.278137 0.000003 0.000000 -0.000000 
0.000006 104.270470 1.554256 0.000021 0.000003 -0.000113 -0.000005 10.181587 0.131521 0.000002 -0.000003 0.000084 -0.000000 9.893967 -1.470709 -0.000000 0.000000 -0.000000 -0.000000 0.000000 -0.000000 0.000001 16.740417 -2.049035 0.000000 -0.000000 -0.000000 0.000000 9.617874 1.685008 -0.000000 -0.000000 0.000000 0.000002 22.037354 7.501098 -0.000000 -0.000000 -0.000000 -4.569969 11.014894 -2.160884 0.000005 0.000003 -0.000023 -0.000052 0.000030 0.000011 -27.841520 0.000017 0.000005 -0.000010 0.000001 -0.000003 -28.328836 0.000017 0.000026 -0.000321 -0.000044 0.000010 -2.464817 -1.573966 2.681851 0.314112 -0.720934 -0.172575 -3.215199 -1.872762 1.924284 -0.432457 0.981326 0.240527 -2.654858 -1.527961 1.512612 -0.323118 0.728901 0.173694 0.000001 0.000001 0.000003 -9.108281 -0.517861 2.259837 -0.000007 -0.018787 0.000103 0.000005 0.029297 -0.000007 -0.000005 -0.010093 -0.000003 0.000000 0.000000 -0.000000 -9.532506 -0.000003 -0.000022 -0.000004 -0.057494 0.000110 -0.000001 0.097407 -0.000010 0.000002 -0.036900 -0.000003 -0.000000 0.000000 -0.000000 -9.103599 -0.043045 -1.865133 -0.000000 0.017917 -0.000000 -0.000004 -0.025390 -0.000003 0.000003 -0.012910 0.000003 0.000000 0.000000 0.000000 -8.076683 -0.486680 -3.806278 0.000000 0.059620 -0.000517 0.000001 0.097000 0.000017 -0.000004 -0.056907 0.000003 -0.000000 0.000000 -0.000000 4.570447 11.014723 -2.160855 -0.000007 -0.000002 -0.000015 0.000002 0.000103 0.000118 -0.000007 -0.000007 0.000007 28.328836 -0.000029 0.000017 0.000020 -0.000089 0.000000 2.466128 -1.576189 2.681733 0.271163 0.622431 0.149618 3.217803 -1.872061 1.916485 -0.380683 -0.867292 -0.214332 2.656008 -1.528832 1.514505 -0.280440 -0.641565 -0.159358 2.020883 -1.154066 1.115133 -0.000000 0.000002 -0.000004 9.109305 -0.518042 2.259871 0.000012 -0.005107 0.000093 -0.000008 0.012007 0.000014 -0.000002 -0.007600 -0.000003 -0.000000 -0.000000 0.000000 9.533409 0.000036 0.000044 0.000003 -0.003600 -0.000007 -0.000005 0.002400 0.000007 0.000012 0.002400 -0.000000 0.000000 -0.000000 -0.000000 9.104532 -0.043031 -1.865075 0.000007 0.000700 0.000097 -0.000005 0.000000 -0.000003 0.000010 0.000014 -0.000003 2.644325 0.000031 0.000057 0.000000 -0.000000 -0.000000 8.077785 -0.486864 -3.806258 0.000013 0.234300 -0.000586 -0.000002 -0.024114 0.000086 0.000003 -0.007673 -0.000010 0.000000 -0.000000 -0.000000 -8.207788 -6.751659 -1.599560 -0.077008 -0.000003 0.000080 0.153719 -0.000000 -0.000000 -0.076703 0.000000 -0.000002 -0.000005 -8.728669 10.710563 0.000005 -0.000000 -0.000000 -0.000001 -0.000676 9.278122 -0.000000 0.000000 -0.000000 8.207791 -6.751703 -1.599556 -0.074517 -0.000003 0.000081 0.148830 0.000002 0.000000 -0.074309 0.000000 -0.000002 -0.000003 -8.728670 10.710560 0.000005 -0.000000 -0.000000 -0.000001 -0.000677 9.278137 0.000003 0.000000 -0.000000 
0.000006 104.270470 1.554256 0.000021 0.000003 -0.000113 -0.000005 10.181587 0.131521 0.000002 -0.000003 0.000084 -0.000000 9.893967 -1.470709 -0.000000 0.000000 -0.000000 -0.000000 0.000000 -0.000000 0.000001 16.740417 -2.049035 0.000000 -0.000000 -0.000000 0.000000 9.617874 1.685008 -0.000000 -0.000000 0.000000 0.000002 22.037354 7.501098 -0.000000 -0.000000 -0.000000 -4.569969 11.014894 -2.160884 0.000005 0.000003 -0.000023 -0.000052 0.000030 0.000011 -27.841520 0.000017 0.000005 -0.000010 0.000001 -0.000003 -28.328836 0.000017 0.000026 -0.000321 -0.000044 0.000010 -2.464817 -1.573966 2.681851 0.314112 -0.720934 -0.172575 -3.215199 -1.872762 1.924284 -0.432457 0.981326 0.240527 -2.654858 -1.527961 1.512612 -0.323118 0.728901 0.173694 0.000001 0.000001 0.000003 -9.108281 -0.517861 2.259837 -0.000007 -0.018787 0.000103 0.000005 0.029297 -0.000007 -0.000005 -0.010093 -0.000003 0.000000 0.000000 -0.000000 -9.532506 -0.000003 -0.000022 -0.000004 -0.057494 0.000110 -0.000001 0.097407 -0.000010 0.000002 -0.036900 -0.000003 -0.000000 0.000000 -0.000000 -9.103599 -0.043045 -1.865133 -0.000000 0.017917 -0.000000 -0.000004 -0.025390 -0.000003 0.000003 -0.012910 0.000003 0.000000 0.000000 0.000000 -8.076683 -0.486680 -3.806278 0.000000 0.059620 -0.000517 0.000001 0.097000 0.000017 -0.000004 -0.056907 0.000003 -0.000000 0.000000 -0.000000 4.570447 11.014723 -2.160855 -0.000007 -0.000002 -0.000015 0.000002 0.000103 0.000118 -0.000007 -0.000007 0.000007 28.328836 -0.000029 0.000017 0.000020 -0.000089 0.000000 2.466128 -1.576189 2.681733 0.271163 0.622431 0.149618 3.217803 -1.872061 1.916485 -0.380683 -0.867292 -0.214332 2.656008 -1.528832 1.514505 -0.280440 -0.641565 -0.159358 2.020883 -1.154066 1.115133 -0.000000 0.000002 -0.000004 9.109305 -0.518042 2.259871 0.000012 -0.005107 0.000093 -0.000008 0.012007 0.000014 -0.000002 -0.007600 -0.000003 -0.000000 -0.000000 0.000000 9.533409 0.000036 0.000044 0.000003 -0.003600 -0.000007 -0.000005 0.002400 0.000007 0.000012 0.002400 -0.000000 0.000000 -0.000000 -0.000000 9.104532 -0.043031 -1.865075 0.000007 0.000700 0.000097 -0.000005 0.000000 -0.000003 0.000010 0.000014 -0.000003 2.644325 0.000031 0.000057 0.000000 -0.000000 -0.000000 8.077785 -0.486864 -3.806258 0.000013 0.234300 -0.000586 -0.000002 -0.024114 0.000086 0.000003 -0.007673 -0.000010 0.000000 -0.000000 -0.000000 -8.207788 -6.751659 -1.599560 -0.077008 -0.000003 0.000080 0.153719 -0.000000 -0.000000 -0.076703 0.000000 -0.000002 -0.000005 -8.728669 10.710563 0.000005 -0.000000 -0.000000 -0.000001 -0.000676 9.278122 -0.000000 0.000000 -0.000000 8.207791 -6.751703 -1.599556 -0.074517 -0.000003 0.000081 0.148830 0.000002 0.000000 -0.074309 0.000000 -0.000002 -0.000003 -8.728670 10.710560 0.000005 -0.000000 -0.000000 -0.000001 -0.000677 9.278137 0.000003 0.000000 -0.000000 
0.000006 104.270470 1.554256 0.000021 0.000003 -0.000113 -0.000005 10.181587 0.131521 0.000002 -0.000003 0.000084 -0.000000 9.893967 -1.470709 -0.000000 0.000000 -0.000000 -0.000000 0.000000 -0.000000 0.000001 16.740417 -2.049035 0.000000 -0.000000 -0.000000 0.000000 9.617874 1.685008 -0.000000 -0.000000 0.000000 0.000002 22.037354 7.501098 -0.000000 -0.000000 -0.000000 -4.569969 11.014894 -2.160884 0.000005 0.000003 -0.000023 -0.000052 0.000030 0.000011 -27.841520 0.000017 0.000005 -0.000010 0.000001 -0.000003 -28.328836 0.000017 0.000026 -0.000321 -0.000044 0.000010 -2.464817 -1.573966 2.681851 0.314112 -0.720934 -0.172575 -3.215199 -1.872762 1.924284 -0.432457 0.981326 0.240527 -2.654858 -1.527961 1.512612 -0.323118 0.728901 0.173694 0.000001 0.000001 0.000003 -9.108281 -0.517861 2.259837 -0.000007 -0.018787 0.000103 0.000005 0.029297 -0.000007 -0.000005 -0.010093 -0.000003 0.000000 0.000000 -0.000000 -9.532506 -0.000003 -0.000022 -0.000004 -0.057494 0.000110 -0.000001 0.097407 -0.000010 0.000002 -0.036900 -0.000003 -0.000000 0.000000 -0.000000 -9.103599 -0.043045 -1.865133 -0.000000 0.017917 -0.000000 -0.000004 -0.025390 -0.000003 0.000003 -0.012910 0.000003 0.000000 0.000000 0.000000 -8.076683 -0.486680 -3.806278 0.000000 0.059620 -0.000517 0.000001 0.097000 0.000017 -0.000004 -0.056907 0.000003 -0.000000 0.000000 -0.000000 4.570447 11.014723 -2.160855 -0.000007 -0.000002 -0.000015 0.000002 0.000103 0.000118 -0.000007 -0.000007 0.000007 28.328836 -0.000029 0.000017 0.000020 -0.000089 0.000000 2.466128 -1.576189 2.681733 0.271163 0.622431 0.149618 3.217803 -1.872061 1.916485 -0.380683 -0.867292 -0.214332 2.656008 -1.528832 1.514505 -0.280440 -0.641565 -0.159358 2.020883 -1.154066 1.115133 -0.000000 0.000002 -0.000004 9.109305 -0.518042 2.259871 0.000012 -0.005107 0.000093 -0.000008 0.012007 0.000014 -0.000002 -0.007600 -0.000003 -0.000000 -0.000000 0.000000 9.533409 0.000036 0.000044 0.000003 -0.003600 -0.000007 -0.000005 0.002400 0.000007 0.000012 0.002400 -0.000000 0.000000 -0.000000 -0.000000 9.104532 -0.043031 -1.865075 0.000007 0.000700 0.000097 -0.000005 0.000000 -0.000003 0.000010 0.000014 -0.000003 2.644325 0.000031 0.000057 0.000000 -0.000000 -0.000000 8.077785 -0.486864 -3.806258 0.000013 0.234300 -0.000586 -0.000002 -0.024114 0.000086 0.000003 -0.007673 -0.000010 0.000000 -0.000000 -0.000000 -8.207788 -6.751659 -1.599560 -0.077008 -0.000003 0.000080 0.153719 -0.000000 -0.000000 -0.076703 0.000000 -0.000002 -0.000005 -8.728669 10.710563 0.000005 -0.000000 -0.000000 -0.000001 -0.000676 9.278122 -0.000000 0.000000 -0.000000 8.207791 -6.751703 -1.599556 -0.074517 -0.000003 0.000081 0.148830 0.000002 0.000000 -0.074309 0.000000 -0.000002 -0.000003 -8.728670 10.710560 0.000005 -0.000000 -0.000000 -0.000001 -0.000677 9.278137 0.000003 0.000000 -0.000000 
0.000006 104.270470 1.554256 0.000021 0.000003 -0.000113 -0.000005 10.181587 0.131521 0.000002 -0.000003 0.000084 -0.000000 9.893967 -1.470709 -0.000000 0.000000 -0.000000 -0.000000 0.000000 -0.000000 0.000001 16.740417 -2.049035 0.000000 -0.000000 -0.000000 0.000000 9.617874 1.685008 -0.000000 -0.000000 0.000000 0.000002 22.037354 7.501098 -0.000000 -0.000000 -0.000000 -4.569969 11.014894 -2.160884 0.000005 0.000003 -0.000023 -0.000052 0.000030 0.000011 -27.841520 0.000017 0.000005 -0.000010 0.000001 -0.000003 -28.328836 0.000017 0.000026 -0.000321 -0.000044 0.000010 -2.464817 -1.573966 2.681851 0.314112 -0.720934 -0.172575 -3.215199 -1.872762 1.924284 -0.432457 0.981326 0.240527 -2.654858 -1.527961 1.512612 -0.323118 0.728901 0.173694 0.000001 0.000001 0.000003 -9.108281 -0.517861 2.259837 -0.000007 -0.018787 0.000103 0.000005 0.029297 -0.000007 -0.000005 -0.010093 -0.000003 0.000000 0.000000 -0.000000 -9.532506 -0.000003 -0.000022 -0.000004 -0.057494 0.000110 -0.000001 0.097407 -0.000010 0.000002 -0.036900 -0.000003 -0.000000 0.000000 -0.000000 -9.103599 -0.043045 -1.865133 -0.000000 0.017917 -0.000000 -0.000004 -0.025390 -0.000003 0.000003 -0.012910 0.000003 0.000000 0.000000 0.000000 -8.076683 -0.486680 -3.806278 0.000000 0.059620 -0.000517 0.000001 0.097000 0.000017 -0.000004 -0.056907 0.000003 -0.000000 0.000000 -0.000000 4.570447 11.014723 -2.160855 -0.000007 -0.000002 -0.000015 0.000002 0.000103 0.000118 -0.000007 -0.000007 0.000007 28.328836 -0.000029 0.000017 0.000020 -0.000089 0.000000 2.466128 -1.576189 2.681733 0.271163 0.622431 0.149618 3.217803 -1.872061 1.916485 -0.380683 -0.867292 -0.214332 2.656008 -1.528832 1.514505 -0.280440 -0.641565 -0.159358 2.020883 -1.154066 1.115133 -0.000000 0.000002 -0.000004 9.109305 -0.518042 2.259871 0.000012 -0.005107 0.000093 -0.000008 0.012007 0.000014 -0.000002 -0.007600 -0.000003 -0.000000 -0.000000 0.000000 9.533409 0.000036 0.000044 0.000003 -0.003600 -0.000007 -0.000005 0.002400 0.000007 0.000012 0.002400 -0.000000 0.000000 -0.000000 -0.000000 9.104532 -0.043031 -1.865075 0.000007 0.000700 0.000097 -0.000005 0.000000 -0.000003 0.000010 0.000014 -0.000003 2.644325 0.000031 0.000057 0.000000 -0.000000 -0.000000 8.077785 -0.486864 -3.806258 0.000013 0.234300 -0.000586 -0.000002 -0.024114 0.000086 0.000003 -0.007673 -0.000010 0.000000 -0.000000 -0.000000 -8.207788 -6.751659 -1.599560 -0.077008 -0.000003 0.000080 0.153719 -0.000000 -0.000000 -0.076703 0.000000 -0.000002 -0.000005 -8.728669 10.710563 0.000005 -0.000000 -0.000000 -0.000001 -0.000676 9.278122 -0.000000 0.000000 -0.000000 8.207791 -6.751703 -1.599556 -0.074517 -0.000003 0.000081 0.148830 0.000002 0.000000 -0.074309 0.000000 -0.000002 -0.000003 -8.728670 10.710560 0.000005 -0.000000 -0.000000 -0.000001 -0.000677 9.278137 0.000003 0.000000 -0.000000 
0.000006 104.270470 1.554256 0.000021 0.000003 -0.000113 -0.000005 10.181587 0.131521 0.000002 -0.000003 0.000084 -0.000000 9.893967 -1.470709 -0.000000 0.000000 -0.000000 -0.000000 0.000000 -0.000000 0.000001 16.740417 -2.049035 0.000000 -0.000000 -0.000000 0.000000 9.617874 1.685008 -0.000000 -0.000000 0.000000 0.000002 22.037354 7.501098 -0.000000 -0.000000 -0.000000 -4.569969 11.014894 -2.160884 0.000005 0.000003 -0.000023 -0.000052 0.000030 0.000011 -27.841520 0.000017 0.000005 -0.000010 0.000001 -0.000003 -28.328836 0.000017 0.000026 -0.000321 -0.000044 0.000010 -2.464817 -1.573966 2.681851 0.314112 -0.720934 -0.172575 -3.215199 -1.872762 1.924284 -0.432457 0.981326 0.240527 -2.654858 -1.527961 1.512612 -0.323118 0.728901 0.173694 0.000001 0.000001 0.000003 -9.108281 -0.517861 2.259837 -0.000007 -0.018787 0.000103 0.000005 0.029297 -0.000007 -0.000005 -0.010093 -0.000003 0.000000 0.000000 -0.000000 -9.532506 -0.000003 -0.000022 -0.000004 -0.057494 0.000110 -0.000001 0.097407 -0.000010 0.000002 -0.036900 -0.000003 -0.000000 0.000000 -0.000000 -9.103599 -0.043045 -1.865133 -0.000000 0.017917 -0.000000 -0.000004 -0.025390 -0.000003 0.000003 -0.012910 0.000003 0.000000 0.000000 0.000000 -8.076683 -0.486680 -3.806278 0.000000 0.059620 -0.000517 0.000001 0.097000 0.000017 -0.000004 -0.056907 0.000003 -0.000000 0.000000 -0.000000 4.570447 11.014723 -2.160855 -0.000007 -0.000002 -0.000015 0.000002 0.000103 0.000118 -0.000007 -0.000007 0.000007 28.328836 -0.000029 0.000017 0.000020 -0.000089 0.000000 2.466128 -1.576189 2.681733 0.271163 0.622431 0.149618 3.217803 -1.872061 1.916485 -0.380683 -0.867292 -0.214332 2.656008 -1.528832 1.514505 -0.280440 -0.641565 -0.159358 2.020883 -1.154066 1.115133 -0.000000 0.000002 -0.000004 9.109305 -0.518042 2.259871 0.000012 -0.005107 0.000093 -0.000008 0.012007 0.000014 -0.000002 -0.007600 -0.000003 -0.000000 -0.000000 0.000000 9.533409 0.000036 0.000044 0.000003 -0.003600 -0.000007 -0.000005 0.002400 0.000007 0.000012 0.002400 -0.000000 0.000000 -0.000000 -0.000000 9.104532 -0.043031 -1.865075 0.000007 0.000700 0.000097 -0.000005 0.000000 -0.000003 0.000010 0.000014 -0.000003 2.644325 0.000031 0.000057 0.000000 -0.000000 -0.000000 8.077785 -0.486864 -3.806258 0.000013 0.234300 -0.000586 -0.000002 -0.024114 0.000086 0.000003 -0.007673 -0.000010 0.000000 -0.000000 -0.000000 -8.207788 -6.751659 -1.599560 -0.077008 -0.000003 0.000080 0.153719 -0.000000 -0.000000 -0.076703 0.000000 -0.000002 -0.000005 -8.728669 10.710563 0.000005 -0.000000 -0.000000 -0.000001 -0.000676 9.278122 -0.000000 0.000000 -0.000000 8.207791 -6.751703 -1.599556 -0.074517 -0.000003 0.000081 0.148830 0.000002 0.000000 -0.074309 0.000000 -0.000002 -0.000003 -8.728670 10.710560 0.000005 -0.000000 -0.000000 -0.000001 -0.000677 9.278137 0.000003 0.000000 -0.000000 
0.000006 104.270470 1.554256 0.000021 0.000003 -0.000113 -0.000005 10.181587 0.131521 0.000002 -0.000003 0.000084 -0.000000 9.893967 -1.470709 -0.000000 0.000000 -0.000000 -0.000000 0.000000 -0.000000 0.000001 16.740417 -2.049035 0.000000 -0.000000 -0.000000 0.000000 9.617874 1.685008 -0.000000 -0.000000 0.000000 0.000002 22.037354 7.501098 -0.000000 -0.000000 -0.000000 -4.569969 11.014894 -2.160884 0.000005 0.000003 -0.000023 -0.000052 0.000030 0.000011 -27.841520 0.000017 0.000005 -0.000010 0.000001 -0.000003 -28.328836 0.000017 0.000026 -0.000321 -0.000044 0.000010 -2.464817 -1.573966 2.681851 0.314112 -0.720934 -0.172575 -3.215199 -1.872762 1.924284 -0.432457 0.981326 0.240527 -2.654858 -1.527961 1.512612 -0.323118 0.728901 0.173694 0.000001 0.000001 0.000003 -9.108281 -0.517861 2.259837 -0.000007 -0.018787 0.000103 0.000005 0.029297 -0.000007 -0.000005 -0.010093 -0.000003 0.000000 0.000000 -0.000000 -9.532506 -0.000003 -0.000022 -0.000004 -0.057494 0.000110 -0.000001 0.097407 -0.000010 0.000002 -0.036900 -0.000003 -0.000000 0.000000 -0.000000 -9.103599 -0.043045 -1.865133 -0.000000 0.017917 -0.000000 -0.000004 -0.025390 -0.000003 0.000003 -0.012910 0.000003 0.000000 0.000000 0.000000 -8.076683 -0.486680 -3.806278 0.000000 0.059620 -0.000517 0.000001 0.097000 0.000017 -0.000004 -0.056907 0.000003 -0.000000 0.000000 -0.000000 4.570447 11.014723 -2.160855 -0.000007 -0.000002 -0.000015 0.000002 0.000103 0.000118 -0.000007 -0.000007 0.000007 28.328836 -0.000029 0.000017 0.000020 -0.000089 0.000000 2.466128 -1.576189 2.681733 0.271163 0.622431 0.149618 3.217803 -1.872061 1.916485 -0.380683 -0.867292 -0.214332 2.656008 -1.528832 1.514505 -0.280440 -0.641565 -0.159358 2.020883 -1.154066 1.115133 -0.000000 0.000002 -0.000004 9.109305 -0.518042 2.259871 0.000012 -0.005107 0.000093 -0.000008 0.012007 0.000014 -0.000002 -0.007600 -0.000003 -0.000000 -0.000000 0.000000 9.533409 0.000036 0.000044 0.000003 -0.003600 -0.000007 -0.000005 0.002400 0.000007 0.000012 0.002400 -0.000000 0.000000 -0.000000 -0.000000 9.104532 -0.043031 -1.865075 0.000007 0.000700 0.000097 -0.000005 0.000000 -0.000003 0.000010 0.000014 -0.000003 2.644325 0.000031 0.000057 0.000000 -0.000000 -0.000000 8.077785 -0.486864 -3.806258 0.000013 0.234300 -0.000586 -0.000002 -0.024114 0.000086 0.000003 -0.007673 -0.000010 0.000000 -0.000000 -0.000000 -8.207788 -6.751659 -1.599560 -0.077008 -0.000003 0.000080 0.153719 -0.000000 -0.000000 -0.076703 0.000000 -0.000002 -0.000005 -8.728669 10.710563 0.000005 -0.000000 -0.000000 -0.000001 -0.000676 9.278122 -0.000000 0.000000 -0.000000 8.207791 -6.751703 -1.599556 -0.074517 -0.000003 0.000081 0.148830 0.000002 0.000000 -0.074309 0.000000 -0.000002 -0.000003 -8.728670 10.710560 0.000005 -0.000000 -0.000000 -0.000001 -0.000677 9.278137 0.000003 0.000000 -0.000000 
0.000006 104.270470 1.554256 0.000021 0.000003 -0.000113 -0.000005 10.181587 0.131521 0.000002 -0.000003 0.000084 -0.000000 9.893967 -1.470709 -0.000000 0.000000 -0.000000 -0.000000 0.000000 -0.000000 0.000001 16.740417 -2.049035 0.000000 -0.000000 -0.000000 0.000000 9.617874 1.685008 -0.000000 -0.000000 0.000000 0.000002 22.037354 7.501098 -0.000000 -0.000000 -0.000000 -4.569969 11.014894 -2.160884 0.000005 0.000003 -0.000023 -0.000052 0.000030 0.000011 -27.841520 0.000017 0.000005 -0.000010 0.000001 -0.000003 -28.328836 0.000017 0.000026 -0.000321 -0.000044 0.000010 -2.464817 -1.573966 2.681851 0.314112 -0.720934 -0.172575 -3.215199 -1.872762 1.924284 -0.432457 0.981326 0.240527 -2.654858 -1.527961 1.512612 -0.323118 0.728901 0.173694 0.000001 0.000001 0.000003 -9.108281 -0.517861 2.259837 -0.000007 -0.018787 0.000103 0.000005 0.029297 -0.000007 -0.000005 -0.010093 -0.000003 0.000000 0.000000 -0.000000 -9.532506 -0.000003 -0.000022 -0.000004 -0.057494 0.000110 -0.000001 0.097407 -0.000010 0.000002 -0.036900 -0.000003 -0.000000 0.000000 -0.000000 -9.103599 -0.043045 -1.865133 -0.000000 0.017917 -0.000000 -0.000004 -0.025390 -0.000003 0.000003 -0.012910 0.000003 0.000000 0.000000 0.000000 -8.076683 -0.486680 -3.806278 0.000000 0.059620 -0.000517 0.000001 0.097000 0.000017 -0.000004 -0.056907 0.000003 -0.000000 0.000000 -0.000000 4.570447 11.014723 -2.160855 -0.000007 -0.000002 -0.000015 0.000002 0.000103 0.000118 -0.000007 -0.000007 0.000007 28.328836 -0.000029 0.000017 0.000020 -0.000089 0.000000 2.466128 -1.576189 2.681733 0.271163 0.622431 0.149618 3.217803 -1.872061 1.916485 -0.380683 -0.867292 -0.214332 2.656008 -1.528832 1.514505 -0.280440 -0.641565 -0.159358 2.020883 -1.154066 1.115133 -0.000000 0.000002 -0.000004 9.109305 -0.518042 2.259871 0.000012 -0.005107 0.000093 -0.000008 0.012007 0.000014 -0.000002 -0.007600 -0.000003 -0.000000 -0.000000 0.000000 9.533409 0.000036 0.000044 0.000003 -0.003600 -0.000007 -0.000005 0.002400 0.000007 0.000012 0.002400 -0.000000 0.000000 -0.000000 -0.000000 9.104532 -0.043031 -1.865075 0.000007 0.000700 0.000097 -0.000005 0.000000 -0.000003 0.000010 0.000014 -0.000003 2.644325 0.000031 0.000057 0.000000 -0.000000 -0.000000 8.077785 -0.486864 -3.806258 0.000013 0.234300 -0.000586 -0.000002 -0.024114 0.000086 0.000003 -0.007673 -0.000010 0.000000 -0.000000 -0.000000 -8.207788 -6.751659 -1.599560 -0.077008 -0.000003 0.000080 0.153719 -0.000000 -0.000000 -0.076703 0.000000 -0.000002 -0.000005 -8.728669 10.710563 0.000005 -0.000000 -0.000000 -0.000001 -0.000676 9.278122 -0.000000 0.000000 -0.000000 8.207791 -6.751703 -1.599556 -0.074517 -0.000003 0.000081 0.148830 0.000002 0.000000 -0.074309 0.000000 -0.000002 -0.000003 -8.728670 10.710560 0.000005 -0.000000 -0.000000 -0.000001 -0.000677 9.278137 0.000003 0.000000 -0.000000 
0.000006 104.270470 1.554256 0.000021 0.000003 -0.000113 -0.000005 10.181587 0.131521 0.000002 -0.000003 0.000084 -0.000000 9.893967 -1.470709 -0.000000 0.000000 -0.000000 -0.000000 0.000000 -0.000000 0.000001 16.740417 -2.049035 0.000000 -0.000000 -0.000000 0.000000 9.617874 1.685008 -0.000000 -0.000000 0.000000 0.000002 22.037354 7.501098 -0.000000 -0.000000 -0.000000 -4.569969 11.014894 -2.160884 0.000005 0.000003 -0.000023 -0.000052 0.000030 0.000011 -27.841520 0.000017 0.000005 -0.000010 0.000001 -0.000003 -28.328836 0.000017 0.000026 -0.000321 -0.000044 0.000010 -2.464817 -1.573966 2.681851 0.314112 -0.720934 -0.172575 -3.215199 -1.872762 1.924284 -0.432457 0.981326 0.240527 -2.654858 -1.527961 1.512612 -0.323118 0.728901 0.173694 0.000001 0.000001 0.000003 -9.108281 -0.517861 2.259837 -0.000007 -0.018787 0.000103 0.000005 0.029297 -0.000007 -0.000005 -0.010093 -0.000003 0.000000 0.000000 -0.000000 -9.532506 -0.000003 -0.000022 -0.000004 -0.057494 0.000110 -0.000001 0.097407 -0.000010 0.000002 -0.036900 -0.000003 -0.000000 0.000000 -0.000000 -9.103599 -0.043045 -1.865133 -0.000000 0.017917 -0.000000 -0.000004 -0.025390 -0.000003 0.000003 -0.012910 0.000003 0.000000 0.000000 0.000000 -8.076683 -0.486680 -3.806278 0.000000 0.059620 -0.000517 0.000001 0.097000 0.000017 -0.000004 -0.056907 0.000003 -0.000000 0.000000 -0.000000 4.570447 11.014723 -2.160855 -0.000007 -0.000002 -0.000015 0.000002 0.000103 0.000118 -0.000007 -0.000007 0.000007 28.328836 -0.000029 0.000017 0.000020 -0.000089 0.000000 2.466128 -1.576189 2.681733 0.271163 0.622431 0.149618 3.217803 -1.872061 1.916485 -0.380683 -0.867292 -0.214332 2.656008 -1.528832 1.514505 -0.280440 -0.641565 -0.159358 2.020883 -1.154066 1.115133 -0.000000 0.000002 -0.000004 9.109305 -0.518042 2.259871 0.000012 -0.005107 0.000093 -0.000008 0.012007 0.000014 -0.000002 -0.007600 -0.000003 -0.000000 -0.000000 0.000000 9.533409 0.000036 0.000044 0.000003 -0.003600 -0.000007 -0.000005 0.002400 0.000007 0.000012 0.002400 -0.000000 0.000000 -0.000000 -0.000000 9.104532 -0.043031 -1.865075 0.000007 0.000700 0.000097 -0.000005 0.000000 -0.000003 0.000010 0.000014 -0.000003 2.644325 0.000031 0.000057 0.000000 -0.000000 -0.000000 8.077785 -0.486864 -3.806258 0.000013 0.234300 -0.000586 -0.000002 -0.024114 0.000086 0.000003 -0.007673 -0.000010 0.000000 -0.000000 -0.000000 -8.207788 -6.751659 -1.599560 -0.077008 -0.000003 0.000080 0.153719 -0.000000 -0.000000 -0.076703 0.000000 -0.000002 -0.000005 -8.728669 10.710563 0.000005 -0.000000 -0.000000 -0.000001 -0.000676 9.278122 -0.000000 0.000000 -0.000000 8.207791 -6.751703 -1.599556 -0.074517 -0.000003 0.000081 0.148830 0.000002 0.000000 -0.074309 0.000000 -0.000002 -0.000003 -8.728670 10.710560 0.000005 -0.000000 -0.000000 -0.000001 -0.000677 9.278137 0.000003 0.000000 -0.000000 
0.000006 104.270470 1.554256 0.000021 0.000003 -0.000113 -0.000005 10.181587 0.131521 0.000002 -0.000003 0.000084 -0.000000 9.893967 -1.470709 -0.000000 0.000000 -0.000000 -0.000000 0.000000 -0.000000 0.000001 16.740417 -2.049035 0.000000 -0.000000 -0.000000 0.000000 9.617874 1.685008 -0.000000 -0.000000 0.000000 0.000002 22.037354 7.501098 -0.000000 -0.000000 -0.000000 -4.569969 11.014894 -2.160884 0.000005 0.000003 -0.000023 -0.000052 0.000030 0.000011 -27.841520 0.000017 0.000005 -0.000010 0.000001 -0.000003 -28.328836 0.000017 0.000026 -0.000321 -0.000044 0.000010 -2.464817 -1.573966 2.681851 0.314112 -0.720934 -0.172575 -3.215199 -1.872762 1.924284 -0.432457 0.981326 0.240527 -2.654858 -1.527961 1.512612 -0.323118 0.728901 0.173694 0.000001 0.000001 0.000003 -9.108281 -0.517861 2.259837 -0.000007 -0.018787 0.000103 0.000005 0.029297 -0.000007 -0.000005 -0.010093 -0.000003 0.000000 0.000000 -0.000000 -9.532506 -0.000003 -0.000022 -0.000004 -0.057494 0.000110 -0.000001 0.097407 -0.000010 0.000002 -0.036900 -0.000003 -0.000000 0.000000 -0.000000 -9.103599 -0.043045 -1.865133 -0.000000 0.017917 -0.000000 -0.000004 -0.025390 -0.000003 0.000003 -0.012910 0.000003 0.000000 0.000000 0.000000 -8.076683 -0.486680 -3.806278 0.000000 0.059620 -0.000517 0.000001 0.097000 0.000017 -0.000004 -0.056907 0.000003 -0.000000 0.000000 -0.000000 4.570447 11.014723 -2.160855 -0.000007 -0.000002 -0.000015 0.000002 0.000103 0.000118 -0.000007 -0.000007 0.000007 28.328836 -0.000029 0.000017 0.000020 -0.000089 0.000000 2.466128 -1.576189 2.681733 0.271163 0.622431 0.149618 3.217803 -1.872061 1.916485 -0.380683 -0.867292 -0.214332 2.656008 -1.528832 1.514505 -0.280440 -0.641565 -0.159358 2.020883 -1.154066 1.115133 -0.000000 0.000002 -0.000004 9.109305 -0.518042 2.259871 0.000012 -0.005107 0.000093 -0.000008 0.012007 0.000014 -0.000002 -0.007600 -0.000003 -0.000000 -0.000000 0.000000 9.533409 0.000036 0.000044 0.000003 -0.003600 -0.000007 -0.000005 0.002400 0.000007 0.000012 0.002400 -0.000000 0.000000 -0.000000 -0.000000 9.104532 -0.043031 -1.865075 0.000007 0.000700 0.000097 -0.000005 0.000000 -0.000003 0.000010 0.000014 -0.000003 2.644325 0.000031 0.000057 0.000000 -0.000000 -0.000000 8.077785 -0.486864 -3.806258 0.000013 0.234300 -0.000586 -0.000002 -0.024114 0.000086 0.000003 -0.007673 -0.000010 0.000000 -0.000000 -0.000000 -8.207788 -6.751659 -1.599560 -0.077008 -0.000003 0.000080 0.153719 -0.000000 -0.000000 -0.076703 0.000000 -0.000002 -0.000005 -8.728669 10.710563 0.000005 -0.000000 -0.000000 -0.000001 -0.000676 9.278122 -0.000000 0.000000 -0.000000 8.207791 -6.751703 -1.599556 -0.074517 -0.000003 0.000081 0.148830 0.000002 0.000000 -0.074309 0.000000 -0.000002 -0.000003 -8.728670 10.710560 0.000005 -0.000000 -0.000000 -0.000001 -0.000677 9.278137 0.000003 0.000000 -0.000000 
0.000006 104.270470 1.554256 0.000021 0.000003 -0.000113 -0.000005 10.181587 0.131521 0.000002 -0.000003 0.000084 -0.000000 9.893967 -1.470709 -0.000000 0.000000 -0.000000 -0.000000 0.000000 -0.000000 0.000001 16.740417 -2.049035 0.000000 -0.000000 -0.000000 0.000000 9.617874 1.685008 -0.000000 -0.000000 0.000000 0.000002 22.037354 7.501098 -0.000000 -0.000000 -0.000000 -4.569969 11.014894 -2.160884 0.000005 0.000003 -0.000023 -0.000052 0.000030 0.000011 -27.841520 0.000017 0.000005 -0.000010 0.000001 -0.000003 -28.328836 0.000017 0.000026 -0.000321 -0.000044 0.000010 -2.464817 -1.573966 2.681851 0.314112 -0.720934 -0.172575 -3.215199 -1.872762 1.924284 -0.432457 0.981326 0.240527 -2.654858 -1.527961 1.512612 -0.323118 0.728901 0.173694 0.000001 0.000001 0.000003 -9.108281 -0.517861 2.259837 -0.000007 -0.018787 0.000103 0.000005 0.029297 -0.000007 -0.000005 -0.010093 -0.000003 0.000000 0.000000 -0.000000 -9.532506 -0.000003 -0.000022 -0.000004 -0.057494 0.000110 -0.000001 0.097407 -0.000010 0.000002 -0.036900 -0.000003 -0.000000 0.000000 -0.000000 -9.103599 -0.043045 -1.865133 -0.000000 0.017917 -0.000000 -0.000004 -0.025390 -0.000003 0.000003 -0.012910 0.000003 0.000000 0.000000 0.000000 -8.076683 -0.486680 -3.806278 0.000000 0.059620 -0.000517 0.000001 0.097000 0.000017 -0.000004 -0.056907 0.000003 -0.000000 0.000000 -0.000000 4.570447 11.014723 -2.160855 -0.000007 -0.000002 -0.000015 0.000002 0.000103 0.000118 -0.000007 -0.000007 0.000007 28.328836 -0.000029 0.000017 0.000020 -0.000089 0.000000 2.466128 -1.576189 2.681733 0.271163 0.622431 0.149618 3.217803 -1.872061 1.916485 -0.380683 -0.867292 -0.214332 2.656008 -1.528832 1.514505 -0.280440 -0.641565 -0.159358 2.020883 -1.154066 1.115133 -0.000000 0.000002 -0.000004 9.109305 -0.518042 2.259871 0.000012 -0.005107 0.000093 -0.000008 0.012007 0.000014 -0.000002 -0.007600 -0.000003 -0.000000 -0.000000 0.000000 9.533409 0.000036 0.000044 0.000003 -0.003600 -0.000007 -0.000005 0.002400 0.000007 0.000012 0.002400 -0.000000 0.000000 -0.000000 -0.000000 9.104532 -0.043031 -1.865075 0.000007 0.000700 0.000097 -0.000005 0.000000 -0.000003 0.000010 0.000014 -0.000003 2.644325 0.000031 0.000057 0.000000 -0.000000 -0.000000 8.077785 -0.486864 -3.806258 0.000013 0.234300 -0.000586 -0.000002 -0.024114 0.000086 0.000003 -0.007673 -0.000010 0.000000 -0.000000 -0.000000 -8.207788 -6.751659 -1.599560 -0.077008 -0.000003 0.000080 0.153719 -0.000000 -0.000000 -0.076703 0.000000 -0.000002 -0.000005 -8.728669 10.710563 0.000005 -0.000000 -0.000000 -0.000001 -0.000676 9.278122 -0.000000 0.000000 -0.000000 8.207791 -6.751703 -1.599556 -0.074517 -0.000003 0.000081 0.148830 0.000002 0.000000 -0.074309 0.000000 -0.000002 -0.000003 -8.728670 10.710560 0.000005 -0.000000 -0.000000 -0.000001 -0.000677 9.278137 0.000003 0.000000 -0.000000 
0.000006 104.270470 1.554256 0.000021 0.000003 -0.000113 -0.000005 10.181587 0.131521 0.000002 -0.000003 0.000084 -0.000000 9.893967 -1.470709 -0.000000 0.000000 -0.000000 -0.000000 0.000000 -0.000000 0.000001 16.740417 -2.049035 0.000000 -0.000000 -0.000000 0.000000 9.617874 1.685008 -0.000000 -0.000000 0.000000 0.000002 22.037354 7.501098 -0.000000 -0.000000 -0.000000 -4.569969 11.014894 -2.160884 0.000005 0.000003 -0.000023 -0.000052 0.000030 0.000011 -27.841520 0.000017 0.000005 -0.000010 0.000001 -0.000003 -28.328836 0.000017 0.000026 -0.000321 -0.000044 0.000010 -2.464817 -1.573966 2.681851 0.314112 -0.720934 -0.172575 -3.215199 -1.872762 1.924284 -0.432457 0.981326 0.240527 -2.654858 -1.527961 1.512612 -0.323118 0.728901 0.173694 0.000001 0.000001 0.000003 -9.108281 -0.517861 2.259837 -0.000007 -0.018787 0.000103 0.000005 0.029297 -0.000007 -0.000005 -0.010093 -0.000003 0.000000 0.000000 -0.000000 -9.532506 -0.000003 -0.000022 -0.000004 -0.057494 0.000110 -0.000001 0.097407 -0.000010 0.000002 -0.036900 -0.000003 -0.000000 0.000000 -0.000000 -9.103599 -0.043045 -1.865133 -0.000000 0.017917 -0.000000 -0.000004 -0.025390 -0.000003 0.000003 -0.012910 0.000003 0.000000 0.000000 0.000000 -8.076683 -0.486680 -3.806278 0.000000 0.059620 -0.000517 0.000001 0.097000 0.000017 -0.000004 -0.056907 0.000003 -0.000000 0.000000 -0.000000 4.570447 11.014723 -2.160855 -0.000007 -0.000002 -0.000015 0.000002 0.000103 0.000118 -0.000007 -0.000007 0.000007 28.328836 -0.000029 0.000017 0.000020 -0.000089 0.000000 2.466128 -1.576189 2.681733 0.271163 0.622431 0.149618 3.217803 -1.872061 1.916485 -0.380683 -0.867292 -0.214332 2.656008 -1.528832 1.514505 -0.280440 -0.641565 -0.159358 2.020883 -1.154066 1.115133 -0.000000 0.000002 -0.000004 9.109305 -0.518042 2.259871 0.000012 -0.005107 0.000093 -0.000008 0.012007 0.000014 -0.000002 -0.007600 -0.000003 -0.000000 -0.000000 0.000000 9.533409 0.000036 0.000044 0.000003 -0.003600 -0.000007 -0.000005 0.002400 0.000007 0.000012 0.002400 -0.000000 0.000000 -0.000000 -0.000000 9.104532 -0.043031 -1.865075 0.000007 0.000700 0.000097 -0.000005 0.000000 -0.000003 0.000010 0.000014 -0.000003 2.644325 0.000031 0.000057 0.000000 -0.000000 -0.000000 8.077785 -0.486864 -3.806258 0.000013 0.234300 -0.000586 -0.000002 -0.024114 0.000086 0.000003 -0.007673 -0.000010 0.000000 -0.000000 -0.000000 -8.207788 -6.751659 -1.599560 -0.077008 -0.000003 0.000080 0.153719 -0.000000 -0.000000 -0.076703 0.000000 -0.000002 -0.000005 -8.728669 10.710563 0.000005 -0.000000 -0.000000 -0.000001 -0.000676 9.278122 -0.000000 0.000000 -0.000000 8.207791 -6.751703 -1.599556 -0.074517 -0.000003 0.000081 0.148830 0.000002 0.000000 -0.074309 0.000000 -0.000002 -0.000003 -8.728670 10.710560 0.000005 -0.000000 -0.000000 -0.000001 -0.000677 9.278137 0.000003 0.000000 -0.000000 
0.000006 104.270470 1.554256 0.000021 0.000003 -0.000113 -0.000005 10.181587 0.131521 0.000002 -0.000003 0.000084 -0.000000 9.893967 -1.470709 -0.000000 0.000000 -0.000000 -0.000000 0.000000 -0.000000 0.000001 16.740417 -2.049035 0.000000 -0.000000 -0.000000 0.000000 9.617874 1.685008 -0.000000 -0.000000 0.000000 0.000002 22.037354 7.501098 -0.000000 -0.000000 -0.000000 -4.569969 11.014894 -2.160884 0.000005 0.000003 -0.000023 -0.000052 0.000030 0.000011 -27.841520 0.000017 0.000005 -0.000010 0.000001 -0.000003 -28.328836 0.000017 0.000026 -0.000321 -0.000044 0.000010 -2.464817 -1.573966 2.681851 0.314112 -0.720934 -0.172575 -3.215199 -1.872762 1.924284 -0.432457 0.981326 0.240527 -2.654858 -1.527961 1.512612 -0.323118 0.728901 0.173694 0.000001 0.000001 0.000003 -9.108281 -0.517861 2.259837 -0.000007 -0.018787 0.000103 0.000005 0.029297 -0.000007 -0.000005 -0.010093 -0.000003 0.000000 0.000000 -0.000000 -9.532506 -0.000003 -0.000022 -0.000004 -0.057494 0.000110 -0.000001 0.097407 -0.000010 0.000002 -0.036900 -0.000003 -0.000000 0.000000 -0.000000 -9.103599 -0.043045 -1.865133 -0.000000 0.017917 -0.000000 -0.000004 -0.025390 -0.000003 0.000003 -0.012910 0.000003 0.000000 0.000000 0.000000 -8.076683 -0.486680 -3.806278 0.000000 0.059620 -0.000517 0.000001 0.097000 0.000017 -0.000004 -0.056907 0.000003 -0.000000 0.000000 -0.000000 4.570447 11.014723 -2.160855 -0.000007 -0.000002 -0.000015 0.000002 0.000103 0.000118 -0.000007 -0.000007 0.000007 28.328836 -0.000029 0.000017 0.000020 -0.000089 0.000000 2.466128 -1.576189 2.681733 0.271163 0.622431 0.149618 3.217803 -1.872061 1.916485 -0.380683 -0.867292 -0.214332 2.656008 -1.528832 1.514505 -0.280440 -0.641565 -0.159358 2.020883 -1.154066 1.115133 -0.000000 0.000002 -0.000004 9.109305 -0.518042 2.259871 0.000012 -0.005107 0.000093 -0.000008 0.012007 0.000014 -0.000002 -0.007600 -0.000003 -0.000000 -0.000000 0.000000 9.533409 0.000036 0.000044 0.000003 -0.003600 -0.000007 -0.000005 0.002400 0.000007 0.000012 0.002400 -0.000000 0.000000 -0.000000 -0.000000 9.104532 -0.043031 -1.865075 0.000007 0.000700 0.000097 -0.000005 0.000000 -0.000003 0.000010 0.000014 -0.000003 2.644325 0.000031 0.000057 0.000000 -0.000000 -0.000000 8.077785 -0.486864 -3.806258 0.000013 0.234300 -0.000586 -0.000002 -0.024114 0.000086 0.000003 -0.007673 -0.000010 0.000000 -0.000000 -0.000000 -8.207788 -6.751659 -1.599560 -0.077008 -0.000003 0.000080 0.153719 -0.000000 -0.000000 -0.076703 0.000000 -0.000002 -0.000005 -8.728669 10.710563 0.000005 -0.000000 -0.000000 -0.000001 -0.000676 9.278122 -0.000000 0.000000 -0.000000 8.207791 -6.751703 -1.599556 -0.074517 -0.000003 0.000081 0.148830 0.000002 0.000000 -0.074309 0.000000 -0.000002 -0.000003 -8.728670 10.710560 0.000005 -0.000000 -0.000000 -0.000001 -0.000677 9.278137 0.000003 0.000000 -0.000000 
0.000006 104.270470 1.554256 0.000021 0.000003 -0.000113 -0.000005 10.181587 0.131521 0.000002 -0.000003 0.000084 -0.000000 9.893967 -1.470709 -0.000000 0.000000 -0.000000 -0.000000 0.000000 -0.000000 0.000001 16.740417 -2.049035 0.000000 -0.000000 -0.000000 0.000000 9.617874 1.685008 -0.000000 -0.000000 0.000000 0.000002 22.037354 7.501098 -0.000000 -0.000000 -0.000000 -4.569969 11.014894 -2.160884 0.000005 0.000003 -0.000023 -0.000052 0.000030 0.000011 -27.841520 0.000017 0.000005 -0.000010 0.000001 -0.000003 -28.328836 0.000017 0.000026 -0.000321 -0.000044 0.000010 -2.464817 -1.573966 2.681851 0.314112 -0.720934 -0.172575 -3.215199 -1.872762 1.924284 -0.432457 0.981326 0.240527 -2.654858 -1.527961 1.512612 -0.323118 0.728901 0.173694 0.000001 0.000001 0.000003 -9.108281 -0.517861 2.259837 -0.000007 -0.018787 0.000103 0.000005 0.029297 -0.000007 -0.000005 -0.010093 -0.000003 0.000000 0.000000 -0.000000 -9.532506 -0.000003 -0.000022 -0.000004 -0.057494 0.000110 -0.000001 0.097407 -0.000010 0.000002 -0.036900 -0.000003 -0.000000 0.000000 -0.000000 -9.103599 -0.043045 -1.865133 -0.000000 0.017917 -0.000000 -0.000004 -0.025390 -0.000003 0.000003 -0.012910 0.000003 0.000000 0.000000 0.000000 -8.076683 -0.486680 -3.806278 0.000000 0.059620 -0.000517 0.000001 0.097000 0.000017 -0.000004 -0.056907 0.000003 -0.000000 0.000000 -0.000000 4.570447 11.014723 -2.160855 -0.000007 -0.000002 -0.000015 0.000002 0.000103 0.000118 -0.000007 -0.000007 0.000007 28.328836 -0.000029 0.000017 0.000020 -0.000089 0.000000 2.466128 -1.576189 2.681733 0.271163 0.622431 0.149618 3.217803 -1.872061 1.916485 -0.380683 -0.867292 -0.214332 2.656008 -1.528832 1.514505 -0.280440 -0.641565 -0.159358 2.020883 -1.154066 1.115133 -0.000000 0.000002 -0.000004 9.109305 -0.518042 2.259871 0.000012 -0.005107 0.000093 -0.000008 0.012007 0.000014 -0.000002 -0.007600 -0.000003 -0.000000 -0.000000 0.000000 9.533409 0.000036 0.000044 0.000003 -0.003600 -0.000007 -0.000005 0.002400 0.000007 0.000012 0.002400 -0.000000 0.000000 -0.000000 -0.000000 9.104532 -0.043031 -1.865075 0.000007 0.000700 0.000097 -0.000005 0.000000 -0.000003 0.000010 0.000014 -0.000003 2.644325 0.000031 0.000057 0.000000 -0.000000 -0.000000 8.077785 -0.486864 -3.806258 0.000013 0.234300 -0.000586 -0.000002 -0.024114 0.000086 0.000003 -0.007673 -0.000010 0.000000 -0.000000 -0.000000 -8.207788 -6.751659 -1.599560 -0.077008 -0.000003 0.000080 0.153719 -0.000000 -0.000000 -0.076703 0.000000 -0.000002 -0.000005 -8.728669 10.710563 0.000005 -0.000000 -0.000000 -0.000001 -0.000676 9.278122 -0.000000 0.000000 -0.000000 8.207791 -6.751703 -1.599556 -0.074517 -0.000003 0.000081 0.148830 0.000002 0.000000 -0.074309 0.000000 -0.000002 -0.000003 -8.728670 10.710560 0.000005 -0.000000 -0.000000 -0.000001 -0.000677 9.278137 0.000003 0.000000 -0.000000 
0.000006 104.270470 1.554256 0.000021 0.000003 -0.000113 -0.000005 10.181587 0.131521 0.000002 -0.000003 0.000084 -0.000000 9.893967 -1.470709 -0.000000 0.000000 -0.000000 -0.000000 0.000000 -0.000000 0.000001 16.740417 -2.049035 0.000000 -0.000000 -0.000000 0.000000 9.617874 1.685008 -0.000000 -0.000000 0.000000 0.000002 22.037354 7.501098 -0.000000 -0.000000 -0.000000 -4.569969 11.014894 -2.160884 0.000005 0.000003 -0.000023 -0.000052 0.000030 0.000011 -27.841520 0.000017 0.000005 -0.000010 0.000001 -0.000003 -28.328836 0.000017 0.000026 -0.000321 -0.000044 0.000010 -2.464817 -1.573966 2.681851 0.314112 -0.720934 -0.172575 -3.215199 -1.872762 1.924284 -0.432457 0.981326 0.240527 -2.654858 -1.527961 1.512612 -0.323118 0.728901 0.173694 0.000001 0.000001 0.000003 -9.108281 -0.517861 2.259837 -0.000007 -0.018787 0.000103 0.000005 0.029297 -0.000007 -0.000005 -0.010093 -0.000003 0.000000 0.000000 -0.000000 -9.532506 -0.000003 -0.000022 -0.000004 -0.057494 0.000110 -0.000001 0.097407 -0.000010 0.000002 -0.036900 -0.000003 -0.000000 0.000000 -0.000000 -9.103599 -0.043045 -1.865133 -0.000000 0.017917 -0.000000 -0.000004 -0.025390 -0.000003 0.000003 -0.012910 0.000003 0.000000 0.000000 0.000000 -8.076683 -0.486680 -3.806278 0.000000 0.059620 -0.000517 0.000001 0.097000 0.000017 -0.000004 -0.056907 0.000003 -0.000000 0.000000 -0.000000 4.570447 11.014723 -2.160855 -0.000007 -0.000002 -0.000015 0.000002 0.000103 0.000118 -0.000007 -0.000007 0.000007 28.328836 -0.000029 0.000017 0.000020 -0.000089 0.000000 2.466128 -1.576189 2.681733 0.271163 0.622431 0.149618 3.217803 -1.872061 1.916485 -0.380683 -0.867292 -0.214332 2.656008 -1.528832 1.514505 -0.280440 -0.641565 -0.159358 2.020883 -1.154066 1.115133 -0.000000 0.000002 -0.000004 9.109305 -0.518042 2.259871 0.000012 -0.005107 0.000093 -0.000008 0.012007 0.000014 -0.000002 -0.007600 -0.000003 -0.000000 -0.000000 0.000000 9.533409 0.000036 0.000044 0.000003 -0.003600 -0.000007 -0.000005 0.002400 0.000007 0.000012 0.002400 -0.000000 0.000000 -0.000000 -0.000000 9.104532 -0.043031 -1.865075 0.000007 0.000700 0.000097 -0.000005 0.000000 -0.000003 0.000010 0.000014 -0.000003 2.644325 0.000031 0.000057 0.000000 -0.000000 -0.000000 8.077785 -0.486864 -3.806258 0.000013 0.234300 -0.000586 -0.000002 -0.024114 0.000086 0.000003 -0.007673 -0.000010 0.000000 -0.000000 -0.000000 -8.207788 -6.751659 -1.599560 -0.077008 -0.000003 0.000080 0.153719 -0.000000 -0.000000 -0.076703 0.000000 -0.000002 -0.000005 -8.728669 10.710563 0.000005 -0.000000 -0.000000 -0.000001 -0.000676 9.278122 -0.000000 0.000000 -0.000000 8.207791 -6.751703 -1.599556 -0.074517 -0.000003 0.000081 0.148830 0.000002 0.000000 -0.074309 0.000000 -0.000002 -0.000003 -8.728670 10.710560 0.000005 -0.000000 -0.000000 -0.000001 -0.000677 9.278137 0.000003 0.000000 -0.000000 
0.000006 104.270470 1.554256 0.000021 0.000003 -0.000113 -0.000005 10.181587 0.131521 0.000002 -0.000003 0.000084 -0.000000 9.893967 -1.470709 -0.000000 0.000000 -0.000000 -0.000000 0.000000 -0.000000 0.000001 16.740417 -2.049035 0.000000 -0.000000 -0.000000 0.000000 9.617874 1.685008 -0.000000 -0.000000 0.000000 0.000002 22.037354 7.501098 -0.000000 -0.000000 -0.000000 -4.569969 11.014894 -2.160884 0.000005 0.000003 -0.000023 -0.000052 0.000030 0.000011 -27.841520 0.000017 0.000005 -0.000010 0.000001 -0.000003 -28.328836 0.000017 0.000026 -0.000321 -0.000044 0.000010 -2.464817 -1.573966 2.681851 0.314112 -0.720934 -0.172575 -3.215199 -1.872762 1.924284 -0.432457 0.981326 0.240527 -2.654858 -1.527961 1.512612 -0.323118 0.728901 0.173694 0.000001 0.000001 0.000003 -9.108281 -0.517861 2.259837 -0.000007 -0.018787 0.000103 0.000005 0.029297 -0.000007 -0.000005 -0.010093 -0.000003 0.000000 0.000000 -0.000000 -9.532506 -0.000003 -0.000022 -0.000004 -0.057494 0.000110 -0.000001 0.097407 -0.000010 0.000002 -0.036900 -0.000003 -0.000000 0.000000 -0.000000 -9.103599 -0.043045 -1.865133 -0.000000 0.017917 -0.000000 -0.000004 -0.025390 -0.000003 0.000003 -0.012910 0.000003 0.000000 0.000000 0.000000 -8.076683 -0.486680 -3.806278 0.000000 0.059620 -0.000517 0.000001 0.097000 0.000017 -0.000004 -0.056907 0.000003 -0.000000 0.000000 -0.000000 4.570447 11.014723 -2.160855 -0.000007 -0.000002 -0.000015 0.000002 0.000103 0.000118 -0.000007 -0.000007 0.000007 28.328836 -0.000029 0.000017 0.000020 -0.000089 0.000000 2.466128 -1.576189 2.681733 0.271163 0.622431 0.149618 3.217803 -1.872061 1.916485 -0.380683 -0.867292 -0.214332 2.656008 -1.528832 1.514505 -0.280440 -0.641565 -0.159358 2.020883 -1.154066 1.115133 -0.000000 0.000002 -0.000004 9.109305 -0.518042 2.259871 0.000012 -0.005107 0.000093 -0.000008 0.012007 0.000014 -0.000002 -0.007600 -0.000003 -0.000000 -0.000000 0.000000 9.533409 0.000036 0.000044 0.000003 -0.003600 -0.000007 -0.000005 0.002400 0.000007 0.000012 0.002400 -0.000000 0.000000 -0.000000 -0.000000 9.104532 -0.043031 -1.865075 0.000007 0.000700 0.000097 -0.000005 0.000000 -0.000003 0.000010 0.000014 -0.000003 2.644325 0.000031 0.000057 0.000000 -0.000000 -0.000000 8.077785 -0.486864 -3.806258 0.000013 0.234300 -0.000586 -0.000002 -0.024114 0.000086 0.000003 -0.007673 -0.000010 0.000000 -0.000000 -0.000000 -8.207788 -6.751659 -1.599560 -0.077008 -0.000003 0.000080 0.153719 -0.000000 -0.000000 -0.076703 0.000000 -0.000002 -0.000005 -8.728669 10.710563 0.000005 -0.000000 -0.000000 -0.000001 -0.000676 9.278122 -0.000000 0.000000 -0.000000 8.207791 -6.751703 -1.599556 -0.074517 -0.000003 0.000081 0.148830 0.000002 0.000000 -0.074309 0.000000 -0.000002 -0.000003 -8.728670 10.710560 0.000005 -0.000000 -0.000000 -0.000001 -0.000677 9.278137 0.000003 0.000000 -0.000000 
0.000006 104.270470 1.554256 0.000021 0.000003 -0.000113 -0.000005 10.181587 0.131521 0.000002 -0.000003 0.000084 -0.000000 9.893967 -1.470709 -0.000000 0.000000 -0.000000 -0.000000 0.000000 -0.000000 0.000001 16.740417 -2.049035 0.000000 -0.000000 -0.000000 0.000000 9.617874 1.685008 -0.000000 -0.000000 0.000000 0.000002 22.037354 7.501098 -0.000000 -0.000000 -0.000000 -4.569969 11.014894 -2.160884 0.000005 0.000003 -0.000023 -0.000052 0.000030 0.000011 -27.841520 0.000017 0.000005 -0.000010 0.000001 -0.000003 -28.328836 0.000017 0.000026 -0.000321 -0.000044 0.000010 -2.464817 -1.573966 2.681851 0.314112 -0.720934 -0.172575 -3.215199 -1.872762 1.924284 -0.432457 0.981326 0.240527 -2.654858 -1.527961 1.512612 -0.323118 0.728901 0.173694 0.000001 0.000001 0.000003 -9.108281 -0.517861 2.259837 -0.000007 -0.018787 0.000103 0.000005 0.029297 -0.000007 -0.000005 -0.010093 -0.000003 0.000000 0.000000 -0.000000 -9.532506 -0.000003 -0.000022 -0.000004 -0.057494 0.000110 -0.000001 0.097407 -0.000010 0.000002 -0.036900 -0.000003 -0.000000 0.000000 -0.000000 -9.103599 -0.043045 -1.865133 -0.000000 0.017917 -0.000000 -0.000004 -0.025390 -0.000003 0.000003 -0.012910 0.000003 0.000000 0.000000 0.000000 -8.076683 -0.486680 -3.806278 0.000000 0.059620 -0.000517 0.000001 0.097000 0.000017 -0.000004 -0.056907 0.000003 -0.000000 0.000000 -0.000000 4.570447 11.014723 -2.160855 -0.000007 -0.000002 -0.000015 0.000002 0.000103 0.000118 -0.000007 -0.000007 0.000007 28.328836 -0.000029 0.000017 0.000020 -0.000089 0.000000 2.466128 -1.576189 2.681733 0.271163 0.622431 0.149618 3.217803 -1.872061 1.916485 -0.380683 -0.867292 -0.214332 2.656008 -1.528832 1.514505 -0.280440 -0.641565 -0.159358 2.020883 -1.154066 1.115133 -0.000000 0.000002 -0.000004 9.109305 -0.518042 2.259871 0.000012 -0.005107 0.000093 -0.000008 0.012007 0.000014 -0.000002 -0.007600 -0.000003 -0.000000 -0.000000 0.000000 9.533409 0.000036 0.000044 0.000003 -0.003600 -0.000007 -0.000005 0.002400 0.000007 0.000012 0.002400 -0.000000 0.000000 -0.000000 -0.000000 9.104532 -0.043031 -1.865075 0.000007 0.000700 0.000097 -0.000005 0.000000 -0.000003 0.000010 0.000014 -0.000003 2.644325 0.000031 0.000057 0.000000 -0.000000 -0.000000 8.077785 -0.486864 -3.806258 0.000013 0.234300 -0.000586 -0.000002 -0.024114 0.000086 0.000003 -0.007673 -0.000010 0.000000 -0.000000 -0.000000 -8.207788 -6.751659 -1.599560 -0.077008 -0.000003 0.000080 0.153719 -0.000000 -0.000000 -0.076703 0.000000 -0.000002 -0.000005 -8.728669 10.710563 0.000005 -0.000000 -0.000000 -0.000001 -0.000676 9.278122 -0.000000 0.000000 -0.000000 8.207791 -6.751703 -1.599556 -0.074517 -0.000003 0.000081 0.148830 0.000002 0.000000 -0.074309 0.000000 -0.000002 -0.000003 -8.728670 10.710560 0.000005 -0.000000 -0.000000 -0.000001 -0.000677 9.278137 0.000003 0.000000 -0.000000 
0.000006 104.270470 1.554256 0.000021 0.000003 -0.000113 -0.000005 10.181587 0.131521 0.000002 -0.000003 0.000084 -0.000000 9.893967 -1.470709 -0.000000 0.000000 -0.000000 -0.000000 0.000000 -0.000000 0.000001 16.740417 -2.049035 0.000000 -0.000000 -0.000000 0.000000 9.617874 1.685008 -0.000000 -0.000000 0.000000 0.000002 22.037354 7.501098 -0.000000 -0.000000 -0.000000 -4.569969 11.014894 -2.160884 0.000005 0.000003 -0.000023 -0.000052 0.000030 0.000011 -27.841520 0.000017 0.000005 -0.000010 0.000001 -0.000003 -28.328836 0.000017 0.000026 -0.000321 -0.000044 0.000010 -2.464817 -1.573966 2.681851 0.314112 -0.720934 -0.172575 -3.215199 -1.872762 1.924284 -0.432457 0.981326 0.240527 -2.654858 -1.527961 1.512612 -0.323118 0.728901 0.173694 0.000001 0.000001 0.000003 -9.108281 -0.517861 2.259837 -0.000007 -0.018787 0.000103 0.000005 0.029297 -0.000007 -0.000005 -0.010093 -0.000003 0.000000 0.000000 -0.000000 -9.532506 -0.000003 -0.000022 -0.000004 -0.057494 0.000110 -0.000001 0.097407 -0.000010 0.000002 -0.036900 -0.000003 -0.000000 0.000000 -0.000000 -9.103599 -0.043045 -1.865133 -0.000000 0.017917 -0.000000 -0.000004 -0.025390 -0.000003 0.000003 -0.012910 0.000003 0.000000 0.000000 0.000000 -8.076683 -0.486680 -3.806278 0.000000 0.059620 -0.000517 0.000001 0.097000 0.000017 -0.000004 -0.056907 0.000003 -0.000000 0.000000 -0.000000 4.570447 11.014723 -2.160855 -0.000007 -0.000002 -0.000015 0.000002 0.000103 0.000118 -0.000007 -0.000007 0.000007 28.328836 -0.000029 0.000017 0.000020 -0.000089 0.000000 2.466128 -1.576189 2.681733 0.271163 0.622431 0.149618 3.217803 -1.872061 1.916485 -0.380683 -0.867292 -0.214332 2.656008 -1.528832 1.514505 -0.280440 -0.641565 -0.159358 2.020883 -1.154066 1.115133 -0.000000 0.000002 -0.000004 9.109305 -0.518042 2.259871 0.000012 -0.005107 0.000093 -0.000008 0.012007 0.000014 -0.000002 -0.007600 -0.000003 -0.000000 -0.000000 0.000000 9.533409 0.000036 0.000044 0.000003 -0.003600 -0.000007 -0.000005 0.002400 0.000007 0.000012 0.002400 -0.000000 0.000000 -0.000000 -0.000000 9.104532 -0.043031 -1.865075 0.000007 0.000700 0.000097 -0.000005 0.000000 -0.000003 0.000010 0.000014 -0.000003 2.644325 0.000031 0.000057 0.000000 -0.000000 -0.000000 8.077785 -0.486864 -3.806258 0.000013 0.234300 -0.000586 -0.000002 -0.024114 0.000086 0.000003 -0.007673 -0.000010 0.000000 -0.000000 -0.000000 -8.207788 -6.751659 -1.599560 -0.077008 -0.000003 0.000080 0.153719 -0.000000 -0.000000 -0.076703 0.000000 -0.000002 -0.000005 -8.728669 10.710563 0.000005 -0.000000 -0.000000 -0.000001 -0.000676 9.278122 -0.000000 0.000000 -0.000000 8.207791 -6.751703 -1.599556 -0.074517 -0.000003 0.000081 0.148830 0.000002 0.000000 -0.074309 0.000000 -0.000002 -0.000003 -8.728670 10.710560 0.000005 -0.000000 -0.000000 -0.000001 -0.000677 9.278137 0.000003 0.000000 -0.000000 
0.000006 104.270470 1.554256 0.000021 0.000003 -0.000113 -0.000005 10.181587 0.131521 0.000002 -0.000003 0.000084 -0.000000 9.893967 -1.470709 -0.000000 0.000000 -0.000000 -0.000000 0.000000 -0.000000 0.000001 16.740417 -2.049035 0.000000 -0.000000 -0.000000 0.000000 9.617874 1.685008 -0.000000 -0.000000 0.000000 0.000002 22.037354 7.501098 -0.000000 -0.000000 -0.000000 -4.569969 11.014894 -2.160884 0.000005 0.000003 -0.000023 -0.000052 0.000030 0.000011 -27.841520 0.000017 0.000005 -0.000010 0.000001 -0.000003 -28.328836 0.000017 0.000026 -0.000321 -0.000044 0.000010 -2.464817 -1.573966 2.681851 0.314112 -0.720934 -0.172575 -3.215199 -1.872762 1.924284 -0.432457 0.981326 0.240527 -2.654858 -1.527961 1.512612 -0.323118 0.728901 0.173694 0.000001 0.000001 0.000003 -9.108281 -0.517861 2.259837 -0.000007 -0.018787 0.000103 0.000005 0.029297 -0.000007 -0.000005 -0.010093 -0.000003 0.000000 0.000000 -0.000000 -9.532506 -0.000003 -0.000022 -0.000004 -0.057494 0.000110 -0.000001 0.097407 -0.000010 0.000002 -0.036900 -0.000003 -0.000000 0.000000 -0.000000 -9.103599 -0.043045 -1.865133 -0.000000 0.017917 -0.000000 -0.000004 -0.025390 -0.000003 0.000003 -0.012910 0.000003 0.000000 0.000000 0.000000 -8.076683 -0.486680 -3.806278 0.000000 0.059620 -0.000517 0.000001 0.097000 0.000017 -0.000004 -0.056907 0.000003 -0.000000 0.000000 -0.000000 4.570447 11.014723 -2.160855 -0.000007 -0.000002 -0.000015 0.000002 0.000103 0.000118 -0.000007 -0.000007 0.000007 28.328836 -0.000029 0.000017 0.000020 -0.000089 0.000000 2.466128 -1.576189 2.681733 0.271163 0.622431 0.149618 3.217803 -1.872061 1.916485 -0.380683 -0.867292 -0.214332 2.656008 -1.528832 1.514505 -0.280440 -0.641565 -0.159358 2.020883 -1.154066 1.115133 -0.000000 0.000002 -0.000004 9.109305 -0.518042 2.259871 0.000012 -0.005107 0.000093 -0.000008 0.012007 0.000014 -0.000002 -0.007600 -0.000003 -0.000000 -0.000000 0.000000 9.533409 0.000036 0.000044 0.000003 -0.003600 -0.000007 -0.000005 0.002400 0.000007 0.000012 0.002400 -0.000000 0.000000 -0.000000 -0.000000 9.104532 -0.043031 -1.865075 0.000007 0.000700 0.000097 -0.000005 0.000000 -0.000003 0.000010 0.000014 -0.000003 2.644325 0.000031 0.000057 0.000000 -0.000000 -0.000000 8.077785 -0.486864 -3.806258 0.000013 0.234300 -0.000586 -0.000002 -0.024114 0.000086 0.000003 -0.007673 -0.000010 0.000000 -0.000000 -0.000000 -8.207788 -6.751659 -1.599560 -0.077008 -0.000003 0.000080 0.153719 -0.000000 -0.000000 -0.076703 0.000000 -0.000002 -0.000005 -8.728669 10.710563 0.000005 -0.000000 -0.000000 -0.000001 -0.000676 9.278122 -0.000000 0.000000 -0.000000 8.207791 -6.751703 -1.599556 -0.074517 -0.000003 0.000081 0.148830 0.000002 0.000000 -0.074309 0.000000 -0.000002 -0.000003 -8.728670 10.710560 0.000005 -0.000000 -0.000000 -0.000001 -0.000677 9.278137 0.000003 0.000000 -0.000000 
0.000006 104.270470 1.554256 0.000021 0.000003 -0.000113 -0.000005 10.181587 0.131521 0.000002 -0.000003 0.000084 -0.000000 9.893967 -1.470709 -0.000000 0.000000 -0.000000 -0.000000 0.000000 -0.000000 0.000001 16.740417 -2.049035 0.000000 -0.000000 -0.000000 0.000000 9.617874 1.685008 -0.000000 -0.000000 0.000000 0.000002 22.037354 7.501098 -0.000000 -0.000000 -0.000000 -4.569969 11.014894 -2.160884 0.000005 0.000003 -0.000023 -0.000052 0.000030 0.000011 -27.841520 0.000017 0.000005 -0.000010 0.000001 -0.000003 -28.328836 0.000017 0.000026 -0.000321 -0.000044 0.000010 -2.464817 -1.573966 2.681851 0.314112 -0.720934 -0.172575 -3.215199 -1.872762 1.924284 -0.432457 0.981326 0.240527 -2.654858 -1.527961 1.512612 -0.323118 0.728901 0.173694 0.000001 0.000001 0.000003 -9.108281 -0.517861 2.259837 -0.000007 -0.018787 0.000103 0.000005 0.029297 -0.000007 -0.000005 -0.010093 -0.000003 0.000000 0.000000 -0.000000 -9.532506 -0.000003 -0.000022 -0.000004 -0.057494 0.000110 -0.000001 0.097407 -0.000010 0.000002 -0.036900 -0.000003 -0.000000 0.000000 -0.000000 -9.103599 -0.043045 -1.865133 -0.000000 0.017917 -0.000000 -0.000004 -0.025390 -0.000003 0.000003 -0.012910 0.000003 0.000000 0.000000 0.000000 -8.076683 -0.486680 -3.806278 0.000000 0.059620 -0.000517 0.000001 0.097000 0.000017 -0.000004 -0.056907 0.000003 -0.000000 0.000000 -0.000000 4.570447 11.014723 -2.160855 -0.000007 -0.000002 -0.000015 0.000002 0.000103 0.000118 -0.000007 -0.000007 0.000007 28.328836 -0.000029 0.000017 0.000020 -0.000089 0.000000 2.466128 -1.576189 2.681733 0.271163 0.622431 0.149618 3.217803 -1.872061 1.916485 -0.380683 -0.867292 -0.214332 2.656008 -1.528832 1.514505 -0.280440 -0.641565 -0.159358 2.020883 -1.154066 1.115133 -0.000000 0.000002 -0.000004 9.109305 -0.518042 2.259871 0.000012 -0.005107 0.000093 -0.000008 0.012007 0.000014 -0.000002 -0.007600 -0.000003 -0.000000 -0.000000 0.000000 9.533409 0.000036 0.000044 0.000003 -0.003600 -0.000007 -0.000005 0.002400 0.000007 0.000012 0.002400 -0.000000 0.000000 -0.000000 -0.000000 9.104532 -0.043031 -1.865075 0.000007 0.000700 0.000097 -0.000005 0.000000 -0.000003 0.000010 0.000014 -0.000003 2.644325 0.000031 0.000057 0.000000 -0.000000 -0.000000 8.077785 -0.486864 -3.806258 0.000013 0.234300 -0.000586 -0.000002 -0.024114 0.000086 0.000003 -0.007673 -0.000010 0.000000 -0.000000 -0.000000 -8.207788 -6.751659 -1.599560 -0.077008 -0.000003 0.000080 0.153719 -0.000000 -0.000000 -0.076703 0.000000 -0.000002 -0.000005 -8.728669 10.710563 0.000005 -0.000000 -0.000000 -0.000001 -0.000676 9.278122 -0.000000 0.000000 -0.000000 8.207791 -6.751703 -1.599556 -0.074517 -0.000003 0.000081 0.148830 0.000002 0.000000 -0.074309 0.000000 -0.000002 -0.000003 -8.728670 10.710560 0.000005 -0.000000 -0.000000 -0.000001 -0.000677 9.278137 0.000003 0.000000 -0.000000 
0.000006 104.270470 1.554256 0.000021 0.000003 -0.000113 -0.000005 10.181587 0.131521 0.000002 -0.000003 0.000084 -0.000000 9.893967 -1.470709 -0.000000 0.000000 -0.000000 -0.000000 0.000000 -0.000000 0.000001 16.740417 -2.049035 0.000000 -0.000000 -0.000000 0.000000 9.617874 1.685008 -0.000000 -0.000000 0.000000 0.000002 22.037354 7.501098 -0.000000 -0.000000 -0.000000 -4.569969 11.014894 -2.160884 0.000005 0.000003 -0.000023 -0.000052 0.000030 0.000011 -27.841520 0.000017 0.000005 -0.000010 0.000001 -0.000003 -28.328836 0.000017 0.000026 -0.000321 -0.000044 0.000010 -2.464817 -1.573966 2.681851 0.314112 -0.720934 -0.172575 -3.215199 -1.872762 1.924284 -0.432457 0.981326 0.240527 -2.654858 -1.527961 1.512612 -0.323118 0.728901 0.173694 0.000001 0.000001 0.000003 -9.108281 -0.517861 2.259837 -0.000007 -0.018787 0.000103 0.000005 0.029297 -0.000007 -0.000005 -0.010093 -0.000003 0.000000 0.000000 -0.000000 -9.532506 -0.000003 -0.000022 -0.000004 -0.057494 0.000110 -0.000001 0.097407 -0.000010 0.000002 -0.036900 -0.000003 -0.000000 0.000000 -0.000000 -9.103599 -0.043045 -1.865133 -0.000000 0.017917 -0.000000 -0.000004 -0.025390 -0.000003 0.000003 -0.012910 0.000003 0.000000 0.000000 0.000000 -8.076683 -0.486680 -3.806278 0.000000 0.059620 -0.000517 0.000001 0.097000 0.000017 -0.000004 -0.056907 0.000003 -0.000000 0.000000 -0.000000 4.570447 11.014723 -2.160855 -0.000007 -0.000002 -0.000015 0.000002 0.000103 0.000118 -0.000007 -0.000007 0.000007 28.328836 -0.000029 0.000017 0.000020 -0.000089 0.000000 2.466128 -1.576189 2.681733 0.271163 0.622431 0.149618 3.217803 -1.872061 1.916485 -0.380683 -0.867292 -0.214332 2.656008 -1.528832 1.514505 -0.280440 -0.641565 -0.159358 2.020883 -1.154066 1.115133 -0.000000 0.000002 -0.000004 9.109305 -0.518042 2.259871 0.000012 -0.005107 0.000093 -0.000008 0.012007 0.000014 -0.000002 -0.007600 -0.000003 -0.000000 -0.000000 0.000000 9.533409 0.000036 0.000044 0.000003 -0.003600 -0.000007 -0.000005 0.002400 0.000007 0.000012 0.002400 -0.000000 0.000000 -0.000000 -0.000000 9.104532 -0.043031 -1.865075 0.000007 0.000700 0.000097 -0.000005 0.000000 -0.000003 0.000010 0.000014 -0.000003 2.644325 0.000031 0.000057 0.000000 -0.000000 -0.000000 8.077785 -0.486864 -3.806258 0.000013 0.234300 -0.000586 -0.000002 -0.024114 0.000086 0.000003 -0.007673 -0.000010 0.000000 -0.000000 -0.000000 -8.207788 -6.751659 -1.599560 -0.077008 -0.000003 0.000080 0.153719 -0.000000 -0.000000 -0.076703 0.000000 -0.000002 -0.000005 -8.728669 10.710563 0.000005 -0.000000 -0.000000 -0.000001 -0.000676 9.278122 -0.000000 0.000000 -0.000000 8.207791 -6.751703 -1.599556 -0.074517 -0.000003 0.000081 0.148830 0.000002 0.000000 -0.074309 0.000000 -0.000002 -0.000003 -8.728670 10.710560 0.000005 -0.000000 -0.000000 -0.000001 -0.000677 9.278137 0.000003 0.000000 -0.000000 
0.000006 104.270470 1.554256 0.000021 0.000003 -0.000113 -0.000005 10.181587 0.131521 0.000002 -0.000003 0.000084 -0.000000 9.893967 -1.470709 -0.000000 0.000000 -0.000000 -0.000000 0.000000 -0.000000 0.000001 16.740417 -2.049035 0.000000 -0.000000 -0.000000 0.000000 9.617874 1.685008 -0.000000 -0.000000 0.000000 0.000002 22.037354 7.501098 -0.000000 -0.000000 -0.000000 -4.569969 11.014894 -2.160884 0.000005 0.000003 -0.000023 -0.000052 0.000030 0.000011 -27.841520 0.000017 0.000005 -0.000010 0.000001 -0.000003 -28.328836 0.000017 0.000026 -0.000321 -0.000044 0.000010 -2.464817 -1.573966 2.681851 0.314112 -0.720934 -0.172575 -3.215199 -1.872762 1.924284 -0.432457 0.981326 0.240527 -2.654858 -1.527961 1.512612 -0.323118 0.728901 0.173694 0.000001 0.000001 0.000003 -9.108281 -0.517861 2.259837 -0.000007 -0.018787 0.000103 0.000005 0.029297 -0.000007 -0.000005 -0.010093 -0.000003 0.000000 0.000000 -0.000000 -9.532506 -0.000003 -0.000022 -0.000004 -0.057494 0.000110 -0.000001 0.097407 -0.000010 0.000002 -0.036900 -0.000003 -0.000000 0.000000 -0.000000 -9.103599 -0.043045 -1.865133 -0.000000 0.017917 -0.000000 -0.000004 -0.025390 -0.000003 0.000003 -0.012910 0.000003 0.000000 0.000000 0.000000 -8.076683 -0.486680 -3.806278 0.000000 0.059620 -0.000517 0.000001 0.097000 0.000017 -0.000004 -0.056907 0.000003 -0.000000 0.000000 -0.000000 4.570447 11.014723 -2.160855 -0.000007 -0.000002 -0.000015 0.000002 0.000103 0.000118 -0.000007 -0.000007 0.000007 28.328836 -0.000029 0.000017 0.000020 -0.000089 0.000000 2.466128 -1.576189 2.681733 0.271163 0.622431 0.149618 3.217803 -1.872061 1.916485 -0.380683 -0.867292 -0.214332 2.656008 -1.528832 1.514505 -0.280440 -0.641565 -0.159358 2.020883 -1.154066 1.115133 -0.000000 0.000002 -0.000004 9.109305 -0.518042 2.259871 0.000012 -0.005107 0.000093 -0.000008 0.012007 0.000014 -0.000002 -0.007600 -0.000003 -0.000000 -0.000000 0.000000 9.533409 0.000036 0.000044 0.000003 -0.003600 -0.000007 -0.000005 0.002400 0.000007 0.000012 0.002400 -0.000000 0.000000 -0.000000 -0.000000 9.104532 -0.043031 -1.865075 0.000007 0.000700 0.000097 -0.000005 0.000000 -0.000003 0.000010 0.000014 -0.000003 2.644325 0.000031 0.000057 0.000000 -0.000000 -0.000000 8.077785 -0.486864 -3.806258 0.000013 0.234300 -0.000586 -0.000002 -0.024114 0.000086 0.000003 -0.007673 -0.000010 0.000000 -0.000000 -0.000000 -8.207788 -6.751659 -1.599560 -0.077008 -0.000003 0.000080 0.153719 -0.000000 -0.000000 -0.076703 0.000000 -0.000002 -0.000005 -8.728669 10.710563 0.000005 -0.000000 -0.000000 -0.000001 -0.000676 9.278122 -0.000000 0.000000 -0.000000 8.207791 -6.751703 -1.599556 -0.074517 -0.000003 0.000081 0.148830 0.000002 0.000000 -0.074309 0.000000 -0.000002 -0.000003 -8.728670 10.710560 0.000005 -0.000000 -0.000000 -0.000001 -0.000677 9.278137 0.000003 0.000000 -0.000000 
0.000006 104.270470 1.554256 0.000021 0.000003 -0.000113 -0.000005 10.181587 0.131521 0.000002 -0.000003 0.000084 -0.000000 9.893967 -1.470709 -0.000000 0.000000 -0.000000 -0.000000 0.000000 -0.000000 0.000001 16.740417 -2.049035 0.000000 -0.000000 -0.000000 0.000000 9.617874 1.685008 -0.000000 -0.000000 0.000000 0.000002 22.037354 7.501098 -0.000000 -0.000000 -0.000000 -4.569969 11.014894 -2.160884 0.000005 0.000003 -0.000023 -0.000052 0.000030 0.000011 -27.841520 0.000017 0.000005 -0.000010 0.000001 -0.000003 -28.328836 0.000017 0.000026 -0.000321 -0.000044 0.000010 -2.464817 -1.573966 2.681851 0.314112 -0.720934 -0.172575 -3.215199 -1.872762 1.924284 -0.432457 0.981326 0.240527 -2.654858 -1.527961 1.512612 -0.323118 0.728901 0.173694 0.000001 0.000001 0.000003 -9.108281 -0.517861 2.259837 -0.000007 -0.018787 0.000103 0.000005 0.029297 -0.000007 -0.000005 -0.010093 -0.000003 0.000000 0.000000 -0.000000 -9.532506 -0.000003 -0.000022 -0.000004 -0.057494 0.000110 -0.000001 0.097407 -0.000010 0.000002 -0.036900 -0.000003 -0.000000 0.000000 -0.000000 -9.103599 -0.043045 -1.865133 -0.000000 0.017917 -0.000000 -0.000004 -0.025390 -0.000003 0.000003 -0.012910 0.000003 0.000000 0.000000 0.000000 -8.076683 -0.486680 -3.806278 0.000000 0.059620 -0.000517 0.000001 0.097000 0.000017 -0.000004 -0.056907 0.000003 -0.000000 0.000000 -0.000000 4.570447 11.014723 -2.160855 -0.000007 -0.000002 -0.000015 0.000002 0.000103 0.000118 -0.000007 -0.000007 0.000007 28.328836 -0.000029 0.000017 0.000020 -0.000089 0.000000 2.466128 -1.576189 2.681733 0.271163 0.622431 0.149618 3.217803 -1.872061 1.916485 -0.380683 -0.867292 -0.214332 2.656008 -1.528832 1.514505 -0.280440 -0.641565 -0.159358 2.020883 -1.154066 1.115133 -0.000000 0.000002 -0.000004 9.109305 -0.518042 2.259871 0.000012 -0.005107 0.000093 -0.000008 0.012007 0.000014 -0.000002 -0.007600 -0.000003 -0.000000 -0.000000 0.000000 9.533409 0.000036 0.000044 0.000003 -0.003600 -0.000007 -0.000005 0.002400 0.000007 0.000012 0.002400 -0.000000 0.000000 -0.000000 -0.000000 9.104532 -0.043031 -1.865075 0.000007 0.000700 0.000097 -0.000005 0.000000 -0.000003 0.000010 0.000014 -0.000003 2.644325 0.000031 0.000057 0.000000 -0.000000 -0.000000 8.077785 -0.486864 -3.806258 0.000013 0.234300 -0.000586 -0.000002 -0.024114 0.000086 0.000003 -0.007673 -0.000010 0.000000 -0.000000 -0.000000 -8.207788 -6.751659 -1.599560 -0.077008 -0.000003 0.000080 0.153719 -0.000000 -0.000000 -0.076703 0.000000 -0.000002 -0.000005 -8.728669 10.710563 0.000005 -0.000000 -0.000000 -0.000001 -0.000676 9.278122 -0.000000 0.000000 -0.000000 8.207791 -6.751703 -1.599556 -0.074517 -0.000003 0.000081 0.148830 0.000002 0.000000 -0.074309 0.000000 -0.000002 -0.000003 -8.728670 10.710560 0.000005 -0.000000 -0.000000 -0.000001 -0.000677 9.278137 0.000003 0.000000 -0.000000 
0.000006 104.270470 1.554256 0.000021 0.000003 -0.000113 -0.000005 10.181587 0.131521 0.000002 -0.000003 0.000084 -0.000000 9.893967 -1.470709 -0.000000 0.000000 -0.000000 -0.000000 0.000000 -0.000000 0.000001 16.740417 -2.049035 0.000000 -0.000000 -0.000000 0.000000 9.617874 1.685008 -0.000000 -0.000000 0.000000 0.000002 22.037354 7.501098 -0.000000 -0.000000 -0.000000 -4.569969 11.014894 -2.160884 0.000005 0.000003 -0.000023 -0.000052 0.000030 0.000011 -27.841520 0.000017 0.000005 -0.000010 0.000001 -0.000003 -28.328836 0.000017 0.000026 -0.000321 -0.000044 0.000010 -2.464817 -1.573966 2.681851 0.314112 -0.720934 -0.172575 -3.215199 -1.872762 1.924284 -0.432457 0.981326 0.240527 -2.654858 -1.527961 1.512612 -0.323118 0.728901 0.173694 0.000001 0.000001 0.000003 -9.108281 -0.517861 2.259837 -0.000007 -0.018787 0.000103 0.000005 0.029297 -0.000007 -0.000005 -0.010093 -0.000003 0.000000 0.000000 -0.000000 -9.532506 -0.000003 -0.000022 -0.000004 -0.057494 0.000110 -0.000001 0.097407 -0.000010 0.000002 -0.036900 -0.000003 -0.000000 0.000000 -0.000000 -9.103599 -0.043045 -1.865133 -0.000000 0.017917 -0.000000 -0.000004 -0.025390 -0.000003 0.000003 -0.012910 0.000003 0.000000 0.000000 0.000000 -8.076683 -0.486680 -3.806278 0.000000 0.059620 -0.000517 0.000001 0.097000 0.000017 -0.000004 -0.056907 0.000003 -0.000000 0.000000 -0.000000 4.570447 11.014723 -2.160855 -0.000007 -0.000002 -0.000015 0.000002 0.000103 0.000118 -0.000007 -0.000007 0.000007 28.328836 -0.000029 0.000017 0.000020 -0.000089 0.000000 2.466128 -1.576189 2.681733 0.271163 0.622431 0.149618 3.217803 -1.872061 1.916485 -0.380683 -0.867292 -0.214332 2.656008 -1.528832 1.514505 -0.280440 -0.641565 -0.159358 2.020883 -1.154066 1.115133 -0.000000 0.000002 -0.000004 9.109305 -0.518042 2.259871 0.000012 -0.005107 0.000093 -0.000008 0.012007 0.000014 -0.000002 -0.007600 -0.000003 -0.000000 -0.000000 0.000000 9.533409 0.000036 0.000044 0.000003 -0.003600 -0.000007 -0.000005 0.002400 0.000007 0.000012 0.002400 -0.000000 0.000000 -0.000000 -0.000000 9.104532 -0.043031 -1.865075 0.000007 0.000700 0.000097 -0.000005 0.000000 -0.000003 0.000010 0.000014 -0.000003 2.644325 0.000031 0.000057 0.000000 -0.000000 -0.000000 8.077785 -0.486864 -3.806258 0.000013 0.234300 -0.000586 -0.000002 -0.024114 0.000086 0.000003 -0.007673 -0.000010 0.000000 -0.000000 -0.000000 -8.207788 -6.751659 -1.599560 -0.077008 -0.000003 0.000080 0.153719 -0.000000 -0.000000 -0.076703 0.000000 -0.000002 -0.000005 -8.728669 10.710563 0.000005 -0.000000 -0.000000 -0.000001 -0.000676 9.278122 -0.000000 0.000000 -0.000000 8.207791 -6.751703 -1.599556 -0.074517 -0.000003 0.000081 0.148830 0.000002 0.000000 -0.074309 0.000000 -0.000002 -0.000003 -8.728670 10.710560 0.000005 -0.000000 -0.000000 -0.000001 -0.000677 9.278137 0.000003 0.000000 -0.000000 
0.000006 104.270470 1.554256 0.000021 0.000003 -0.000113 -0.000005 10.181587 0.131521 0.000002 -0.000003 0.000084 -0.000000 9.893967 -1.470709 -0.000000 0.000000 -0.000000 -0.000000 0.000000 -0.000000 0.000001 16.740417 -2.049035 0.000000 -0.000000 -0.000000 0.000000 9.617874 1.685008 -0.000000 -0.000000 0.000000 0.000002 22.037354 7.501098 -0.000000 -0.000000 -0.000000 -4.569969 11.014894 -2.160884 0.000005 0.000003 -0.000023 -0.000052 0.000030 0.000011 -27.841520 0.000017 0.000005 -0.000010 0.000001 -0.000003 -28.328836 0.000017 0.000026 -0.000321 -0.000044 0.000010 -2.464817 -1.573966 2.681851 0.314112 -0.720934 -0.172575 -3.215199 -1.872762 1.924284 -0.432457 0.981326 0.240527 -2.654858 -1.527961 1.512612 -0.323118 0.728901 0.173694 0.000001 0.000001 0.000003 -9.108281 -0.517861 2.259837 -0.000007 -0.018787 0.000103 0.000005 0.029297 -0.000007 -0.000005 -0.010093 -0.000003 0.000000 0.000000 -0.000000 -9.532506 -0.000003 -0.000022 -0.000004 -0.057494 0.000110 -0.000001 0.097407 -0.000010 0.000002 -0.036900 -0.000003 -0.000000 0.000000 -0.000000 -9.103599 -0.043045 -1.865133 -0.000000 0.017917 -0.000000 -0.000004 -0.025390 -0.000003 0.000003 -0.012910 0.000003 0.000000 0.000000 0.000000 -8.076683 -0.486680 -3.806278 0.000000 0.059620 -0.000517 0.000001 0.097000 0.000017 -0.000004 -0.056907 0.000003 -0.000000 0.000000 -0.000000 4.570447 11.014723 -2.160855 -0.000007 -0.000002 -0.000015 0.000002 0.000103 0.000118 -0.000007 -0.000007 0.000007 28.328836 -0.000029 0.000017 0.000020 -0.000089 0.000000 2.466128 -1.576189 2.681733 0.271163 0.622431 0.149618 3.217803 -1.872061 1.916485 -0.380683 -0.867292 -0.214332 2.656008 -1.528832 1.514505 -0.280440 -0.641565 -0.159358 2.020883 -1.154066 1.115133 -0.000000 0.000002 -0.000004 9.109305 -0.518042 2.259871 0.000012 -0.005107 0.000093 -0.000008 0.012007 0.000014 -0.000002 -0.007600 -0.000003 -0.000000 -0.000000 0.000000 9.533409 0.000036 0.000044 0.000003 -0.003600 -0.000007 -0.000005 0.002400 0.000007 0.000012 0.002400 -0.000000 0.000000 -0.000000 -0.000000 9.104532 -0.043031 -1.865075 0.000007 0.000700 0.000097 -0.000005 0.000000 -0.000003 0.000010 0.000014 -0.000003 2.644325 0.000031 0.000057 0.000000 -0.000000 -0.000000 8.077785 -0.486864 -3.806258 0.000013 0.234300 -0.000586 -0.000002 -0.024114 0.000086 0.000003 -0.007673 -0.000010 0.000000 -0.000000 -0.000000 -8.207788 -6.751659 -1.599560 -0.077008 -0.000003 0.000080 0.153719 -0.000000 -0.000000 -0.076703 0.000000 -0.000002 -0.000005 -8.728669 10.710563 0.000005 -0.000000 -0.000000 -0.000001 -0.000676 9.278122 -0.000000 0.000000 -0.000000 8.207791 -6.751703 -1.599556 -0.074517 -0.000003 0.000081 0.148830 0.000002 0.000000 -0.074309 0.000000 -0.000002 -0.000003 -8.728670 10.710560 0.000005 -0.000000 -0.000000 -0.000001 -0.000677 9.278137 0.000003 0.000000 -0.000000 
0.000006 104.270470 1.554256 0.000021 0.000003 -0.000113 -0.000005 10.181587 0.131521 0.000002 -0.000003 0.000084 -0.000000 9.893967 -1.470709 -0.000000 0.000000 -0.000000 -0.000000 0.000000 -0.000000 0.000001 16.740417 -2.049035 0.000000 -0.000000 -0.000000 0.000000 9.617874 1.685008 -0.000000 -0.000000 0.000000 0.000002 22.037354 7.501098 -0.000000 -0.000000 -0.000000 -4.569969 11.014894 -2.160884 0.000005 0.000003 -0.000023 -0.000052 0.000030 0.000011 -27.841520 0.000017 0.000005 -0.000010 0.000001 -0.000003 -28.328836 0.000017 0.000026 -0.000321 -0.000044 0.000010 -2.464817 -1.573966 2.681851 0.314112 -0.720934 -0.172575 -3.215199 -1.872762 1.924284 -0.432457 0.981326 0.240527 -2.654858 -1.527961 1.512612 -0.323118 0.728901 0.173694 0.000001 0.000001 0.000003 -9.108281 -0.517861 2.259837 -0.000007 -0.018787 0.000103 0.000005 0.029297 -0.000007 -0.000005 -0.010093 -0.000003 0.000000 0.000000 -0.000000 -9.532506 -0.000003 -0.000022 -0.000004 -0.057494 0.000110 -0.000001 0.097407 -0.000010 0.000002 -0.036900 -0.000003 -0.000000 0.000000 -0.000000 -9.103599 -0.043045 -1.865133 -0.000000 0.017917 -0.000000 -0.000004 -0.025390 -0.000003 0.000003 -0.012910 0.000003 0.000000 0.000000 0.000000 -8.076683 -0.486680 -3.806278 0.000000 0.059620 -0.000517 0.000001 0.097000 0.000017 -0.000004 -0.056907 0.000003 -0.000000 0.000000 -0.000000 4.570447 11.014723 -2.160855 -0.000007 -0.000002 -0.000015 0.000002 0.000103 0.000118 -0.000007 -0.000007 0.000007 28.328836 -0.000029 0.000017 0.000020 -0.000089 0.000000 2.466128 -1.576189 2.681733 0.271163 0.622431 0.149618 3.217803 -1.872061 1.916485 -0.380683 -0.867292 -0.214332 2.656008 -1.528832 1.514505 -0.280440 -0.641565 -0.159358 2.020883 -1.154066 1.115133 -0.000000 0.000002 -0.000004 9.109305 -0.518042 2.259871 0.000012 -0.005107 0.000093 -0.000008 0.012007 0.000014 -0.000002 -0.007600 -0.000003 -0.000000 -0.000000 0.000000 9.533409 0.000036 0.000044 0.000003 -0.003600 -0.000007 -0.000005 0.002400 0.000007 0.000012 0.002400 -0.000000 0.000000 -0.000000 -0.000000 9.104532 -0.043031 -1.865075 0.000007 0.000700 0.000097 -0.000005 0.000000 -0.000003 0.000010 0.000014 -0.000003 2.644325 0.000031 0.000057 0.000000 -0.000000 -0.000000 8.077785 -0.486864 -3.806258 0.000013 0.234300 -0.000586 -0.000002 -0.024114 0.000086 0.000003 -0.007673 -0.000010 0.000000 -0.000000 -0.000000 -8.207788 -6.751659 -1.599560 -0.077008 -0.000003 0.000080 0.153719 -0.000000 -0.000000 -0.076703 0.000000 -0.000002 -0.000005 -8.728669 10.710563 0.000005 -0.000000 -0.000000 -0.000001 -0.000676 9.278122 -0.000000 0.000000 -0.000000 8.207791 -6.751703 -1.599556 -0.074517 -0.000003 0.000081 0.148830 0.000002 0.000000 -0.074309 0.000000 -0.000002 -0.000003 -8.728670 10.710560 0.000005 -0.000000 -0.000000 -0.000001 -0.000677 9.278137 0.000003 0.000000 -0.000000 
0.000006 104.270470 1.554256 0.000021 0.000003 -0.000113 -0.000005 10.181587 0.131521 0.000002 -0.000003 0.000084 -0.000000 9.893967 -1.470709 -0.000000 0.000000 -0.000000 -0.000000 0.000000 -0.000000 0.000001 16.740417 -2.049035 0.000000 -0.000000 -0.000000 0.000000 9.617874 1.685008 -0.000000 -0.000000 0.000000 0.000002 22.037354 7.501098 -0.000000 -0.000000 -0.000000 -4.569969 11.014894 -2.160884 0.000005 0.000003 -0.000023 -0.000052 0.000030 0.000011 -27.841520 0.000017 0.000005 -0.000010 0.000001 -0.000003 -28.328836 0.000017 0.000026 -0.000321 -0.000044 0.000010 -2.464817 -1.573966 2.681851 0.314112 -0.720934 -0.172575 -3.215199 -1.872762 1.924284 -0.432457 0.981326 0.240527 -2.654858 -1.527961 1.512612 -0.323118 0.728901 0.173694 0.000001 0.000001 0.000003 -9.108281 -0.517861 2.259837 -0.000007 -0.018787 0.000103 0.000005 0.029297 -0.000007 -0.000005 -0.010093 -0.000003 0.000000 0.000000 -0.000000 -9.532506 -0.000003 -0.000022 -0.000004 -0.057494 0.000110 -0.000001 0.097407 -0.000010 0.000002 -0.036900 -0.000003 -0.000000 0.000000 -0.000000 -9.103599 -0.043045 -1.865133 -0.000000 0.017917 -0.000000 -0.000004 -0.025390 -0.000003 0.000003 -0.012910 0.000003 0.000000 0.000000 0.000000 -8.076683 -0.486680 -3.806278 0.000000 0.059620 -0.000517 0.000001 0.097000 0.000017 -0.000004 -0.056907 0.000003 -0.000000 0.000000 -0.000000 4.570447 11.014723 -2.160855 -0.000007 -0.000002 -0.000015 0.000002 0.000103 0.000118 -0.000007 -0.000007 0.000007 28.328836 -0.000029 0.000017 0.000020 -0.000089 0.000000 2.466128 -1.576189 2.681733 0.271163 0.622431 0.149618 3.217803 -1.872061 1.916485 -0.380683 -0.867292 -0.214332 2.656008 -1.528832 1.514505 -0.280440 -0.641565 -0.159358 2.020883 -1.154066 1.115133 -0.000000 0.000002 -0.000004 9.109305 -0.518042 2.259871 0.000012 -0.005107 0.000093 -0.000008 0.012007 0.000014 -0.000002 -0.007600 -0.000003 -0.000000 -0.000000 0.000000 9.533409 0.000036 0.000044 0.000003 -0.003600 -0.000007 -0.000005 0.002400 0.000007 0.000012 0.002400 -0.000000 0.000000 -0.000000 -0.000000 9.104532 -0.043031 -1.865075 0.000007 0.000700 0.000097 -0.000005 0.000000 -0.000003 0.000010 0.000014 -0.000003 2.644325 0.000031 0.000057 0.000000 -0.000000 -0.000000 8.077785 -0.486864 -3.806258 0.000013 0.234300 -0.000586 -0.000002 -0.024114 0.000086 0.000003 -0.007673 -0.000010 0.000000 -0.000000 -0.000000 -8.207788 -6.751659 -1.599560 -0.077008 -0.000003 0.000080 0.153719 -0.000000 -0.000000 -0.076703 0.000000 -0.000002 -0.000005 -8.728669 10.710563 0.000005 -0.000000 -0.000000 -0.000001 -0.000676 9.278122 -0.000000 0.000000 -0.000000 8.207791 -6.751703 -1.599556 -0.074517 -0.000003 0.000081 0.148830 0.000002 0.000000 -0.074309 0.000000 -0.000002 -0.000003 -8.728670 10.710560 0.000005 -0.000000 -0.000000 -0.000001 -0.000677 9.278137 0.000003 0.000000 -0.000000 
0.000006 104.270470 1.554256 0.000021 0.000003 -0.000113 -0.000005 10.181587 0.131521 0.000002 -0.000003 0.000084 -0.000000 9.893967 -1.470709 -0.000000 0.000000 -0.000000 -0.000000 0.000000 -0.000000 0.000001 16.740417 -2.049035 0.000000 -0.000000 -0.000000 0.000000 9.617874 1.685008 -0.000000 -0.000000 0.000000 0.000002 22.037354 7.501098 -0.000000 -0.000000 -0.000000 -4.569969 11.014894 -2.160884 0.000005 0.000003 -0.000023 -0.000052 0.000030 0.000011 -27.841520 0.000017 0.000005 -0.000010 0.000001 -0.000003 -28.328836 0.000017 0.000026 -0.000321 -0.000044 0.000010 -2.464817 -1.573966 2.681851 0.314112 -0.720934 -0.172575 -3.215199 -1.872762 1.924284 -0.432457 0.981326 0.240527 -2.654858 -1.527961 1.512612 -0.323118 0.728901 0.173694 0.000001 0.000001 0.000003 -9.108281 -0.517861 2.259837 -0.000007 -0.018787 0.000103 0.000005 0.029297 -0.000007 -0.000005 -0.010093 -0.000003 0.000000 0.000000 -0.000000 -9.532506 -0.000003 -0.000022 -0.000004 -0.057494 0.000110 -0.000001 0.097407 -0.000010 0.000002 -0.036900 -0.000003 -0.000000 0.000000 -0.000000 -9.103599 -0.043045 -1.865133 -0.000000 0.017917 -0.000000 -0.000004 -0.025390 -0.000003 0.000003 -0.012910 0.000003 0.000000 0.000000 0.000000 -8.076683 -0.486680 -3.806278 0.000000 0.059620 -0.000517 0.000001 0.097000 0.000017 -0.000004 -0.056907 0.000003 -0.000000 0.000000 -0.000000 4.570447 11.014723 -2.160855 -0.000007 -0.000002 -0.000015 0.000002 0.000103 0.000118 -0.000007 -0.000007 0.000007 28.328836 -0.000029 0.000017 0.000020 -0.000089 0.000000 2.466128 -1.576189 2.681733 0.271163 0.622431 0.149618 3.217803 -1.872061 1.916485 -0.380683 -0.867292 -0.214332 2.656008 -1.528832 1.514505 -0.280440 -0.641565 -0.159358 2.020883 -1.154066 1.115133 -0.000000 0.000002 -0.000004 9.109305 -0.518042 2.259871 0.000012 -0.005107 0.000093 -0.000008 0.012007 0.000014 -0.000002 -0.007600 -0.000003 -0.000000 -0.000000 0.000000 9.533409 0.000036 0.000044 0.000003 -0.003600 -0.000007 -0.000005 0.002400 0.000007 0.000012 0.002400 -0.000000 0.000000 -0.000000 -0.000000 9.104532 -0.043031 -1.865075 0.000007 0.000700 0.000097 -0.000005 0.000000 -0.000003 0.000010 0.000014 -0.000003 2.644325 0.000031 0.000057 0.000000 -0.000000 -0.000000 8.077785 -0.486864 -3.806258 0.000013 0.234300 -0.000586 -0.000002 -0.024114 0.000086 0.000003 -0.007673 -0.000010 0.000000 -0.000000 -0.000000 -8.207788 -6.751659 -1.599560 -0.077008 -0.000003 0.000080 0.153719 -0.000000 -0.000000 -0.076703 0.000000 -0.000002 -0.000005 -8.728669 10.710563 0.000005 -0.000000 -0.000000 -0.000001 -0.000676 9.278122 -0.000000 0.000000 -0.000000 8.207791 -6.751703 -1.599556 -0.074517 -0.000003 0.000081 0.148830 0.000002 0.000000 -0.074309 0.000000 -0.000002 -0.000003 -8.728670 10.710560 0.000005 -0.000000 -0.000000 -0.000001 -0.000677 9.278137 0.000003 0.000000 -0.000000 
0.000006 104.270470 1.554256 0.000021 0.000003 -0.000113 -0.000005 10.181587 0.131521 0.000002 -0.000003 0.000084 -0.000000 9.893967 -1.470709 -0.000000 0.000000 -0.000000 -0.000000 0.000000 -0.000000 0.000001 16.740417 -2.049035 0.000000 -0.000000 -0.000000 0.000000 9.617874 1.685008 -0.000000 -0.000000 0.000000 0.000002 22.037354 7.501098 -0.000000 -0.000000 -0.000000 -4.569969 11.014894 -2.160884 0.000005 0.000003 -0.000023 -0.000052 0.000030 0.000011 -27.841520 0.000017 0.000005 -0.000010 0.000001 -0.000003 -28.328836 0.000017 0.000026 -0.000321 -0.000044 0.000010 -2.464817 -1.573966 2.681851 0.314112 -0.720934 -0.172575 -3.215199 -1.872762 1.924284 -0.432457 0.981326 0.240527 -2.654858 -1.527961 1.512612 -0.323118 0.728901 0.173694 0.000001 0.000001 0.000003 -9.108281 -0.517861 2.259837 -0.000007 -0.018787 0.000103 0.000005 0.029297 -0.000007 -0.000005 -0.010093 -0.000003 0.000000 0.000000 -0.000000 -9.532506 -0.000003 -0.000022 -0.000004 -0.057494 0.000110 -0.000001 0.097407 -0.000010 0.000002 -0.036900 -0.000003 -0.000000 0.000000 -0.000000 -9.103599 -0.043045 -1.865133 -0.000000 0.017917 -0.000000 -0.000004 -0.025390 -0.000003 0.000003 -0.012910 0.000003 0.000000 0.000000 0.000000 -8.076683 -0.486680 -3.806278 0.000000 0.059620 -0.000517 0.000001 0.097000 0.000017 -0.000004 -0.056907 0.000003 -0.000000 0.000000 -0.000000 4.570447 11.014723 -2.160855 -0.000007 -0.000002 -0.000015 0.000002 0.000103 0.000118 -0.000007 -0.000007 0.000007 28.328836 -0.000029 0.000017 0.000020 -0.000089 0.000000 2.466128 -1.576189 2.681733 0.271163 0.622431 0.149618 3.217803 -1.872061 1.916485 -0.380683 -0.867292 -0.214332 2.656008 -1.528832 1.514505 -0.280440 -0.641565 -0.159358 2.020883 -1.154066 1.115133 -0.000000 0.000002 -0.000004 9.109305 -0.518042 2.259871 0.000012 -0.005107 0.000093 -0.000008 0.012007 0.000014 -0.000002 -0.007600 -0.000003 -0.000000 -0.000000 0.000000 9.533409 0.000036 0.000044 0.000003 -0.003600 -0.000007 -0.000005 0.002400 0.000007 0.000012 0.002400 -0.000000 0.000000 -0.000000 -0.000000 9.104532 -0.043031 -1.865075 0.000007 0.000700 0.000097 -0.000005 0.000000 -0.000003 0.000010 0.000014 -0.000003 2.644325 0.000031 0.000057 0.000000 -0.000000 -0.000000 8.077785 -0.486864 -3.806258 0.000013 0.234300 -0.000586 -0.000002 -0.024114 0.000086 0.000003 -0.007673 -0.000010 0.000000 -0.000000 -0.000000 -8.207788 -6.751659 -1.599560 -0.077008 -0.000003 0.000080 0.153719 -0.000000 -0.000000 -0.076703 0.000000 -0.000002 -0.000005 -8.728669 10.710563 0.000005 -0.000000 -0.000000 -0.000001 -0.000676 9.278122 -0.000000 0.000000 -0.000000 8.207791 -6.751703 -1.599556 -0.074517 -0.000003 0.000081 0.148830 0.000002 0.000000 -0.074309 0.000000 -0.000002 -0.000003 -8.728670 10.710560 0.000005 -0.000000 -0.000000 -0.000001 -0.000677 9.278137 0.000003 0.000000 -0.000000 
0.000006 104.270470 1.554256 0.000021 0.000003 -0.000113 -0.000005 10.181587 0.131521 0.000002 -0.000003 0.000084 -0.000000 9.893967 -1.470709 -0.000000 0.000000 -0.000000 -0.000000 0.000000 -0.000000 0.000001 16.740417 -2.049035 0.000000 -0.000000 -0.000000 0.000000 9.617874 1.685008 -0.000000 -0.000000 0.000000 0.000002 22.037354 7.501098 -0.000000 -0.000000 -0.000000 -4.569969 11.014894 -2.160884 0.000005 0.000003 -0.000023 -0.000052 0.000030 0.000011 -27.841520 0.000017 0.000005 -0.000010 0.000001 -0.000003 -28.328836 0.000017 0.000026 -0.000321 -0.000044 0.000010 -2.464817 -1.573966 2.681851 0.314112 -0.720934 -0.172575 -3.215199 -1.872762 1.924284 -0.432457 0.981326 0.240527 -2.654858 -1.527961 1.512612 -0.323118 0.728901 0.173694 0.000001 0.000001 0.000003 -9.108281 -0.517861 2.259837 -0.000007 -0.018787 0.000103 0.000005 0.029297 -0.000007 -0.000005 -0.010093 -0.000003 0.000000 0.000000 -0.000000 -9.532506 -0.000003 -0.000022 -0.000004 -0.057494 0.000110 -0.000001 0.097407 -0.000010 0.000002 -0.036900 -0.000003 -0.000000 0.000000 -0.000000 -9.103599 -0.043045 -1.865133 -0.000000 0.017917 -0.000000 -0.000004 -0.025390 -0.000003 0.000003 -0.012910 0.000003 0.000000 0.000000 0.000000 -8.076683 -0.486680 -3.806278 0.000000 0.059620 -0.000517 0.000001 0.097000 0.000017 -0.000004 -0.056907 0.000003 -0.000000 0.000000 -0.000000 4.570447 11.014723 -2.160855 -0.000007 -0.000002 -0.000015 0.000002 0.000103 0.000118 -0.000007 -0.000007 0.000007 28.328836 -0.000029 0.000017 0.000020 -0.000089 0.000000 2.466128 -1.576189 2.681733 0.271163 0.622431 0.149618 3.217803 -1.872061 1.916485 -0.380683 -0.867292 -0.214332 2.656008 -1.528832 1.514505 -0.280440 -0.641565 -0.159358 2.020883 -1.154066 1.115133 -0.000000 0.000002 -0.000004 9.109305 -0.518042 2.259871 0.000012 -0.005107 0.000093 -0.000008 0.012007 0.000014 -0.000002 -0.007600 -0.000003 -0.000000 -0.000000 0.000000 9.533409 0.000036 0.000044 0.000003 -0.003600 -0.000007 -0.000005 0.002400 0.000007 0.000012 0.002400 -0.000000 0.000000 -0.000000 -0.000000 9.104532 -0.043031 -1.865075 0.000007 0.000700 0.000097 -0.000005 0.000000 -0.000003 0.000010 0.000014 -0.000003 2.644325 0.000031 0.000057 0.000000 -0.000000 -0.000000 8.077785 -0.486864 -3.806258 0.000013 0.234300 -0.000586 -0.000002 -0.024114 0.000086 0.000003 -0.007673 -0.000010 0.000000 -0.000000 -0.000000 -8.207788 -6.751659 -1.599560 -0.077008 -0.000003 0.000080 0.153719 -0.000000 -0.000000 -0.076703 0.000000 -0.000002 -0.000005 -8.728669 10.710563 0.000005 -0.000000 -0.000000 -0.000001 -0.000676 9.278122 -0.000000 0.000000 -0.000000 8.207791 -6.751703 -1.599556 -0.074517 -0.000003 0.000081 0.148830 0.000002 0.000000 -0.074309 0.000000 -0.000002 -0.000003 -8.728670 10.710560 0.000005 -0.000000 -0.000000 -0.000001 -0.000677 9.278137 0.000003 0.000000 -0.000000 
0.000006 104.270470 1.554256 0.000021 0.000003 -0.000113 -0.000005 10.181587 0.131521 0.000002 -0.000003 0.000084 -0.000000 9.893967 -1.470709 -0.000000 0.000000 -0.000000 -0.000000 0.000000 -0.000000 0.000001 16.740417 -2.049035 0.000000 -0.000000 -0.000000 0.000000 9.617874 1.685008 -0.000000 -0.000000 0.000000 0.000002 22.037354 7.501098 -0.000000 -0.000000 -0.000000 -4.569969 11.014894 -2.160884 0.000005 0.000003 -0.000023 -0.000052 0.000030 0.000011 -27.841520 0.000017 0.000005 -0.000010 0.000001 -0.000003 -28.328836 0.000017 0.000026 -0.000321 -0.000044 0.000010 -2.464817 -1.573966 2.681851 0.314112 -0.720934 -0.172575 -3.215199 -1.872762 1.924284 -0.432457 0.981326 0.240527 -2.654858 -1.527961 1.512612 -0.323118 0.728901 0.173694 0.000001 0.000001 0.000003 -9.108281 -0.517861 2.259837 -0.000007 -0.018787 0.000103 0.000005 0.029297 -0.000007 -0.000005 -0.010093 -0.000003 0.000000 0.000000 -0.000000 -9.532506 -0.000003 -0.000022 -0.000004 -0.057494 0.000110 -0.000001 0.097407 -0.000010 0.000002 -0.036900 -0.000003 -0.000000 0.000000 -0.000000 -9.103599 -0.043045 -1.865133 -0.000000 0.017917 -0.000000 -0.000004 -0.025390 -0.000003 0.000003 -0.012910 0.000003 0.000000 0.000000 0.000000 -8.076683 -0.486680 -3.806278 0.000000 0.059620 -0.000517 0.000001 0.097000 0.000017 -0.000004 -0.056907 0.000003 -0.000000 0.000000 -0.000000 4.570447 11.014723 -2.160855 -0.000007 -0.000002 -0.000015 0.000002 0.000103 0.000118 -0.000007 -0.000007 0.000007 28.328836 -0.000029 0.000017 0.000020 -0.000089 0.000000 2.466128 -1.576189 2.681733 0.271163 0.622431 0.149618 3.217803 -1.872061 1.916485 -0.380683 -0.867292 -0.214332 2.656008 -1.528832 1.514505 -0.280440 -0.641565 -0.159358 2.020883 -1.154066 1.115133 -0.000000 0.000002 -0.000004 9.109305 -0.518042 2.259871 0.000012 -0.005107 0.000093 -0.000008 0.012007 0.000014 -0.000002 -0.007600 -0.000003 -0.000000 -0.000000 0.000000 9.533409 0.000036 0.000044 0.000003 -0.003600 -0.000007 -0.000005 0.002400 0.000007 0.000012 0.002400 -0.000000 0.000000 -0.000000 -0.000000 9.104532 -0.043031 -1.865075 0.000007 0.000700 0.000097 -0.000005 0.000000 -0.000003 0.000010 0.000014 -0.000003 2.644325 0.000031 0.000057 0.000000 -0.000000 -0.000000 8.077785 -0.486864 -3.806258 0.000013 0.234300 -0.000586 -0.000002 -0.024114 0.000086 0.000003 -0.007673 -0.000010 0.000000 -0.000000 -0.000000 -8.207788 -6.751659 -1.599560 -0.077008 -0.000003 0.000080 0.153719 -0.000000 -0.000000 -0.076703 0.000000 -0.000002 -0.000005 -8.728669 10.710563 0.000005 -0.000000 -0.000000 -0.000001 -0.000676 9.278122 -0.000000 0.000000 -0.000000 8.207791 -6.751703 -1.599556 -0.074517 -0.000003 0.000081 0.148830 0.000002 0.000000 -0.074309 0.000000 -0.000002 -0.000003 -8.728670 10.710560 0.000005 -0.000000 -0.000000 -0.000001 -0.000677 9.278137 0.000003 0.000000 -0.000000 
0.000006 104.270470 1.554256 0.000021 0.000003 -0.000113 -0.000005 10.181587 0.131521 0.000002 -0.000003 0.000084 -0.000000 9.893967 -1.470709 -0.000000 0.000000 -0.000000 -0.000000 0.000000 -0.000000 0.000001 16.740417 -2.049035 0.000000 -0.000000 -0.000000 0.000000 9.617874 1.685008 -0.000000 -0.000000 0.000000 0.000002 22.037354 7.501098 -0.000000 -0.000000 -0.000000 -4.569969 11.014894 -2.160884 0.000005 0.000003 -0.000023 -0.000052 0.000030 0.000011 -27.841520 0.000017 0.000005 -0.000010 0.000001 -0.000003 -28.328836 0.000017 0.000026 -0.000321 -0.000044 0.000010 -2.464817 -1.573966 2.681851 0.314112 -0.720934 -0.172575 -3.215199 -1.872762 1.924284 -0.432457 0.981326 0.240527 -2.654858 -1.527961 1.512612 -0.323118 0.728901 0.173694 0.000001 0.000001 0.000003 -9.108281 -0.517861 2.259837 -0.000007 -0.018787 0.000103 0.000005 0.029297 -0.000007 -0.000005 -0.010093 -0.000003 0.000000 0.000000 -0.000000 -9.532506 -0.000003 -0.000022 -0.000004 -0.057494 0.000110 -0.000001 0.097407 -0.000010 0.000002 -0.036900 -0.000003 -0.000000 0.000000 -0.000000 -9.103599 -0.043045 -1.865133 -0.000000 0.017917 -0.000000 -0.000004 -0.025390 -0.000003 0.000003 -0.012910 0.000003 0.000000 0.000000 0.000000 -8.076683 -0.486680 -3.806278 0.000000 0.059620 -0.000517 0.000001 0.097000 0.000017 -0.000004 -0.056907 0.000003 -0.000000 0.000000 -0.000000 4.570447 11.014723 -2.160855 -0.000007 -0.000002 -0.000015 0.000002 0.000103 0.000118 -0.000007 -0.000007 0.000007 28.328836 -0.000029 0.000017 0.000020 -0.000089 0.000000 2.466128 -1.576189 2.681733 0.271163 0.622431 0.149618 3.217803 -1.872061 1.916485 -0.380683 -0.867292 -0.214332 2.656008 -1.528832 1.514505 -0.280440 -0.641565 -0.159358 2.020883 -1.154066 1.115133 -0.000000 0.000002 -0.000004 9.109305 -0.518042 2.259871 0.000012 -0.005107 0.000093 -0.000008 0.012007 0.000014 -0.000002 -0.007600 -0.000003 -0.000000 -0.000000 0.000000 9.533409 0.000036 0.000044 0.000003 -0.003600 -0.000007 -0.000005 0.002400 0.000007 0.000012 0.002400 -0.000000 0.000000 -0.000000 -0.000000 9.104532 -0.043031 -1.865075 0.000007 0.000700 0.000097 -0.000005 0.000000 -0.000003 0.000010 0.000014 -0.000003 2.644325 0.000031 0.000057 0.000000 -0.000000 -0.000000 8.077785 -0.486864 -3.806258 0.000013 0.234300 -0.000586 -0.000002 -0.024114 0.000086 0.000003 -0.007673 -0.000010 0.000000 -0.000000 -0.000000 -8.207788 -6.751659 -1.599560 -0.077008 -0.000003 0.000080 0.153719 -0.000000 -0.000000 -0.076703 0.000000 -0.000002 -0.000005 -8.728669 10.710563 0.000005 -0.000000 -0.000000 -0.000001 -0.000676 9.278122 -0.000000 0.000000 -0.000000 8.207791 -6.751703 -1.599556 -0.074517 -0.000003 0.000081 0.148830 0.000002 0.000000 -0.074309 0.000000 -0.000002 -0.000003 -8.728670 10.710560 0.000005 -0.000000 -0.000000 -0.000001 -0.000677 9.278137 0.000003 0.000000 -0.000000 
0.000006 104.270470 1.554256 0.000021 0.000003 -0.000113 -0.000005 10.181587 0.131521 0.000002 -0.000003 0.000084 -0.000000 9.893967 -1.470709 -0.000000 0.000000 -0.000000 -0.000000 0.000000 -0.000000 0.000001 16.740417 -2.049035 0.000000 -0.000000 -0.000000 0.000000 9.617874 1.685008 -0.000000 -0.000000 0.000000 0.000002 22.037354 7.501098 -0.000000 -0.000000 -0.000000 -4.569969 11.014894 -2.160884 0.000005 0.000003 -0.000023 -0.000052 0.000030 0.000011 -27.841520 0.000017 0.000005 -0.000010 0.000001 -0.000003 -28.328836 0.000017 0.000026 -0.000321 -0.000044 0.000010 -2.464817 -1.573966 2.681851 0.314112 -0.720934 -0.172575 -3.215199 -1.872762 1.924284 -0.432457 0.981326 0.240527 -2.654858 -1.527961 1.512612 -0.323118 0.728901 0.173694 0.000001 0.000001 0.000003 -9.108281 -0.517861 2.259837 -0.000007 -0.018787 0.000103 0.000005 0.029297 -0.000007 -0.000005 -0.010093 -0.000003 0.000000 0.000000 -0.000000 -9.532506 -0.000003 -0.000022 -0.000004 -0.057494 0.000110 -0.000001 0.097407 -0.000010 0.000002 -0.036900 -0.000003 -0.000000 0.000000 -0.000000 -9.103599 -0.043045 -1.865133 -0.000000 0.017917 -0.000000 -0.000004 -0.025390 -0.000003 0.000003 -0.012910 0.000003 0.000000 0.000000 0.000000 -8.076683 -0.486680 -3.806278 0.000000 0.059620 -0.000517 0.000001 0.097000 0.000017 -0.000004 -0.056907 0.000003 -0.000000 0.000000 -0.000000 4.570447 11.014723 -2.160855 -0.000007 -0.000002 -0.000015 0.000002 0.000103 0.000118 -0.000007 -0.000007 0.000007 28.328836 -0.000029 0.000017 0.000020 -0.000089 0.000000 2.466128 -1.576189 2.681733 0.271163 0.622431 0.149618 3.217803 -1.872061 1.916485 -0.380683 -0.867292 -0.214332 2.656008 -1.528832 1.514505 -0.280440 -0.641565 -0.159358 2.020883 -1.154066 1.115133 -0.000000 0.000002 -0.000004 9.109305 -0.518042 2.259871 0.000012 -0.005107 0.000093 -0.000008 0.012007 0.000014 -0.000002 -0.007600 -0.000003 -0.000000 -0.000000 0.000000 9.533409 0.000036 0.000044 0.000003 -0.003600 -0.000007 -0.000005 0.002400 0.000007 0.000012 0.002400 -0.000000 0.000000 -0.000000 -0.000000 9.104532 -0.043031 -1.865075 0.000007 0.000700 0.000097 -0.000005 0.000000 -0.000003 0.000010 0.000014 -0.000003 2.644325 0.000031 0.000057 0.000000 -0.000000 -0.000000 8.077785 -0.486864 -3.806258 0.000013 0.234300 -0.000586 -0.000002 -0.024114 0.000086 0.000003 -0.007673 -0.000010 0.000000 -0.000000 -0.000000 -8.207788 -6.751659 -1.599560 -0.077008 -0.000003 0.000080 0.153719 -0.000000 -0.000000 -0.076703 0.000000 -0.000002 -0.000005 -8.728669 10.710563 0.000005 -0.000000 -0.000000 -0.000001 -0.000676 9.278122 -0.000000 0.000000 -0.000000 8.207791 -6.751703 -1.599556 -0.074517 -0.000003 0.000081 0.148830 0.000002 0.000000 -0.074309 0.000000 -0.000002 -0.000003 -8.728670 10.710560 0.000005 -0.000000 -0.000000 -0.000001 -0.000677 9.278137 0.000003 0.000000 -0.000000 
0.000006 104.270470 1.554256 0.000021 0.000003 -0.000113 -0.000005 10.181587 0.131521 0.000002 -0.000003 0.000084 -0.000000 9.893967 -1.470709 -0.000000 0.000000 -0.000000 -0.000000 0.000000 -0.000000 0.000001 16.740417 -2.049035 0.000000 -0.000000 -0.000000 0.000000 9.617874 1.685008 -0.000000 -0.000000 0.000000 0.000002 22.037354 7.501098 -0.000000 -0.000000 -0.000000 -4.569969 11.014894 -2.160884 0.000005 0.000003 -0.000023 -0.000052 0.000030 0.000011 -27.841520 0.000017 0.000005 -0.000010 0.000001 -0.000003 -28.328836 0.000017 0.000026 -0.000321 -0.000044 0.000010 -2.464817 -1.573966 2.681851 0.314112 -0.720934 -0.172575 -3.215199 -1.872762 1.924284 -0.432457 0.981326 0.240527 -2.654858 -1.527961 1.512612 -0.323118 0.728901 0.173694 0.000001 0.000001 0.000003 -9.108281 -0.517861 2.259837 -0.000007 -0.018787 0.000103 0.000005 0.029297 -0.000007 -0.000005 -0.010093 -0.000003 0.000000 0.000000 -0.000000 -9.532506 -0.000003 -0.000022 -0.000004 -0.057494 0.000110 -0.000001 0.097407 -0.000010 0.000002 -0.036900 -0.000003 -0.000000 0.000000 -0.000000 -9.103599 -0.043045 -1.865133 -0.000000 0.017917 -0.000000 -0.000004 -0.025390 -0.000003 0.000003 -0.012910 0.000003 0.000000 0.000000 0.000000 -8.076683 -0.486680 -3.806278 0.000000 0.059620 -0.000517 0.000001 0.097000 0.000017 -0.000004 -0.056907 0.000003 -0.000000 0.000000 -0.000000 4.570447 11.014723 -2.160855 -0.000007 -0.000002 -0.000015 0.000002 0.000103 0.000118 -0.000007 -0.000007 0.000007 28.328836 -0.000029 0.000017 0.000020 -0.000089 0.000000 2.466128 -1.576189 2.681733 0.271163 0.622431 0.149618 3.217803 -1.872061 1.916485 -0.380683 -0.867292 -0.214332 2.656008 -1.528832 1.514505 -0.280440 -0.641565 -0.159358 2.020883 -1.154066 1.115133 -0.000000 0.000002 -0.000004 9.109305 -0.518042 2.259871 0.000012 -0.005107 0.000093 -0.000008 0.012007 0.000014 -0.000002 -0.007600 -0.000003 -0.000000 -0.000000 0.000000 9.533409 0.000036 0.000044 0.000003 -0.003600 -0.000007 -0.000005 0.002400 0.000007 0.000012 0.002400 -0.000000 0.000000 -0.000000 -0.000000 9.104532 -0.043031 -1.865075 0.000007 0.000700 0.000097 -0.000005 0.000000 -0.000003 0.000010 0.000014 -0.000003 2.644325 0.000031 0.000057 0.000000 -0.000000 -0.000000 8.077785 -0.486864 -3.806258 0.000013 0.234300 -0.000586 -0.000002 -0.024114 0.000086 0.000003 -0.007673 -0.000010 0.000000 -0.000000 -0.000000 -8.207788 -6.751659 -1.599560 -0.077008 -0.000003 0.000080 0.153719 -0.000000 -0.000000 -0.076703 0.000000 -0.000002 -0.000005 -8.728669 10.710563 0.000005 -0.000000 -0.000000 -0.000001 -0.000676 9.278122 -0.000000 0.000000 -0.000000 8.207791 -6.751703 -1.599556 -0.074517 -0.000003 0.000081 0.148830 0.000002 0.000000 -0.074309 0.000000 -0.000002 -0.000003 -8.728670 10.710560 0.000005 -0.000000 -0.000000 -0.000001 -0.000677 9.278137 0.000003 0.000000 -0.000000 
0.000006 104.270470 1.554256 0.000021 0.000003 -0.000113 -0.000005 10.181587 0.131521 0.000002 -0.000003 0.000084 -0.000000 9.893967 -1.470709 -0.000000 0.000000 -0.000000 -0.000000 0.000000 -0.000000 0.000001 16.740417 -2.049035 0.000000 -0.000000 -0.000000 0.000000 9.617874 1.685008 -0.000000 -0.000000 0.000000 0.000002 22.037354 7.501098 -0.000000 -0.000000 -0.000000 -4.569969 11.014894 -2.160884 0.000005 0.000003 -0.000023 -0.000052 0.000030 0.000011 -27.841520 0.000017 0.000005 -0.000010 0.000001 -0.000003 -28.328836 0.000017 0.000026 -0.000321 -0.000044 0.000010 -2.464817 -1.573966 2.681851 0.314112 -0.720934 -0.172575 -3.215199 -1.872762 1.924284 -0.432457 0.981326 0.240527 -2.654858 -1.527961 1.512612 -0.323118 0.728901 0.173694 0.000001 0.000001 0.000003 -9.108281 -0.517861 2.259837 -0.000007 -0.018787 0.000103 0.000005 0.029297 -0.000007 -0.000005 -0.010093 -0.000003 0.000000 0.000000 -0.000000 -9.532506 -0.000003 -0.000022 -0.000004 -0.057494 0.000110 -0.000001 0.097407 -0.000010 0.000002 -0.036900 -0.000003 -0.000000 0.000000 -0.000000 -9.103599 -0.043045 -1.865133 -0.000000 0.017917 -0.000000 -0.000004 -0.025390 -0.000003 0.000003 -0.012910 0.000003 0.000000 0.000000 0.000000 -8.076683 -0.486680 -3.806278 0.000000 0.059620 -0.000517 0.000001 0.097000 0.000017 -0.000004 -0.056907 0.000003 -0.000000 0.000000 -0.000000 4.570447 11.014723 -2.160855 -0.000007 -0.000002 -0.000015 0.000002 0.000103 0.000118 -0.000007 -0.000007 0.000007 28.328836 -0.000029 0.000017 0.000020 -0.000089 0.000000 2.466128 -1.576189 2.681733 0.271163 0.622431 0.149618 3.217803 -1.872061 1.916485 -0.380683 -0.867292 -0.214332 2.656008 -1.528832 1.514505 -0.280440 -0.641565 -0.159358 2.020883 -1.154066 1.115133 -0.000000 0.000002 -0.000004 9.109305 -0.518042 2.259871 0.000012 -0.005107 0.000093 -0.000008 0.012007 0.000014 -0.000002 -0.007600 -0.000003 -0.000000 -0.000000 0.000000 9.533409 0.000036 0.000044 0.000003 -0.003600 -0.000007 -0.000005 0.002400 0.000007 0.000012 0.002400 -0.000000 0.000000 -0.000000 -0.000000 9.104532 -0.043031 -1.865075 0.000007 0.000700 0.000097 -0.000005 0.000000 -0.000003 0.000010 0.000014 -0.000003 2.644325 0.000031 0.000057 0.000000 -0.000000 -0.000000 8.077785 -0.486864 -3.806258 0.000013 0.234300 -0.000586 -0.000002 -0.024114 0.000086 0.000003 -0.007673 -0.000010 0.000000 -0.000000 -0.000000 -8.207788 -6.751659 -1.599560 -0.077008 -0.000003 0.000080 0.153719 -0.000000 -0.000000 -0.076703 0.000000 -0.000002 -0.000005 -8.728669 10.710563 0.000005 -0.000000 -0.000000 -0.000001 -0.000676 9.278122 -0.000000 0.000000 -0.000000 8.207791 -6.751703 -1.599556 -0.074517 -0.000003 0.000081 0.148830 0.000002 0.000000 -0.074309 0.000000 -0.000002 -0.000003 -8.728670 10.710560 0.000005 -0.000000 -0.000000 -0.000001 -0.000677 9.278137 0.000003 0.000000 -0.000000 
0.000006 104.270470 1.554256 0.000021 0.000003 -0.000113 -0.000005 10.181587 0.131521 0.000002 -0.000003 0.000084 -0.000000 9.893967 -1.470709 -0.000000 0.000000 -0.000000 -0.000000 0.000000 -0.000000 0.000001 16.740417 -2.049035 0.000000 -0.000000 -0.000000 0.000000 9.617874 1.685008 -0.000000 -0.000000 0.000000 0.000002 22.037354 7.501098 -0.000000 -0.000000 -0.000000 -4.569969 11.014894 -2.160884 0.000005 0.000003 -0.000023 -0.000052 0.000030 0.000011 -27.841520 0.000017 0.000005 -0.000010 0.000001 -0.000003 -28.328836 0.000017 0.000026 -0.000321 -0.000044 0.000010 -2.464817 -1.573966 2.681851 0.314112 -0.720934 -0.172575 -3.215199 -1.872762 1.924284 -0.432457 0.981326 0.240527 -2.654858 -1.527961 1.512612 -0.323118 0.728901 0.173694 0.000001 0.000001 0.000003 -9.108281 -0.517861 2.259837 -0.000007 -0.018787 0.000103 0.000005 0.029297 -0.000007 -0.000005 -0.010093 -0.000003 0.000000 0.000000 -0.000000 -9.532506 -0.000003 -0.000022 -0.000004 -0.057494 0.000110 -0.000001 0.097407 -0.000010 0.000002 -0.036900 -0.000003 -0.000000 0.000000 -0.000000 -9.103599 -0.043045 -1.865133 -0.000000 0.017917 -0.000000 -0.000004 -0.025390 -0.000003 0.000003 -0.012910 0.000003 0.000000 0.000000 0.000000 -8.076683 -0.486680 -3.806278 0.000000 0.059620 -0.000517 0.000001 0.097000 0.000017 -0.000004 -0.056907 0.000003 -0.000000 0.000000 -0.000000 4.570447 11.014723 -2.160855 -0.000007 -0.000002 -0.000015 0.000002 0.000103 0.000118 -0.000007 -0.000007 0.000007 28.328836 -0.000029 0.000017 0.000020 -0.000089 0.000000 2.466128 -1.576189 2.681733 0.271163 0.622431 0.149618 3.217803 -1.872061 1.916485 -0.380683 -0.867292 -0.214332 2.656008 -1.528832 1.514505 -0.280440 -0.641565 -0.159358 2.020883 -1.154066 1.115133 -0.000000 0.000002 -0.000004 9.109305 -0.518042 2.259871 0.000012 -0.005107 0.000093 -0.000008 0.012007 0.000014 -0.000002 -0.007600 -0.000003 -0.000000 -0.000000 0.000000 9.533409 0.000036 0.000044 0.000003 -0.003600 -0.000007 -0.000005 0.002400 0.000007 0.000012 0.002400 -0.000000 0.000000 -0.000000 -0.000000 9.104532 -0.043031 -1.865075 0.000007 0.000700 0.000097 -0.000005 0.000000 -0.000003 0.000010 0.000014 -0.000003 2.644325 0.000031 0.000057 0.000000 -0.000000 -0.000000 8.077785 -0.486864 -3.806258 0.000013 0.234300 -0.000586 -0.000002 -0.024114 0.000086 0.000003 -0.007673 -0.000010 0.000000 -0.000000 -0.000000 -8.207788 -6.751659 -1.599560 -0.077008 -0.000003 0.000080 0.153719 -0.000000 -0.000000 -0.076703 0.000000 -0.000002 -0.000005 -8.728669 10.710563 0.000005 -0.000000 -0.000000 -0.000001 -0.000676 9.278122 -0.000000 0.000000 -0.000000 8.207791 -6.751703 -1.599556 -0.074517 -0.000003 0.000081 0.148830 0.000002 0.000000 -0.074309 0.000000 -0.000002 -0.000003 -8.728670 10.710560 0.000005 -0.000000 -0.000000 -0.000001 -0.000677 9.278137 0.000003 0.000000 -0.000000 
0.000006 104.270470 1.554256 0.000021 0.000003 -0.000113 -0.000005 10.181587 0.131521 0.000002 -0.000003 0.000084 -0.000000 9.893967 -1.470709 -0.000000 0.000000 -0.000000 -0.000000 0.000000 -0.000000 0.000001 16.740417 -2.049035 0.000000 -0.000000 -0.000000 0.000000 9.617874 1.685008 -0.000000 -0.000000 0.000000 0.000002 22.037354 7.501098 -0.000000 -0.000000 -0.000000 -4.569969 11.014894 -2.160884 0.000005 0.000003 -0.000023 -0.000052 0.000030 0.000011 -27.841520 0.000017 0.000005 -0.000010 0.000001 -0.000003 -28.328836 0.000017 0.000026 -0.000321 -0.000044 0.000010 -2.464817 -1.573966 2.681851 0.314112 -0.720934 -0.172575 -3.215199 -1.872762 1.924284 -0.432457 0.981326 0.240527 -2.654858 -1.527961 1.512612 -0.323118 0.728901 0.173694 0.000001 0.000001 0.000003 -9.108281 -0.517861 2.259837 -0.000007 -0.018787 0.000103 0.000005 0.029297 -0.000007 -0.000005 -0.010093 -0.000003 0.000000 0.000000 -0.000000 -9.532506 -0.000003 -0.000022 -0.000004 -0.057494 0.000110 -0.000001 0.097407 -0.000010 0.000002 -0.036900 -0.000003 -0.000000 0.000000 -0.000000 -9.103599 -0.043045 -1.865133 -0.000000 0.017917 -0.000000 -0.000004 -0.025390 -0.000003 0.000003 -0.012910 0.000003 0.000000 0.000000 0.000000 -8.076683 -0.486680 -3.806278 0.000000 0.059620 -0.000517 0.000001 0.097000 0.000017 -0.000004 -0.056907 0.000003 -0.000000 0.000000 -0.000000 4.570447 11.014723 -2.160855 -0.000007 -0.000002 -0.000015 0.000002 0.000103 0.000118 -0.000007 -0.000007 0.000007 28.328836 -0.000029 0.000017 0.000020 -0.000089 0.000000 2.466128 -1.576189 2.681733 0.271163 0.622431 0.149618 3.217803 -1.872061 1.916485 -0.380683 -0.867292 -0.214332 2.656008 -1.528832 1.514505 -0.280440 -0.641565 -0.159358 2.020883 -1.154066 1.115133 -0.000000 0.000002 -0.000004 9.109305 -0.518042 2.259871 0.000012 -0.005107 0.000093 -0.000008 0.012007 0.000014 -0.000002 -0.007600 -0.000003 -0.000000 -0.000000 0.000000 9.533409 0.000036 0.000044 0.000003 -0.003600 -0.000007 -0.000005 0.002400 0.000007 0.000012 0.002400 -0.000000 0.000000 -0.000000 -0.000000 9.104532 -0.043031 -1.865075 0.000007 0.000700 0.000097 -0.000005 0.000000 -0.000003 0.000010 0.000014 -0.000003 2.644325 0.000031 0.000057 0.000000 -0.000000 -0.000000 8.077785 -0.486864 -3.806258 0.000013 0.234300 -0.000586 -0.000002 -0.024114 0.000086 0.000003 -0.007673 -0.000010 0.000000 -0.000000 -0.000000 -8.207788 -6.751659 -1.599560 -0.077008 -0.000003 0.000080 0.153719 -0.000000 -0.000000 -0.076703 0.000000 -0.000002 -0.000005 -8.728669 10.710563 0.000005 -0.000000 -0.000000 -0.000001 -0.000676 9.278122 -0.000000 0.000000 -0.000000 8.207791 -6.751703 -1.599556 -0.074517 -0.000003 0.000081 0.148830 0.000002 0.000000 -0.074309 0.000000 -0.000002 -0.000003 -8.728670 10.710560 0.000005 -0.000000 -0.000000 -0.000001 -0.000677 9.278137 0.000003 0.000000 -0.000000 
0.000006 104.270470 1.554256 0.000021 0.000003 -0.000113 -0.000005 10.181587 0.131521 0.000002 -0.000003 0.000084 -0.000000 9.893967 -1.470709 -0.000000 0.000000 -0.000000 -0.000000 0.000000 -0.000000 0.000001 16.740417 -2.049035 0.000000 -0.000000 -0.000000 0.000000 9.617874 1.685008 -0.000000 -0.000000 0.000000 0.000002 22.037354 7.501098 -0.000000 -0.000000 -0.000000 -4.569969 11.014894 -2.160884 0.000005 0.000003 -0.000023 -0.000052 0.000030 0.000011 -27.841520 0.000017 0.000005 -0.000010 0.000001 -0.000003 -28.328836 0.000017 0.000026 -0.000321 -0.000044 0.000010 -2.464817 -1.573966 2.681851 0.314112 -0.720934 -0.172575 -3.215199 -1.872762 1.924284 -0.432457 0.981326 0.240527 -2.654858 -1.527961 1.512612 -0.323118 0.728901 0.173694 0.000001 0.000001 0.000003 -9.108281 -0.517861 2.259837 -0.000007 -0.018787 0.000103 0.000005 0.029297 -0.000007 -0.000005 -0.010093 -0.000003 0.000000 0.000000 -0.000000 -9.532506 -0.000003 -0.000022 -0.000004 -0.057494 0.000110 -0.000001 0.097407 -0.000010 0.000002 -0.036900 -0.000003 -0.000000 0.000000 -0.000000 -9.103599 -0.043045 -1.865133 -0.000000 0.017917 -0.000000 -0.000004 -0.025390 -0.000003 0.000003 -0.012910 0.000003 0.000000 0.000000 0.000000 -8.076683 -0.486680 -3.806278 0.000000 0.059620 -0.000517 0.000001 0.097000 0.000017 -0.000004 -0.056907 0.000003 -0.000000 0.000000 -0.000000 4.570447 11.014723 -2.160855 -0.000007 -0.000002 -0.000015 0.000002 0.000103 0.000118 -0.000007 -0.000007 0.000007 28.328836 -0.000029 0.000017 0.000020 -0.000089 0.000000 2.466128 -1.576189 2.681733 0.271163 0.622431 0.149618 3.217803 -1.872061 1.916485 -0.380683 -0.867292 -0.214332 2.656008 -1.528832 1.514505 -0.280440 -0.641565 -0.159358 2.020883 -1.154066 1.115133 -0.000000 0.000002 -0.000004 9.109305 -0.518042 2.259871 0.000012 -0.005107 0.000093 -0.000008 0.012007 0.000014 -0.000002 -0.007600 -0.000003 -0.000000 -0.000000 0.000000 9.533409 0.000036 0.000044 0.000003 -0.003600 -0.000007 -0.000005 0.002400 0.000007 0.000012 0.002400 -0.000000 0.000000 -0.000000 -0.000000 9.104532 -0.043031 -1.865075 0.000007 0.000700 0.000097 -0.000005 0.000000 -0.000003 0.000010 0.000014 -0.000003 2.644325 0.000031 0.000057 0.000000 -0.000000 -0.000000 8.077785 -0.486864 -3.806258 0.000013 0.234300 -0.000586 -0.000002 -0.024114 0.000086 0.000003 -0.007673 -0.000010 0.000000 -0.000000 -0.000000 -8.207788 -6.751659 -1.599560 -0.077008 -0.000003 0.000080 0.153719 -0.000000 -0.000000 -0.076703 0.000000 -0.000002 -0.000005 -8.728669 10.710563 0.000005 -0.000000 -0.000000 -0.000001 -0.000676 9.278122 -0.000000 0.000000 -0.000000 8.207791 -6.751703 -1.599556 -0.074517 -0.000003 0.000081 0.148830 0.000002 0.000000 -0.074309 0.000000 -0.000002 -0.000003 -8.728670 10.710560 0.000005 -0.000000 -0.000000 -0.000001 -0.000677 9.278137 0.000003 0.000000 -0.000000 
0.000006 104.270470 1.554256 0.000021 0.000003 -0.000113 -0.000005 10.181587 0.131521 0.000002 -0.000003 0.000084 -0.000000 9.893967 -1.470709 -0.000000 0.000000 -0.000000 -0.000000 0.000000 -0.000000 0.000001 16.740417 -2.049035 0.000000 -0.000000 -0.000000 0.000000 9.617874 1.685008 -0.000000 -0.000000 0.000000 0.000002 22.037354 7.501098 -0.000000 -0.000000 -0.000000 -4.569969 11.014894 -2.160884 0.000005 0.000003 -0.000023 -0.000052 0.000030 0.000011 -27.841520 0.000017 0.000005 -0.000010 0.000001 -0.000003 -28.328836 0.000017 0.000026 -0.000321 -0.000044 0.000010 -2.464817 -1.573966 2.681851 0.314112 -0.720934 -0.172575 -3.215199 -1.872762 1.924284 -0.432457 0.981326 0.240527 -2.654858 -1.527961 1.512612 -0.323118 0.728901 0.173694 0.000001 0.000001 0.000003 -9.108281 -0.517861 2.259837 -0.000007 -0.018787 0.000103 0.000005 0.029297 -0.000007 -0.000005 -0.010093 -0.000003 0.000000 0.000000 -0.000000 -9.532506 -0.000003 -0.000022 -0.000004 -0.057494 0.000110 -0.000001 0.097407 -0.000010 0.000002 -0.036900 -0.000003 -0.000000 0.000000 -0.000000 -9.103599 -0.043045 -1.865133 -0.000000 0.017917 -0.000000 -0.000004 -0.025390 -0.000003 0.000003 -0.012910 0.000003 0.000000 0.000000 0.000000 -8.076683 -0.486680 -3.806278 0.000000 0.059620 -0.000517 0.000001 0.097000 0.000017 -0.000004 -0.056907 0.000003 -0.000000 0.000000 -0.000000 4.570447 11.014723 -2.160855 -0.000007 -0.000002 -0.000015 0.000002 0.000103 0.000118 -0.000007 -0.000007 0.000007 28.328836 -0.000029 0.000017 0.000020 -0.000089 0.000000 2.466128 -1.576189 2.681733 0.271163 0.622431 0.149618 3.217803 -1.872061 1.916485 -0.380683 -0.867292 -0.214332 2.656008 -1.528832 1.514505 -0.280440 -0.641565 -0.159358 2.020883 -1.154066 1.115133 -0.000000 0.000002 -0.000004 9.109305 -0.518042 2.259871 0.000012 -0.005107 0.000093 -0.000008 0.012007 0.000014 -0.000002 -0.007600 -0.000003 -0.000000 -0.000000 0.000000 9.533409 0.000036 0.000044 0.000003 -0.003600 -0.000007 -0.000005 0.002400 0.000007 0.000012 0.002400 -0.000000 0.000000 -0.000000 -0.000000 9.104532 -0.043031 -1.865075 0.000007 0.000700 0.000097 -0.000005 0.000000 -0.000003 0.000010 0.000014 -0.000003 2.644325 0.000031 0.000057 0.000000 -0.000000 -0.000000 8.077785 -0.486864 -3.806258 0.000013 0.234300 -0.000586 -0.000002 -0.024114 0.000086 0.000003 -0.007673 -0.000010 0.000000 -0.000000 -0.000000 -8.207788 -6.751659 -1.599560 -0.077008 -0.000003 0.000080 0.153719 -0.000000 -0.000000 -0.076703 0.000000 -0.000002 -0.000005 -8.728669 10.710563 0.000005 -0.000000 -0.000000 -0.000001 -0.000676 9.278122 -0.000000 0.000000 -0.000000 8.207791 -6.751703 -1.599556 -0.074517 -0.000003 0.000081 0.148830 0.000002 0.000000 -0.074309 0.000000 -0.000002 -0.000003 -8.728670 10.710560 0.000005 -0.000000 -0.000000 -0.000001 -0.000677 9.278137 0.000003 0.000000 -0.000000 
0.000006 104.270470 1.554256 0.000021 0.000003 -0.000113 -0.000005 10.181587 0.131521 0.000002 -0.000003 0.000084 -0.000000 9.893967 -1.470709 -0.000000 0.000000 -0.000000 -0.000000 0.000000 -0.000000 0.000001 16.740417 -2.049035 0.000000 -0.000000 -0.000000 0.000000 9.617874 1.685008 -0.000000 -0.000000 0.000000 0.000002 22.037354 7.501098 -0.000000 -0.000000 -0.000000 -4.569969 11.014894 -2.160884 0.000005 0.000003 -0.000023 -0.000052 0.000030 0.000011 -27.841520 0.000017 0.000005 -0.000010 0.000001 -0.000003 -28.328836 0.000017 0.000026 -0.000321 -0.000044 0.000010 -2.464817 -1.573966 2.681851 0.314112 -0.720934 -0.172575 -3.215199 -1.872762 1.924284 -0.432457 0.981326 0.240527 -2.654858 -1.527961 1.512612 -0.323118 0.728901 0.173694 0.000001 0.000001 0.000003 -9.108281 -0.517861 2.259837 -0.000007 -0.018787 0.000103 0.000005 0.029297 -0.000007 -0.000005 -0.010093 -0.000003 0.000000 0.000000 -0.000000 -9.532506 -0.000003 -0.000022 -0.000004 -0.057494 0.000110 -0.000001 0.097407 -0.000010 0.000002 -0.036900 -0.000003 -0.000000 0.000000 -0.000000 -9.103599 -0.043045 -1.865133 -0.000000 0.017917 -0.000000 -0.000004 -0.025390 -0.000003 0.000003 -0.012910 0.000003 0.000000 0.000000 0.000000 -8.076683 -0.486680 -3.806278 0.000000 0.059620 -0.000517 0.000001 0.097000 0.000017 -0.000004 -0.056907 0.000003 -0.000000 0.000000 -0.000000 4.570447 11.014723 -2.160855 -0.000007 -0.000002 -0.000015 0.000002 0.000103 0.000118 -0.000007 -0.000007 0.000007 28.328836 -0.000029 0.000017 0.000020 -0.000089 0.000000 2.466128 -1.576189 2.681733 0.271163 0.622431 0.149618 3.217803 -1.872061 1.916485 -0.380683 -0.867292 -0.214332 2.656008 -1.528832 1.514505 -0.280440 -0.641565 -0.159358 2.020883 -1.154066 1.115133 -0.000000 0.000002 -0.000004 9.109305 -0.518042 2.259871 0.000012 -0.005107 0.000093 -0.000008 0.012007 0.000014 -0.000002 -0.007600 -0.000003 -0.000000 -0.000000 0.000000 9.533409 0.000036 0.000044 0.000003 -0.003600 -0.000007 -0.000005 0.002400 0.000007 0.000012 0.002400 -0.000000 0.000000 -0.000000 -0.000000 9.104532 -0.043031 -1.865075 0.000007 0.000700 0.000097 -0.000005 0.000000 -0.000003 0.000010 0.000014 -0.000003 2.644325 0.000031 0.000057 0.000000 -0.000000 -0.000000 8.077785 -0.486864 -3.806258 0.000013 0.234300 -0.000586 -0.000002 -0.024114 0.000086 0.000003 -0.007673 -0.000010 0.000000 -0.000000 -0.000000 -8.207788 -6.751659 -1.599560 -0.077008 -0.000003 0.000080 0.153719 -0.000000 -0.000000 -0.076703 0.000000 -0.000002 -0.000005 -8.728669 10.710563 0.000005 -0.000000 -0.000000 -0.000001 -0.000676 9.278122 -0.000000 0.000000 -0.000000 8.207791 -6.751703 -1.599556 -0.074517 -0.000003 0.000081 0.148830 0.000002 0.000000 -0.074309 0.000000 -0.000002 -0.000003 -8.728670 10.710560 0.000005 -0.000000 -0.000000 -0.000001 -0.000677 9.278137 0.000003 0.000000 -0.000000 
0.000006 104.270470 1.554256 0.000021 0.000003 -0.000113 -0.000005 10.181587 0.131521 0.000002 -0.000003 0.000084 -0.000000 9.893967 -1.470709 -0.000000 0.000000 -0.000000 -0.000000 0.000000 -0.000000 0.000001 16.740417 -2.049035 0.000000 -0.000000 -0.000000 0.000000 9.617874 1.685008 -0.000000 -0.000000 0.000000 0.000002 22.037354 7.501098 -0.000000 -0.000000 -0.000000 -4.569969 11.014894 -2.160884 0.000005 0.000003 -0.000023 -0.000052 0.000030 0.000011 -27.841520 0.000017 0.000005 -0.000010 0.000001 -0.000003 -28.328836 0.000017 0.000026 -0.000321 -0.000044 0.000010 -2.464817 -1.573966 2.681851 0.314112 -0.720934 -0.172575 -3.215199 -1.872762 1.924284 -0.432457 0.981326 0.240527 -2.654858 -1.527961 1.512612 -0.323118 0.728901 0.173694 0.000001 0.000001 0.000003 -9.108281 -0.517861 2.259837 -0.000007 -0.018787 0.000103 0.000005 0.029297 -0.000007 -0.000005 -0.010093 -0.000003 0.000000 0.000000 -0.000000 -9.532506 -0.000003 -0.000022 -0.000004 -0.057494 0.000110 -0.000001 0.097407 -0.000010 0.000002 -0.036900 -0.000003 -0.000000 0.000000 -0.000000 -9.103599 -0.043045 -1.865133 -0.000000 0.017917 -0.000000 -0.000004 -0.025390 -0.000003 0.000003 -0.012910 0.000003 0.000000 0.000000 0.000000 -8.076683 -0.486680 -3.806278 0.000000 0.059620 -0.000517 0.000001 0.097000 0.000017 -0.000004 -0.056907 0.000003 -0.000000 0.000000 -0.000000 4.570447 11.014723 -2.160855 -0.000007 -0.000002 -0.000015 0.000002 0.000103 0.000118 -0.000007 -0.000007 0.000007 28.328836 -0.000029 0.000017 0.000020 -0.000089 0.000000 2.466128 -1.576189 2.681733 0.271163 0.622431 0.149618 3.217803 -1.872061 1.916485 -0.380683 -0.867292 -0.214332 2.656008 -1.528832 1.514505 -0.280440 -0.641565 -0.159358 2.020883 -1.154066 1.115133 -0.000000 0.000002 -0.000004 9.109305 -0.518042 2.259871 0.000012 -0.005107 0.000093 -0.000008 0.012007 0.000014 -0.000002 -0.007600 -0.000003 -0.000000 -0.000000 0.000000 9.533409 0.000036 0.000044 0.000003 -0.003600 -0.000007 -0.000005 0.002400 0.000007 0.000012 0.002400 -0.000000 0.000000 -0.000000 -0.000000 9.104532 -0.043031 -1.865075 0.000007 0.000700 0.000097 -0.000005 0.000000 -0.000003 0.000010 0.000014 -0.000003 2.644325 0.000031 0.000057 0.000000 -0.000000 -0.000000 8.077785 -0.486864 -3.806258 0.000013 0.234300 -0.000586 -0.000002 -0.024114 0.000086 0.000003 -0.007673 -0.000010 0.000000 -0.000000 -0.000000 -8.207788 -6.751659 -1.599560 -0.077008 -0.000003 0.000080 0.153719 -0.000000 -0.000000 -0.076703 0.000000 -0.000002 -0.000005 -8.728669 10.710563 0.000005 -0.000000 -0.000000 -0.000001 -0.000676 9.278122 -0.000000 0.000000 -0.000000 8.207791 -6.751703 -1.599556 -0.074517 -0.000003 0.000081 0.148830 0.000002 0.000000 -0.074309 0.000000 -0.000002 -0.000003 -8.728670 10.710560 0.000005 -0.000000 -0.000000 -0.000001 -0.000677 9.278137 0.000003 0.000000 -0.000000 
0.000006 104.270470 1.554256 0.000021 0.000003 -0.000113 -0.000005 10.181587 0.131521 0.000002 -0.000003 0.000084 -0.000000 9.893967 -1.470709 -0.000000 0.000000 -0.000000 -0.000000 0.000000 -0.000000 0.000001 16.740417 -2.049035 0.000000 -0.000000 -0.000000 0.000000 9.617874 1.685008 -0.000000 -0.000000 0.000000 0.000002 22.037354 7.501098 -0.000000 -0.000000 -0.000000 -4.569969 11.014894 -2.160884 0.000005 0.000003 -0.000023 -0.000052 0.000030 0.000011 -27.841520 0.000017 0.000005 -0.000010 0.000001 -0.000003 -28.328836 0.000017 0.000026 -0.000321 -0.000044 0.000010 -2.464817 -1.573966 2.681851 0.314112 -0.720934 -0.172575 -3.215199 -1.872762 1.924284 -0.432457 0.981326 0.240527 -2.654858 -1.527961 1.512612 -0.323118 0.728901 0.173694 0.000001 0.000001 0.000003 -9.108281 -0.517861 2.259837 -0.000007 -0.018787 0.000103 0.000005 0.029297 -0.000007 -0.000005 -0.010093 -0.000003 0.000000 0.000000 -0.000000 -9.532506 -0.000003 -0.000022 -0.000004 -0.057494 0.000110 -0.000001 0.097407 -0.000010 0.000002 -0.036900 -0.000003 -0.000000 0.000000 -0.000000 -9.103599 -0.043045 -1.865133 -0.000000 0.017917 -0.000000 -0.000004 -0.025390 -0.000003 0.000003 -0.012910 0.000003 0.000000 0.000000 0.000000 -8.076683 -0.486680 -3.806278 0.000000 0.059620 -0.000517 0.000001 0.097000 0.000017 -0.000004 -0.056907 0.000003 -0.000000 0.000000 -0.000000 4.570447 11.014723 -2.160855 -0.000007 -0.000002 -0.000015 0.000002 0.000103 0.000118 -0.000007 -0.000007 0.000007 28.328836 -0.000029 0.000017 0.000020 -0.000089 0.000000 2.466128 -1.576189 2.681733 0.271163 0.622431 0.149618 3.217803 -1.872061 1.916485 -0.380683 -0.867292 -0.214332 2.656008 -1.528832 1.514505 -0.280440 -0.641565 -0.159358 2.020883 -1.154066 1.115133 -0.000000 0.000002 -0.000004 9.109305 -0.518042 2.259871 0.000012 -0.005107 0.000093 -0.000008 0.012007 0.000014 -0.000002 -0.007600 -0.000003 -0.000000 -0.000000 0.000000 9.533409 0.000036 0.000044 0.000003 -0.003600 -0.000007 -0.000005 0.002400 0.000007 0.000012 0.002400 -0.000000 0.000000 -0.000000 -0.000000 9.104532 -0.043031 -1.865075 0.000007 0.000700 0.000097 -0.000005 0.000000 -0.000003 0.000010 0.000014 -0.000003 2.644325 0.000031 0.000057 0.000000 -0.000000 -0.000000 8.077785 -0.486864 -3.806258 0.000013 0.234300 -0.000586 -0.000002 -0.024114 0.000086 0.000003 -0.007673 -0.000010 0.000000 -0.000000 -0.000000 -8.207788 -6.751659 -1.599560 -0.077008 -0.000003 0.000080 0.153719 -0.000000 -0.000000 -0.076703 0.000000 -0.000002 -0.000005 -8.728669 10.710563 0.000005 -0.000000 -0.000000 -0.000001 -0.000676 9.278122 -0.000000 0.000000 -0.000000 8.207791 -6.751703 -1.599556 -0.074517 -0.000003 0.000081 0.148830 0.000002 0.000000 -0.074309 0.000000 -0.000002 -0.000003 -8.728670 10.710560 0.000005 -0.000000 -0.000000 -0.000001 -0.000677 9.278137 0.000003 0.000000 -0.000000 
0.000006 104.270470 1.554256 0.000021 0.000003 -0.000113 -0.000005 10.181587 0.131521 0.000002 -0.000003 0.000084 -0.000000 9.893967 -1.470709 -0.000000 0.000000 -0.000000 -0.000000 0.000000 -0.000000 0.000001 16.740417 -2.049035 0.000000 -0.000000 -0.000000 0.000000 9.617874 1.685008 -0.000000 -0.000000 0.000000 0.000002 22.037354 7.501098 -0.000000 -0.000000 -0.000000 -4.569969 11.014894 -2.160884 0.000005 0.000003 -0.000023 -0.000052 0.000030 0.000011 -27.841520 0.000017 0.000005 -0.000010 0.000001 -0.000003 -28.328836 0.000017 0.000026 -0.000321 -0.000044 0.000010 -2.464817 -1.573966 2.681851 0.314112 -0.720934 -0.172575 -3.215199 -1.872762 1.924284 -0.432457 0.981326 0.240527 -2.654858 -1.527961 1.512612 -0.323118 0.728901 0.173694 0.000001 0.000001 0.000003 -9.108281 -0.517861 2.259837 -0.000007 -0.018787 0.000103 0.000005 0.029297 -0.000007 -0.000005 -0.010093 -0.000003 0.000000 0.000000 -0.000000 -9.532506 -0.000003 -0.000022 -0.000004 -0.057494 0.000110 -0.000001 0.097407 -0.000010 0.000002 -0.036900 -0.000003 -0.000000 0.000000 -0.000000 -9.103599 -0.043045 -1.865133 -0.000000 0.017917 -0.000000 -0.000004 -0.025390 -0.000003 0.000003 -0.012910 0.000003 0.000000 0.000000 0.000000 -8.076683 -0.486680 -3.806278 0.000000 0.059620 -0.000517 0.000001 0.097000 0.000017 -0.000004 -0.056907 0.000003 -0.000000 0.000000 -0.000000 4.570447 11.014723 -2.160855 -0.000007 -0.000002 -0.000015 0.000002 0.000103 0.000118 -0.000007 -0.000007 0.000007 28.328836 -0.000029 0.000017 0.000020 -0.000089 0.000000 2.466128 -1.576189 2.681733 0.271163 0.622431 0.149618 3.217803 -1.872061 1.916485 -0.380683 -0.867292 -0.214332 2.656008 -1.528832 1.514505 -0.280440 -0.641565 -0.159358 2.020883 -1.154066 1.115133 -0.000000 0.000002 -0.000004 9.109305 -0.518042 2.259871 0.000012 -0.005107 0.000093 -0.000008 0.012007 0.000014 -0.000002 -0.007600 -0.000003 -0.000000 -0.000000 0.000000 9.533409 0.000036 0.000044 0.000003 -0.003600 -0.000007 -0.000005 0.002400 0.000007 0.000012 0.002400 -0.000000 0.000000 -0.000000 -0.000000 9.104532 -0.043031 -1.865075 0.000007 0.000700 0.000097 -0.000005 0.000000 -0.000003 0.000010 0.000014 -0.000003 2.644325 0.000031 0.000057 0.000000 -0.000000 -0.000000 8.077785 -0.486864 -3.806258 0.000013 0.234300 -0.000586 -0.000002 -0.024114 0.000086 0.000003 -0.007673 -0.000010 0.000000 -0.000000 -0.000000 -8.207788 -6.751659 -1.599560 -0.077008 -0.000003 0.000080 0.153719 -0.000000 -0.000000 -0.076703 0.000000 -0.000002 -0.000005 -8.728669 10.710563 0.000005 -0.000000 -0.000000 -0.000001 -0.000676 9.278122 -0.000000 0.000000 -0.000000 8.207791 -6.751703 -1.599556 -0.074517 -0.000003 0.000081 0.148830 0.000002 0.000000 -0.074309 0.000000 -0.000002 -0.000003 -8.728670 10.710560 0.000005 -0.000000 -0.000000 -0.000001 -0.000677 9.278137 0.000003 0.000000 -0.000000 
0.000006 104.270470 1.554256 0.000021 0.000003 -0.000113 -0.000005 10.181587 0.131521 0.000002 -0.000003 0.000084 -0.000000 9.893967 -1.470709 -0.000000 0.000000 -0.000000 -0.000000 0.000000 -0.000000 0.000001 16.740417 -2.049035 0.000000 -0.000000 -0.000000 0.000000 9.617874 1.685008 -0.000000 -0.000000 0.000000 0.000002 22.037354 7.501098 -0.000000 -0.000000 -0.000000 -4.569969 11.014894 -2.160884 0.000005 0.000003 -0.000023 -0.000052 0.000030 0.000011 -27.841520 0.000017 0.000005 -0.000010 0.000001 -0.000003 -28.328836 0.000017 0.000026 -0.000321 -0.000044 0.000010 -2.464817 -1.573966 2.681851 0.314112 -0.720934 -0.172575 -3.215199 -1.872762 1.924284 -0.432457 0.981326 0.240527 -2.654858 -1.527961 1.512612 -0.323118 0.728901 0.173694 0.000001 0.000001 0.000003 -9.108281 -0.517861 2.259837 -0.000007 -0.018787 0.000103 0.000005 0.029297 -0.000007 -0.000005 -0.010093 -0.000003 0.000000 0.000000 -0.000000 -9.532506 -0.000003 -0.000022 -0.000004 -0.057494 0.000110 -0.000001 0.097407 -0.000010 0.000002 -0.036900 -0.000003 -0.000000 0.000000 -0.000000 -9.103599 -0.043045 -1.865133 -0.000000 0.017917 -0.000000 -0.000004 -0.025390 -0.000003 0.000003 -0.012910 0.000003 0.000000 0.000000 0.000000 -8.076683 -0.486680 -3.806278 0.000000 0.059620 -0.000517 0.000001 0.097000 0.000017 -0.000004 -0.056907 0.000003 -0.000000 0.000000 -0.000000 4.570447 11.014723 -2.160855 -0.000007 -0.000002 -0.000015 0.000002 0.000103 0.000118 -0.000007 -0.000007 0.000007 28.328836 -0.000029 0.000017 0.000020 -0.000089 0.000000 2.466128 -1.576189 2.681733 0.271163 0.622431 0.149618 3.217803 -1.872061 1.916485 -0.380683 -0.867292 -0.214332 2.656008 -1.528832 1.514505 -0.280440 -0.641565 -0.159358 2.020883 -1.154066 1.115133 -0.000000 0.000002 -0.000004 9.109305 -0.518042 2.259871 0.000012 -0.005107 0.000093 -0.000008 0.012007 0.000014 -0.000002 -0.007600 -0.000003 -0.000000 -0.000000 0.000000 9.533409 0.000036 0.000044 0.000003 -0.003600 -0.000007 -0.000005 0.002400 0.000007 0.000012 0.002400 -0.000000 0.000000 -0.000000 -0.000000 9.104532 -0.043031 -1.865075 0.000007 0.000700 0.000097 -0.000005 0.000000 -0.000003 0.000010 0.000014 -0.000003 2.644325 0.000031 0.000057 0.000000 -0.000000 -0.000000 8.077785 -0.486864 -3.806258 0.000013 0.234300 -0.000586 -0.000002 -0.024114 0.000086 0.000003 -0.007673 -0.000010 0.000000 -0.000000 -0.000000 -8.207788 -6.751659 -1.599560 -0.077008 -0.000003 0.000080 0.153719 -0.000000 -0.000000 -0.076703 0.000000 -0.000002 -0.000005 -8.728669 10.710563 0.000005 -0.000000 -0.000000 -0.000001 -0.000676 9.278122 -0.000000 0.000000 -0.000000 8.207791 -6.751703 -1.599556 -0.074517 -0.000003 0.000081 0.148830 0.000002 0.000000 -0.074309 0.000000 -0.000002 -0.000003 -8.728670 10.710560 0.000005 -0.000000 -0.000000 -0.000001 -0.000677 9.278137 0.000003 0.000000 -0.000000 
0.000006 104.270470 1.554256 0.000021 0.000003 -0.000113 -0.000005 10.181587 0.131521 0.000002 -0.000003 0.000084 -0.000000 9.893967 -1.470709 -0.000000 0.000000 -0.000000 -0.000000 0.000000 -0.000000 0.000001 16.740417 -2.049035 0.000000 -0.000000 -0.000000 0.000000 9.617874 1.685008 -0.000000 -0.000000 0.000000 0.000002 22.037354 7.501098 -0.000000 -0.000000 -0.000000 -4.569969 11.014894 -2.160884 0.000005 0.000003 -0.000023 -0.000052 0.000030 0.000011 -27.841520 0.000017 0.000005 -0.000010 0.000001 -0.000003 -28.328836 0.000017 0.000026 -0.000321 -0.000044 0.000010 -2.464817 -1.573966 2.681851 0.314112 -0.720934 -0.172575 -3.215199 -1.872762 1.924284 -0.432457 0.981326 0.240527 -2.654858 -1.527961 1.512612 -0.323118 0.728901 0.173694 0.000001 0.000001 0.000003 -9.108281 -0.517861 2.259837 -0.000007 -0.018787 0.000103 0.000005 0.029297 -0.000007 -0.000005 -0.010093 -0.000003 0.000000 0.000000 -0.000000 -9.532506 -0.000003 -0.000022 -0.000004 -0.057494 0.000110 -0.000001 0.097407 -0.000010 0.000002 -0.036900 -0.000003 -0.000000 0.000000 -0.000000 -9.103599 -0.043045 -1.865133 -0.000000 0.017917 -0.000000 -0.000004 -0.025390 -0.000003 0.000003 -0.012910 0.000003 0.000000 0.000000 0.000000 -8.076683 -0.486680 -3.806278 0.000000 0.059620 -0.000517 0.000001 0.097000 0.000017 -0.000004 -0.056907 0.000003 -0.000000 0.000000 -0.000000 4.570447 11.014723 -2.160855 -0.000007 -0.000002 -0.000015 0.000002 0.000103 0.000118 -0.000007 -0.000007 0.000007 28.328836 -0.000029 0.000017 0.000020 -0.000089 0.000000 2.466128 -1.576189 2.681733 0.271163 0.622431 0.149618 3.217803 -1.872061 1.916485 -0.380683 -0.867292 -0.214332 2.656008 -1.528832 1.514505 -0.280440 -0.641565 -0.159358 2.020883 -1.154066 1.115133 -0.000000 0.000002 -0.000004 9.109305 -0.518042 2.259871 0.000012 -0.005107 0.000093 -0.000008 0.012007 0.000014 -0.000002 -0.007600 -0.000003 -0.000000 -0.000000 0.000000 9.533409 0.000036 0.000044 0.000003 -0.003600 -0.000007 -0.000005 0.002400 0.000007 0.000012 0.002400 -0.000000 0.000000 -0.000000 -0.000000 9.104532 -0.043031 -1.865075 0.000007 0.000700 0.000097 -0.000005 0.000000 -0.000003 0.000010 0.000014 -0.000003 2.644325 0.000031 0.000057 0.000000 -0.000000 -0.000000 8.077785 -0.486864 -3.806258 0.000013 0.234300 -0.000586 -0.000002 -0.024114 0.000086 0.000003 -0.007673 -0.000010 0.000000 -0.000000 -0.000000 -8.207788 -6.751659 -1.599560 -0.077008 -0.000003 0.000080 0.153719 -0.000000 -0.000000 -0.076703 0.000000 -0.000002 -0.000005 -8.728669 10.710563 0.000005 -0.000000 -0.000000 -0.000001 -0.000676 9.278122 -0.000000 0.000000 -0.000000 8.207791 -6.751703 -1.599556 -0.074517 -0.000003 0.000081 0.148830 0.000002 0.000000 -0.074309 0.000000 -0.000002 -0.000003 -8.728670 10.710560 0.000005 -0.000000 -0.000000 -0.000001 -0.000677 9.278137 0.000003 0.000000 -0.000000 
0.000006 104.270470 1.554256 0.000021 0.000003 -0.000113 -0.000005 10.181587 0.131521 0.000002 -0.000003 0.000084 -0.000000 9.893967 -1.470709 -0.000000 0.000000 -0.000000 -0.000000 0.000000 -0.000000 0.000001 16.740417 -2.049035 0.000000 -0.000000 -0.000000 0.000000 9.617874 1.685008 -0.000000 -0.000000 0.000000 0.000002 22.037354 7.501098 -0.000000 -0.000000 -0.000000 -4.569969 11.014894 -2.160884 0.000005 0.000003 -0.000023 -0.000052 0.000030 0.000011 -27.841520 0.000017 0.000005 -0.000010 0.000001 -0.000003 -28.328836 0.000017 0.000026 -0.000321 -0.000044 0.000010 -2.464817 -1.573966 2.681851 0.314112 -0.720934 -0.172575 -3.215199 -1.872762 1.924284 -0.432457 0.981326 0.240527 -2.654858 -1.527961 1.512612 -0.323118 0.728901 0.173694 0.000001 0.000001 0.000003 -9.108281 -0.517861 2.259837 -0.000007 -0.018787 0.000103 0.000005 0.029297 -0.000007 -0.000005 -0.010093 -0.000003 0.000000 0.000000 -0.000000 -9.532506 -0.000003 -0.000022 -0.000004 -0.057494 0.000110 -0.000001 0.097407 -0.000010 0.000002 -0.036900 -0.000003 -0.000000 0.000000 -0.000000 -9.103599 -0.043045 -1.865133 -0.000000 0.017917 -0.000000 -0.000004 -0.025390 -0.000003 0.000003 -0.012910 0.000003 0.000000 0.000000 0.000000 -8.076683 -0.486680 -3.806278 0.000000 0.059620 -0.000517 0.000001 0.097000 0.000017 -0.000004 -0.056907 0.000003 -0.000000 0.000000 -0.000000 4.570447 11.014723 -2.160855 -0.000007 -0.000002 -0.000015 0.000002 0.000103 0.000118 -0.000007 -0.000007 0.000007 28.328836 -0.000029 0.000017 0.000020 -0.000089 0.000000 2.466128 -1.576189 2.681733 0.271163 0.622431 0.149618 3.217803 -1.872061 1.916485 -0.380683 -0.867292 -0.214332 2.656008 -1.528832 1.514505 -0.280440 -0.641565 -0.159358 2.020883 -1.154066 1.115133 -0.000000 0.000002 -0.000004 9.109305 -0.518042 2.259871 0.000012 -0.005107 0.000093 -0.000008 0.012007 0.000014 -0.000002 -0.007600 -0.000003 -0.000000 -0.000000 0.000000 9.533409 0.000036 0.000044 0.000003 -0.003600 -0.000007 -0.000005 0.002400 0.000007 0.000012 0.002400 -0.000000 0.000000 -0.000000 -0.000000 9.104532 -0.043031 -1.865075 0.000007 0.000700 0.000097 -0.000005 0.000000 -0.000003 0.000010 0.000014 -0.000003 2.644325 0.000031 0.000057 0.000000 -0.000000 -0.000000 8.077785 -0.486864 -3.806258 0.000013 0.234300 -0.000586 -0.000002 -0.024114 0.000086 0.000003 -0.007673 -0.000010 0.000000 -0.000000 -0.000000 -8.207788 -6.751659 -1.599560 -0.077008 -0.000003 0.000080 0.153719 -0.000000 -0.000000 -0.076703 0.000000 -0.000002 -0.000005 -8.728669 10.710563 0.000005 -0.000000 -0.000000 -0.000001 -0.000676 9.278122 -0.000000 0.000000 -0.000000 8.207791 -6.751703 -1.599556 -0.074517 -0.000003 0.000081 0.148830 0.000002 0.000000 -0.074309 0.000000 -0.000002 -0.000003 -8.728670 10.710560 0.000005 -0.000000 -0.000000 -0.000001 -0.000677 9.278137 0.000003 0.000000 -0.000000 
0.000006 104.270470 1.554256 0.000021 0.000003 -0.000113 -0.000005 10.181587 0.131521 0.000002 -0.000003 0.000084 -0.000000 9.893967 -1.470709 -0.000000 0.000000 -0.000000 -0.000000 0.000000 -0.000000 0.000001 16.740417 -2.049035 0.000000 -0.000000 -0.000000 0.000000 9.617874 1.685008 -0.000000 -0.000000 0.000000 0.000002 22.037354 7.501098 -0.000000 -0.000000 -0.000000 -4.569969 11.014894 -2.160884 0.000005 0.000003 -0.000023 -0.000052 0.000030 0.000011 -27.841520 0.000017 0.000005 -0.000010 0.000001 -0.000003 -28.328836 0.000017 0.000026 -0.000321 -0.000044 0.000010 -2.464817 -1.573966 2.681851 0.314112 -0.720934 -0.172575 -3.215199 -1.872762 1.924284 -0.432457 0.981326 0.240527 -2.654858 -1.527961 1.512612 -0.323118 0.728901 0.173694 0.000001 0.000001 0.000003 -9.108281 -0.517861 2.259837 -0.000007 -0.018787 0.000103 0.000005 0.029297 -0.000007 -0.000005 -0.010093 -0.000003 0.000000 0.000000 -0.000000 -9.532506 -0.000003 -0.000022 -0.000004 -0.057494 0.000110 -0.000001 0.097407 -0.000010 0.000002 -0.036900 -0.000003 -0.000000 0.000000 -0.000000 -9.103599 -0.043045 -1.865133 -0.000000 0.017917 -0.000000 -0.000004 -0.025390 -0.000003 0.000003 -0.012910 0.000003 0.000000 0.000000 0.000000 -8.076683 -0.486680 -3.806278 0.000000 0.059620 -0.000517 0.000001 0.097000 0.000017 -0.000004 -0.056907 0.000003 -0.000000 0.000000 -0.000000 4.570447 11.014723 -2.160855 -0.000007 -0.000002 -0.000015 0.000002 0.000103 0.000118 -0.000007 -0.000007 0.000007 28.328836 -0.000029 0.000017 0.000020 -0.000089 0.000000 2.466128 -1.576189 2.681733 0.271163 0.622431 0.149618 3.217803 -1.872061 1.916485 -0.380683 -0.867292 -0.214332 2.656008 -1.528832 1.514505 -0.280440 -0.641565 -0.159358 2.020883 -1.154066 1.115133 -0.000000 0.000002 -0.000004 9.109305 -0.518042 2.259871 0.000012 -0.005107 0.000093 -0.000008 0.012007 0.000014 -0.000002 -0.007600 -0.000003 -0.000000 -0.000000 0.000000 9.533409 0.000036 0.000044 0.000003 -0.003600 -0.000007 -0.000005 0.002400 0.000007 0.000012 0.002400 -0.000000 0.000000 -0.000000 -0.000000 9.104532 -0.043031 -1.865075 0.000007 0.000700 0.000097 -0.000005 0.000000 -0.000003 0.000010 0.000014 -0.000003 2.644325 0.000031 0.000057 0.000000 -0.000000 -0.000000 8.077785 -0.486864 -3.806258 0.000013 0.234300 -0.000586 -0.000002 -0.024114 0.000086 0.000003 -0.007673 -0.000010 0.000000 -0.000000 -0.000000 -8.207788 -6.751659 -1.599560 -0.077008 -0.000003 0.000080 0.153719 -0.000000 -0.000000 -0.076703 0.000000 -0.000002 -0.000005 -8.728669 10.710563 0.000005 -0.000000 -0.000000 -0.000001 -0.000676 9.278122 -0.000000 0.000000 -0.000000 8.207791 -6.751703 -1.599556 -0.074517 -0.000003 0.000081 0.148830 0.000002 0.000000 -0.074309 0.000000 -0.000002 -0.000003 -8.728670 10.710560 0.000005 -0.000000 -0.000000 -0.000001 -0.000677 9.278137 0.000003 0.000000 -0.000000 
0.000006 104.270470 1.554256 0.000021 0.000003 -0.000113 -0.000005 10.181587 0.131521 0.000002 -0.000003 0.000084 -0.000000 9.893967 -1.470709 -0.000000 0.000000 -0.000000 -0.000000 0.000000 -0.000000 0.000001 16.740417 -2.049035 0.000000 -0.000000 -0.000000 0.000000 9.617874 1.685008 -0.000000 -0.000000 0.000000 0.000002 22.037354 7.501098 -0.000000 -0.000000 -0.000000 -4.569969 11.014894 -2.160884 0.000005 0.000003 -0.000023 -0.000052 0.000030 0.000011 -27.841520 0.000017 0.000005 -0.000010 0.000001 -0.000003 -28.328836 0.000017 0.000026 -0.000321 -0.000044 0.000010 -2.464817 -1.573966 2.681851 0.314112 -0.720934 -0.172575 -3.215199 -1.872762 1.924284 -0.432457 0.981326 0.240527 -2.654858 -1.527961 1.512612 -0.323118 0.728901 0.173694 0.000001 0.000001 0.000003 -9.108281 -0.517861 2.259837 -0.000007 -0.018787 0.000103 0.000005 0.029297 -0.000007 -0.000005 -0.010093 -0.000003 0.000000 0.000000 -0.000000 -9.532506 -0.000003 -0.000022 -0.000004 -0.057494 0.000110 -0.000001 0.097407 -0.000010 0.000002 -0.036900 -0.000003 -0.000000 0.000000 -0.000000 -9.103599 -0.043045 -1.865133 -0.000000 0.017917 -0.000000 -0.000004 -0.025390 -0.000003 0.000003 -0.012910 0.000003 0.000000 0.000000 0.000000 -8.076683 -0.486680 -3.806278 0.000000 0.059620 -0.000517 0.000001 0.097000 0.000017 -0.000004 -0.056907 0.000003 -0.000000 0.000000 -0.000000 4.570447 11.014723 -2.160855 -0.000007 -0.000002 -0.000015 0.000002 0.000103 0.000118 -0.000007 -0.000007 0.000007 28.328836 -0.000029 0.000017 0.000020 -0.000089 0.000000 2.466128 -1.576189 2.681733 0.271163 0.622431 0.149618 3.217803 -1.872061 1.916485 -0.380683 -0.867292 -0.214332 2.656008 -1.528832 1.514505 -0.280440 -0.641565 -0.159358 2.020883 -1.154066 1.115133 -0.000000 0.000002 -0.000004 9.109305 -0.518042 2.259871 0.000012 -0.005107 0.000093 -0.000008 0.012007 0.000014 -0.000002 -0.007600 -0.000003 -0.000000 -0.000000 0.000000 9.533409 0.000036 0.000044 0.000003 -0.003600 -0.000007 -0.000005 0.002400 0.000007 0.000012 0.002400 -0.000000 0.000000 -0.000000 -0.000000 9.104532 -0.043031 -1.865075 0.000007 0.000700 0.000097 -0.000005 0.000000 -0.000003 0.000010 0.000014 -0.000003 2.644325 0.000031 0.000057 0.000000 -0.000000 -0.000000 8.077785 -0.486864 -3.806258 0.000013 0.234300 -0.000586 -0.000002 -0.024114 0.000086 0.000003 -0.007673 -0.000010 0.000000 -0.000000 -0.000000 -8.207788 -6.751659 -1.599560 -0.077008 -0.000003 0.000080 0.153719 -0.000000 -0.000000 -0.076703 0.000000 -0.000002 -0.000005 -8.728669 10.710563 0.000005 -0.000000 -0.000000 -0.000001 -0.000676 9.278122 -0.000000 0.000000 -0.000000 8.207791 -6.751703 -1.599556 -0.074517 -0.000003 0.000081 0.148830 0.000002 0.000000 -0.074309 0.000000 -0.000002 -0.000003 -8.728670 10.710560 0.000005 -0.000000 -0.000000 -0.000001 -0.000677 9.278137 0.000003 0.000000 -0.000000 
0.000006 104.270470 1.554256 0.000021 0.000003 -0.000113 -0.000005 10.181587 0.131521 0.000002 -0.000003 0.000084 -0.000000 9.893967 -1.470709 -0.000000 0.000000 -0.000000 -0.000000 0.000000 -0.000000 0.000001 16.740417 -2.049035 0.000000 -0.000000 -0.000000 0.000000 9.617874 1.685008 -0.000000 -0.000000 0.000000 0.000002 22.037354 7.501098 -0.000000 -0.000000 -0.000000 -4.569969 11.014894 -2.160884 0.000005 0.000003 -0.000023 -0.000052 0.000030 0.000011 -27.841520 0.000017 0.000005 -0.000010 0.000001 -0.000003 -28.328836 0.000017 0.000026 -0.000321 -0.000044 0.000010 -2.464817 -1.573966 2.681851 0.314112 -0.720934 -0.172575 -3.215199 -1.872762 1.924284 -0.432457 0.981326 0.240527 -2.654858 -1.527961 1.512612 -0.323118 0.728901 0.173694 0.000001 0.000001 0.000003 -9.108281 -0.517861 2.259837 -0.000007 -0.018787 0.000103 0.000005 0.029297 -0.000007 -0.000005 -0.010093 -0.000003 0.000000 0.000000 -0.000000 -9.532506 -0.000003 -0.000022 -0.000004 -0.057494 0.000110 -0.000001 0.097407 -0.000010 0.000002 -0.036900 -0.000003 -0.000000 0.000000 -0.000000 -9.103599 -0.043045 -1.865133 -0.000000 0.017917 -0.000000 -0.000004 -0.025390 -0.000003 0.000003 -0.012910 0.000003 0.000000 0.000000 0.000000 -8.076683 -0.486680 -3.806278 0.000000 0.059620 -0.000517 0.000001 0.097000 0.000017 -0.000004 -0.056907 0.000003 -0.000000 0.000000 -0.000000 4.570447 11.014723 -2.160855 -0.000007 -0.000002 -0.000015 0.000002 0.000103 0.000118 -0.000007 -0.000007 0.000007 28.328836 -0.000029 0.000017 0.000020 -0.000089 0.000000 2.466128 -1.576189 2.681733 0.271163 0.622431 0.149618 3.217803 -1.872061 1.916485 -0.380683 -0.867292 -0.214332 2.656008 -1.528832 1.514505 -0.280440 -0.641565 -0.159358 2.020883 -1.154066 1.115133 -0.000000 0.000002 -0.000004 9.109305 -0.518042 2.259871 0.000012 -0.005107 0.000093 -0.000008 0.012007 0.000014 -0.000002 -0.007600 -0.000003 -0.000000 -0.000000 0.000000 9.533409 0.000036 0.000044 0.000003 -0.003600 -0.000007 -0.000005 0.002400 0.000007 0.000012 0.002400 -0.000000 0.000000 -0.000000 -0.000000 9.104532 -0.043031 -1.865075 0.000007 0.000700 0.000097 -0.000005 0.000000 -0.000003 0.000010 0.000014 -0.000003 2.644325 0.000031 0.000057 0.000000 -0.000000 -0.000000 8.077785 -0.486864 -3.806258 0.000013 0.234300 -0.000586 -0.000002 -0.024114 0.000086 0.000003 -0.007673 -0.000010 0.000000 -0.000000 -0.000000 -8.207788 -6.751659 -1.599560 -0.077008 -0.000003 0.000080 0.153719 -0.000000 -0.000000 -0.076703 0.000000 -0.000002 -0.000005 -8.728669 10.710563 0.000005 -0.000000 -0.000000 -0.000001 -0.000676 9.278122 -0.000000 0.000000 -0.000000 8.207791 -6.751703 -1.599556 -0.074517 -0.000003 0.000081 0.148830 0.000002 0.000000 -0.074309 0.000000 -0.000002 -0.000003 -8.728670 10.710560 0.000005 -0.000000 -0.000000 -0.000001 -0.000677 9.278137 0.000003 0.000000 -0.000000 
0.000006 104.270470 1.554256 0.000021 0.000003 -0.000113 -0.000005 10.181587 0.131521 0.000002 -0.000003 0.000084 -0.000000 9.893967 -1.470709 -0.000000 0.000000 -0.000000 -0.000000 0.000000 -0.000000 0.000001 16.740417 -2.049035 0.000000 -0.000000 -0.000000 0.000000 9.617874 1.685008 -0.000000 -0.000000 0.000000 0.000002 22.037354 7.501098 -0.000000 -0.000000 -0.000000 -4.569969 11.014894 -2.160884 0.000005 0.000003 -0.000023 -0.000052 0.000030 0.000011 -27.841520 0.000017 0.000005 -0.000010 0.000001 -0.000003 -28.328836 0.000017 0.000026 -0.000321 -0.000044 0.000010 -2.464817 -1.573966 2.681851 0.314112 -0.720934 -0.172575 -3.215199 -1.872762 1.924284 -0.432457 0.981326 0.240527 -2.654858 -1.527961 1.512612 -0.323118 0.728901 0.173694 0.000001 0.000001 0.000003 -9.108281 -0.517861 2.259837 -0.000007 -0.018787 0.000103 0.000005 0.029297 -0.000007 -0.000005 -0.010093 -0.000003 0.000000 0.000000 -0.000000 -9.532506 -0.000003 -0.000022 -0.000004 -0.057494 0.000110 -0.000001 0.097407 -0.000010 0.000002 -0.036900 -0.000003 -0.000000 0.000000 -0.000000 -9.103599 -0.043045 -1.865133 -0.000000 0.017917 -0.000000 -0.000004 -0.025390 -0.000003 0.000003 -0.012910 0.000003 0.000000 0.000000 0.000000 -8.076683 -0.486680 -3.806278 0.000000 0.059620 -0.000517 0.000001 0.097000 0.000017 -0.000004 -0.056907 0.000003 -0.000000 0.000000 -0.000000 4.570447 11.014723 -2.160855 -0.000007 -0.000002 -0.000015 0.000002 0.000103 0.000118 -0.000007 -0.000007 0.000007 28.328836 -0.000029 0.000017 0.000020 -0.000089 0.000000 2.466128 -1.576189 2.681733 0.271163 0.622431 0.149618 3.217803 -1.872061 1.916485 -0.380683 -0.867292 -0.214332 2.656008 -1.528832 1.514505 -0.280440 -0.641565 -0.159358 2.020883 -1.154066 1.115133 -0.000000 0.000002 -0.000004 9.109305 -0.518042 2.259871 0.000012 -0.005107 0.000093 -0.000008 0.012007 0.000014 -0.000002 -0.007600 -0.000003 -0.000000 -0.000000 0.000000 9.533409 0.000036 0.000044 0.000003 -0.003600 -0.000007 -0.000005 0.002400 0.000007 0.000012 0.002400 -0.000000 0.000000 -0.000000 -0.000000 9.104532 -0.043031 -1.865075 0.000007 0.000700 0.000097 -0.000005 0.000000 -0.000003 0.000010 0.000014 -0.000003 2.644325 0.000031 0.000057 0.000000 -0.000000 -0.000000 8.077785 -0.486864 -3.806258 0.000013 0.234300 -0.000586 -0.000002 -0.024114 0.000086 0.000003 -0.007673 -0.000010 0.000000 -0.000000 -0.000000 -8.207788 -6.751659 -1.599560 -0.077008 -0.000003 0.000080 0.153719 -0.000000 -0.000000 -0.076703 0.000000 -0.000002 -0.000005 -8.728669 10.710563 0.000005 -0.000000 -0.000000 -0.000001 -0.000676 9.278122 -0.000000 0.000000 -0.000000 8.207791 -6.751703 -1.599556 -0.074517 -0.000003 0.000081 0.148830 0.000002 0.000000 -0.074309 0.000000 -0.000002 -0.000003 -8.728670 10.710560 0.000005 -0.000000 -0.000000 -0.000001 -0.000677 9.278137 0.000003 0.000000 -0.000000 
0.000006 104.270470 1.554256 0.000021 0.000003 -0.000113 -0.000005 10.181587 0.131521 0.000002 -0.000003 0.000084 -0.000000 9.893967 -1.470709 -0.000000 0.000000 -0.000000 -0.000000 0.000000 -0.000000 0.000001 16.740417 -2.049035 0.000000 -0.000000 -0.000000 0.000000 9.617874 1.685008 -0.000000 -0.000000 0.000000 0.000002 22.037354 7.501098 -0.000000 -0.000000 -0.000000 -4.569969 11.014894 -2.160884 0.000005 0.000003 -0.000023 -0.000052 0.000030 0.000011 -27.841520 0.000017 0.000005 -0.000010 0.000001 -0.000003 -28.328836 0.000017 0.000026 -0.000321 -0.000044 0.000010 -2.464817 -1.573966 2.681851 0.314112 -0.720934 -0.172575 -3.215199 -1.872762 1.924284 -0.432457 0.981326 0.240527 -2.654858 -1.527961 1.512612 -0.323118 0.728901 0.173694 0.000001 0.000001 0.000003 -9.108281 -0.517861 2.259837 -0.000007 -0.018787 0.000103 0.000005 0.029297 -0.000007 -0.000005 -0.010093 -0.000003 0.000000 0.000000 -0.000000 -9.532506 -0.000003 -0.000022 -0.000004 -0.057494 0.000110 -0.000001 0.097407 -0.000010 0.000002 -0.036900 -0.000003 -0.000000 0.000000 -0.000000 -9.103599 -0.043045 -1.865133 -0.000000 0.017917 -0.000000 -0.000004 -0.025390 -0.000003 0.000003 -0.012910 0.000003 0.000000 0.000000 0.000000 -8.076683 -0.486680 -3.806278 0.000000 0.059620 -0.000517 0.000001 0.097000 0.000017 -0.000004 -0.056907 0.000003 -0.000000 0.000000 -0.000000 4.570447 11.014723 -2.160855 -0.000007 -0.000002 -0.000015 0.000002 0.000103 0.000118 -0.000007 -0.000007 0.000007 28.328836 -0.000029 0.000017 0.000020 -0.000089 0.000000 2.466128 -1.576189 2.681733 0.271163 0.622431 0.149618 3.217803 -1.872061 1.916485 -0.380683 -0.867292 -0.214332 2.656008 -1.528832 1.514505 -0.280440 -0.641565 -0.159358 2.020883 -1.154066 1.115133 -0.000000 0.000002 -0.000004 9.109305 -0.518042 2.259871 0.000012 -0.005107 0.000093 -0.000008 0.012007 0.000014 -0.000002 -0.007600 -0.000003 -0.000000 -0.000000 0.000000 9.533409 0.000036 0.000044 0.000003 -0.003600 -0.000007 -0.000005 0.002400 0.000007 0.000012 0.002400 -0.000000 0.000000 -0.000000 -0.000000 9.104532 -0.043031 -1.865075 0.000007 0.000700 0.000097 -0.000005 0.000000 -0.000003 0.000010 0.000014 -0.000003 2.644325 0.000031 0.000057 0.000000 -0.000000 -0.000000 8.077785 -0.486864 -3.806258 0.000013 0.234300 -0.000586 -0.000002 -0.024114 0.000086 0.000003 -0.007673 -0.000010 0.000000 -0.000000 -0.000000 -8.207788 -6.751659 -1.599560 -0.077008 -0.000003 0.000080 0.153719 -0.000000 -0.000000 -0.076703 0.000000 -0.000002 -0.000005 -8.728669 10.710563 0.000005 -0.000000 -0.000000 -0.000001 -0.000676 9.278122 -0.000000 0.000000 -0.000000 8.207791 -6.751703 -1.599556 -0.074517 -0.000003 0.000081 0.148830 0.000002 0.000000 -0.074309 0.000000 -0.000002 -0.000003 -8.728670 10.710560 0.000005 -0.000000 -0.000000 -0.000001 -0.000677 9.278137 0.000003 0.000000 -0.000000 
0.000006 104.270470 1.554256 0.000021 0.000003 -0.000113 -0.000005 10.181587 0.131521 0.000002 -0.000003 0.000084 -0.000000 9.893967 -1.470709 -0.000000 0.000000 -0.000000 -0.000000 0.000000 -0.000000 0.000001 16.740417 -2.049035 0.000000 -0.000000 -0.000000 0.000000 9.617874 1.685008 -0.000000 -0.000000 0.000000 0.000002 22.037354 7.501098 -0.000000 -0.000000 -0.000000 -4.569969 11.014894 -2.160884 0.000005 0.000003 -0.000023 -0.000052 0.000030 0.000011 -27.841520 0.000017 0.000005 -0.000010 0.000001 -0.000003 -28.328836 0.000017 0.000026 -0.000321 -0.000044 0.000010 -2.464817 -1.573966 2.681851 0.314112 -0.720934 -0.172575 -3.215199 -1.872762 1.924284 -0.432457 0.981326 0.240527 -2.654858 -1.527961 1.512612 -0.323118 0.728901 0.173694 0.000001 0.000001 0.000003 -9.108281 -0.517861 2.259837 -0.000007 -0.018787 0.000103 0.000005 0.029297 -0.000007 -0.000005 -0.010093 -0.000003 0.000000 0.000000 -0.000000 -9.532506 -0.000003 -0.000022 -0.000004 -0.057494 0.000110 -0.000001 0.097407 -0.000010 0.000002 -0.036900 -0.000003 -0.000000 0.000000 -0.000000 -9.103599 -0.043045 -1.865133 -0.000000 0.017917 -0.000000 -0.000004 -0.025390 -0.000003 0.000003 -0.012910 0.000003 0.000000 0.000000 0.000000 -8.076683 -0.486680 -3.806278 0.000000 0.059620 -0.000517 0.000001 0.097000 0.000017 -0.000004 -0.056907 0.000003 -0.000000 0.000000 -0.000000 4.570447 11.014723 -2.160855 -0.000007 -0.000002 -0.000015 0.000002 0.000103 0.000118 -0.000007 -0.000007 0.000007 28.328836 -0.000029 0.000017 0.000020 -0.000089 0.000000 2.466128 -1.576189 2.681733 0.271163 0.622431 0.149618 3.217803 -1.872061 1.916485 -0.380683 -0.867292 -0.214332 2.656008 -1.528832 1.514505 -0.280440 -0.641565 -0.159358 2.020883 -1.154066 1.115133 -0.000000 0.000002 -0.000004 9.109305 -0.518042 2.259871 0.000012 -0.005107 0.000093 -0.000008 0.012007 0.000014 -0.000002 -0.007600 -0.000003 -0.000000 -0.000000 0.000000 9.533409 0.000036 0.000044 0.000003 -0.003600 -0.000007 -0.000005 0.002400 0.000007 0.000012 0.002400 -0.000000 0.000000 -0.000000 -0.000000 9.104532 -0.043031 -1.865075 0.000007 0.000700 0.000097 -0.000005 0.000000 -0.000003 0.000010 0.000014 -0.000003 2.644325 0.000031 0.000057 0.000000 -0.000000 -0.000000 8.077785 -0.486864 -3.806258 0.000013 0.234300 -0.000586 -0.000002 -0.024114 0.000086 0.000003 -0.007673 -0.000010 0.000000 -0.000000 -0.000000 -8.207788 -6.751659 -1.599560 -0.077008 -0.000003 0.000080 0.153719 -0.000000 -0.000000 -0.076703 0.000000 -0.000002 -0.000005 -8.728669 10.710563 0.000005 -0.000000 -0.000000 -0.000001 -0.000676 9.278122 -0.000000 0.000000 -0.000000 8.207791 -6.751703 -1.599556 -0.074517 -0.000003 0.000081 0.148830 0.000002 0.000000 -0.074309 0.000000 -0.000002 -0.000003 -8.728670 10.710560 0.000005 -0.000000 -0.000000 -0.000001 -0.000677 9.278137 0.000003 0.000000 -0.000000 
0.000006 104.270470 1.554256 0.000021 0.000003 -0.000113 -0.000005 10.181587 0.131521 0.000002 -0.000003 0.000084 -0.000000 9.893967 -1.470709 -0.000000 0.000000 -0.000000 -0.000000 0.000000 -0.000000 0.000001 16.740417 -2.049035 0.000000 -0.000000 -0.000000 0.000000 9.617874 1.685008 -0.000000 -0.000000 0.000000 0.000002 22.037354 7.501098 -0.000000 -0.000000 -0.000000 -4.569969 11.014894 -2.160884 0.000005 0.000003 -0.000023 -0.000052 0.000030 0.000011 -27.841520 0.000017 0.000005 -0.000010 0.000001 -0.000003 -28.328836 0.000017 0.000026 -0.000321 -0.000044 0.000010 -2.464817 -1.573966 2.681851 0.314112 -0.720934 -0.172575 -3.215199 -1.872762 1.924284 -0.432457 0.981326 0.240527 -2.654858 -1.527961 1.512612 -0.323118 0.728901 0.173694 0.000001 0.000001 0.000003 -9.108281 -0.517861 2.259837 -0.000007 -0.018787 0.000103 0.000005 0.029297 -0.000007 -0.000005 -0.010093 -0.000003 0.000000 0.000000 -0.000000 -9.532506 -0.000003 -0.000022 -0.000004 -0.057494 0.000110 -0.000001 0.097407 -0.000010 0.000002 -0.036900 -0.000003 -0.000000 0.000000 -0.000000 -9.103599 -0.043045 -1.865133 -0.000000 0.017917 -0.000000 -0.000004 -0.025390 -0.000003 0.000003 -0.012910 0.000003 0.000000 0.000000 0.000000 -8.076683 -0.486680 -3.806278 0.000000 0.059620 -0.000517 0.000001 0.097000 0.000017 -0.000004 -0.056907 0.000003 -0.000000 0.000000 -0.000000 4.570447 11.014723 -2.160855 -0.000007 -0.000002 -0.000015 0.000002 0.000103 0.000118 -0.000007 -0.000007 0.000007 28.328836 -0.000029 0.000017 0.000020 -0.000089 0.000000 2.466128 -1.576189 2.681733 0.271163 0.622431 0.149618 3.217803 -1.872061 1.916485 -0.380683 -0.867292 -0.214332 2.656008 -1.528832 1.514505 -0.280440 -0.641565 -0.159358 2.020883 -1.154066 1.115133 -0.000000 0.000002 -0.000004 9.109305 -0.518042 2.259871 0.000012 -0.005107 0.000093 -0.000008 0.012007 0.000014 -0.000002 -0.007600 -0.000003 -0.000000 -0.000000 0.000000 9.533409 0.000036 0.000044 0.000003 -0.003600 -0.000007 -0.000005 0.002400 0.000007 0.000012 0.002400 -0.000000 0.000000 -0.000000 -0.000000 9.104532 -0.043031 -1.865075 0.000007 0.000700 0.000097 -0.000005 0.000000 -0.000003 0.000010 0.000014 -0.000003 2.644325 0.000031 0.000057 0.000000 -0.000000 -0.000000 8.077785 -0.486864 -3.806258 0.000013 0.234300 -0.000586 -0.000002 -0.024114 0.000086 0.000003 -0.007673 -0.000010 0.000000 -0.000000 -0.000000 -8.207788 -6.751659 -1.599560 -0.077008 -0.000003 0.000080 0.153719 -0.000000 -0.000000 -0.076703 0.000000 -0.000002 -0.000005 -8.728669 10.710563 0.000005 -0.000000 -0.000000 -0.000001 -0.000676 9.278122 -0.000000 0.000000 -0.000000 8.207791 -6.751703 -1.599556 -0.074517 -0.000003 0.000081 0.148830 0.000002 0.000000 -0.074309 0.000000 -0.000002 -0.000003 -8.728670 10.710560 0.000005 -0.000000 -0.000000 -0.000001 -0.000677 9.278137 0.000003 0.000000 -0.000000 
0.000006 104.270470 1.554256 0.000021 0.000003 -0.000113 -0.000005 10.181587 0.131521 0.000002 -0.000003 0.000084 -0.000000 9.893967 -1.470709 -0.000000 0.000000 -0.000000 -0.000000 0.000000 -0.000000 0.000001 16.740417 -2.049035 0.000000 -0.000000 -0.000000 0.000000 9.617874 1.685008 -0.000000 -0.000000 0.000000 0.000002 22.037354 7.501098 -0.000000 -0.000000 -0.000000 -4.569969 11.014894 -2.160884 0.000005 0.000003 -0.000023 -0.000052 0.000030 0.000011 -27.841520 0.000017 0.000005 -0.000010 0.000001 -0.000003 -28.328836 0.000017 0.000026 -0.000321 -0.000044 0.000010 -2.464817 -1.573966 2.681851 0.314112 -0.720934 -0.172575 -3.215199 -1.872762 1.924284 -0.432457 0.981326 0.240527 -2.654858 -1.527961 1.512612 -0.323118 0.728901 0.173694 0.000001 0.000001 0.000003 -9.108281 -0.517861 2.259837 -0.000007 -0.018787 0.000103 0.000005 0.029297 -0.000007 -0.000005 -0.010093 -0.000003 0.000000 0.000000 -0.000000 -9.532506 -0.000003 -0.000022 -0.000004 -0.057494 0.000110 -0.000001 0.097407 -0.000010 0.000002 -0.036900 -0.000003 -0.000000 0.000000 -0.000000 -9.103599 -0.043045 -1.865133 -0.000000 0.017917 -0.000000 -0.000004 -0.025390 -0.000003 0.000003 -0.012910 0.000003 0.000000 0.000000 0.000000 -8.076683 -0.486680 -3.806278 0.000000 0.059620 -0.000517 0.000001 0.097000 0.000017 -0.000004 -0.056907 0.000003 -0.000000 0.000000 -0.000000 4.570447 11.014723 -2.160855 -0.000007 -0.000002 -0.000015 0.000002 0.000103 0.000118 -0.000007 -0.000007 0.000007 28.328836 -0.000029 0.000017 0.000020 -0.000089 0.000000 2.466128 -1.576189 2.681733 0.271163 0.622431 0.149618 3.217803 -1.872061 1.916485 -0.380683 -0.867292 -0.214332 2.656008 -1.528832 1.514505 -0.280440 -0.641565 -0.159358 2.020883 -1.154066 1.115133 -0.000000 0.000002 -0.000004 9.109305 -0.518042 2.259871 0.000012 -0.005107 0.000093 -0.000008 0.012007 0.000014 -0.000002 -0.007600 -0.000003 -0.000000 -0.000000 0.000000 9.533409 0.000036 0.000044 0.000003 -0.003600 -0.000007 -0.000005 0.002400 0.000007 0.000012 0.002400 -0.000000 0.000000 -0.000000 -0.000000 9.104532 -0.043031 -1.865075 0.000007 0.000700 0.000097 -0.000005 0.000000 -0.000003 0.000010 0.000014 -0.000003 2.644325 0.000031 0.000057 0.000000 -0.000000 -0.000000 8.077785 -0.486864 -3.806258 0.000013 0.234300 -0.000586 -0.000002 -0.024114 0.000086 0.000003 -0.007673 -0.000010 0.000000 -0.000000 -0.000000 -8.207788 -6.751659 -1.599560 -0.077008 -0.000003 0.000080 0.153719 -0.000000 -0.000000 -0.076703 0.000000 -0.000002 -0.000005 -8.728669 10.710563 0.000005 -0.000000 -0.000000 -0.000001 -0.000676 9.278122 -0.000000 0.000000 -0.000000 8.207791 -6.751703 -1.599556 -0.074517 -0.000003 0.000081 0.148830 0.000002 0.000000 -0.074309 0.000000 -0.000002 -0.000003 -8.728670 10.710560 0.000005 -0.000000 -0.000000 -0.000001 -0.000677 9.278137 0.000003 0.000000 -0.000000 
0.000006 104.270470 1.554256 0.000021 0.000003 -0.000113 -0.000005 10.181587 0.131521 0.000002 -0.000003 0.000084 -0.000000 9.893967 -1.470709 -0.000000 0.000000 -0.000000 -0.000000 0.000000 -0.000000 0.000001 16.740417 -2.049035 0.000000 -0.000000 -0.000000 0.000000 9.617874 1.685008 -0.000000 -0.000000 0.000000 0.000002 22.037354 7.501098 -0.000000 -0.000000 -0.000000 -4.569969 11.014894 -2.160884 0.000005 0.000003 -0.000023 -0.000052 0.000030 0.000011 -27.841520 0.000017 0.000005 -0.000010 0.000001 -0.000003 -28.328836 0.000017 0.000026 -0.000321 -0.000044 0.000010 -2.464817 -1.573966 2.681851 0.314112 -0.720934 -0.172575 -3.215199 -1.872762 1.924284 -0.432457 0.981326 0.240527 -2.654858 -1.527961 1.512612 -0.323118 0.728901 0.173694 0.000001 0.000001 0.000003 -9.108281 -0.517861 2.259837 -0.000007 -0.018787 0.000103 0.000005 0.029297 -0.000007 -0.000005 -0.010093 -0.000003 0.000000 0.000000 -0.000000 -9.532506 -0.000003 -0.000022 -0.000004 -0.057494 0.000110 -0.000001 0.097407 -0.000010 0.000002 -0.036900 -0.000003 -0.000000 0.000000 -0.000000 -9.103599 -0.043045 -1.865133 -0.000000 0.017917 -0.000000 -0.000004 -0.025390 -0.000003 0.000003 -0.012910 0.000003 0.000000 0.000000 0.000000 -8.076683 -0.486680 -3.806278 0.000000 0.059620 -0.000517 0.000001 0.097000 0.000017 -0.000004 -0.056907 0.000003 -0.000000 0.000000 -0.000000 4.570447 11.014723 -2.160855 -0.000007 -0.000002 -0.000015 0.000002 0.000103 0.000118 -0.000007 -0.000007 0.000007 28.328836 -0.000029 0.000017 0.000020 -0.000089 0.000000 2.466128 -1.576189 2.681733 0.271163 0.622431 0.149618 3.217803 -1.872061 1.916485 -0.380683 -0.867292 -0.214332 2.656008 -1.528832 1.514505 -0.280440 -0.641565 -0.159358 2.020883 -1.154066 1.115133 -0.000000 0.000002 -0.000004 9.109305 -0.518042 2.259871 0.000012 -0.005107 0.000093 -0.000008 0.012007 0.000014 -0.000002 -0.007600 -0.000003 -0.000000 -0.000000 0.000000 9.533409 0.000036 0.000044 0.000003 -0.003600 -0.000007 -0.000005 0.002400 0.000007 0.000012 0.002400 -0.000000 0.000000 -0.000000 -0.000000 9.104532 -0.043031 -1.865075 0.000007 0.000700 0.000097 -0.000005 0.000000 -0.000003 0.000010 0.000014 -0.000003 2.644325 0.000031 0.000057 0.000000 -0.000000 -0.000000 8.077785 -0.486864 -3.806258 0.000013 0.234300 -0.000586 -0.000002 -0.024114 0.000086 0.000003 -0.007673 -0.000010 0.000000 -0.000000 -0.000000 -8.207788 -6.751659 -1.599560 -0.077008 -0.000003 0.000080 0.153719 -0.000000 -0.000000 -0.076703 0.000000 -0.000002 -0.000005 -8.728669 10.710563 0.000005 -0.000000 -0.000000 -0.000001 -0.000676 9.278122 -0.000000 0.000000 -0.000000 8.207791 -6.751703 -1.599556 -0.074517 -0.000003 0.000081 0.148830 0.000002 0.000000 -0.074309 0.000000 -0.000002 -0.000003 -8.728670 10.710560 0.000005 -0.000000 -0.000000 -0.000001 -0.000677 9.278137 0.000003 0.000000 -0.000000 
0.000006 104.270470 1.554256 0.000021 0.000003 -0.000113 -0.000005 10.181587 0.131521 0.000002 -0.000003 0.000084 -0.000000 9.893967 -1.470709 -0.000000 0.000000 -0.000000 -0.000000 0.000000 -0.000000 0.000001 16.740417 -2.049035 0.000000 -0.000000 -0.000000 0.000000 9.617874 1.685008 -0.000000 -0.000000 0.000000 0.000002 22.037354 7.501098 -0.000000 -0.000000 -0.000000 -4.569969 11.014894 -2.160884 0.000005 0.000003 -0.000023 -0.000052 0.000030 0.000011 -27.841520 0.000017 0.000005 -0.000010 0.000001 -0.000003 -28.328836 0.000017 0.000026 -0.000321 -0.000044 0.000010 -2.464817 -1.573966 2.681851 0.314112 -0.720934 -0.172575 -3.215199 -1.872762 1.924284 -0.432457 0.981326 0.240527 -2.654858 -1.527961 1.512612 -0.323118 0.728901 0.173694 0.000001 0.000001 0.000003 -9.108281 -0.517861 2.259837 -0.000007 -0.018787 0.000103 0.000005 0.029297 -0.000007 -0.000005 -0.010093 -0.000003 0.000000 0.000000 -0.000000 -9.532506 -0.000003 -0.000022 -0.000004 -0.057494 0.000110 -0.000001 0.097407 -0.000010 0.000002 -0.036900 -0.000003 -0.000000 0.000000 -0.000000 -9.103599 -0.043045 -1.865133 -0.000000 0.017917 -0.000000 -0.000004 -0.025390 -0.000003 0.000003 -0.012910 0.000003 0.000000 0.000000 0.000000 -8.076683 -0.486680 -3.806278 0.000000 0.059620 -0.000517 0.000001 0.097000 0.000017 -0.000004 -0.056907 0.000003 -0.000000 0.000000 -0.000000 4.570447 11.014723 -2.160855 -0.000007 -0.000002 -0.000015 0.000002 0.000103 0.000118 -0.000007 -0.000007 0.000007 28.328836 -0.000029 0.000017 0.000020 -0.000089 0.000000 2.466128 -1.576189 2.681733 0.271163 0.622431 0.149618 3.217803 -1.872061 1.916485 -0.380683 -0.867292 -0.214332 2.656008 -1.528832 1.514505 -0.280440 -0.641565 -0.159358 2.020883 -1.154066 1.115133 -0.000000 0.000002 -0.000004 9.109305 -0.518042 2.259871 0.000012 -0.005107 0.000093 -0.000008 0.012007 0.000014 -0.000002 -0.007600 -0.000003 -0.000000 -0.000000 0.000000 9.533409 0.000036 0.000044 0.000003 -0.003600 -0.000007 -0.000005 0.002400 0.000007 0.000012 0.002400 -0.000000 0.000000 -0.000000 -0.000000 9.104532 -0.043031 -1.865075 0.000007 0.000700 0.000097 -0.000005 0.000000 -0.000003 0.000010 0.000014 -0.000003 2.644325 0.000031 0.000057 0.000000 -0.000000 -0.000000 8.077785 -0.486864 -3.806258 0.000013 0.234300 -0.000586 -0.000002 -0.024114 0.000086 0.000003 -0.007673 -0.000010 0.000000 -0.000000 -0.000000 -8.207788 -6.751659 -1.599560 -0.077008 -0.000003 0.000080 0.153719 -0.000000 -0.000000 -0.076703 0.000000 -0.000002 -0.000005 -8.728669 10.710563 0.000005 -0.000000 -0.000000 -0.000001 -0.000676 9.278122 -0.000000 0.000000 -0.000000 8.207791 -6.751703 -1.599556 -0.074517 -0.000003 0.000081 0.148830 0.000002 0.000000 -0.074309 0.000000 -0.000002 -0.000003 -8.728670 10.710560 0.000005 -0.000000 -0.000000 -0.000001 -0.000677 9.278137 0.000003 0.000000 -0.000000 
0.000006 104.270470 1.554256 0.000021 0.000003 -0.000113 -0.000005 10.181587 0.131521 0.000002 -0.000003 0.000084 -0.000000 9.893967 -1.470709 -0.000000 0.000000 -0.000000 -0.000000 0.000000 -0.000000 0.000001 16.740417 -2.049035 0.000000 -0.000000 -0.000000 0.000000 9.617874 1.685008 -0.000000 -0.000000 0.000000 0.000002 22.037354 7.501098 -0.000000 -0.000000 -0.000000 -4.569969 11.014894 -2.160884 0.000005 0.000003 -0.000023 -0.000052 0.000030 0.000011 -27.841520 0.000017 0.000005 -0.000010 0.000001 -0.000003 -28.328836 0.000017 0.000026 -0.000321 -0.000044 0.000010 -2.464817 -1.573966 2.681851 0.314112 -0.720934 -0.172575 -3.215199 -1.872762 1.924284 -0.432457 0.981326 0.240527 -2.654858 -1.527961 1.512612 -0.323118 0.728901 0.173694 0.000001 0.000001 0.000003 -9.108281 -0.517861 2.259837 -0.000007 -0.018787 0.000103 0.000005 0.029297 -0.000007 -0.000005 -0.010093 -0.000003 0.000000 0.000000 -0.000000 -9.532506 -0.000003 -0.000022 -0.000004 -0.057494 0.000110 -0.000001 0.097407 -0.000010 0.000002 -0.036900 -0.000003 -0.000000 0.000000 -0.000000 -9.103599 -0.043045 -1.865133 -0.000000 0.017917 -0.000000 -0.000004 -0.025390 -0.000003 0.000003 -0.012910 0.000003 0.000000 0.000000 0.000000 -8.076683 -0.486680 -3.806278 0.000000 0.059620 -0.000517 0.000001 0.097000 0.000017 -0.000004 -0.056907 0.000003 -0.000000 0.000000 -0.000000 4.570447 11.014723 -2.160855 -0.000007 -0.000002 -0.000015 0.000002 0.000103 0.000118 -0.000007 -0.000007 0.000007 28.328836 -0.000029 0.000017 0.000020 -0.000089 0.000000 2.466128 -1.576189 2.681733 0.271163 0.622431 0.149618 3.217803 -1.872061 1.916485 -0.380683 -0.867292 -0.214332 2.656008 -1.528832 1.514505 -0.280440 -0.641565 -0.159358 2.020883 -1.154066 1.115133 -0.000000 0.000002 -0.000004 9.109305 -0.518042 2.259871 0.000012 -0.005107 0.000093 -0.000008 0.012007 0.000014 -0.000002 -0.007600 -0.000003 -0.000000 -0.000000 0.000000 9.533409 0.000036 0.000044 0.000003 -0.003600 -0.000007 -0.000005 0.002400 0.000007 0.000012 0.002400 -0.000000 0.000000 -0.000000 -0.000000 9.104532 -0.043031 -1.865075 0.000007 0.000700 0.000097 -0.000005 0.000000 -0.000003 0.000010 0.000014 -0.000003 2.644325 0.000031 0.000057 0.000000 -0.000000 -0.000000 8.077785 -0.486864 -3.806258 0.000013 0.234300 -0.000586 -0.000002 -0.024114 0.000086 0.000003 -0.007673 -0.000010 0.000000 -0.000000 -0.000000 -8.207788 -6.751659 -1.599560 -0.077008 -0.000003 0.000080 0.153719 -0.000000 -0.000000 -0.076703 0.000000 -0.000002 -0.000005 -8.728669 10.710563 0.000005 -0.000000 -0.000000 -0.000001 -0.000676 9.278122 -0.000000 0.000000 -0.000000 8.207791 -6.751703 -1.599556 -0.074517 -0.000003 0.000081 0.148830 0.000002 0.000000 -0.074309 0.000000 -0.000002 -0.000003 -8.728670 10.710560 0.000005 -0.000000 -0.000000 -0.000001 -0.000677 9.278137 0.000003 0.000000 -0.000000 
0.000006 104.270470 1.554256 0.000021 0.000003 -0.000113 -0.000005 10.181587 0.131521 0.000002 -0.000003 0.000084 -0.000000 9.893967 -1.470709 -0.000000 0.000000 -0.000000 -0.000000 0.000000 -0.000000 0.000001 16.740417 -2.049035 0.000000 -0.000000 -0.000000 0.000000 9.617874 1.685008 -0.000000 -0.000000 0.000000 0.000002 22.037354 7.501098 -0.000000 -0.000000 -0.000000 -4.569969 11.014894 -2.160884 0.000005 0.000003 -0.000023 -0.000052 0.000030 0.000011 -27.841520 0.000017 0.000005 -0.000010 0.000001 -0.000003 -28.328836 0.000017 0.000026 -0.000321 -0.000044 0.000010 -2.464817 -1.573966 2.681851 0.314112 -0.720934 -0.172575 -3.215199 -1.872762 1.924284 -0.432457 0.981326 0.240527 -2.654858 -1.527961 1.512612 -0.323118 0.728901 0.173694 0.000001 0.000001 0.000003 -9.108281 -0.517861 2.259837 -0.000007 -0.018787 0.000103 0.000005 0.029297 -0.000007 -0.000005 -0.010093 -0.000003 0.000000 0.000000 -0.000000 -9.532506 -0.000003 -0.000022 -0.000004 -0.057494 0.000110 -0.000001 0.097407 -0.000010 0.000002 -0.036900 -0.000003 -0.000000 0.000000 -0.000000 -9.103599 -0.043045 -1.865133 -0.000000 0.017917 -0.000000 -0.000004 -0.025390 -0.000003 0.000003 -0.012910 0.000003 0.000000 0.000000 0.000000 -8.076683 -0.486680 -3.806278 0.000000 0.059620 -0.000517 0.000001 0.097000 0.000017 -0.000004 -0.056907 0.000003 -0.000000 0.000000 -0.000000 4.570447 11.014723 -2.160855 -0.000007 -0.000002 -0.000015 0.000002 0.000103 0.000118 -0.000007 -0.000007 0.000007 28.328836 -0.000029 0.000017 0.000020 -0.000089 0.000000 2.466128 -1.576189 2.681733 0.271163 0.622431 0.149618 3.217803 -1.872061 1.916485 -0.380683 -0.867292 -0.214332 2.656008 -1.528832 1.514505 -0.280440 -0.641565 -0.159358 2.020883 -1.154066 1.115133 -0.000000 0.000002 -0.000004 9.109305 -0.518042 2.259871 0.000012 -0.005107 0.000093 -0.000008 0.012007 0.000014 -0.000002 -0.007600 -0.000003 -0.000000 -0.000000 0.000000 9.533409 0.000036 0.000044 0.000003 -0.003600 -0.000007 -0.000005 0.002400 0.000007 0.000012 0.002400 -0.000000 0.000000 -0.000000 -0.000000 9.104532 -0.043031 -1.865075 0.000007 0.000700 0.000097 -0.000005 0.000000 -0.000003 0.000010 0.000014 -0.000003 2.644325 0.000031 0.000057 0.000000 -0.000000 -0.000000 8.077785 -0.486864 -3.806258 0.000013 0.234300 -0.000586 -0.000002 -0.024114 0.000086 0.000003 -0.007673 -0.000010 0.000000 -0.000000 -0.000000 -8.207788 -6.751659 -1.599560 -0.077008 -0.000003 0.000080 0.153719 -0.000000 -0.000000 -0.076703 0.000000 -0.000002 -0.000005 -8.728669 10.710563 0.000005 -0.000000 -0.000000 -0.000001 -0.000676 9.278122 -0.000000 0.000000 -0.000000 8.207791 -6.751703 -1.599556 -0.074517 -0.000003 0.000081 0.148830 0.000002 0.000000 -0.074309 0.000000 -0.000002 -0.000003 -8.728670 10.710560 0.000005 -0.000000 -0.000000 -0.000001 -0.000677 9.278137 0.000003 0.000000 -0.000000 
0.000006 104.270470 1.554256 0.000021 0.000003 -0.000113 -0.000005 10.181587 0.131521 0.000002 -0.000003 0.000084 -0.000000 9.893967 -1.470709 -0.000000 0.000000 -0.000000 -0.000000 0.000000 -0.000000 0.000001 16.740417 -2.049035 0.000000 -0.000000 -0.000000 0.000000 9.617874 1.685008 -0.000000 -0.000000 0.000000 0.000002 22.037354 7.501098 -0.000000 -0.000000 -0.000000 -4.569969 11.014894 -2.160884 0.000005 0.000003 -0.000023 -0.000052 0.000030 0.000011 -27.841520 0.000017 0.000005 -0.000010 0.000001 -0.000003 -28.328836 0.000017 0.000026 -0.000321 -0.000044 0.000010 -2.464817 -1.573966 2.681851 0.314112 -0.720934 -0.172575 -3.215199 -1.872762 1.924284 -0.432457 0.981326 0.240527 -2.654858 -1.527961 1.512612 -0.323118 0.728901 0.173694 0.000001 0.000001 0.000003 -9.108281 -0.517861 2.259837 -0.000007 -0.018787 0.000103 0.000005 0.029297 -0.000007 -0.000005 -0.010093 -0.000003 0.000000 0.000000 -0.000000 -9.532506 -0.000003 -0.000022 -0.000004 -0.057494 0.000110 -0.000001 0.097407 -0.000010 0.000002 -0.036900 -0.000003 -0.000000 0.000000 -0.000000 -9.103599 -0.043045 -1.865133 -0.000000 0.017917 -0.000000 -0.000004 -0.025390 -0.000003 0.000003 -0.012910 0.000003 0.000000 0.000000 0.000000 -8.076683 -0.486680 -3.806278 0.000000 0.059620 -0.000517 0.000001 0.097000 0.000017 -0.000004 -0.056907 0.000003 -0.000000 0.000000 -0.000000 4.570447 11.014723 -2.160855 -0.000007 -0.000002 -0.000015 0.000002 0.000103 0.000118 -0.000007 -0.000007 0.000007 28.328836 -0.000029 0.000017 0.000020 -0.000089 0.000000 2.466128 -1.576189 2.681733 0.271163 0.622431 0.149618 3.217803 -1.872061 1.916485 -0.380683 -0.867292 -0.214332 2.656008 -1.528832 1.514505 -0.280440 -0.641565 -0.159358 2.020883 -1.154066 1.115133 -0.000000 0.000002 -0.000004 9.109305 -0.518042 2.259871 0.000012 -0.005107 0.000093 -0.000008 0.012007 0.000014 -0.000002 -0.007600 -0.000003 -0.000000 -0.000000 0.000000 9.533409 0.000036 0.000044 0.000003 -0.003600 -0.000007 -0.000005 0.002400 0.000007 0.000012 0.002400 -0.000000 0.000000 -0.000000 -0.000000 9.104532 -0.043031 -1.865075 0.000007 0.000700 0.000097 -0.000005 0.000000 -0.000003 0.000010 0.000014 -0.000003 2.644325 0.000031 0.000057 0.000000 -0.000000 -0.000000 8.077785 -0.486864 -3.806258 0.000013 0.234300 -0.000586 -0.000002 -0.024114 0.000086 0.000003 -0.007673 -0.000010 0.000000 -0.000000 -0.000000 -8.207788 -6.751659 -1.599560 -0.077008 -0.000003 0.000080 0.153719 -0.000000 -0.000000 -0.076703 0.000000 -0.000002 -0.000005 -8.728669 10.710563 0.000005 -0.000000 -0.000000 -0.000001 -0.000676 9.278122 -0.000000 0.000000 -0.000000 8.207791 -6.751703 -1.599556 -0.074517 -0.000003 0.000081 0.148830 0.000002 0.000000 -0.074309 0.000000 -0.000002 -0.000003 -8.728670 10.710560 0.000005 -0.000000 -0.000000 -0.000001 -0.000677 9.278137 0.000003 0.000000 -0.000000 
0.000006 104.270470 1.554256 0.000021 0.000003 -0.000113 -0.000005 10.181587 0.131521 0.000002 -0.000003 0.000084 -0.000000 9.893967 -1.470709 -0.000000 0.000000 -0.000000 -0.000000 0.000000 -0.000000 0.000001 16.740417 -2.049035 0.000000 -0.000000 -0.000000 0.000000 9.617874 1.685008 -0.000000 -0.000000 0.000000 0.000002 22.037354 7.501098 -0.000000 -0.000000 -0.000000 -4.569969 11.014894 -2.160884 0.000005 0.000003 -0.000023 -0.000052 0.000030 0.000011 -27.841520 0.000017 0.000005 -0.000010 0.000001 -0.000003 -28.328836 0.000017 0.000026 -0.000321 -0.000044 0.000010 -2.464817 -1.573966 2.681851 0.314112 -0.720934 -0.172575 -3.215199 -1.872762 1.924284 -0.432457 0.981326 0.240527 -2.654858 -1.527961 1.512612 -0.323118 0.728901 0.173694 0.000001 0.000001 0.000003 -9.108281 -0.517861 2.259837 -0.000007 -0.018787 0.000103 0.000005 0.029297 -0.000007 -0.000005 -0.010093 -0.000003 0.000000 0.000000 -0.000000 -9.532506 -0.000003 -0.000022 -0.000004 -0.057494 0.000110 -0.000001 0.097407 -0.000010 0.000002 -0.036900 -0.000003 -0.000000 0.000000 -0.000000 -9.103599 -0.043045 -1.865133 -0.000000 0.017917 -0.000000 -0.000004 -0.025390 -0.000003 0.000003 -0.012910 0.000003 0.000000 0.000000 0.000000 -8.076683 -0.486680 -3.806278 0.000000 0.059620 -0.000517 0.000001 0.097000 0.000017 -0.000004 -0.056907 0.000003 -0.000000 0.000000 -0.000000 4.570447 11.014723 -2.160855 -0.000007 -0.000002 -0.000015 0.000002 0.000103 0.000118 -0.000007 -0.000007 0.000007 28.328836 -0.000029 0.000017 0.000020 -0.000089 0.000000 2.466128 -1.576189 2.681733 0.271163 0.622431 0.149618 3.217803 -1.872061 1.916485 -0.380683 -0.867292 -0.214332 2.656008 -1.528832 1.514505 -0.280440 -0.641565 -0.159358 2.020883 -1.154066 1.115133 -0.000000 0.000002 -0.000004 9.109305 -0.518042 2.259871 0.000012 -0.005107 0.000093 -0.000008 0.012007 0.000014 -0.000002 -0.007600 -0.000003 -0.000000 -0.000000 0.000000 9.533409 0.000036 0.000044 0.000003 -0.003600 -0.000007 -0.000005 0.002400 0.000007 0.000012 0.002400 -0.000000 0.000000 -0.000000 -0.000000 9.104532 -0.043031 -1.865075 0.000007 0.000700 0.000097 -0.000005 0.000000 -0.000003 0.000010 0.000014 -0.000003 2.644325 0.000031 0.000057 0.000000 -0.000000 -0.000000 8.077785 -0.486864 -3.806258 0.000013 0.234300 -0.000586 -0.000002 -0.024114 0.000086 0.000003 -0.007673 -0.000010 0.000000 -0.000000 -0.000000 -8.207788 -6.751659 -1.599560 -0.077008 -0.000003 0.000080 0.153719 -0.000000 -0.000000 -0.076703 0.000000 -0.000002 -0.000005 -8.728669 10.710563 0.000005 -0.000000 -0.000000 -0.000001 -0.000676 9.278122 -0.000000 0.000000 -0.000000 8.207791 -6.751703 -1.599556 -0.074517 -0.000003 0.000081 0.148830 0.000002 0.000000 -0.074309 0.000000 -0.000002 -0.000003 -8.728670 10.710560 0.000005 -0.000000 -0.000000 -0.000001 -0.000677 9.278137 0.000003 0.000000 -0.000000 
0.000006 104.270470 1.554256 0.000021 0.000003 -0.000113 -0.000005 10.181587 0.131521 0.000002 -0.000003 0.000084 -0.000000 9.893967 -1.470709 -0.000000 0.000000 -0.000000 -0.000000 0.000000 -0.000000 0.000001 16.740417 -2.049035 0.000000 -0.000000 -0.000000 0.000000 9.617874 1.685008 -0.000000 -0.000000 0.000000 0.000002 22.037354 7.501098 -0.000000 -0.000000 -0.000000 -4.569969 11.014894 -2.160884 0.000005 0.000003 -0.000023 -0.000052 0.000030 0.000011 -27.841520 0.000017 0.000005 -0.000010 0.000001 -0.000003 -28.328836 0.000017 0.000026 -0.000321 -0.000044 0.000010 -2.464817 -1.573966 2.681851 0.314112 -0.720934 -0.172575 -3.215199 -1.872762 1.924284 -0.432457 0.981326 0.240527 -2.654858 -1.527961 1.512612 -0.323118 0.728901 0.173694 0.000001 0.000001 0.000003 -9.108281 -0.517861 2.259837 -0.000007 -0.018787 0.000103 0.000005 0.029297 -0.000007 -0.000005 -0.010093 -0.000003 0.000000 0.000000 -0.000000 -9.532506 -0.000003 -0.000022 -0.000004 -0.057494 0.000110 -0.000001 0.097407 -0.000010 0.000002 -0.036900 -0.000003 -0.000000 0.000000 -0.000000 -9.103599 -0.043045 -1.865133 -0.000000 0.017917 -0.000000 -0.000004 -0.025390 -0.000003 0.000003 -0.012910 0.000003 0.000000 0.000000 0.000000 -8.076683 -0.486680 -3.806278 0.000000 0.059620 -0.000517 0.000001 0.097000 0.000017 -0.000004 -0.056907 0.000003 -0.000000 0.000000 -0.000000 4.570447 11.014723 -2.160855 -0.000007 -0.000002 -0.000015 0.000002 0.000103 0.000118 -0.000007 -0.000007 0.000007 28.328836 -0.000029 0.000017 0.000020 -0.000089 0.000000 2.466128 -1.576189 2.681733 0.271163 0.622431 0.149618 3.217803 -1.872061 1.916485 -0.380683 -0.867292 -0.214332 2.656008 -1.528832 1.514505 -0.280440 -0.641565 -0.159358 2.020883 -1.154066 1.115133 -0.000000 0.000002 -0.000004 9.109305 -0.518042 2.259871 0.000012 -0.005107 0.000093 -0.000008 0.012007 0.000014 -0.000002 -0.007600 -0.000003 -0.000000 -0.000000 0.000000 9.533409 0.000036 0.000044 0.000003 -0.003600 -0.000007 -0.000005 0.002400 0.000007 0.000012 0.002400 -0.000000 0.000000 -0.000000 -0.000000 9.104532 -0.043031 -1.865075 0.000007 0.000700 0.000097 -0.000005 0.000000 -0.000003 0.000010 0.000014 -0.000003 2.644325 0.000031 0.000057 0.000000 -0.000000 -0.000000 8.077785 -0.486864 -3.806258 0.000013 0.234300 -0.000586 -0.000002 -0.024114 0.000086 0.000003 -0.007673 -0.000010 0.000000 -0.000000 -0.000000 -8.207788 -6.751659 -1.599560 -0.077008 -0.000003 0.000080 0.153719 -0.000000 -0.000000 -0.076703 0.000000 -0.000002 -0.000005 -8.728669 10.710563 0.000005 -0.000000 -0.000000 -0.000001 -0.000676 9.278122 -0.000000 0.000000 -0.000000 8.207791 -6.751703 -1.599556 -0.074517 -0.000003 0.000081 0.148830 0.000002 0.000000 -0.074309 0.000000 -0.000002 -0.000003 -8.728670 10.710560 0.000005 -0.000000 -0.000000 -0.000001 -0.000677 9.278137 0.000003 0.000000 -0.000000 
0.000006 104.270470 1.554256 0.000021 0.000003 -0.000113 -0.000005 10.181587 0.131521 0.000002 -0.000003 0.000084 -0.000000 9.893967 -1.470709 -0.000000 0.000000 -0.000000 -0.000000 0.000000 -0.000000 0.000001 16.740417 -2.049035 0.000000 -0.000000 -0.000000 0.000000 9.617874 1.685008 -0.000000 -0.000000 0.000000 0.000002 22.037354 7.501098 -0.000000 -0.000000 -0.000000 -4.569969 11.014894 -2.160884 0.000005 0.000003 -0.000023 -0.000052 0.000030 0.000011 -27.841520 0.000017 0.000005 -0.000010 0.000001 -0.000003 -28.328836 0.000017 0.000026 -0.000321 -0.000044 0.000010 -2.464817 -1.573966 2.681851 0.314112 -0.720934 -0.172575 -3.215199 -1.872762 1.924284 -0.432457 0.981326 0.240527 -2.654858 -1.527961 1.512612 -0.323118 0.728901 0.173694 0.000001 0.000001 0.000003 -9.108281 -0.517861 2.259837 -0.000007 -0.018787 0.000103 0.000005 0.029297 -0.000007 -0.000005 -0.010093 -0.000003 0.000000 0.000000 -0.000000 -9.532506 -0.000003 -0.000022 -0.000004 -0.057494 0.000110 -0.000001 0.097407 -0.000010 0.000002 -0.036900 -0.000003 -0.000000 0.000000 -0.000000 -9.103599 -0.043045 -1.865133 -0.000000 0.017917 -0.000000 -0.000004 -0.025390 -0.000003 0.000003 -0.012910 0.000003 0.000000 0.000000 0.000000 -8.076683 -0.486680 -3.806278 0.000000 0.059620 -0.000517 0.000001 0.097000 0.000017 -0.000004 -0.056907 0.000003 -0.000000 0.000000 -0.000000 4.570447 11.014723 -2.160855 -0.000007 -0.000002 -0.000015 0.000002 0.000103 0.000118 -0.000007 -0.000007 0.000007 28.328836 -0.000029 0.000017 0.000020 -0.000089 0.000000 2.466128 -1.576189 2.681733 0.271163 0.622431 0.149618 3.217803 -1.872061 1.916485 -0.380683 -0.867292 -0.214332 2.656008 -1.528832 1.514505 -0.280440 -0.641565 -0.159358 2.020883 -1.154066 1.115133 -0.000000 0.000002 -0.000004 9.109305 -0.518042 2.259871 0.000012 -0.005107 0.000093 -0.000008 0.012007 0.000014 -0.000002 -0.007600 -0.000003 -0.000000 -0.000000 0.000000 9.533409 0.000036 0.000044 0.000003 -0.003600 -0.000007 -0.000005 0.002400 0.000007 0.000012 0.002400 -0.000000 0.000000 -0.000000 -0.000000 9.104532 -0.043031 -1.865075 0.000007 0.000700 0.000097 -0.000005 0.000000 -0.000003 0.000010 0.000014 -0.000003 2.644325 0.000031 0.000057 0.000000 -0.000000 -0.000000 8.077785 -0.486864 -3.806258 0.000013 0.234300 -0.000586 -0.000002 -0.024114 0.000086 0.000003 -0.007673 -0.000010 0.000000 -0.000000 -0.000000 -8.207788 -6.751659 -1.599560 -0.077008 -0.000003 0.000080 0.153719 -0.000000 -0.000000 -0.076703 0.000000 -0.000002 -0.000005 -8.728669 10.710563 0.000005 -0.000000 -0.000000 -0.000001 -0.000676 9.278122 -0.000000 0.000000 -0.000000 8.207791 -6.751703 -1.599556 -0.074517 -0.000003 0.000081 0.148830 0.000002 0.000000 -0.074309 0.000000 -0.000002 -0.000003 -8.728670 10.710560 0.000005 -0.000000 -0.000000 -0.000001 -0.000677 9.278137 0.000003 0.000000 -0.000000 
0.000006 104.270470 1.554256 0.000021 0.000003 -0.000113 -0.000005 10.181587 0.131521 0.000002 -0.000003 0.000084 -0.000000 9.893967 -1.470709 -0.000000 0.000000 -0.000000 -0.000000 0.000000 -0.000000 0.000001 16.740417 -2.049035 0.000000 -0.000000 -0.000000 0.000000 9.617874 1.685008 -0.000000 -0.000000 0.000000 0.000002 22.037354 7.501098 -0.000000 -0.000000 -0.000000 -4.569969 11.014894 -2.160884 0.000005 0.000003 -0.000023 -0.000052 0.000030 0.000011 -27.841520 0.000017 0.000005 -0.000010 0.000001 -0.000003 -28.328836 0.000017 0.000026 -0.000321 -0.000044 0.000010 -2.464817 -1.573966 2.681851 0.314112 -0.720934 -0.172575 -3.215199 -1.872762 1.924284 -0.432457 0.981326 0.240527 -2.654858 -1.527961 1.512612 -0.323118 0.728901 0.173694 0.000001 0.000001 0.000003 -9.108281 -0.517861 2.259837 -0.000007 -0.018787 0.000103 0.000005 0.029297 -0.000007 -0.000005 -0.010093 -0.000003 0.000000 0.000000 -0.000000 -9.532506 -0.000003 -0.000022 -0.000004 -0.057494 0.000110 -0.000001 0.097407 -0.000010 0.000002 -0.036900 -0.000003 -0.000000 0.000000 -0.000000 -9.103599 -0.043045 -1.865133 -0.000000 0.017917 -0.000000 -0.000004 -0.025390 -0.000003 0.000003 -0.012910 0.000003 0.000000 0.000000 0.000000 -8.076683 -0.486680 -3.806278 0.000000 0.059620 -0.000517 0.000001 0.097000 0.000017 -0.000004 -0.056907 0.000003 -0.000000 0.000000 -0.000000 4.570447 11.014723 -2.160855 -0.000007 -0.000002 -0.000015 0.000002 0.000103 0.000118 -0.000007 -0.000007 0.000007 28.328836 -0.000029 0.000017 0.000020 -0.000089 0.000000 2.466128 -1.576189 2.681733 0.271163 0.622431 0.149618 3.217803 -1.872061 1.916485 -0.380683 -0.867292 -0.214332 2.656008 -1.528832 1.514505 -0.280440 -0.641565 -0.159358 2.020883 -1.154066 1.115133 -0.000000 0.000002 -0.000004 9.109305 -0.518042 2.259871 0.000012 -0.005107 0.000093 -0.000008 0.012007 0.000014 -0.000002 -0.007600 -0.000003 -0.000000 -0.000000 0.000000 9.533409 0.000036 0.000044 0.000003 -0.003600 -0.000007 -0.000005 0.002400 0.000007 0.000012 0.002400 -0.000000 0.000000 -0.000000 -0.000000 9.104532 -0.043031 -1.865075 0.000007 0.000700 0.000097 -0.000005 0.000000 -0.000003 0.000010 0.000014 -0.000003 2.644325 0.000031 0.000057 0.000000 -0.000000 -0.000000 8.077785 -0.486864 -3.806258 0.000013 0.234300 -0.000586 -0.000002 -0.024114 0.000086 0.000003 -0.007673 -0.000010 0.000000 -0.000000 -0.000000 -8.207788 -6.751659 -1.599560 -0.077008 -0.000003 0.000080 0.153719 -0.000000 -0.000000 -0.076703 0.000000 -0.000002 -0.000005 -8.728669 10.710563 0.000005 -0.000000 -0.000000 -0.000001 -0.000676 9.278122 -0.000000 0.000000 -0.000000 8.207791 -6.751703 -1.599556 -0.074517 -0.000003 0.000081 0.148830 0.000002 0.000000 -0.074309 0.000000 -0.000002 -0.000003 -8.728670 10.710560 0.000005 -0.000000 -0.000000 -0.000001 -0.000677 9.278137 0.000003 0.000000 -0.000000 
0.000006 104.270470 1.554256 0.000021 0.000003 -0.000113 -0.000005 10.181587 0.131521 0.000002 -0.000003 0.000084 -0.000000 9.893967 -1.470709 -0.000000 0.000000 -0.000000 -0.000000 0.000000 -0.000000 0.000001 16.740417 -2.049035 0.000000 -0.000000 -0.000000 0.000000 9.617874 1.685008 -0.000000 -0.000000 0.000000 0.000002 22.037354 7.501098 -0.000000 -0.000000 -0.000000 -4.569969 11.014894 -2.160884 0.000005 0.000003 -0.000023 -0.000052 0.000030 0.000011 -27.841520 0.000017 0.000005 -0.000010 0.000001 -0.000003 -28.328836 0.000017 0.000026 -0.000321 -0.000044 0.000010 -2.464817 -1.573966 2.681851 0.314112 -0.720934 -0.172575 -3.215199 -1.872762 1.924284 -0.432457 0.981326 0.240527 -2.654858 -1.527961 1.512612 -0.323118 0.728901 0.173694 0.000001 0.000001 0.000003 -9.108281 -0.517861 2.259837 -0.000007 -0.018787 0.000103 0.000005 0.029297 -0.000007 -0.000005 -0.010093 -0.000003 0.000000 0.000000 -0.000000 -9.532506 -0.000003 -0.000022 -0.000004 -0.057494 0.000110 -0.000001 0.097407 -0.000010 0.000002 -0.036900 -0.000003 -0.000000 0.000000 -0.000000 -9.103599 -0.043045 -1.865133 -0.000000 0.017917 -0.000000 -0.000004 -0.025390 -0.000003 0.000003 -0.012910 0.000003 0.000000 0.000000 0.000000 -8.076683 -0.486680 -3.806278 0.000000 0.059620 -0.000517 0.000001 0.097000 0.000017 -0.000004 -0.056907 0.000003 -0.000000 0.000000 -0.000000 4.570447 11.014723 -2.160855 -0.000007 -0.000002 -0.000015 0.000002 0.000103 0.000118 -0.000007 -0.000007 0.000007 28.328836 -0.000029 0.000017 0.000020 -0.000089 0.000000 2.466128 -1.576189 2.681733 0.271163 0.622431 0.149618 3.217803 -1.872061 1.916485 -0.380683 -0.867292 -0.214332 2.656008 -1.528832 1.514505 -0.280440 -0.641565 -0.159358 2.020883 -1.154066 1.115133 -0.000000 0.000002 -0.000004 9.109305 -0.518042 2.259871 0.000012 -0.005107 0.000093 -0.000008 0.012007 0.000014 -0.000002 -0.007600 -0.000003 -0.000000 -0.000000 0.000000 9.533409 0.000036 0.000044 0.000003 -0.003600 -0.000007 -0.000005 0.002400 0.000007 0.000012 0.002400 -0.000000 0.000000 -0.000000 -0.000000 9.104532 -0.043031 -1.865075 0.000007 0.000700 0.000097 -0.000005 0.000000 -0.000003 0.000010 0.000014 -0.000003 2.644325 0.000031 0.000057 0.000000 -0.000000 -0.000000 8.077785 -0.486864 -3.806258 0.000013 0.234300 -0.000586 -0.000002 -0.024114 0.000086 0.000003 -0.007673 -0.000010 0.000000 -0.000000 -0.000000 -8.207788 -6.751659 -1.599560 -0.077008 -0.000003 0.000080 0.153719 -0.000000 -0.000000 -0.076703 0.000000 -0.000002 -0.000005 -8.728669 10.710563 0.000005 -0.000000 -0.000000 -0.000001 -0.000676 9.278122 -0.000000 0.000000 -0.000000 8.207791 -6.751703 -1.599556 -0.074517 -0.000003 0.000081 0.148830 0.000002 0.000000 -0.074309 0.000000 -0.000002 -0.000003 -8.728670 10.710560 0.000005 -0.000000 -0.000000 -0.000001 -0.000677 9.278137 0.000003 0.000000 -0.000000 
0.000006 104.270470 1.554256 0.000021 0.000003 -0.000113 -0.000005 10.181587 0.131521 0.000002 -0.000003 0.000084 -0.000000 9.893967 -1.470709 -0.000000 0.000000 -0.000000 -0.000000 0.000000 -0.000000 0.000001 16.740417 -2.049035 0.000000 -0.000000 -0.000000 0.000000 9.617874 1.685008 -0.000000 -0.000000 0.000000 0.000002 22.037354 7.501098 -0.000000 -0.000000 -0.000000 -4.569969 11.014894 -2.160884 0.000005 0.000003 -0.000023 -0.000052 0.000030 0.000011 -27.841520 0.000017 0.000005 -0.000010 0.000001 -0.000003 -28.328836 0.000017 0.000026 -0.000321 -0.000044 0.000010 -2.464817 -1.573966 2.681851 0.314112 -0.720934 -0.172575 -3.215199 -1.872762 1.924284 -0.432457 0.981326 0.240527 -2.654858 -1.527961 1.512612 -0.323118 0.728901 0.173694 0.000001 0.000001 0.000003 -9.108281 -0.517861 2.259837 -0.000007 -0.018787 0.000103 0.000005 0.029297 -0.000007 -0.000005 -0.010093 -0.000003 0.000000 0.000000 -0.000000 -9.532506 -0.000003 -0.000022 -0.000004 -0.057494 0.000110 -0.000001 0.097407 -0.000010 0.000002 -0.036900 -0.000003 -0.000000 0.000000 -0.000000 -9.103599 -0.043045 -1.865133 -0.000000 0.017917 -0.000000 -0.000004 -0.025390 -0.000003 0.000003 -0.012910 0.000003 0.000000 0.000000 0.000000 -8.076683 -0.486680 -3.806278 0.000000 0.059620 -0.000517 0.000001 0.097000 0.000017 -0.000004 -0.056907 0.000003 -0.000000 0.000000 -0.000000 4.570447 11.014723 -2.160855 -0.000007 -0.000002 -0.000015 0.000002 0.000103 0.000118 -0.000007 -0.000007 0.000007 28.328836 -0.000029 0.000017 0.000020 -0.000089 0.000000 2.466128 -1.576189 2.681733 0.271163 0.622431 0.149618 3.217803 -1.872061 1.916485 -0.380683 -0.867292 -0.214332 2.656008 -1.528832 1.514505 -0.280440 -0.641565 -0.159358 2.020883 -1.154066 1.115133 -0.000000 0.000002 -0.000004 9.109305 -0.518042 2.259871 0.000012 -0.005107 0.000093 -0.000008 0.012007 0.000014 -0.000002 -0.007600 -0.000003 -0.000000 -0.000000 0.000000 9.533409 0.000036 0.000044 0.000003 -0.003600 -0.000007 -0.000005 0.002400 0.000007 0.000012 0.002400 -0.000000 0.000000 -0.000000 -0.000000 9.104532 -0.043031 -1.865075 0.000007 0.000700 0.000097 -0.000005 0.000000 -0.000003 0.000010 0.000014 -0.000003 2.644325 0.000031 0.000057 0.000000 -0.000000 -0.000000 8.077785 -0.486864 -3.806258 0.000013 0.234300 -0.000586 -0.000002 -0.024114 0.000086 0.000003 -0.007673 -0.000010 0.000000 -0.000000 -0.000000 -8.207788 -6.751659 -1.599560 -0.077008 -0.000003 0.000080 0.153719 -0.000000 -0.000000 -0.076703 0.000000 -0.000002 -0.000005 -8.728669 10.710563 0.000005 -0.000000 -0.000000 -0.000001 -0.000676 9.278122 -0.000000 0.000000 -0.000000 8.207791 -6.751703 -1.599556 -0.074517 -0.000003 0.000081 0.148830 0.000002 0.000000 -0.074309 0.000000 -0.000002 -0.000003 -8.728670 10.710560 0.000005 -0.000000 -0.000000 -0.000001 -0.000677 9.278137 0.000003 0.000000 -0.000000 
0.000006 104.270470 1.554256 0.000021 0.000003 -0.000113 -0.000005 10.181587 0.131521 0.000002 -0.000003 0.000084 -0.000000 9.893967 -1.470709 -0.000000 0.000000 -0.000000 -0.000000 0.000000 -0.000000 0.000001 16.740417 -2.049035 0.000000 -0.000000 -0.000000 0.000000 9.617874 1.685008 -0.000000 -0.000000 0.000000 0.000002 22.037354 7.501098 -0.000000 -0.000000 -0.000000 -4.569969 11.014894 -2.160884 0.000005 0.000003 -0.000023 -0.000052 0.000030 0.000011 -27.841520 0.000017 0.000005 -0.000010 0.000001 -0.000003 -28.328836 0.000017 0.000026 -0.000321 -0.000044 0.000010 -2.464817 -1.573966 2.681851 0.314112 -0.720934 -0.172575 -3.215199 -1.872762 1.924284 -0.432457 0.981326 0.240527 -2.654858 -1.527961 1.512612 -0.323118 0.728901 0.173694 0.000001 0.000001 0.000003 -9.108281 -0.517861 2.259837 -0.000007 -0.018787 0.000103 0.000005 0.029297 -0.000007 -0.000005 -0.010093 -0.000003 0.000000 0.000000 -0.000000 -9.532506 -0.000003 -0.000022 -0.000004 -0.057494 0.000110 -0.000001 0.097407 -0.000010 0.000002 -0.036900 -0.000003 -0.000000 0.000000 -0.000000 -9.103599 -0.043045 -1.865133 -0.000000 0.017917 -0.000000 -0.000004 -0.025390 -0.000003 0.000003 -0.012910 0.000003 0.000000 0.000000 0.000000 -8.076683 -0.486680 -3.806278 0.000000 0.059620 -0.000517 0.000001 0.097000 0.000017 -0.000004 -0.056907 0.000003 -0.000000 0.000000 -0.000000 4.570447 11.014723 -2.160855 -0.000007 -0.000002 -0.000015 0.000002 0.000103 0.000118 -0.000007 -0.000007 0.000007 28.328836 -0.000029 0.000017 0.000020 -0.000089 0.000000 2.466128 -1.576189 2.681733 0.271163 0.622431 0.149618 3.217803 -1.872061 1.916485 -0.380683 -0.867292 -0.214332 2.656008 -1.528832 1.514505 -0.280440 -0.641565 -0.159358 2.020883 -1.154066 1.115133 -0.000000 0.000002 -0.000004 9.109305 -0.518042 2.259871 0.000012 -0.005107 0.000093 -0.000008 0.012007 0.000014 -0.000002 -0.007600 -0.000003 -0.000000 -0.000000 0.000000 9.533409 0.000036 0.000044 0.000003 -0.003600 -0.000007 -0.000005 0.002400 0.000007 0.000012 0.002400 -0.000000 0.000000 -0.000000 -0.000000 9.104532 -0.043031 -1.865075 0.000007 0.000700 0.000097 -0.000005 0.000000 -0.000003 0.000010 0.000014 -0.000003 2.644325 0.000031 0.000057 0.000000 -0.000000 -0.000000 8.077785 -0.486864 -3.806258 0.000013 0.234300 -0.000586 -0.000002 -0.024114 0.000086 0.000003 -0.007673 -0.000010 0.000000 -0.000000 -0.000000 -8.207788 -6.751659 -1.599560 -0.077008 -0.000003 0.000080 0.153719 -0.000000 -0.000000 -0.076703 0.000000 -0.000002 -0.000005 -8.728669 10.710563 0.000005 -0.000000 -0.000000 -0.000001 -0.000676 9.278122 -0.000000 0.000000 -0.000000 8.207791 -6.751703 -1.599556 -0.074517 -0.000003 0.000081 0.148830 0.000002 0.000000 -0.074309 0.000000 -0.000002 -0.000003 -8.728670 10.710560 0.000005 -0.000000 -0.000000 -0.000001 -0.000677 9.278137 0.000003 0.000000 -0.000000 
0.000006 104.270470 1.554256 0.000021 0.000003 -0.000113 -0.000005 10.181587 0.131521 0.000002 -0.000003 0.000084 -0.000000 9.893967 -1.470709 -0.000000 0.000000 -0.000000 -0.000000 0.000000 -0.000000 0.000001 16.740417 -2.049035 0.000000 -0.000000 -0.000000 0.000000 9.617874 1.685008 -0.000000 -0.000000 0.000000 0.000002 22.037354 7.501098 -0.000000 -0.000000 -0.000000 -4.569969 11.014894 -2.160884 0.000005 0.000003 -0.000023 -0.000052 0.000030 0.000011 -27.841520 0.000017 0.000005 -0.000010 0.000001 -0.000003 -28.328836 0.000017 0.000026 -0.000321 -0.000044 0.000010 -2.464817 -1.573966 2.681851 0.314112 -0.720934 -0.172575 -3.215199 -1.872762 1.924284 -0.432457 0.981326 0.240527 -2.654858 -1.527961 1.512612 -0.323118 0.728901 0.173694 0.000001 0.000001 0.000003 -9.108281 -0.517861 2.259837 -0.000007 -0.018787 0.000103 0.000005 0.029297 -0.000007 -0.000005 -0.010093 -0.000003 0.000000 0.000000 -0.000000 -9.532506 -0.000003 -0.000022 -0.000004 -0.057494 0.000110 -0.000001 0.097407 -0.000010 0.000002 -0.036900 -0.000003 -0.000000 0.000000 -0.000000 -9.103599 -0.043045 -1.865133 -0.000000 0.017917 -0.000000 -0.000004 -0.025390 -0.000003 0.000003 -0.012910 0.000003 0.000000 0.000000 0.000000 -8.076683 -0.486680 -3.806278 0.000000 0.059620 -0.000517 0.000001 0.097000 0.000017 -0.000004 -0.056907 0.000003 -0.000000 0.000000 -0.000000 4.570447 11.014723 -2.160855 -0.000007 -0.000002 -0.000015 0.000002 0.000103 0.000118 -0.000007 -0.000007 0.000007 28.328836 -0.000029 0.000017 0.000020 -0.000089 0.000000 2.466128 -1.576189 2.681733 0.271163 0.622431 0.149618 3.217803 -1.872061 1.916485 -0.380683 -0.867292 -0.214332 2.656008 -1.528832 1.514505 -0.280440 -0.641565 -0.159358 2.020883 -1.154066 1.115133 -0.000000 0.000002 -0.000004 9.109305 -0.518042 2.259871 0.000012 -0.005107 0.000093 -0.000008 0.012007 0.000014 -0.000002 -0.007600 -0.000003 -0.000000 -0.000000 0.000000 9.533409 0.000036 0.000044 0.000003 -0.003600 -0.000007 -0.000005 0.002400 0.000007 0.000012 0.002400 -0.000000 0.000000 -0.000000 -0.000000 9.104532 -0.043031 -1.865075 0.000007 0.000700 0.000097 -0.000005 0.000000 -0.000003 0.000010 0.000014 -0.000003 2.644325 0.000031 0.000057 0.000000 -0.000000 -0.000000 8.077785 -0.486864 -3.806258 0.000013 0.234300 -0.000586 -0.000002 -0.024114 0.000086 0.000003 -0.007673 -0.000010 0.000000 -0.000000 -0.000000 -8.207788 -6.751659 -1.599560 -0.077008 -0.000003 0.000080 0.153719 -0.000000 -0.000000 -0.076703 0.000000 -0.000002 -0.000005 -8.728669 10.710563 0.000005 -0.000000 -0.000000 -0.000001 -0.000676 9.278122 -0.000000 0.000000 -0.000000 8.207791 -6.751703 -1.599556 -0.074517 -0.000003 0.000081 0.148830 0.000002 0.000000 -0.074309 0.000000 -0.000002 -0.000003 -8.728670 10.710560 0.000005 -0.000000 -0.000000 -0.000001 -0.000677 9.278137 0.000003 0.000000 -0.000000 
0.000006 104.270470 1.554256 0.000021 0.000003 -0.000113 -0.000005 10.181587 0.131521 0.000002 -0.000003 0.000084 -0.000000 9.893967 -1.470709 -0.000000 0.000000 -0.000000 -0.000000 0.000000 -0.000000 0.000001 16.740417 -2.049035 0.000000 -0.000000 -0.000000 0.000000 9.617874 1.685008 -0.000000 -0.000000 0.000000 0.000002 22.037354 7.501098 -0.000000 -0.000000 -0.000000 -4.569969 11.014894 -2.160884 0.000005 0.000003 -0.000023 -0.000052 0.000030 0.000011 -27.841520 0.000017 0.000005 -0.000010 0.000001 -0.000003 -28.328836 0.000017 0.000026 -0.000321 -0.000044 0.000010 -2.464817 -1.573966 2.681851 0.314112 -0.720934 -0.172575 -3.215199 -1.872762 1.924284 -0.432457 0.981326 0.240527 -2.654858 -1.527961 1.512612 -0.323118 0.728901 0.173694 0.000001 0.000001 0.000003 -9.108281 -0.517861 2.259837 -0.000007 -0.018787 0.000103 0.000005 0.029297 -0.000007 -0.000005 -0.010093 -0.000003 0.000000 0.000000 -0.000000 -9.532506 -0.000003 -0.000022 -0.000004 -0.057494 0.000110 -0.000001 0.097407 -0.000010 0.000002 -0.036900 -0.000003 -0.000000 0.000000 -0.000000 -9.103599 -0.043045 -1.865133 -0.000000 0.017917 -0.000000 -0.000004 -0.025390 -0.000003 0.000003 -0.012910 0.000003 0.000000 0.000000 0.000000 -8.076683 -0.486680 -3.806278 0.000000 0.059620 -0.000517 0.000001 0.097000 0.000017 -0.000004 -0.056907 0.000003 -0.000000 0.000000 -0.000000 4.570447 11.014723 -2.160855 -0.000007 -0.000002 -0.000015 0.000002 0.000103 0.000118 -0.000007 -0.000007 0.000007 28.328836 -0.000029 0.000017 0.000020 -0.000089 0.000000 2.466128 -1.576189 2.681733 0.271163 0.622431 0.149618 3.217803 -1.872061 1.916485 -0.380683 -0.867292 -0.214332 2.656008 -1.528832 1.514505 -0.280440 -0.641565 -0.159358 2.020883 -1.154066 1.115133 -0.000000 0.000002 -0.000004 9.109305 -0.518042 2.259871 0.000012 -0.005107 0.000093 -0.000008 0.012007 0.000014 -0.000002 -0.007600 -0.000003 -0.000000 -0.000000 0.000000 9.533409 0.000036 0.000044 0.000003 -0.003600 -0.000007 -0.000005 0.002400 0.000007 0.000012 0.002400 -0.000000 0.000000 -0.000000 -0.000000 9.104532 -0.043031 -1.865075 0.000007 0.000700 0.000097 -0.000005 0.000000 -0.000003 0.000010 0.000014 -0.000003 2.644325 0.000031 0.000057 0.000000 -0.000000 -0.000000 8.077785 -0.486864 -3.806258 0.000013 0.234300 -0.000586 -0.000002 -0.024114 0.000086 0.000003 -0.007673 -0.000010 0.000000 -0.000000 -0.000000 -8.207788 -6.751659 -1.599560 -0.077008 -0.000003 0.000080 0.153719 -0.000000 -0.000000 -0.076703 0.000000 -0.000002 -0.000005 -8.728669 10.710563 0.000005 -0.000000 -0.000000 -0.000001 -0.000676 9.278122 -0.000000 0.000000 -0.000000 8.207791 -6.751703 -1.599556 -0.074517 -0.000003 0.000081 0.148830 0.000002 0.000000 -0.074309 0.000000 -0.000002 -0.000003 -8.728670 10.710560 0.000005 -0.000000 -0.000000 -0.000001 -0.000677 9.278137 0.000003 0.000000 -0.000000 
0.000006 104.270470 1.554256 0.000021 0.000003 -0.000113 -0.000005 10.181587 0.131521 0.000002 -0.000003 0.000084 -0.000000 9.893967 -1.470709 -0.000000 0.000000 -0.000000 -0.000000 0.000000 -0.000000 0.000001 16.740417 -2.049035 0.000000 -0.000000 -0.000000 0.000000 9.617874 1.685008 -0.000000 -0.000000 0.000000 0.000002 22.037354 7.501098 -0.000000 -0.000000 -0.000000 -4.569969 11.014894 -2.160884 0.000005 0.000003 -0.000023 -0.000052 0.000030 0.000011 -27.841520 0.000017 0.000005 -0.000010 0.000001 -0.000003 -28.328836 0.000017 0.000026 -0.000321 -0.000044 0.000010 -2.464817 -1.573966 2.681851 0.314112 -0.720934 -0.172575 -3.215199 -1.872762 1.924284 -0.432457 0.981326 0.240527 -2.654858 -1.527961 1.512612 -0.323118 0.728901 0.173694 0.000001 0.000001 0.000003 -9.108281 -0.517861 2.259837 -0.000007 -0.018787 0.000103 0.000005 0.029297 -0.000007 -0.000005 -0.010093 -0.000003 0.000000 0.000000 -0.000000 -9.532506 -0.000003 -0.000022 -0.000004 -0.057494 0.000110 -0.000001 0.097407 -0.000010 0.000002 -0.036900 -0.000003 -0.000000 0.000000 -0.000000 -9.103599 -0.043045 -1.865133 -0.000000 0.017917 -0.000000 -0.000004 -0.025390 -0.000003 0.000003 -0.012910 0.000003 0.000000 0.000000 0.000000 -8.076683 -0.486680 -3.806278 0.000000 0.059620 -0.000517 0.000001 0.097000 0.000017 -0.000004 -0.056907 0.000003 -0.000000 0.000000 -0.000000 4.570447 11.014723 -2.160855 -0.000007 -0.000002 -0.000015 0.000002 0.000103 0.000118 -0.000007 -0.000007 0.000007 28.328836 -0.000029 0.000017 0.000020 -0.000089 0.000000 2.466128 -1.576189 2.681733 0.271163 0.622431 0.149618 3.217803 -1.872061 1.916485 -0.380683 -0.867292 -0.214332 2.656008 -1.528832 1.514505 -0.280440 -0.641565 -0.159358 2.020883 -1.154066 1.115133 -0.000000 0.000002 -0.000004 9.109305 -0.518042 2.259871 0.000012 -0.005107 0.000093 -0.000008 0.012007 0.000014 -0.000002 -0.007600 -0.000003 -0.000000 -0.000000 0.000000 9.533409 0.000036 0.000044 0.000003 -0.003600 -0.000007 -0.000005 0.002400 0.000007 0.000012 0.002400 -0.000000 0.000000 -0.000000 -0.000000 9.104532 -0.043031 -1.865075 0.000007 0.000700 0.000097 -0.000005 0.000000 -0.000003 0.000010 0.000014 -0.000003 2.644325 0.000031 0.000057 0.000000 -0.000000 -0.000000 8.077785 -0.486864 -3.806258 0.000013 0.234300 -0.000586 -0.000002 -0.024114 0.000086 0.000003 -0.007673 -0.000010 0.000000 -0.000000 -0.000000 -8.207788 -6.751659 -1.599560 -0.077008 -0.000003 0.000080 0.153719 -0.000000 -0.000000 -0.076703 0.000000 -0.000002 -0.000005 -8.728669 10.710563 0.000005 -0.000000 -0.000000 -0.000001 -0.000676 9.278122 -0.000000 0.000000 -0.000000 8.207791 -6.751703 -1.599556 -0.074517 -0.000003 0.000081 0.148830 0.000002 0.000000 -0.074309 0.000000 -0.000002 -0.000003 -8.728670 10.710560 0.000005 -0.000000 -0.000000 -0.000001 -0.000677 9.278137 0.000003 0.000000 -0.000000 
0.000006 104.270470 1.554256 0.000021 0.000003 -0.000113 -0.000005 10.181587 0.131521 0.000002 -0.000003 0.000084 -0.000000 9.893967 -1.470709 -0.000000 0.000000 -0.000000 -0.000000 0.000000 -0.000000 0.000001 16.740417 -2.049035 0.000000 -0.000000 -0.000000 0.000000 9.617874 1.685008 -0.000000 -0.000000 0.000000 0.000002 22.037354 7.501098 -0.000000 -0.000000 -0.000000 -4.569969 11.014894 -2.160884 0.000005 0.000003 -0.000023 -0.000052 0.000030 0.000011 -27.841520 0.000017 0.000005 -0.000010 0.000001 -0.000003 -28.328836 0.000017 0.000026 -0.000321 -0.000044 0.000010 -2.464817 -1.573966 2.681851 0.314112 -0.720934 -0.172575 -3.215199 -1.872762 1.924284 -0.432457 0.981326 0.240527 -2.654858 -1.527961 1.512612 -0.323118 0.728901 0.173694 0.000001 0.000001 0.000003 -9.108281 -0.517861 2.259837 -0.000007 -0.018787 0.000103 0.000005 0.029297 -0.000007 -0.000005 -0.010093 -0.000003 0.000000 0.000000 -0.000000 -9.532506 -0.000003 -0.000022 -0.000004 -0.057494 0.000110 -0.000001 0.097407 -0.000010 0.000002 -0.036900 -0.000003 -0.000000 0.000000 -0.000000 -9.103599 -0.043045 -1.865133 -0.000000 0.017917 -0.000000 -0.000004 -0.025390 -0.000003 0.000003 -0.012910 0.000003 0.000000 0.000000 0.000000 -8.076683 -0.486680 -3.806278 0.000000 0.059620 -0.000517 0.000001 0.097000 0.000017 -0.000004 -0.056907 0.000003 -0.000000 0.000000 -0.000000 4.570447 11.014723 -2.160855 -0.000007 -0.000002 -0.000015 0.000002 0.000103 0.000118 -0.000007 -0.000007 0.000007 28.328836 -0.000029 0.000017 0.000020 -0.000089 0.000000 2.466128 -1.576189 2.681733 0.271163 0.622431 0.149618 3.217803 -1.872061 1.916485 -0.380683 -0.867292 -0.214332 2.656008 -1.528832 1.514505 -0.280440 -0.641565 -0.159358 2.020883 -1.154066 1.115133 -0.000000 0.000002 -0.000004 9.109305 -0.518042 2.259871 0.000012 -0.005107 0.000093 -0.000008 0.012007 0.000014 -0.000002 -0.007600 -0.000003 -0.000000 -0.000000 0.000000 9.533409 0.000036 0.000044 0.000003 -0.003600 -0.000007 -0.000005 0.002400 0.000007 0.000012 0.002400 -0.000000 0.000000 -0.000000 -0.000000 9.104532 -0.043031 -1.865075 0.000007 0.000700 0.000097 -0.000005 0.000000 -0.000003 0.000010 0.000014 -0.000003 2.644325 0.000031 0.000057 0.000000 -0.000000 -0.000000 8.077785 -0.486864 -3.806258 0.000013 0.234300 -0.000586 -0.000002 -0.024114 0.000086 0.000003 -0.007673 -0.000010 0.000000 -0.000000 -0.000000 -8.207788 -6.751659 -1.599560 -0.077008 -0.000003 0.000080 0.153719 -0.000000 -0.000000 -0.076703 0.000000 -0.000002 -0.000005 -8.728669 10.710563 0.000005 -0.000000 -0.000000 -0.000001 -0.000676 9.278122 -0.000000 0.000000 -0.000000 8.207791 -6.751703 -1.599556 -0.074517 -0.000003 0.000081 0.148830 0.000002 0.000000 -0.074309 0.000000 -0.000002 -0.000003 -8.728670 10.710560 0.000005 -0.000000 -0.000000 -0.000001 -0.000677 9.278137 0.000003 0.000000 -0.000000 
0.000006 104.270470 1.554256 0.000021 0.000003 -0.000113 -0.000005 10.181587 0.131521 0.000002 -0.000003 0.000084 -0.000000 9.893967 -1.470709 -0.000000 0.000000 -0.000000 -0.000000 0.000000 -0.000000 0.000001 16.740417 -2.049035 0.000000 -0.000000 -0.000000 0.000000 9.617874 1.685008 -0.000000 -0.000000 0.000000 0.000002 22.037354 7.501098 -0.000000 -0.000000 -0.000000 -4.569969 11.014894 -2.160884 0.000005 0.000003 -0.000023 -0.000052 0.000030 0.000011 -27.841520 0.000017 0.000005 -0.000010 0.000001 -0.000003 -28.328836 0.000017 0.000026 -0.000321 -0.000044 0.000010 -2.464817 -1.573966 2.681851 0.314112 -0.720934 -0.172575 -3.215199 -1.872762 1.924284 -0.432457 0.981326 0.240527 -2.654858 -1.527961 1.512612 -0.323118 0.728901 0.173694 0.000001 0.000001 0.000003 -9.108281 -0.517861 2.259837 -0.000007 -0.018787 0.000103 0.000005 0.029297 -0.000007 -0.000005 -0.010093 -0.000003 0.000000 0.000000 -0.000000 -9.532506 -0.000003 -0.000022 -0.000004 -0.057494 0.000110 -0.000001 0.097407 -0.000010 0.000002 -0.036900 -0.000003 -0.000000 0.000000 -0.000000 -9.103599 -0.043045 -1.865133 -0.000000 0.017917 -0.000000 -0.000004 -0.025390 -0.000003 0.000003 -0.012910 0.000003 0.000000 0.000000 0.000000 -8.076683 -0.486680 -3.806278 0.000000 0.059620 -0.000517 0.000001 0.097000 0.000017 -0.000004 -0.056907 0.000003 -0.000000 0.000000 -0.000000 4.570447 11.014723 -2.160855 -0.000007 -0.000002 -0.000015 0.000002 0.000103 0.000118 -0.000007 -0.000007 0.000007 28.328836 -0.000029 0.000017 0.000020 -0.000089 0.000000 2.466128 -1.576189 2.681733 0.271163 0.622431 0.149618 3.217803 -1.872061 1.916485 -0.380683 -0.867292 -0.214332 2.656008 -1.528832 1.514505 -0.280440 -0.641565 -0.159358 2.020883 -1.154066 1.115133 -0.000000 0.000002 -0.000004 9.109305 -0.518042 2.259871 0.000012 -0.005107 0.000093 -0.000008 0.012007 0.000014 -0.000002 -0.007600 -0.000003 -0.000000 -0.000000 0.000000 9.533409 0.000036 0.000044 0.000003 -0.003600 -0.000007 -0.000005 0.002400 0.000007 0.000012 0.002400 -0.000000 0.000000 -0.000000 -0.000000 9.104532 -0.043031 -1.865075 0.000007 0.000700 0.000097 -0.000005 0.000000 -0.000003 0.000010 0.000014 -0.000003 2.644325 0.000031 0.000057 0.000000 -0.000000 -0.000000 8.077785 -0.486864 -3.806258 0.000013 0.234300 -0.000586 -0.000002 -0.024114 0.000086 0.000003 -0.007673 -0.000010 0.000000 -0.000000 -0.000000 -8.207788 -6.751659 -1.599560 -0.077008 -0.000003 0.000080 0.153719 -0.000000 -0.000000 -0.076703 0.000000 -0.000002 -0.000005 -8.728669 10.710563 0.000005 -0.000000 -0.000000 -0.000001 -0.000676 9.278122 -0.000000 0.000000 -0.000000 8.207791 -6.751703 -1.599556 -0.074517 -0.000003 0.000081 0.148830 0.000002 0.000000 -0.074309 0.000000 -0.000002 -0.000003 -8.728670 10.710560 0.000005 -0.000000 -0.000000 -0.000001 -0.000677 9.278137 0.000003 0.000000 -0.000000 
0.000006 104.270470 1.554256 0.000021 0.000003 -0.000113 -0.000005 10.181587 0.131521 0.000002 -0.000003 0.000084 -0.000000 9.893967 -1.470709 -0.000000 0.000000 -0.000000 -0.000000 0.000000 -0.000000 0.000001 16.740417 -2.049035 0.000000 -0.000000 -0.000000 0.000000 9.617874 1.685008 -0.000000 -0.000000 0.000000 0.000002 22.037354 7.501098 -0.000000 -0.000000 -0.000000 -4.569969 11.014894 -2.160884 0.000005 0.000003 -0.000023 -0.000052 0.000030 0.000011 -27.841520 0.000017 0.000005 -0.000010 0.000001 -0.000003 -28.328836 0.000017 0.000026 -0.000321 -0.000044 0.000010 -2.464817 -1.573966 2.681851 0.314112 -0.720934 -0.172575 -3.215199 -1.872762 1.924284 -0.432457 0.981326 0.240527 -2.654858 -1.527961 1.512612 -0.323118 0.728901 0.173694 0.000001 0.000001 0.000003 -9.108281 -0.517861 2.259837 -0.000007 -0.018787 0.000103 0.000005 0.029297 -0.000007 -0.000005 -0.010093 -0.000003 0.000000 0.000000 -0.000000 -9.532506 -0.000003 -0.000022 -0.000004 -0.057494 0.000110 -0.000001 0.097407 -0.000010 0.000002 -0.036900 -0.000003 -0.000000 0.000000 -0.000000 -9.103599 -0.043045 -1.865133 -0.000000 0.017917 -0.000000 -0.000004 -0.025390 -0.000003 0.000003 -0.012910 0.000003 0.000000 0.000000 0.000000 -8.076683 -0.486680 -3.806278 0.000000 0.059620 -0.000517 0.000001 0.097000 0.000017 -0.000004 -0.056907 0.000003 -0.000000 0.000000 -0.000000 4.570447 11.014723 -2.160855 -0.000007 -0.000002 -0.000015 0.000002 0.000103 0.000118 -0.000007 -0.000007 0.000007 28.328836 -0.000029 0.000017 0.000020 -0.000089 0.000000 2.466128 -1.576189 2.681733 0.271163 0.622431 0.149618 3.217803 -1.872061 1.916485 -0.380683 -0.867292 -0.214332 2.656008 -1.528832 1.514505 -0.280440 -0.641565 -0.159358 2.020883 -1.154066 1.115133 -0.000000 0.000002 -0.000004 9.109305 -0.518042 2.259871 0.000012 -0.005107 0.000093 -0.000008 0.012007 0.000014 -0.000002 -0.007600 -0.000003 -0.000000 -0.000000 0.000000 9.533409 0.000036 0.000044 0.000003 -0.003600 -0.000007 -0.000005 0.002400 0.000007 0.000012 0.002400 -0.000000 0.000000 -0.000000 -0.000000 9.104532 -0.043031 -1.865075 0.000007 0.000700 0.000097 -0.000005 0.000000 -0.000003 0.000010 0.000014 -0.000003 2.644325 0.000031 0.000057 0.000000 -0.000000 -0.000000 8.077785 -0.486864 -3.806258 0.000013 0.234300 -0.000586 -0.000002 -0.024114 0.000086 0.000003 -0.007673 -0.000010 0.000000 -0.000000 -0.000000 -8.207788 -6.751659 -1.599560 -0.077008 -0.000003 0.000080 0.153719 -0.000000 -0.000000 -0.076703 0.000000 -0.000002 -0.000005 -8.728669 10.710563 0.000005 -0.000000 -0.000000 -0.000001 -0.000676 9.278122 -0.000000 0.000000 -0.000000 8.207791 -6.751703 -1.599556 -0.074517 -0.000003 0.000081 0.148830 0.000002 0.000000 -0.074309 0.000000 -0.000002 -0.000003 -8.728670 10.710560 0.000005 -0.000000 -0.000000 -0.000001 -0.000677 9.278137 0.000003 0.000000 -0.000000 
0.000006 104.270470 1.554256 0.000021 0.000003 -0.000113 -0.000005 10.181587 0.131521 0.000002 -0.000003 0.000084 -0.000000 9.893967 -1.470709 -0.000000 0.000000 -0.000000 -0.000000 0.000000 -0.000000 0.000001 16.740417 -2.049035 0.000000 -0.000000 -0.000000 0.000000 9.617874 1.685008 -0.000000 -0.000000 0.000000 0.000002 22.037354 7.501098 -0.000000 -0.000000 -0.000000 -4.569969 11.014894 -2.160884 0.000005 0.000003 -0.000023 -0.000052 0.000030 0.000011 -27.841520 0.000017 0.000005 -0.000010 0.000001 -0.000003 -28.328836 0.000017 0.000026 -0.000321 -0.000044 0.000010 -2.464817 -1.573966 2.681851 0.314112 -0.720934 -0.172575 -3.215199 -1.872762 1.924284 -0.432457 0.981326 0.240527 -2.654858 -1.527961 1.512612 -0.323118 0.728901 0.173694 0.000001 0.000001 0.000003 -9.108281 -0.517861 2.259837 -0.000007 -0.018787 0.000103 0.000005 0.029297 -0.000007 -0.000005 -0.010093 -0.000003 0.000000 0.000000 -0.000000 -9.532506 -0.000003 -0.000022 -0.000004 -0.057494 0.000110 -0.000001 0.097407 -0.000010 0.000002 -0.036900 -0.000003 -0.000000 0.000000 -0.000000 -9.103599 -0.043045 -1.865133 -0.000000 0.017917 -0.000000 -0.000004 -0.025390 -0.000003 0.000003 -0.012910 0.000003 0.000000 0.000000 0.000000 -8.076683 -0.486680 -3.806278 0.000000 0.059620 -0.000517 0.000001 0.097000 0.000017 -0.000004 -0.056907 0.000003 -0.000000 0.000000 -0.000000 4.570447 11.014723 -2.160855 -0.000007 -0.000002 -0.000015 0.000002 0.000103 0.000118 -0.000007 -0.000007 0.000007 28.328836 -0.000029 0.000017 0.000020 -0.000089 0.000000 2.466128 -1.576189 2.681733 0.271163 0.622431 0.149618 3.217803 -1.872061 1.916485 -0.380683 -0.867292 -0.214332 2.656008 -1.528832 1.514505 -0.280440 -0.641565 -0.159358 2.020883 -1.154066 1.115133 -0.000000 0.000002 -0.000004 9.109305 -0.518042 2.259871 0.000012 -0.005107 0.000093 -0.000008 0.012007 0.000014 -0.000002 -0.007600 -0.000003 -0.000000 -0.000000 0.000000 9.533409 0.000036 0.000044 0.000003 -0.003600 -0.000007 -0.000005 0.002400 0.000007 0.000012 0.002400 -0.000000 0.000000 -0.000000 -0.000000 9.104532 -0.043031 -1.865075 0.000007 0.000700 0.000097 -0.000005 0.000000 -0.000003 0.000010 0.000014 -0.000003 2.644325 0.000031 0.000057 0.000000 -0.000000 -0.000000 8.077785 -0.486864 -3.806258 0.000013 0.234300 -0.000586 -0.000002 -0.024114 0.000086 0.000003 -0.007673 -0.000010 0.000000 -0.000000 -0.000000 -8.207788 -6.751659 -1.599560 -0.077008 -0.000003 0.000080 0.153719 -0.000000 -0.000000 -0.076703 0.000000 -0.000002 -0.000005 -8.728669 10.710563 0.000005 -0.000000 -0.000000 -0.000001 -0.000676 9.278122 -0.000000 0.000000 -0.000000 8.207791 -6.751703 -1.599556 -0.074517 -0.000003 0.000081 0.148830 0.000002 0.000000 -0.074309 0.000000 -0.000002 -0.000003 -8.728670 10.710560 0.000005 -0.000000 -0.000000 -0.000001 -0.000677 9.278137 0.000003 0.000000 -0.000000 
0.000006 104.270470 1.554256 0.000021 0.000003 -0.000113 -0.000005 10.181587 0.131521 0.000002 -0.000003 0.000084 -0.000000 9.893967 -1.470709 -0.000000 0.000000 -0.000000 -0.000000 0.000000 -0.000000 0.000001 16.740417 -2.049035 0.000000 -0.000000 -0.000000 0.000000 9.617874 1.685008 -0.000000 -0.000000 0.000000 0.000002 22.037354 7.501098 -0.000000 -0.000000 -0.000000 -4.569969 11.014894 -2.160884 0.000005 0.000003 -0.000023 -0.000052 0.000030 0.000011 -27.841520 0.000017 0.000005 -0.000010 0.000001 -0.000003 -28.328836 0.000017 0.000026 -0.000321 -0.000044 0.000010 -2.464817 -1.573966 2.681851 0.314112 -0.720934 -0.172575 -3.215199 -1.872762 1.924284 -0.432457 0.981326 0.240527 -2.654858 -1.527961 1.512612 -0.323118 0.728901 0.173694 0.000001 0.000001 0.000003 -9.108281 -0.517861 2.259837 -0.000007 -0.018787 0.000103 0.000005 0.029297 -0.000007 -0.000005 -0.010093 -0.000003 0.000000 0.000000 -0.000000 -9.532506 -0.000003 -0.000022 -0.000004 -0.057494 0.000110 -0.000001 0.097407 -0.000010 0.000002 -0.036900 -0.000003 -0.000000 0.000000 -0.000000 -9.103599 -0.043045 -1.865133 -0.000000 0.017917 -0.000000 -0.000004 -0.025390 -0.000003 0.000003 -0.012910 0.000003 0.000000 0.000000 0.000000 -8.076683 -0.486680 -3.806278 0.000000 0.059620 -0.000517 0.000001 0.097000 0.000017 -0.000004 -0.056907 0.000003 -0.000000 0.000000 -0.000000 4.570447 11.014723 -2.160855 -0.000007 -0.000002 -0.000015 0.000002 0.000103 0.000118 -0.000007 -0.000007 0.000007 28.328836 -0.000029 0.000017 0.000020 -0.000089 0.000000 2.466128 -1.576189 2.681733 0.271163 0.622431 0.149618 3.217803 -1.872061 1.916485 -0.380683 -0.867292 -0.214332 2.656008 -1.528832 1.514505 -0.280440 -0.641565 -0.159358 2.020883 -1.154066 1.115133 -0.000000 0.000002 -0.000004 9.109305 -0.518042 2.259871 0.000012 -0.005107 0.000093 -0.000008 0.012007 0.000014 -0.000002 -0.007600 -0.000003 -0.000000 -0.000000 0.000000 9.533409 0.000036 0.000044 0.000003 -0.003600 -0.000007 -0.000005 0.002400 0.000007 0.000012 0.002400 -0.000000 0.000000 -0.000000 -0.000000 9.104532 -0.043031 -1.865075 0.000007 0.000700 0.000097 -0.000005 0.000000 -0.000003 0.000010 0.000014 -0.000003 2.644325 0.000031 0.000057 0.000000 -0.000000 -0.000000 8.077785 -0.486864 -3.806258 0.000013 0.234300 -0.000586 -0.000002 -0.024114 0.000086 0.000003 -0.007673 -0.000010 0.000000 -0.000000 -0.000000 -8.207788 -6.751659 -1.599560 -0.077008 -0.000003 0.000080 0.153719 -0.000000 -0.000000 -0.076703 0.000000 -0.000002 -0.000005 -8.728669 10.710563 0.000005 -0.000000 -0.000000 -0.000001 -0.000676 9.278122 -0.000000 0.000000 -0.000000 8.207791 -6.751703 -1.599556 -0.074517 -0.000003 0.000081 0.148830 0.000002 0.000000 -0.074309 0.000000 -0.000002 -0.000003 -8.728670 10.710560 0.000005 -0.000000 -0.000000 -0.000001 -0.000677 9.278137 0.000003 0.000000 -0.000000 
0.000006 104.270470 1.554256 0.000021 0.000003 -0.000113 -0.000005 10.181587 0.131521 0.000002 -0.000003 0.000084 -0.000000 9.893967 -1.470709 -0.000000 0.000000 -0.000000 -0.000000 0.000000 -0.000000 0.000001 16.740417 -2.049035 0.000000 -0.000000 -0.000000 0.000000 9.617874 1.685008 -0.000000 -0.000000 0.000000 0.000002 22.037354 7.501098 -0.000000 -0.000000 -0.000000 -4.569969 11.014894 -2.160884 0.000005 0.000003 -0.000023 -0.000052 0.000030 0.000011 -27.841520 0.000017 0.000005 -0.000010 0.000001 -0.000003 -28.328836 0.000017 0.000026 -0.000321 -0.000044 0.000010 -2.464817 -1.573966 2.681851 0.314112 -0.720934 -0.172575 -3.215199 -1.872762 1.924284 -0.432457 0.981326 0.240527 -2.654858 -1.527961 1.512612 -0.323118 0.728901 0.173694 0.000001 0.000001 0.000003 -9.108281 -0.517861 2.259837 -0.000007 -0.018787 0.000103 0.000005 0.029297 -0.000007 -0.000005 -0.010093 -0.000003 0.000000 0.000000 -0.000000 -9.532506 -0.000003 -0.000022 -0.000004 -0.057494 0.000110 -0.000001 0.097407 -0.000010 0.000002 -0.036900 -0.000003 -0.000000 0.000000 -0.000000 -9.103599 -0.043045 -1.865133 -0.000000 0.017917 -0.000000 -0.000004 -0.025390 -0.000003 0.000003 -0.012910 0.000003 0.000000 0.000000 0.000000 -8.076683 -0.486680 -3.806278 0.000000 0.059620 -0.000517 0.000001 0.097000 0.000017 -0.000004 -0.056907 0.000003 -0.000000 0.000000 -0.000000 4.570447 11.014723 -2.160855 -0.000007 -0.000002 -0.000015 0.000002 0.000103 0.000118 -0.000007 -0.000007 0.000007 28.328836 -0.000029 0.000017 0.000020 -0.000089 0.000000 2.466128 -1.576189 2.681733 0.271163 0.622431 0.149618 3.217803 -1.872061 1.916485 -0.380683 -0.867292 -0.214332 2.656008 -1.528832 1.514505 -0.280440 -0.641565 -0.159358 2.020883 -1.154066 1.115133 -0.000000 0.000002 -0.000004 9.109305 -0.518042 2.259871 0.000012 -0.005107 0.000093 -0.000008 0.012007 0.000014 -0.000002 -0.007600 -0.000003 -0.000000 -0.000000 0.000000 9.533409 0.000036 0.000044 0.000003 -0.003600 -0.000007 -0.000005 0.002400 0.000007 0.000012 0.002400 -0.000000 0.000000 -0.000000 -0.000000 9.104532 -0.043031 -1.865075 0.000007 0.000700 0.000097 -0.000005 0.000000 -0.000003 0.000010 0.000014 -0.000003 2.644325 0.000031 0.000057 0.000000 -0.000000 -0.000000 8.077785 -0.486864 -3.806258 0.000013 0.234300 -0.000586 -0.000002 -0.024114 0.000086 0.000003 -0.007673 -0.000010 0.000000 -0.000000 -0.000000 -8.207788 -6.751659 -1.599560 -0.077008 -0.000003 0.000080 0.153719 -0.000000 -0.000000 -0.076703 0.000000 -0.000002 -0.000005 -8.728669 10.710563 0.000005 -0.000000 -0.000000 -0.000001 -0.000676 9.278122 -0.000000 0.000000 -0.000000 8.207791 -6.751703 -1.599556 -0.074517 -0.000003 0.000081 0.148830 0.000002 0.000000 -0.074309 0.000000 -0.000002 -0.000003 -8.728670 10.710560 0.000005 -0.000000 -0.000000 -0.000001 -0.000677 9.278137 0.000003 0.000000 -0.000000 
0.000006 104.270470 1.554256 0.000021 0.000003 -0.000113 -0.000005 10.181587 0.131521 0.000002 -0.000003 0.000084 -0.000000 9.893967 -1.470709 -0.000000 0.000000 -0.000000 -0.000000 0.000000 -0.000000 0.000001 16.740417 -2.049035 0.000000 -0.000000 -0.000000 0.000000 9.617874 1.685008 -0.000000 -0.000000 0.000000 0.000002 22.037354 7.501098 -0.000000 -0.000000 -0.000000 -4.569969 11.014894 -2.160884 0.000005 0.000003 -0.000023 -0.000052 0.000030 0.000011 -27.841520 0.000017 0.000005 -0.000010 0.000001 -0.000003 -28.328836 0.000017 0.000026 -0.000321 -0.000044 0.000010 -2.464817 -1.573966 2.681851 0.314112 -0.720934 -0.172575 -3.215199 -1.872762 1.924284 -0.432457 0.981326 0.240527 -2.654858 -1.527961 1.512612 -0.323118 0.728901 0.173694 0.000001 0.000001 0.000003 -9.108281 -0.517861 2.259837 -0.000007 -0.018787 0.000103 0.000005 0.029297 -0.000007 -0.000005 -0.010093 -0.000003 0.000000 0.000000 -0.000000 -9.532506 -0.000003 -0.000022 -0.000004 -0.057494 0.000110 -0.000001 0.097407 -0.000010 0.000002 -0.036900 -0.000003 -0.000000 0.000000 -0.000000 -9.103599 -0.043045 -1.865133 -0.000000 0.017917 -0.000000 -0.000004 -0.025390 -0.000003 0.000003 -0.012910 0.000003 0.000000 0.000000 0.000000 -8.076683 -0.486680 -3.806278 0.000000 0.059620 -0.000517 0.000001 0.097000 0.000017 -0.000004 -0.056907 0.000003 -0.000000 0.000000 -0.000000 4.570447 11.014723 -2.160855 -0.000007 -0.000002 -0.000015 0.000002 0.000103 0.000118 -0.000007 -0.000007 0.000007 28.328836 -0.000029 0.000017 0.000020 -0.000089 0.000000 2.466128 -1.576189 2.681733 0.271163 0.622431 0.149618 3.217803 -1.872061 1.916485 -0.380683 -0.867292 -0.214332 2.656008 -1.528832 1.514505 -0.280440 -0.641565 -0.159358 2.020883 -1.154066 1.115133 -0.000000 0.000002 -0.000004 9.109305 -0.518042 2.259871 0.000012 -0.005107 0.000093 -0.000008 0.012007 0.000014 -0.000002 -0.007600 -0.000003 -0.000000 -0.000000 0.000000 9.533409 0.000036 0.000044 0.000003 -0.003600 -0.000007 -0.000005 0.002400 0.000007 0.000012 0.002400 -0.000000 0.000000 -0.000000 -0.000000 9.104532 -0.043031 -1.865075 0.000007 0.000700 0.000097 -0.000005 0.000000 -0.000003 0.000010 0.000014 -0.000003 2.644325 0.000031 0.000057 0.000000 -0.000000 -0.000000 8.077785 -0.486864 -3.806258 0.000013 0.234300 -0.000586 -0.000002 -0.024114 0.000086 0.000003 -0.007673 -0.000010 0.000000 -0.000000 -0.000000 -8.207788 -6.751659 -1.599560 -0.077008 -0.000003 0.000080 0.153719 -0.000000 -0.000000 -0.076703 0.000000 -0.000002 -0.000005 -8.728669 10.710563 0.000005 -0.000000 -0.000000 -0.000001 -0.000676 9.278122 -0.000000 0.000000 -0.000000 8.207791 -6.751703 -1.599556 -0.074517 -0.000003 0.000081 0.148830 0.000002 0.000000 -0.074309 0.000000 -0.000002 -0.000003 -8.728670 10.710560 0.000005 -0.000000 -0.000000 -0.000001 -0.000677 9.278137 0.000003 0.000000 -0.000000 
0.000006 104.270470 1.554256 0.000021 0.000003 -0.000113 -0.000005 10.181587 0.131521 0.000002 -0.000003 0.000084 -0.000000 9.893967 -1.470709 -0.000000 0.000000 -0.000000 -0.000000 0.000000 -0.000000 0.000001 16.740417 -2.049035 0.000000 -0.000000 -0.000000 0.000000 9.617874 1.685008 -0.000000 -0.000000 0.000000 0.000002 22.037354 7.501098 -0.000000 -0.000000 -0.000000 -4.569969 11.014894 -2.160884 0.000005 0.000003 -0.000023 -0.000052 0.000030 0.000011 -27.841520 0.000017 0.000005 -0.000010 0.000001 -0.000003 -28.328836 0.000017 0.000026 -0.000321 -0.000044 0.000010 -2.464817 -1.573966 2.681851 0.314112 -0.720934 -0.172575 -3.215199 -1.872762 1.924284 -0.432457 0.981326 0.240527 -2.654858 -1.527961 1.512612 -0.323118 0.728901 0.173694 0.000001 0.000001 0.000003 -9.108281 -0.517861 2.259837 -0.000007 -0.018787 0.000103 0.000005 0.029297 -0.000007 -0.000005 -0.010093 -0.000003 0.000000 0.000000 -0.000000 -9.532506 -0.000003 -0.000022 -0.000004 -0.057494 0.000110 -0.000001 0.097407 -0.000010 0.000002 -0.036900 -0.000003 -0.000000 0.000000 -0.000000 -9.103599 -0.043045 -1.865133 -0.000000 0.017917 -0.000000 -0.000004 -0.025390 -0.000003 0.000003 -0.012910 0.000003 0.000000 0.000000 0.000000 -8.076683 -0.486680 -3.806278 0.000000 0.059620 -0.000517 0.000001 0.097000 0.000017 -0.000004 -0.056907 0.000003 -0.000000 0.000000 -0.000000 4.570447 11.014723 -2.160855 -0.000007 -0.000002 -0.000015 0.000002 0.000103 0.000118 -0.000007 -0.000007 0.000007 28.328836 -0.000029 0.000017 0.000020 -0.000089 0.000000 2.466128 -1.576189 2.681733 0.271163 0.622431 0.149618 3.217803 -1.872061 1.916485 -0.380683 -0.867292 -0.214332 2.656008 -1.528832 1.514505 -0.280440 -0.641565 -0.159358 2.020883 -1.154066 1.115133 -0.000000 0.000002 -0.000004 9.109305 -0.518042 2.259871 0.000012 -0.005107 0.000093 -0.000008 0.012007 0.000014 -0.000002 -0.007600 -0.000003 -0.000000 -0.000000 0.000000 9.533409 0.000036 0.000044 0.000003 -0.003600 -0.000007 -0.000005 0.002400 0.000007 0.000012 0.002400 -0.000000 0.000000 -0.000000 -0.000000 9.104532 -0.043031 -1.865075 0.000007 0.000700 0.000097 -0.000005 0.000000 -0.000003 0.000010 0.000014 -0.000003 2.644325 0.000031 0.000057 0.000000 -0.000000 -0.000000 8.077785 -0.486864 -3.806258 0.000013 0.234300 -0.000586 -0.000002 -0.024114 0.000086 0.000003 -0.007673 -0.000010 0.000000 -0.000000 -0.000000 -8.207788 -6.751659 -1.599560 -0.077008 -0.000003 0.000080 0.153719 -0.000000 -0.000000 -0.076703 0.000000 -0.000002 -0.000005 -8.728669 10.710563 0.000005 -0.000000 -0.000000 -0.000001 -0.000676 9.278122 -0.000000 0.000000 -0.000000 8.207791 -6.751703 -1.599556 -0.074517 -0.000003 0.000081 0.148830 0.000002 0.000000 -0.074309 0.000000 -0.000002 -0.000003 -8.728670 10.710560 0.000005 -0.000000 -0.000000 -0.000001 -0.000677 9.278137 0.000003 0.000000 -0.000000 
0.000006 104.270470 1.554256 0.000021 0.000003 -0.000113 -0.000005 10.181587 0.131521 0.000002 -0.000003 0.000084 -0.000000 9.893967 -1.470709 -0.000000 0.000000 -0.000000 -0.000000 0.000000 -0.000000 0.000001 16.740417 -2.049035 0.000000 -0.000000 -0.000000 0.000000 9.617874 1.685008 -0.000000 -0.000000 0.000000 0.000002 22.037354 7.501098 -0.000000 -0.000000 -0.000000 -4.569969 11.014894 -2.160884 0.000005 0.000003 -0.000023 -0.000052 0.000030 0.000011 -27.841520 0.000017 0.000005 -0.000010 0.000001 -0.000003 -28.328836 0.000017 0.000026 -0.000321 -0.000044 0.000010 -2.464817 -1.573966 2.681851 0.314112 -0.720934 -0.172575 -3.215199 -1.872762 1.924284 -0.432457 0.981326 0.240527 -2.654858 -1.527961 1.512612 -0.323118 0.728901 0.173694 0.000001 0.000001 0.000003 -9.108281 -0.517861 2.259837 -0.000007 -0.018787 0.000103 0.000005 0.029297 -0.000007 -0.000005 -0.010093 -0.000003 0.000000 0.000000 -0.000000 -9.532506 -0.000003 -0.000022 -0.000004 -0.057494 0.000110 -0.000001 0.097407 -0.000010 0.000002 -0.036900 -0.000003 -0.000000 0.000000 -0.000000 -9.103599 -0.043045 -1.865133 -0.000000 0.017917 -0.000000 -0.000004 -0.025390 -0.000003 0.000003 -0.012910 0.000003 0.000000 0.000000 0.000000 -8.076683 -0.486680 -3.806278 0.000000 0.059620 -0.000517 0.000001 0.097000 0.000017 -0.000004 -0.056907 0.000003 -0.000000 0.000000 -0.000000 4.570447 11.014723 -2.160855 -0.000007 -0.000002 -0.000015 0.000002 0.000103 0.000118 -0.000007 -0.000007 0.000007 28.328836 -0.000029 0.000017 0.000020 -0.000089 0.000000 2.466128 -1.576189 2.681733 0.271163 0.622431 0.149618 3.217803 -1.872061 1.916485 -0.380683 -0.867292 -0.214332 2.656008 -1.528832 1.514505 -0.280440 -0.641565 -0.159358 2.020883 -1.154066 1.115133 -0.000000 0.000002 -0.000004 9.109305 -0.518042 2.259871 0.000012 -0.005107 0.000093 -0.000008 0.012007 0.000014 -0.000002 -0.007600 -0.000003 -0.000000 -0.000000 0.000000 9.533409 0.000036 0.000044 0.000003 -0.003600 -0.000007 -0.000005 0.002400 0.000007 0.000012 0.002400 -0.000000 0.000000 -0.000000 -0.000000 9.104532 -0.043031 -1.865075 0.000007 0.000700 0.000097 -0.000005 0.000000 -0.000003 0.000010 0.000014 -0.000003 2.644325 0.000031 0.000057 0.000000 -0.000000 -0.000000 8.077785 -0.486864 -3.806258 0.000013 0.234300 -0.000586 -0.000002 -0.024114 0.000086 0.000003 -0.007673 -0.000010 0.000000 -0.000000 -0.000000 -8.207788 -6.751659 -1.599560 -0.077008 -0.000003 0.000080 0.153719 -0.000000 -0.000000 -0.076703 0.000000 -0.000002 -0.000005 -8.728669 10.710563 0.000005 -0.000000 -0.000000 -0.000001 -0.000676 9.278122 -0.000000 0.000000 -0.000000 8.207791 -6.751703 -1.599556 -0.074517 -0.000003 0.000081 0.148830 0.000002 0.000000 -0.074309 0.000000 -0.000002 -0.000003 -8.728670 10.710560 0.000005 -0.000000 -0.000000 -0.000001 -0.000677 9.278137 0.000003 0.000000 -0.000000 
0.000006 104.270470 1.554256 0.000021 0.000003 -0.000113 -0.000005 10.181587 0.131521 0.000002 -0.000003 0.000084 -0.000000 9.893967 -1.470709 -0.000000 0.000000 -0.000000 -0.000000 0.000000 -0.000000 0.000001 16.740417 -2.049035 0.000000 -0.000000 -0.000000 0.000000 9.617874 1.685008 -0.000000 -0.000000 0.000000 0.000002 22.037354 7.501098 -0.000000 -0.000000 -0.000000 -4.569969 11.014894 -2.160884 0.000005 0.000003 -0.000023 -0.000052 0.000030 0.000011 -27.841520 0.000017 0.000005 -0.000010 0.000001 -0.000003 -28.328836 0.000017 0.000026 -0.000321 -0.000044 0.000010 -2.464817 -1.573966 2.681851 0.314112 -0.720934 -0.172575 -3.215199 -1.872762 1.924284 -0.432457 0.981326 0.240527 -2.654858 -1.527961 1.512612 -0.323118 0.728901 0.173694 0.000001 0.000001 0.000003 -9.108281 -0.517861 2.259837 -0.000007 -0.018787 0.000103 0.000005 0.029297 -0.000007 -0.000005 -0.010093 -0.000003 0.000000 0.000000 -0.000000 -9.532506 -0.000003 -0.000022 -0.000004 -0.057494 0.000110 -0.000001 0.097407 -0.000010 0.000002 -0.036900 -0.000003 -0.000000 0.000000 -0.000000 -9.103599 -0.043045 -1.865133 -0.000000 0.017917 -0.000000 -0.000004 -0.025390 -0.000003 0.000003 -0.012910 0.000003 0.000000 0.000000 0.000000 -8.076683 -0.486680 -3.806278 0.000000 0.059620 -0.000517 0.000001 0.097000 0.000017 -0.000004 -0.056907 0.000003 -0.000000 0.000000 -0.000000 4.570447 11.014723 -2.160855 -0.000007 -0.000002 -0.000015 0.000002 0.000103 0.000118 -0.000007 -0.000007 0.000007 28.328836 -0.000029 0.000017 0.000020 -0.000089 0.000000 2.466128 -1.576189 2.681733 0.271163 0.622431 0.149618 3.217803 -1.872061 1.916485 -0.380683 -0.867292 -0.214332 2.656008 -1.528832 1.514505 -0.280440 -0.641565 -0.159358 2.020883 -1.154066 1.115133 -0.000000 0.000002 -0.000004 9.109305 -0.518042 2.259871 0.000012 -0.005107 0.000093 -0.000008 0.012007 0.000014 -0.000002 -0.007600 -0.000003 -0.000000 -0.000000 0.000000 9.533409 0.000036 0.000044 0.000003 -0.003600 -0.000007 -0.000005 0.002400 0.000007 0.000012 0.002400 -0.000000 0.000000 -0.000000 -0.000000 9.104532 -0.043031 -1.865075 0.000007 0.000700 0.000097 -0.000005 0.000000 -0.000003 0.000010 0.000014 -0.000003 2.644325 0.000031 0.000057 0.000000 -0.000000 -0.000000 8.077785 -0.486864 -3.806258 0.000013 0.234300 -0.000586 -0.000002 -0.024114 0.000086 0.000003 -0.007673 -0.000010 0.000000 -0.000000 -0.000000 -8.207788 -6.751659 -1.599560 -0.077008 -0.000003 0.000080 0.153719 -0.000000 -0.000000 -0.076703 0.000000 -0.000002 -0.000005 -8.728669 10.710563 0.000005 -0.000000 -0.000000 -0.000001 -0.000676 9.278122 -0.000000 0.000000 -0.000000 8.207791 -6.751703 -1.599556 -0.074517 -0.000003 0.000081 0.148830 0.000002 0.000000 -0.074309 0.000000 -0.000002 -0.000003 -8.728670 10.710560 0.000005 -0.000000 -0.000000 -0.000001 -0.000677 9.278137 0.000003 0.000000 -0.000000 
0.000006 104.270470 1.554256 0.000021 0.000003 -0.000113 -0.000005 10.181587 0.131521 0.000002 -0.000003 0.000084 -0.000000 9.893967 -1.470709 -0.000000 0.000000 -0.000000 -0.000000 0.000000 -0.000000 0.000001 16.740417 -2.049035 0.000000 -0.000000 -0.000000 0.000000 9.617874 1.685008 -0.000000 -0.000000 0.000000 0.000002 22.037354 7.501098 -0.000000 -0.000000 -0.000000 -4.569969 11.014894 -2.160884 0.000005 0.000003 -0.000023 -0.000052 0.000030 0.000011 -27.841520 0.000017 0.000005 -0.000010 0.000001 -0.000003 -28.328836 0.000017 0.000026 -0.000321 -0.000044 0.000010 -2.464817 -1.573966 2.681851 0.314112 -0.720934 -0.172575 -3.215199 -1.872762 1.924284 -0.432457 0.981326 0.240527 -2.654858 -1.527961 1.512612 -0.323118 0.728901 0.173694 0.000001 0.000001 0.000003 -9.108281 -0.517861 2.259837 -0.000007 -0.018787 0.000103 0.000005 0.029297 -0.000007 -0.000005 -0.010093 -0.000003 0.000000 0.000000 -0.000000 -9.532506 -0.000003 -0.000022 -0.000004 -0.057494 0.000110 -0.000001 0.097407 -0.000010 0.000002 -0.036900 -0.000003 -0.000000 0.000000 -0.000000 -9.103599 -0.043045 -1.865133 -0.000000 0.017917 -0.000000 -0.000004 -0.025390 -0.000003 0.000003 -0.012910 0.000003 0.000000 0.000000 0.000000 -8.076683 -0.486680 -3.806278 0.000000 0.059620 -0.000517 0.000001 0.097000 0.000017 -0.000004 -0.056907 0.000003 -0.000000 0.000000 -0.000000 4.570447 11.014723 -2.160855 -0.000007 -0.000002 -0.000015 0.000002 0.000103 0.000118 -0.000007 -0.000007 0.000007 28.328836 -0.000029 0.000017 0.000020 -0.000089 0.000000 2.466128 -1.576189 2.681733 0.271163 0.622431 0.149618 3.217803 -1.872061 1.916485 -0.380683 -0.867292 -0.214332 2.656008 -1.528832 1.514505 -0.280440 -0.641565 -0.159358 2.020883 -1.154066 1.115133 -0.000000 0.000002 -0.000004 9.109305 -0.518042 2.259871 0.000012 -0.005107 0.000093 -0.000008 0.012007 0.000014 -0.000002 -0.007600 -0.000003 -0.000000 -0.000000 0.000000 9.533409 0.000036 0.000044 0.000003 -0.003600 -0.000007 -0.000005 0.002400 0.000007 0.000012 0.002400 -0.000000 0.000000 -0.000000 -0.000000 9.104532 -0.043031 -1.865075 0.000007 0.000700 0.000097 -0.000005 0.000000 -0.000003 0.000010 0.000014 -0.000003 2.644325 0.000031 0.000057 0.000000 -0.000000 -0.000000 8.077785 -0.486864 -3.806258 0.000013 0.234300 -0.000586 -0.000002 -0.024114 0.000086 0.000003 -0.007673 -0.000010 0.000000 -0.000000 -0.000000 -8.207788 -6.751659 -1.599560 -0.077008 -0.000003 0.000080 0.153719 -0.000000 -0.000000 -0.076703 0.000000 -0.000002 -0.000005 -8.728669 10.710563 0.000005 -0.000000 -0.000000 -0.000001 -0.000676 9.278122 -0.000000 0.000000 -0.000000 8.207791 -6.751703 -1.599556 -0.074517 -0.000003 0.000081 0.148830 0.000002 0.000000 -0.074309 0.000000 -0.000002 -0.000003 -8.728670 10.710560 0.000005 -0.000000 -0.000000 -0.000001 -0.000677 9.278137 0.000003 0.000000 -0.000000 
0.000006 104.270470 1.554256 0.000021 0.000003 -0.000113 -0.000005 10.181587 0.131521 0.000002 -0.000003 0.000084 -0.000000 9.893967 -1.470709 -0.000000 0.000000 -0.000000 -0.000000 0.000000 -0.000000 0.000001 16.740417 -2.049035 0.000000 -0.000000 -0.000000 0.000000 9.617874 1.685008 -0.000000 -0.000000 0.000000 0.000002 22.037354 7.501098 -0.000000 -0.000000 -0.000000 -4.569969 11.014894 -2.160884 0.000005 0.000003 -0.000023 -0.000052 0.000030 0.000011 -27.841520 0.000017 0.000005 -0.000010 0.000001 -0.000003 -28.328836 0.000017 0.000026 -0.000321 -0.000044 0.000010 -2.464817 -1.573966 2.681851 0.314112 -0.720934 -0.172575 -3.215199 -1.872762 1.924284 -0.432457 0.981326 0.240527 -2.654858 -1.527961 1.512612 -0.323118 0.728901 0.173694 0.000001 0.000001 0.000003 -9.108281 -0.517861 2.259837 -0.000007 -0.018787 0.000103 0.000005 0.029297 -0.000007 -0.000005 -0.010093 -0.000003 0.000000 0.000000 -0.000000 -9.532506 -0.000003 -0.000022 -0.000004 -0.057494 0.000110 -0.000001 0.097407 -0.000010 0.000002 -0.036900 -0.000003 -0.000000 0.000000 -0.000000 -9.103599 -0.043045 -1.865133 -0.000000 0.017917 -0.000000 -0.000004 -0.025390 -0.000003 0.000003 -0.012910 0.000003 0.000000 0.000000 0.000000 -8.076683 -0.486680 -3.806278 0.000000 0.059620 -0.000517 0.000001 0.097000 0.000017 -0.000004 -0.056907 0.000003 -0.000000 0.000000 -0.000000 4.570447 11.014723 -2.160855 -0.000007 -0.000002 -0.000015 0.000002 0.000103 0.000118 -0.000007 -0.000007 0.000007 28.328836 -0.000029 0.000017 0.000020 -0.000089 0.000000 2.466128 -1.576189 2.681733 0.271163 0.622431 0.149618 3.217803 -1.872061 1.916485 -0.380683 -0.867292 -0.214332 2.656008 -1.528832 1.514505 -0.280440 -0.641565 -0.159358 2.020883 -1.154066 1.115133 -0.000000 0.000002 -0.000004 9.109305 -0.518042 2.259871 0.000012 -0.005107 0.000093 -0.000008 0.012007 0.000014 -0.000002 -0.007600 -0.000003 -0.000000 -0.000000 0.000000 9.533409 0.000036 0.000044 0.000003 -0.003600 -0.000007 -0.000005 0.002400 0.000007 0.000012 0.002400 -0.000000 0.000000 -0.000000 -0.000000 9.104532 -0.043031 -1.865075 0.000007 0.000700 0.000097 -0.000005 0.000000 -0.000003 0.000010 0.000014 -0.000003 2.644325 0.000031 0.000057 0.000000 -0.000000 -0.000000 8.077785 -0.486864 -3.806258 0.000013 0.234300 -0.000586 -0.000002 -0.024114 0.000086 0.000003 -0.007673 -0.000010 0.000000 -0.000000 -0.000000 -8.207788 -6.751659 -1.599560 -0.077008 -0.000003 0.000080 0.153719 -0.000000 -0.000000 -0.076703 0.000000 -0.000002 -0.000005 -8.728669 10.710563 0.000005 -0.000000 -0.000000 -0.000001 -0.000676 9.278122 -0.000000 0.000000 -0.000000 8.207791 -6.751703 -1.599556 -0.074517 -0.000003 0.000081 0.148830 0.000002 0.000000 -0.074309 0.000000 -0.000002 -0.000003 -8.728670 10.710560 0.000005 -0.000000 -0.000000 -0.000001 -0.000677 9.278137 0.000003 0.000000 -0.000000 
0.000006 104.270470 1.554256 0.000021 0.000003 -0.000113 -0.000005 10.181587 0.131521 0.000002 -0.000003 0.000084 -0.000000 9.893967 -1.470709 -0.000000 0.000000 -0.000000 -0.000000 0.000000 -0.000000 0.000001 16.740417 -2.049035 0.000000 -0.000000 -0.000000 0.000000 9.617874 1.685008 -0.000000 -0.000000 0.000000 0.000002 22.037354 7.501098 -0.000000 -0.000000 -0.000000 -4.569969 11.014894 -2.160884 0.000005 0.000003 -0.000023 -0.000052 0.000030 0.000011 -27.841520 0.000017 0.000005 -0.000010 0.000001 -0.000003 -28.328836 0.000017 0.000026 -0.000321 -0.000044 0.000010 -2.464817 -1.573966 2.681851 0.314112 -0.720934 -0.172575 -3.215199 -1.872762 1.924284 -0.432457 0.981326 0.240527 -2.654858 -1.527961 1.512612 -0.323118 0.728901 0.173694 0.000001 0.000001 0.000003 -9.108281 -0.517861 2.259837 -0.000007 -0.018787 0.000103 0.000005 0.029297 -0.000007 -0.000005 -0.010093 -0.000003 0.000000 0.000000 -0.000000 -9.532506 -0.000003 -0.000022 -0.000004 -0.057494 0.000110 -0.000001 0.097407 -0.000010 0.000002 -0.036900 -0.000003 -0.000000 0.000000 -0.000000 -9.103599 -0.043045 -1.865133 -0.000000 0.017917 -0.000000 -0.000004 -0.025390 -0.000003 0.000003 -0.012910 0.000003 0.000000 0.000000 0.000000 -8.076683 -0.486680 -3.806278 0.000000 0.059620 -0.000517 0.000001 0.097000 0.000017 -0.000004 -0.056907 0.000003 -0.000000 0.000000 -0.000000 4.570447 11.014723 -2.160855 -0.000007 -0.000002 -0.000015 0.000002 0.000103 0.000118 -0.000007 -0.000007 0.000007 28.328836 -0.000029 0.000017 0.000020 -0.000089 0.000000 2.466128 -1.576189 2.681733 0.271163 0.622431 0.149618 3.217803 -1.872061 1.916485 -0.380683 -0.867292 -0.214332 2.656008 -1.528832 1.514505 -0.280440 -0.641565 -0.159358 2.020883 -1.154066 1.115133 -0.000000 0.000002 -0.000004 9.109305 -0.518042 2.259871 0.000012 -0.005107 0.000093 -0.000008 0.012007 0.000014 -0.000002 -0.007600 -0.000003 -0.000000 -0.000000 0.000000 9.533409 0.000036 0.000044 0.000003 -0.003600 -0.000007 -0.000005 0.002400 0.000007 0.000012 0.002400 -0.000000 0.000000 -0.000000 -0.000000 9.104532 -0.043031 -1.865075 0.000007 0.000700 0.000097 -0.000005 0.000000 -0.000003 0.000010 0.000014 -0.000003 2.644325 0.000031 0.000057 0.000000 -0.000000 -0.000000 8.077785 -0.486864 -3.806258 0.000013 0.234300 -0.000586 -0.000002 -0.024114 0.000086 0.000003 -0.007673 -0.000010 0.000000 -0.000000 -0.000000 -8.207788 -6.751659 -1.599560 -0.077008 -0.000003 0.000080 0.153719 -0.000000 -0.000000 -0.076703 0.000000 -0.000002 -0.000005 -8.728669 10.710563 0.000005 -0.000000 -0.000000 -0.000001 -0.000676 9.278122 -0.000000 0.000000 -0.000000 8.207791 -6.751703 -1.599556 -0.074517 -0.000003 0.000081 0.148830 0.000002 0.000000 -0.074309 0.000000 -0.000002 -0.000003 -8.728670 10.710560 0.000005 -0.000000 -0.000000 -0.000001 -0.000677 9.278137 0.000003 0.000000 -0.000000 
0.000006 104.270470 1.554256 0.000021 0.000003 -0.000113 -0.000005 10.181587 0.131521 0.000002 -0.000003 0.000084 -0.000000 9.893967 -1.470709 -0.000000 0.000000 -0.000000 -0.000000 0.000000 -0.000000 0.000001 16.740417 -2.049035 0.000000 -0.000000 -0.000000 0.000000 9.617874 1.685008 -0.000000 -0.000000 0.000000 0.000002 22.037354 7.501098 -0.000000 -0.000000 -0.000000 -4.569969 11.014894 -2.160884 0.000005 0.000003 -0.000023 -0.000052 0.000030 0.000011 -27.841520 0.000017 0.000005 -0.000010 0.000001 -0.000003 -28.328836 0.000017 0.000026 -0.000321 -0.000044 0.000010 -2.464817 -1.573966 2.681851 0.314112 -0.720934 -0.172575 -3.215199 -1.872762 1.924284 -0.432457 0.981326 0.240527 -2.654858 -1.527961 1.512612 -0.323118 0.728901 0.173694 0.000001 0.000001 0.000003 -9.108281 -0.517861 2.259837 -0.000007 -0.018787 0.000103 0.000005 0.029297 -0.000007 -0.000005 -0.010093 -0.000003 0.000000 0.000000 -0.000000 -9.532506 -0.000003 -0.000022 -0.000004 -0.057494 0.000110 -0.000001 0.097407 -0.000010 0.000002 -0.036900 -0.000003 -0.000000 0.000000 -0.000000 -9.103599 -0.043045 -1.865133 -0.000000 0.017917 -0.000000 -0.000004 -0.025390 -0.000003 0.000003 -0.012910 0.000003 0.000000 0.000000 0.000000 -8.076683 -0.486680 -3.806278 0.000000 0.059620 -0.000517 0.000001 0.097000 0.000017 -0.000004 -0.056907 0.000003 -0.000000 0.000000 -0.000000 4.570447 11.014723 -2.160855 -0.000007 -0.000002 -0.000015 0.000002 0.000103 0.000118 -0.000007 -0.000007 0.000007 28.328836 -0.000029 0.000017 0.000020 -0.000089 0.000000 2.466128 -1.576189 2.681733 0.271163 0.622431 0.149618 3.217803 -1.872061 1.916485 -0.380683 -0.867292 -0.214332 2.656008 -1.528832 1.514505 -0.280440 -0.641565 -0.159358 2.020883 -1.154066 1.115133 -0.000000 0.000002 -0.000004 9.109305 -0.518042 2.259871 0.000012 -0.005107 0.000093 -0.000008 0.012007 0.000014 -0.000002 -0.007600 -0.000003 -0.000000 -0.000000 0.000000 9.533409 0.000036 0.000044 0.000003 -0.003600 -0.000007 -0.000005 0.002400 0.000007 0.000012 0.002400 -0.000000 0.000000 -0.000000 -0.000000 9.104532 -0.043031 -1.865075 0.000007 0.000700 0.000097 -0.000005 0.000000 -0.000003 0.000010 0.000014 -0.000003 2.644325 0.000031 0.000057 0.000000 -0.000000 -0.000000 8.077785 -0.486864 -3.806258 0.000013 0.234300 -0.000586 -0.000002 -0.024114 0.000086 0.000003 -0.007673 -0.000010 0.000000 -0.000000 -0.000000 -8.207788 -6.751659 -1.599560 -0.077008 -0.000003 0.000080 0.153719 -0.000000 -0.000000 -0.076703 0.000000 -0.000002 -0.000005 -8.728669 10.710563 0.000005 -0.000000 -0.000000 -0.000001 -0.000676 9.278122 -0.000000 0.000000 -0.000000 8.207791 -6.751703 -1.599556 -0.074517 -0.000003 0.000081 0.148830 0.000002 0.000000 -0.074309 0.000000 -0.000002 -0.000003 -8.728670 10.710560 0.000005 -0.000000 -0.000000 -0.000001 -0.000677 9.278137 0.000003 0.000000 -0.000000 
0.000006 104.270470 1.554256 0.000021 0.000003 -0.000113 -0.000005 10.181587 0.131521 0.000002 -0.000003 0.000084 -0.000000 9.893967 -1.470709 -0.000000 0.000000 -0.000000 -0.000000 0.000000 -0.000000 0.000001 16.740417 -2.049035 0.000000 -0.000000 -0.000000 0.000000 9.617874 1.685008 -0.000000 -0.000000 0.000000 0.000002 22.037354 7.501098 -0.000000 -0.000000 -0.000000 -4.569969 11.014894 -2.160884 0.000005 0.000003 -0.000023 -0.000052 0.000030 0.000011 -27.841520 0.000017 0.000005 -0.000010 0.000001 -0.000003 -28.328836 0.000017 0.000026 -0.000321 -0.000044 0.000010 -2.464817 -1.573966 2.681851 0.314112 -0.720934 -0.172575 -3.215199 -1.872762 1.924284 -0.432457 0.981326 0.240527 -2.654858 -1.527961 1.512612 -0.323118 0.728901 0.173694 0.000001 0.000001 0.000003 -9.108281 -0.517861 2.259837 -0.000007 -0.018787 0.000103 0.000005 0.029297 -0.000007 -0.000005 -0.010093 -0.000003 0.000000 0.000000 -0.000000 -9.532506 -0.000003 -0.000022 -0.000004 -0.057494 0.000110 -0.000001 0.097407 -0.000010 0.000002 -0.036900 -0.000003 -0.000000 0.000000 -0.000000 -9.103599 -0.043045 -1.865133 -0.000000 0.017917 -0.000000 -0.000004 -0.025390 -0.000003 0.000003 -0.012910 0.000003 0.000000 0.000000 0.000000 -8.076683 -0.486680 -3.806278 0.000000 0.059620 -0.000517 0.000001 0.097000 0.000017 -0.000004 -0.056907 0.000003 -0.000000 0.000000 -0.000000 4.570447 11.014723 -2.160855 -0.000007 -0.000002 -0.000015 0.000002 0.000103 0.000118 -0.000007 -0.000007 0.000007 28.328836 -0.000029 0.000017 0.000020 -0.000089 0.000000 2.466128 -1.576189 2.681733 0.271163 0.622431 0.149618 3.217803 -1.872061 1.916485 -0.380683 -0.867292 -0.214332 2.656008 -1.528832 1.514505 -0.280440 -0.641565 -0.159358 2.020883 -1.154066 1.115133 -0.000000 0.000002 -0.000004 9.109305 -0.518042 2.259871 0.000012 -0.005107 0.000093 -0.000008 0.012007 0.000014 -0.000002 -0.007600 -0.000003 -0.000000 -0.000000 0.000000 9.533409 0.000036 0.000044 0.000003 -0.003600 -0.000007 -0.000005 0.002400 0.000007 0.000012 0.002400 -0.000000 0.000000 -0.000000 -0.000000 9.104532 -0.043031 -1.865075 0.000007 0.000700 0.000097 -0.000005 0.000000 -0.000003 0.000010 0.000014 -0.000003 2.644325 0.000031 0.000057 0.000000 -0.000000 -0.000000 8.077785 -0.486864 -3.806258 0.000013 0.234300 -0.000586 -0.000002 -0.024114 0.000086 0.000003 -0.007673 -0.000010 0.000000 -0.000000 -0.000000 -8.207788 -6.751659 -1.599560 -0.077008 -0.000003 0.000080 0.153719 -0.000000 -0.000000 -0.076703 0.000000 -0.000002 -0.000005 -8.728669 10.710563 0.000005 -0.000000 -0.000000 -0.000001 -0.000676 9.278122 -0.000000 0.000000 -0.000000 8.207791 -6.751703 -1.599556 -0.074517 -0.000003 0.000081 0.148830 0.000002 0.000000 -0.074309 0.000000 -0.000002 -0.000003 -8.728670 10.710560 0.000005 -0.000000 -0.000000 -0.000001 -0.000677 9.278137 0.000003 0.000000 -0.000000 
0.000006 104.270470 1.554256 0.000021 0.000003 -0.000113 -0.000005 10.181587 0.131521 0.000002 -0.000003 0.000084 -0.000000 9.893967 -1.470709 -0.000000 0.000000 -0.000000 -0.000000 0.000000 -0.000000 0.000001 16.740417 -2.049035 0.000000 -0.000000 -0.000000 0.000000 9.617874 1.685008 -0.000000 -0.000000 0.000000 0.000002 22.037354 7.501098 -0.000000 -0.000000 -0.000000 -4.569969 11.014894 -2.160884 0.000005 0.000003 -0.000023 -0.000052 0.000030 0.000011 -27.841520 0.000017 0.000005 -0.000010 0.000001 -0.000003 -28.328836 0.000017 0.000026 -0.000321 -0.000044 0.000010 -2.464817 -1.573966 2.681851 0.314112 -0.720934 -0.172575 -3.215199 -1.872762 1.924284 -0.432457 0.981326 0.240527 -2.654858 -1.527961 1.512612 -0.323118 0.728901 0.173694 0.000001 0.000001 0.000003 -9.108281 -0.517861 2.259837 -0.000007 -0.018787 0.000103 0.000005 0.029297 -0.000007 -0.000005 -0.010093 -0.000003 0.000000 0.000000 -0.000000 -9.532506 -0.000003 -0.000022 -0.000004 -0.057494 0.000110 -0.000001 0.097407 -0.000010 0.000002 -0.036900 -0.000003 -0.000000 0.000000 -0.000000 -9.103599 -0.043045 -1.865133 -0.000000 0.017917 -0.000000 -0.000004 -0.025390 -0.000003 0.000003 -0.012910 0.000003 0.000000 0.000000 0.000000 -8.076683 -0.486680 -3.806278 0.000000 0.059620 -0.000517 0.000001 0.097000 0.000017 -0.000004 -0.056907 0.000003 -0.000000 0.000000 -0.000000 4.570447 11.014723 -2.160855 -0.000007 -0.000002 -0.000015 0.000002 0.000103 0.000118 -0.000007 -0.000007 0.000007 28.328836 -0.000029 0.000017 0.000020 -0.000089 0.000000 2.466128 -1.576189 2.681733 0.271163 0.622431 0.149618 3.217803 -1.872061 1.916485 -0.380683 -0.867292 -0.214332 2.656008 -1.528832 1.514505 -0.280440 -0.641565 -0.159358 2.020883 -1.154066 1.115133 -0.000000 0.000002 -0.000004 9.109305 -0.518042 2.259871 0.000012 -0.005107 0.000093 -0.000008 0.012007 0.000014 -0.000002 -0.007600 -0.000003 -0.000000 -0.000000 0.000000 9.533409 0.000036 0.000044 0.000003 -0.003600 -0.000007 -0.000005 0.002400 0.000007 0.000012 0.002400 -0.000000 0.000000 -0.000000 -0.000000 9.104532 -0.043031 -1.865075 0.000007 0.000700 0.000097 -0.000005 0.000000 -0.000003 0.000010 0.000014 -0.000003 2.644325 0.000031 0.000057 0.000000 -0.000000 -0.000000 8.077785 -0.486864 -3.806258 0.000013 0.234300 -0.000586 -0.000002 -0.024114 0.000086 0.000003 -0.007673 -0.000010 0.000000 -0.000000 -0.000000 -8.207788 -6.751659 -1.599560 -0.077008 -0.000003 0.000080 0.153719 -0.000000 -0.000000 -0.076703 0.000000 -0.000002 -0.000005 -8.728669 10.710563 0.000005 -0.000000 -0.000000 -0.000001 -0.000676 9.278122 -0.000000 0.000000 -0.000000 8.207791 -6.751703 -1.599556 -0.074517 -0.000003 0.000081 0.148830 0.000002 0.000000 -0.074309 0.000000 -0.000002 -0.000003 -8.728670 10.710560 0.000005 -0.000000 -0.000000 -0.000001 -0.000677 9.278137 0.000003 0.000000 -0.000000 
0.000006 104.270470 1.554256 0.000021 0.000003 -0.000113 -0.000005 10.181587 0.131521 0.000002 -0.000003 0.000084 -0.000000 9.893967 -1.470709 -0.000000 0.000000 -0.000000 -0.000000 0.000000 -0.000000 0.000001 16.740417 -2.049035 0.000000 -0.000000 -0.000000 0.000000 9.617874 1.685008 -0.000000 -0.000000 0.000000 0.000002 22.037354 7.501098 -0.000000 -0.000000 -0.000000 -4.569969 11.014894 -2.160884 0.000005 0.000003 -0.000023 -0.000052 0.000030 0.000011 -27.841520 0.000017 0.000005 -0.000010 0.000001 -0.000003 -28.328836 0.000017 0.000026 -0.000321 -0.000044 0.000010 -2.464817 -1.573966 2.681851 0.314112 -0.720934 -0.172575 -3.215199 -1.872762 1.924284 -0.432457 0.981326 0.240527 -2.654858 -1.527961 1.512612 -0.323118 0.728901 0.173694 0.000001 0.000001 0.000003 -9.108281 -0.517861 2.259837 -0.000007 -0.018787 0.000103 0.000005 0.029297 -0.000007 -0.000005 -0.010093 -0.000003 0.000000 0.000000 -0.000000 -9.532506 -0.000003 -0.000022 -0.000004 -0.057494 0.000110 -0.000001 0.097407 -0.000010 0.000002 -0.036900 -0.000003 -0.000000 0.000000 -0.000000 -9.103599 -0.043045 -1.865133 -0.000000 0.017917 -0.000000 -0.000004 -0.025390 -0.000003 0.000003 -0.012910 0.000003 0.000000 0.000000 0.000000 -8.076683 -0.486680 -3.806278 0.000000 0.059620 -0.000517 0.000001 0.097000 0.000017 -0.000004 -0.056907 0.000003 -0.000000 0.000000 -0.000000 4.570447 11.014723 -2.160855 -0.000007 -0.000002 -0.000015 0.000002 0.000103 0.000118 -0.000007 -0.000007 0.000007 28.328836 -0.000029 0.000017 0.000020 -0.000089 0.000000 2.466128 -1.576189 2.681733 0.271163 0.622431 0.149618 3.217803 -1.872061 1.916485 -0.380683 -0.867292 -0.214332 2.656008 -1.528832 1.514505 -0.280440 -0.641565 -0.159358 2.020883 -1.154066 1.115133 -0.000000 0.000002 -0.000004 9.109305 -0.518042 2.259871 0.000012 -0.005107 0.000093 -0.000008 0.012007 0.000014 -0.000002 -0.007600 -0.000003 -0.000000 -0.000000 0.000000 9.533409 0.000036 0.000044 0.000003 -0.003600 -0.000007 -0.000005 0.002400 0.000007 0.000012 0.002400 -0.000000 0.000000 -0.000000 -0.000000 9.104532 -0.043031 -1.865075 0.000007 0.000700 0.000097 -0.000005 0.000000 -0.000003 0.000010 0.000014 -0.000003 2.644325 0.000031 0.000057 0.000000 -0.000000 -0.000000 8.077785 -0.486864 -3.806258 0.000013 0.234300 -0.000586 -0.000002 -0.024114 0.000086 0.000003 -0.007673 -0.000010 0.000000 -0.000000 -0.000000 -8.207788 -6.751659 -1.599560 -0.077008 -0.000003 0.000080 0.153719 -0.000000 -0.000000 -0.076703 0.000000 -0.000002 -0.000005 -8.728669 10.710563 0.000005 -0.000000 -0.000000 -0.000001 -0.000676 9.278122 -0.000000 0.000000 -0.000000 8.207791 -6.751703 -1.599556 -0.074517 -0.000003 0.000081 0.148830 0.000002 0.000000 -0.074309 0.000000 -0.000002 -0.000003 -8.728670 10.710560 0.000005 -0.000000 -0.000000 -0.000001 -0.000677 9.278137 0.000003 0.000000 -0.000000 
0.000006 104.270470 1.554256 0.000021 0.000003 -0.000113 -0.000005 10.181587 0.131521 0.000002 -0.000003 0.000084 -0.000000 9.893967 -1.470709 -0.000000 0.000000 -0.000000 -0.000000 0.000000 -0.000000 0.000001 16.740417 -2.049035 0.000000 -0.000000 -0.000000 0.000000 9.617874 1.685008 -0.000000 -0.000000 0.000000 0.000002 22.037354 7.501098 -0.000000 -0.000000 -0.000000 -4.569969 11.014894 -2.160884 0.000005 0.000003 -0.000023 -0.000052 0.000030 0.000011 -27.841520 0.000017 0.000005 -0.000010 0.000001 -0.000003 -28.328836 0.000017 0.000026 -0.000321 -0.000044 0.000010 -2.464817 -1.573966 2.681851 0.314112 -0.720934 -0.172575 -3.215199 -1.872762 1.924284 -0.432457 0.981326 0.240527 -2.654858 -1.527961 1.512612 -0.323118 0.728901 0.173694 0.000001 0.000001 0.000003 -9.108281 -0.517861 2.259837 -0.000007 -0.018787 0.000103 0.000005 0.029297 -0.000007 -0.000005 -0.010093 -0.000003 0.000000 0.000000 -0.000000 -9.532506 -0.000003 -0.000022 -0.000004 -0.057494 0.000110 -0.000001 0.097407 -0.000010 0.000002 -0.036900 -0.000003 -0.000000 0.000000 -0.000000 -9.103599 -0.043045 -1.865133 -0.000000 0.017917 -0.000000 -0.000004 -0.025390 -0.000003 0.000003 -0.012910 0.000003 0.000000 0.000000 0.000000 -8.076683 -0.486680 -3.806278 0.000000 0.059620 -0.000517 0.000001 0.097000 0.000017 -0.000004 -0.056907 0.000003 -0.000000 0.000000 -0.000000 4.570447 11.014723 -2.160855 -0.000007 -0.000002 -0.000015 0.000002 0.000103 0.000118 -0.000007 -0.000007 0.000007 28.328836 -0.000029 0.000017 0.000020 -0.000089 0.000000 2.466128 -1.576189 2.681733 0.271163 0.622431 0.149618 3.217803 -1.872061 1.916485 -0.380683 -0.867292 -0.214332 2.656008 -1.528832 1.514505 -0.280440 -0.641565 -0.159358 2.020883 -1.154066 1.115133 -0.000000 0.000002 -0.000004 9.109305 -0.518042 2.259871 0.000012 -0.005107 0.000093 -0.000008 0.012007 0.000014 -0.000002 -0.007600 -0.000003 -0.000000 -0.000000 0.000000 9.533409 0.000036 0.000044 0.000003 -0.003600 -0.000007 -0.000005 0.002400 0.000007 0.000012 0.002400 -0.000000 0.000000 -0.000000 -0.000000 9.104532 -0.043031 -1.865075 0.000007 0.000700 0.000097 -0.000005 0.000000 -0.000003 0.000010 0.000014 -0.000003 2.644325 0.000031 0.000057 0.000000 -0.000000 -0.000000 8.077785 -0.486864 -3.806258 0.000013 0.234300 -0.000586 -0.000002 -0.024114 0.000086 0.000003 -0.007673 -0.000010 0.000000 -0.000000 -0.000000 -8.207788 -6.751659 -1.599560 -0.077008 -0.000003 0.000080 0.153719 -0.000000 -0.000000 -0.076703 0.000000 -0.000002 -0.000005 -8.728669 10.710563 0.000005 -0.000000 -0.000000 -0.000001 -0.000676 9.278122 -0.000000 0.000000 -0.000000 8.207791 -6.751703 -1.599556 -0.074517 -0.000003 0.000081 0.148830 0.000002 0.000000 -0.074309 0.000000 -0.000002 -0.000003 -8.728670 10.710560 0.000005 -0.000000 -0.000000 -0.000001 -0.000677 9.278137 0.000003 0.000000 -0.000000 
0.000006 104.270470 1.554256 0.000021 0.000003 -0.000113 -0.000005 10.181587 0.131521 0.000002 -0.000003 0.000084 -0.000000 9.893967 -1.470709 -0.000000 0.000000 -0.000000 -0.000000 0.000000 -0.000000 0.000001 16.740417 -2.049035 0.000000 -0.000000 -0.000000 0.000000 9.617874 1.685008 -0.000000 -0.000000 0.000000 0.000002 22.037354 7.501098 -0.000000 -0.000000 -0.000000 -4.569969 11.014894 -2.160884 0.000005 0.000003 -0.000023 -0.000052 0.000030 0.000011 -27.841520 0.000017 0.000005 -0.000010 0.000001 -0.000003 -28.328836 0.000017 0.000026 -0.000321 -0.000044 0.000010 -2.464817 -1.573966 2.681851 0.314112 -0.720934 -0.172575 -3.215199 -1.872762 1.924284 -0.432457 0.981326 0.240527 -2.654858 -1.527961 1.512612 -0.323118 0.728901 0.173694 0.000001 0.000001 0.000003 -9.108281 -0.517861 2.259837 -0.000007 -0.018787 0.000103 0.000005 0.029297 -0.000007 -0.000005 -0.010093 -0.000003 0.000000 0.000000 -0.000000 -9.532506 -0.000003 -0.000022 -0.000004 -0.057494 0.000110 -0.000001 0.097407 -0.000010 0.000002 -0.036900 -0.000003 -0.000000 0.000000 -0.000000 -9.103599 -0.043045 -1.865133 -0.000000 0.017917 -0.000000 -0.000004 -0.025390 -0.000003 0.000003 -0.012910 0.000003 0.000000 0.000000 0.000000 -8.076683 -0.486680 -3.806278 0.000000 0.059620 -0.000517 0.000001 0.097000 0.000017 -0.000004 -0.056907 0.000003 -0.000000 0.000000 -0.000000 4.570447 11.014723 -2.160855 -0.000007 -0.000002 -0.000015 0.000002 0.000103 0.000118 -0.000007 -0.000007 0.000007 28.328836 -0.000029 0.000017 0.000020 -0.000089 0.000000 2.466128 -1.576189 2.681733 0.271163 0.622431 0.149618 3.217803 -1.872061 1.916485 -0.380683 -0.867292 -0.214332 2.656008 -1.528832 1.514505 -0.280440 -0.641565 -0.159358 2.020883 -1.154066 1.115133 -0.000000 0.000002 -0.000004 9.109305 -0.518042 2.259871 0.000012 -0.005107 0.000093 -0.000008 0.012007 0.000014 -0.000002 -0.007600 -0.000003 -0.000000 -0.000000 0.000000 9.533409 0.000036 0.000044 0.000003 -0.003600 -0.000007 -0.000005 0.002400 0.000007 0.000012 0.002400 -0.000000 0.000000 -0.000000 -0.000000 9.104532 -0.043031 -1.865075 0.000007 0.000700 0.000097 -0.000005 0.000000 -0.000003 0.000010 0.000014 -0.000003 2.644325 0.000031 0.000057 0.000000 -0.000000 -0.000000 8.077785 -0.486864 -3.806258 0.000013 0.234300 -0.000586 -0.000002 -0.024114 0.000086 0.000003 -0.007673 -0.000010 0.000000 -0.000000 -0.000000 -8.207788 -6.751659 -1.599560 -0.077008 -0.000003 0.000080 0.153719 -0.000000 -0.000000 -0.076703 0.000000 -0.000002 -0.000005 -8.728669 10.710563 0.000005 -0.000000 -0.000000 -0.000001 -0.000676 9.278122 -0.000000 0.000000 -0.000000 8.207791 -6.751703 -1.599556 -0.074517 -0.000003 0.000081 0.148830 0.000002 0.000000 -0.074309 0.000000 -0.000002 -0.000003 -8.728670 10.710560 0.000005 -0.000000 -0.000000 -0.000001 -0.000677 9.278137 0.000003 0.000000 -0.000000 
0.000006 104.270470 1.554256 0.000021 0.000003 -0.000113 -0.000005 10.181587 0.131521 0.000002 -0.000003 0.000084 -0.000000 9.893967 -1.470709 -0.000000 0.000000 -0.000000 -0.000000 0.000000 -0.000000 0.000001 16.740417 -2.049035 0.000000 -0.000000 -0.000000 0.000000 9.617874 1.685008 -0.000000 -0.000000 0.000000 0.000002 22.037354 7.501098 -0.000000 -0.000000 -0.000000 -4.569969 11.014894 -2.160884 0.000005 0.000003 -0.000023 -0.000052 0.000030 0.000011 -27.841520 0.000017 0.000005 -0.000010 0.000001 -0.000003 -28.328836 0.000017 0.000026 -0.000321 -0.000044 0.000010 -2.464817 -1.573966 2.681851 0.314112 -0.720934 -0.172575 -3.215199 -1.872762 1.924284 -0.432457 0.981326 0.240527 -2.654858 -1.527961 1.512612 -0.323118 0.728901 0.173694 0.000001 0.000001 0.000003 -9.108281 -0.517861 2.259837 -0.000007 -0.018787 0.000103 0.000005 0.029297 -0.000007 -0.000005 -0.010093 -0.000003 0.000000 0.000000 -0.000000 -9.532506 -0.000003 -0.000022 -0.000004 -0.057494 0.000110 -0.000001 0.097407 -0.000010 0.000002 -0.036900 -0.000003 -0.000000 0.000000 -0.000000 -9.103599 -0.043045 -1.865133 -0.000000 0.017917 -0.000000 -0.000004 -0.025390 -0.000003 0.000003 -0.012910 0.000003 0.000000 0.000000 0.000000 -8.076683 -0.486680 -3.806278 0.000000 0.059620 -0.000517 0.000001 0.097000 0.000017 -0.000004 -0.056907 0.000003 -0.000000 0.000000 -0.000000 4.570447 11.014723 -2.160855 -0.000007 -0.000002 -0.000015 0.000002 0.000103 0.000118 -0.000007 -0.000007 0.000007 28.328836 -0.000029 0.000017 0.000020 -0.000089 0.000000 2.466128 -1.576189 2.681733 0.271163 0.622431 0.149618 3.217803 -1.872061 1.916485 -0.380683 -0.867292 -0.214332 2.656008 -1.528832 1.514505 -0.280440 -0.641565 -0.159358 2.020883 -1.154066 1.115133 -0.000000 0.000002 -0.000004 9.109305 -0.518042 2.259871 0.000012 -0.005107 0.000093 -0.000008 0.012007 0.000014 -0.000002 -0.007600 -0.000003 -0.000000 -0.000000 0.000000 9.533409 0.000036 0.000044 0.000003 -0.003600 -0.000007 -0.000005 0.002400 0.000007 0.000012 0.002400 -0.000000 0.000000 -0.000000 -0.000000 9.104532 -0.043031 -1.865075 0.000007 0.000700 0.000097 -0.000005 0.000000 -0.000003 0.000010 0.000014 -0.000003 2.644325 0.000031 0.000057 0.000000 -0.000000 -0.000000 8.077785 -0.486864 -3.806258 0.000013 0.234300 -0.000586 -0.000002 -0.024114 0.000086 0.000003 -0.007673 -0.000010 0.000000 -0.000000 -0.000000 -8.207788 -6.751659 -1.599560 -0.077008 -0.000003 0.000080 0.153719 -0.000000 -0.000000 -0.076703 0.000000 -0.000002 -0.000005 -8.728669 10.710563 0.000005 -0.000000 -0.000000 -0.000001 -0.000676 9.278122 -0.000000 0.000000 -0.000000 8.207791 -6.751703 -1.599556 -0.074517 -0.000003 0.000081 0.148830 0.000002 0.000000 -0.074309 0.000000 -0.000002 -0.000003 -8.728670 10.710560 0.000005 -0.000000 -0.000000 -0.000001 -0.000677 9.278137 0.000003 0.000000 -0.000000 
0.000006 104.270470 1.554256 0.000021 0.000003 -0.000113 -0.000005 10.181587 0.131521 0.000002 -0.000003 0.000084 -0.000000 9.893967 -1.470709 -0.000000 0.000000 -0.000000 -0.000000 0.000000 -0.000000 0.000001 16.740417 -2.049035 0.000000 -0.000000 -0.000000 0.000000 9.617874 1.685008 -0.000000 -0.000000 0.000000 0.000002 22.037354 7.501098 -0.000000 -0.000000 -0.000000 -4.569969 11.014894 -2.160884 0.000005 0.000003 -0.000023 -0.000052 0.000030 0.000011 -27.841520 0.000017 0.000005 -0.000010 0.000001 -0.000003 -28.328836 0.000017 0.000026 -0.000321 -0.000044 0.000010 -2.464817 -1.573966 2.681851 0.314112 -0.720934 -0.172575 -3.215199 -1.872762 1.924284 -0.432457 0.981326 0.240527 -2.654858 -1.527961 1.512612 -0.323118 0.728901 0.173694 0.000001 0.000001 0.000003 -9.108281 -0.517861 2.259837 -0.000007 -0.018787 0.000103 0.000005 0.029297 -0.000007 -0.000005 -0.010093 -0.000003 0.000000 0.000000 -0.000000 -9.532506 -0.000003 -0.000022 -0.000004 -0.057494 0.000110 -0.000001 0.097407 -0.000010 0.000002 -0.036900 -0.000003 -0.000000 0.000000 -0.000000 -9.103599 -0.043045 -1.865133 -0.000000 0.017917 -0.000000 -0.000004 -0.025390 -0.000003 0.000003 -0.012910 0.000003 0.000000 0.000000 0.000000 -8.076683 -0.486680 -3.806278 0.000000 0.059620 -0.000517 0.000001 0.097000 0.000017 -0.000004 -0.056907 0.000003 -0.000000 0.000000 -0.000000 4.570447 11.014723 -2.160855 -0.000007 -0.000002 -0.000015 0.000002 0.000103 0.000118 -0.000007 -0.000007 0.000007 28.328836 -0.000029 0.000017 0.000020 -0.000089 0.000000 2.466128 -1.576189 2.681733 0.271163 0.622431 0.149618 3.217803 -1.872061 1.916485 -0.380683 -0.867292 -0.214332 2.656008 -1.528832 1.514505 -0.280440 -0.641565 -0.159358 2.020883 -1.154066 1.115133 -0.000000 0.000002 -0.000004 9.109305 -0.518042 2.259871 0.000012 -0.005107 0.000093 -0.000008 0.012007 0.000014 -0.000002 -0.007600 -0.000003 -0.000000 -0.000000 0.000000 9.533409 0.000036 0.000044 0.000003 -0.003600 -0.000007 -0.000005 0.002400 0.000007 0.000012 0.002400 -0.000000 0.000000 -0.000000 -0.000000 9.104532 -0.043031 -1.865075 0.000007 0.000700 0.000097 -0.000005 0.000000 -0.000003 0.000010 0.000014 -0.000003 2.644325 0.000031 0.000057 0.000000 -0.000000 -0.000000 8.077785 -0.486864 -3.806258 0.000013 0.234300 -0.000586 -0.000002 -0.024114 0.000086 0.000003 -0.007673 -0.000010 0.000000 -0.000000 -0.000000 -8.207788 -6.751659 -1.599560 -0.077008 -0.000003 0.000080 0.153719 -0.000000 -0.000000 -0.076703 0.000000 -0.000002 -0.000005 -8.728669 10.710563 0.000005 -0.000000 -0.000000 -0.000001 -0.000676 9.278122 -0.000000 0.000000 -0.000000 8.207791 -6.751703 -1.599556 -0.074517 -0.000003 0.000081 0.148830 0.000002 0.000000 -0.074309 0.000000 -0.000002 -0.000003 -8.728670 10.710560 0.000005 -0.000000 -0.000000 -0.000001 -0.000677 9.278137 0.000003 0.000000 -0.000000 
0.000006 104.270470 1.554256 0.000021 0.000003 -0.000113 -0.000005 10.181587 0.131521 0.000002 -0.000003 0.000084 -0.000000 9.893967 -1.470709 -0.000000 0.000000 -0.000000 -0.000000 0.000000 -0.000000 0.000001 16.740417 -2.049035 0.000000 -0.000000 -0.000000 0.000000 9.617874 1.685008 -0.000000 -0.000000 0.000000 0.000002 22.037354 7.501098 -0.000000 -0.000000 -0.000000 -4.569969 11.014894 -2.160884 0.000005 0.000003 -0.000023 -0.000052 0.000030 0.000011 -27.841520 0.000017 0.000005 -0.000010 0.000001 -0.000003 -28.328836 0.000017 0.000026 -0.000321 -0.000044 0.000010 -2.464817 -1.573966 2.681851 0.314112 -0.720934 -0.172575 -3.215199 -1.872762 1.924284 -0.432457 0.981326 0.240527 -2.654858 -1.527961 1.512612 -0.323118 0.728901 0.173694 0.000001 0.000001 0.000003 -9.108281 -0.517861 2.259837 -0.000007 -0.018787 0.000103 0.000005 0.029297 -0.000007 -0.000005 -0.010093 -0.000003 0.000000 0.000000 -0.000000 -9.532506 -0.000003 -0.000022 -0.000004 -0.057494 0.000110 -0.000001 0.097407 -0.000010 0.000002 -0.036900 -0.000003 -0.000000 0.000000 -0.000000 -9.103599 -0.043045 -1.865133 -0.000000 0.017917 -0.000000 -0.000004 -0.025390 -0.000003 0.000003 -0.012910 0.000003 0.000000 0.000000 0.000000 -8.076683 -0.486680 -3.806278 0.000000 0.059620 -0.000517 0.000001 0.097000 0.000017 -0.000004 -0.056907 0.000003 -0.000000 0.000000 -0.000000 4.570447 11.014723 -2.160855 -0.000007 -0.000002 -0.000015 0.000002 0.000103 0.000118 -0.000007 -0.000007 0.000007 28.328836 -0.000029 0.000017 0.000020 -0.000089 0.000000 2.466128 -1.576189 2.681733 0.271163 0.622431 0.149618 3.217803 -1.872061 1.916485 -0.380683 -0.867292 -0.214332 2.656008 -1.528832 1.514505 -0.280440 -0.641565 -0.159358 2.020883 -1.154066 1.115133 -0.000000 0.000002 -0.000004 9.109305 -0.518042 2.259871 0.000012 -0.005107 0.000093 -0.000008 0.012007 0.000014 -0.000002 -0.007600 -0.000003 -0.000000 -0.000000 0.000000 9.533409 0.000036 0.000044 0.000003 -0.003600 -0.000007 -0.000005 0.002400 0.000007 0.000012 0.002400 -0.000000 0.000000 -0.000000 -0.000000 9.104532 -0.043031 -1.865075 0.000007 0.000700 0.000097 -0.000005 0.000000 -0.000003 0.000010 0.000014 -0.000003 2.644325 0.000031 0.000057 0.000000 -0.000000 -0.000000 8.077785 -0.486864 -3.806258 0.000013 0.234300 -0.000586 -0.000002 -0.024114 0.000086 0.000003 -0.007673 -0.000010 0.000000 -0.000000 -0.000000 -8.207788 -6.751659 -1.599560 -0.077008 -0.000003 0.000080 0.153719 -0.000000 -0.000000 -0.076703 0.000000 -0.000002 -0.000005 -8.728669 10.710563 0.000005 -0.000000 -0.000000 -0.000001 -0.000676 9.278122 -0.000000 0.000000 -0.000000 8.207791 -6.751703 -1.599556 -0.074517 -0.000003 0.000081 0.148830 0.000002 0.000000 -0.074309 0.000000 -0.000002 -0.000003 -8.728670 10.710560 0.000005 -0.000000 -0.000000 -0.000001 -0.000677 9.278137 0.000003 0.000000 -0.000000 
0.000006 104.270470 1.554256 0.000021 0.000003 -0.000113 -0.000005 10.181587 0.131521 0.000002 -0.000003 0.000084 -0.000000 9.893967 -1.470709 -0.000000 0.000000 -0.000000 -0.000000 0.000000 -0.000000 0.000001 16.740417 -2.049035 0.000000 -0.000000 -0.000000 0.000000 9.617874 1.685008 -0.000000 -0.000000 0.000000 0.000002 22.037354 7.501098 -0.000000 -0.000000 -0.000000 -4.569969 11.014894 -2.160884 0.000005 0.000003 -0.000023 -0.000052 0.000030 0.000011 -27.841520 0.000017 0.000005 -0.000010 0.000001 -0.000003 -28.328836 0.000017 0.000026 -0.000321 -0.000044 0.000010 -2.464817 -1.573966 2.681851 0.314112 -0.720934 -0.172575 -3.215199 -1.872762 1.924284 -0.432457 0.981326 0.240527 -2.654858 -1.527961 1.512612 -0.323118 0.728901 0.173694 0.000001 0.000001 0.000003 -9.108281 -0.517861 2.259837 -0.000007 -0.018787 0.000103 0.000005 0.029297 -0.000007 -0.000005 -0.010093 -0.000003 0.000000 0.000000 -0.000000 -9.532506 -0.000003 -0.000022 -0.000004 -0.057494 0.000110 -0.000001 0.097407 -0.000010 0.000002 -0.036900 -0.000003 -0.000000 0.000000 -0.000000 -9.103599 -0.043045 -1.865133 -0.000000 0.017917 -0.000000 -0.000004 -0.025390 -0.000003 0.000003 -0.012910 0.000003 0.000000 0.000000 0.000000 -8.076683 -0.486680 -3.806278 0.000000 0.059620 -0.000517 0.000001 0.097000 0.000017 -0.000004 -0.056907 0.000003 -0.000000 0.000000 -0.000000 4.570447 11.014723 -2.160855 -0.000007 -0.000002 -0.000015 0.000002 0.000103 0.000118 -0.000007 -0.000007 0.000007 28.328836 -0.000029 0.000017 0.000020 -0.000089 0.000000 2.466128 -1.576189 2.681733 0.271163 0.622431 0.149618 3.217803 -1.872061 1.916485 -0.380683 -0.867292 -0.214332 2.656008 -1.528832 1.514505 -0.280440 -0.641565 -0.159358 2.020883 -1.154066 1.115133 -0.000000 0.000002 -0.000004 9.109305 -0.518042 2.259871 0.000012 -0.005107 0.000093 -0.000008 0.012007 0.000014 -0.000002 -0.007600 -0.000003 -0.000000 -0.000000 0.000000 9.533409 0.000036 0.000044 0.000003 -0.003600 -0.000007 -0.000005 0.002400 0.000007 0.000012 0.002400 -0.000000 0.000000 -0.000000 -0.000000 9.104532 -0.043031 -1.865075 0.000007 0.000700 0.000097 -0.000005 0.000000 -0.000003 0.000010 0.000014 -0.000003 2.644325 0.000031 0.000057 0.000000 -0.000000 -0.000000 8.077785 -0.486864 -3.806258 0.000013 0.234300 -0.000586 -0.000002 -0.024114 0.000086 0.000003 -0.007673 -0.000010 0.000000 -0.000000 -0.000000 -8.207788 -6.751659 -1.599560 -0.077008 -0.000003 0.000080 0.153719 -0.000000 -0.000000 -0.076703 0.000000 -0.000002 -0.000005 -8.728669 10.710563 0.000005 -0.000000 -0.000000 -0.000001 -0.000676 9.278122 -0.000000 0.000000 -0.000000 8.207791 -6.751703 -1.599556 -0.074517 -0.000003 0.000081 0.148830 0.000002 0.000000 -0.074309 0.000000 -0.000002 -0.000003 -8.728670 10.710560 0.000005 -0.000000 -0.000000 -0.000001 -0.000677 9.278137 0.000003 0.000000 -0.000000 
0.000006 104.270470 1.554256 0.000021 0.000003 -0.000113 -0.000005 10.181587 0.131521 0.000002 -0.000003 0.000084 -0.000000 9.893967 -1.470709 -0.000000 0.000000 -0.000000 -0.000000 0.000000 -0.000000 0.000001 16.740417 -2.049035 0.000000 -0.000000 -0.000000 0.000000 9.617874 1.685008 -0.000000 -0.000000 0.000000 0.000002 22.037354 7.501098 -0.000000 -0.000000 -0.000000 -4.569969 11.014894 -2.160884 0.000005 0.000003 -0.000023 -0.000052 0.000030 0.000011 -27.841520 0.000017 0.000005 -0.000010 0.000001 -0.000003 -28.328836 0.000017 0.000026 -0.000321 -0.000044 0.000010 -2.464817 -1.573966 2.681851 0.314112 -0.720934 -0.172575 -3.215199 -1.872762 1.924284 -0.432457 0.981326 0.240527 -2.654858 -1.527961 1.512612 -0.323118 0.728901 0.173694 0.000001 0.000001 0.000003 -9.108281 -0.517861 2.259837 -0.000007 -0.018787 0.000103 0.000005 0.029297 -0.000007 -0.000005 -0.010093 -0.000003 0.000000 0.000000 -0.000000 -9.532506 -0.000003 -0.000022 -0.000004 -0.057494 0.000110 -0.000001 0.097407 -0.000010 0.000002 -0.036900 -0.000003 -0.000000 0.000000 -0.000000 -9.103599 -0.043045 -1.865133 -0.000000 0.017917 -0.000000 -0.000004 -0.025390 -0.000003 0.000003 -0.012910 0.000003 0.000000 0.000000 0.000000 -8.076683 -0.486680 -3.806278 0.000000 0.059620 -0.000517 0.000001 0.097000 0.000017 -0.000004 -0.056907 0.000003 -0.000000 0.000000 -0.000000 4.570447 11.014723 -2.160855 -0.000007 -0.000002 -0.000015 0.000002 0.000103 0.000118 -0.000007 -0.000007 0.000007 28.328836 -0.000029 0.000017 0.000020 -0.000089 0.000000 2.466128 -1.576189 2.681733 0.271163 0.622431 0.149618 3.217803 -1.872061 1.916485 -0.380683 -0.867292 -0.214332 2.656008 -1.528832 1.514505 -0.280440 -0.641565 -0.159358 2.020883 -1.154066 1.115133 -0.000000 0.000002 -0.000004 9.109305 -0.518042 2.259871 0.000012 -0.005107 0.000093 -0.000008 0.012007 0.000014 -0.000002 -0.007600 -0.000003 -0.000000 -0.000000 0.000000 9.533409 0.000036 0.000044 0.000003 -0.003600 -0.000007 -0.000005 0.002400 0.000007 0.000012 0.002400 -0.000000 0.000000 -0.000000 -0.000000 9.104532 -0.043031 -1.865075 0.000007 0.000700 0.000097 -0.000005 0.000000 -0.000003 0.000010 0.000014 -0.000003 2.644325 0.000031 0.000057 0.000000 -0.000000 -0.000000 8.077785 -0.486864 -3.806258 0.000013 0.234300 -0.000586 -0.000002 -0.024114 0.000086 0.000003 -0.007673 -0.000010 0.000000 -0.000000 -0.000000 -8.207788 -6.751659 -1.599560 -0.077008 -0.000003 0.000080 0.153719 -0.000000 -0.000000 -0.076703 0.000000 -0.000002 -0.000005 -8.728669 10.710563 0.000005 -0.000000 -0.000000 -0.000001 -0.000676 9.278122 -0.000000 0.000000 -0.000000 8.207791 -6.751703 -1.599556 -0.074517 -0.000003 0.000081 0.148830 0.000002 0.000000 -0.074309 0.000000 -0.000002 -0.000003 -8.728670 10.710560 0.000005 -0.000000 -0.000000 -0.000001 -0.000677 9.278137 0.000003 0.000000 -0.000000 
0.000006 104.270470 1.554256 0.000021 0.000003 -0.000113 -0.000005 10.181587 0.131521 0.000002 -0.000003 0.000084 -0.000000 9.893967 -1.470709 -0.000000 0.000000 -0.000000 -0.000000 0.000000 -0.000000 0.000001 16.740417 -2.049035 0.000000 -0.000000 -0.000000 0.000000 9.617874 1.685008 -0.000000 -0.000000 0.000000 0.000002 22.037354 7.501098 -0.000000 -0.000000 -0.000000 -4.569969 11.014894 -2.160884 0.000005 0.000003 -0.000023 -0.000052 0.000030 0.000011 -27.841520 0.000017 0.000005 -0.000010 0.000001 -0.000003 -28.328836 0.000017 0.000026 -0.000321 -0.000044 0.000010 -2.464817 -1.573966 2.681851 0.314112 -0.720934 -0.172575 -3.215199 -1.872762 1.924284 -0.432457 0.981326 0.240527 -2.654858 -1.527961 1.512612 -0.323118 0.728901 0.173694 0.000001 0.000001 0.000003 -9.108281 -0.517861 2.259837 -0.000007 -0.018787 0.000103 0.000005 0.029297 -0.000007 -0.000005 -0.010093 -0.000003 0.000000 0.000000 -0.000000 -9.532506 -0.000003 -0.000022 -0.000004 -0.057494 0.000110 -0.000001 0.097407 -0.000010 0.000002 -0.036900 -0.000003 -0.000000 0.000000 -0.000000 -9.103599 -0.043045 -1.865133 -0.000000 0.017917 -0.000000 -0.000004 -0.025390 -0.000003 0.000003 -0.012910 0.000003 0.000000 0.000000 0.000000 -8.076683 -0.486680 -3.806278 0.000000 0.059620 -0.000517 0.000001 0.097000 0.000017 -0.000004 -0.056907 0.000003 -0.000000 0.000000 -0.000000 4.570447 11.014723 -2.160855 -0.000007 -0.000002 -0.000015 0.000002 0.000103 0.000118 -0.000007 -0.000007 0.000007 28.328836 -0.000029 0.000017 0.000020 -0.000089 0.000000 2.466128 -1.576189 2.681733 0.271163 0.622431 0.149618 3.217803 -1.872061 1.916485 -0.380683 -0.867292 -0.214332 2.656008 -1.528832 1.514505 -0.280440 -0.641565 -0.159358 2.020883 -1.154066 1.115133 -0.000000 0.000002 -0.000004 9.109305 -0.518042 2.259871 0.000012 -0.005107 0.000093 -0.000008 0.012007 0.000014 -0.000002 -0.007600 -0.000003 -0.000000 -0.000000 0.000000 9.533409 0.000036 0.000044 0.000003 -0.003600 -0.000007 -0.000005 0.002400 0.000007 0.000012 0.002400 -0.000000 0.000000 -0.000000 -0.000000 9.104532 -0.043031 -1.865075 0.000007 0.000700 0.000097 -0.000005 0.000000 -0.000003 0.000010 0.000014 -0.000003 2.644325 0.000031 0.000057 0.000000 -0.000000 -0.000000 8.077785 -0.486864 -3.806258 0.000013 0.234300 -0.000586 -0.000002 -0.024114 0.000086 0.000003 -0.007673 -0.000010 0.000000 -0.000000 -0.000000 -8.207788 -6.751659 -1.599560 -0.077008 -0.000003 0.000080 0.153719 -0.000000 -0.000000 -0.076703 0.000000 -0.000002 -0.000005 -8.728669 10.710563 0.000005 -0.000000 -0.000000 -0.000001 -0.000676 9.278122 -0.000000 0.000000 -0.000000 8.207791 -6.751703 -1.599556 -0.074517 -0.000003 0.000081 0.148830 0.000002 0.000000 -0.074309 0.000000 -0.000002 -0.000003 -8.728670 10.710560 0.000005 -0.000000 -0.000000 -0.000001 -0.000677 9.278137 0.000003 0.000000 -0.000000 
0.000006 104.270470 1.554256 0.000021 0.000003 -0.000113 -0.000005 10.181587 0.131521 0.000002 -0.000003 0.000084 -0.000000 9.893967 -1.470709 -0.000000 0.000000 -0.000000 -0.000000 0.000000 -0.000000 0.000001 16.740417 -2.049035 0.000000 -0.000000 -0.000000 0.000000 9.617874 1.685008 -0.000000 -0.000000 0.000000 0.000002 22.037354 7.501098 -0.000000 -0.000000 -0.000000 -4.569969 11.014894 -2.160884 0.000005 0.000003 -0.000023 -0.000052 0.000030 0.000011 -27.841520 0.000017 0.000005 -0.000010 0.000001 -0.000003 -28.328836 0.000017 0.000026 -0.000321 -0.000044 0.000010 -2.464817 -1.573966 2.681851 0.314112 -0.720934 -0.172575 -3.215199 -1.872762 1.924284 -0.432457 0.981326 0.240527 -2.654858 -1.527961 1.512612 -0.323118 0.728901 0.173694 0.000001 0.000001 0.000003 -9.108281 -0.517861 2.259837 -0.000007 -0.018787 0.000103 0.000005 0.029297 -0.000007 -0.000005 -0.010093 -0.000003 0.000000 0.000000 -0.000000 -9.532506 -0.000003 -0.000022 -0.000004 -0.057494 0.000110 -0.000001 0.097407 -0.000010 0.000002 -0.036900 -0.000003 -0.000000 0.000000 -0.000000 -9.103599 -0.043045 -1.865133 -0.000000 0.017917 -0.000000 -0.000004 -0.025390 -0.000003 0.000003 -0.012910 0.000003 0.000000 0.000000 0.000000 -8.076683 -0.486680 -3.806278 0.000000 0.059620 -0.000517 0.000001 0.097000 0.000017 -0.000004 -0.056907 0.000003 -0.000000 0.000000 -0.000000 4.570447 11.014723 -2.160855 -0.000007 -0.000002 -0.000015 0.000002 0.000103 0.000118 -0.000007 -0.000007 0.000007 28.328836 -0.000029 0.000017 0.000020 -0.000089 0.000000 2.466128 -1.576189 2.681733 0.271163 0.622431 0.149618 3.217803 -1.872061 1.916485 -0.380683 -0.867292 -0.214332 2.656008 -1.528832 1.514505 -0.280440 -0.641565 -0.159358 2.020883 -1.154066 1.115133 -0.000000 0.000002 -0.000004 9.109305 -0.518042 2.259871 0.000012 -0.005107 0.000093 -0.000008 0.012007 0.000014 -0.000002 -0.007600 -0.000003 -0.000000 -0.000000 0.000000 9.533409 0.000036 0.000044 0.000003 -0.003600 -0.000007 -0.000005 0.002400 0.000007 0.000012 0.002400 -0.000000 0.000000 -0.000000 -0.000000 9.104532 -0.043031 -1.865075 0.000007 0.000700 0.000097 -0.000005 0.000000 -0.000003 0.000010 0.000014 -0.000003 2.644325 0.000031 0.000057 0.000000 -0.000000 -0.000000 8.077785 -0.486864 -3.806258 0.000013 0.234300 -0.000586 -0.000002 -0.024114 0.000086 0.000003 -0.007673 -0.000010 0.000000 -0.000000 -0.000000 -8.207788 -6.751659 -1.599560 -0.077008 -0.000003 0.000080 0.153719 -0.000000 -0.000000 -0.076703 0.000000 -0.000002 -0.000005 -8.728669 10.710563 0.000005 -0.000000 -0.000000 -0.000001 -0.000676 9.278122 -0.000000 0.000000 -0.000000 8.207791 -6.751703 -1.599556 -0.074517 -0.000003 0.000081 0.148830 0.000002 0.000000 -0.074309 0.000000 -0.000002 -0.000003 -8.728670 10.710560 0.000005 -0.000000 -0.000000 -0.000001 -0.000677 9.278137 0.000003 0.000000 -0.000000 
0.000006 104.270470 1.554256 0.000021 0.000003 -0.000113 -0.000005 10.181587 0.131521 0.000002 -0.000003 0.000084 -0.000000 9.893967 -1.470709 -0.000000 0.000000 -0.000000 -0.000000 0.000000 -0.000000 0.000001 16.740417 -2.049035 0.000000 -0.000000 -0.000000 0.000000 9.617874 1.685008 -0.000000 -0.000000 0.000000 0.000002 22.037354 7.501098 -0.000000 -0.000000 -0.000000 -4.569969 11.014894 -2.160884 0.000005 0.000003 -0.000023 -0.000052 0.000030 0.000011 -27.841520 0.000017 0.000005 -0.000010 0.000001 -0.000003 -28.328836 0.000017 0.000026 -0.000321 -0.000044 0.000010 -2.464817 -1.573966 2.681851 0.314112 -0.720934 -0.172575 -3.215199 -1.872762 1.924284 -0.432457 0.981326 0.240527 -2.654858 -1.527961 1.512612 -0.323118 0.728901 0.173694 0.000001 0.000001 0.000003 -9.108281 -0.517861 2.259837 -0.000007 -0.018787 0.000103 0.000005 0.029297 -0.000007 -0.000005 -0.010093 -0.000003 0.000000 0.000000 -0.000000 -9.532506 -0.000003 -0.000022 -0.000004 -0.057494 0.000110 -0.000001 0.097407 -0.000010 0.000002 -0.036900 -0.000003 -0.000000 0.000000 -0.000000 -9.103599 -0.043045 -1.865133 -0.000000 0.017917 -0.000000 -0.000004 -0.025390 -0.000003 0.000003 -0.012910 0.000003 0.000000 0.000000 0.000000 -8.076683 -0.486680 -3.806278 0.000000 0.059620 -0.000517 0.000001 0.097000 0.000017 -0.000004 -0.056907 0.000003 -0.000000 0.000000 -0.000000 4.570447 11.014723 -2.160855 -0.000007 -0.000002 -0.000015 0.000002 0.000103 0.000118 -0.000007 -0.000007 0.000007 28.328836 -0.000029 0.000017 0.000020 -0.000089 0.000000 2.466128 -1.576189 2.681733 0.271163 0.622431 0.149618 3.217803 -1.872061 1.916485 -0.380683 -0.867292 -0.214332 2.656008 -1.528832 1.514505 -0.280440 -0.641565 -0.159358 2.020883 -1.154066 1.115133 -0.000000 0.000002 -0.000004 9.109305 -0.518042 2.259871 0.000012 -0.005107 0.000093 -0.000008 0.012007 0.000014 -0.000002 -0.007600 -0.000003 -0.000000 -0.000000 0.000000 9.533409 0.000036 0.000044 0.000003 -0.003600 -0.000007 -0.000005 0.002400 0.000007 0.000012 0.002400 -0.000000 0.000000 -0.000000 -0.000000 9.104532 -0.043031 -1.865075 0.000007 0.000700 0.000097 -0.000005 0.000000 -0.000003 0.000010 0.000014 -0.000003 2.644325 0.000031 0.000057 0.000000 -0.000000 -0.000000 8.077785 -0.486864 -3.806258 0.000013 0.234300 -0.000586 -0.000002 -0.024114 0.000086 0.000003 -0.007673 -0.000010 0.000000 -0.000000 -0.000000 -8.207788 -6.751659 -1.599560 -0.077008 -0.000003 0.000080 0.153719 -0.000000 -0.000000 -0.076703 0.000000 -0.000002 -0.000005 -8.728669 10.710563 0.000005 -0.000000 -0.000000 -0.000001 -0.000676 9.278122 -0.000000 0.000000 -0.000000 8.207791 -6.751703 -1.599556 -0.074517 -0.000003 0.000081 0.148830 0.000002 0.000000 -0.074309 0.000000 -0.000002 -0.000003 -8.728670 10.710560 0.000005 -0.000000 -0.000000 -0.000001 -0.000677 9.278137 0.000003 0.000000 -0.000000 
0.000006 104.270470 1.554256 0.000021 0.000003 -0.000113 -0.000005 10.181587 0.131521 0.000002 -0.000003 0.000084 -0.000000 9.893967 -1.470709 -0.000000 0.000000 -0.000000 -0.000000 0.000000 -0.000000 0.000001 16.740417 -2.049035 0.000000 -0.000000 -0.000000 0.000000 9.617874 1.685008 -0.000000 -0.000000 0.000000 0.000002 22.037354 7.501098 -0.000000 -0.000000 -0.000000 -4.569969 11.014894 -2.160884 0.000005 0.000003 -0.000023 -0.000052 0.000030 0.000011 -27.841520 0.000017 0.000005 -0.000010 0.000001 -0.000003 -28.328836 0.000017 0.000026 -0.000321 -0.000044 0.000010 -2.464817 -1.573966 2.681851 0.314112 -0.720934 -0.172575 -3.215199 -1.872762 1.924284 -0.432457 0.981326 0.240527 -2.654858 -1.527961 1.512612 -0.323118 0.728901 0.173694 0.000001 0.000001 0.000003 -9.108281 -0.517861 2.259837 -0.000007 -0.018787 0.000103 0.000005 0.029297 -0.000007 -0.000005 -0.010093 -0.000003 0.000000 0.000000 -0.000000 -9.532506 -0.000003 -0.000022 -0.000004 -0.057494 0.000110 -0.000001 0.097407 -0.000010 0.000002 -0.036900 -0.000003 -0.000000 0.000000 -0.000000 -9.103599 -0.043045 -1.865133 -0.000000 0.017917 -0.000000 -0.000004 -0.025390 -0.000003 0.000003 -0.012910 0.000003 0.000000 0.000000 0.000000 -8.076683 -0.486680 -3.806278 0.000000 0.059620 -0.000517 0.000001 0.097000 0.000017 -0.000004 -0.056907 0.000003 -0.000000 0.000000 -0.000000 4.570447 11.014723 -2.160855 -0.000007 -0.000002 -0.000015 0.000002 0.000103 0.000118 -0.000007 -0.000007 0.000007 28.328836 -0.000029 0.000017 0.000020 -0.000089 0.000000 2.466128 -1.576189 2.681733 0.271163 0.622431 0.149618 3.217803 -1.872061 1.916485 -0.380683 -0.867292 -0.214332 2.656008 -1.528832 1.514505 -0.280440 -0.641565 -0.159358 2.020883 -1.154066 1.115133 -0.000000 0.000002 -0.000004 9.109305 -0.518042 2.259871 0.000012 -0.005107 0.000093 -0.000008 0.012007 0.000014 -0.000002 -0.007600 -0.000003 -0.000000 -0.000000 0.000000 9.533409 0.000036 0.000044 0.000003 -0.003600 -0.000007 -0.000005 0.002400 0.000007 0.000012 0.002400 -0.000000 0.000000 -0.000000 -0.000000 9.104532 -0.043031 -1.865075 0.000007 0.000700 0.000097 -0.000005 0.000000 -0.000003 0.000010 0.000014 -0.000003 2.644325 0.000031 0.000057 0.000000 -0.000000 -0.000000 8.077785 -0.486864 -3.806258 0.000013 0.234300 -0.000586 -0.000002 -0.024114 0.000086 0.000003 -0.007673 -0.000010 0.000000 -0.000000 -0.000000 -8.207788 -6.751659 -1.599560 -0.077008 -0.000003 0.000080 0.153719 -0.000000 -0.000000 -0.076703 0.000000 -0.000002 -0.000005 -8.728669 10.710563 0.000005 -0.000000 -0.000000 -0.000001 -0.000676 9.278122 -0.000000 0.000000 -0.000000 8.207791 -6.751703 -1.599556 -0.074517 -0.000003 0.000081 0.148830 0.000002 0.000000 -0.074309 0.000000 -0.000002 -0.000003 -8.728670 10.710560 0.000005 -0.000000 -0.000000 -0.000001 -0.000677 9.278137 0.000003 0.000000 -0.000000 
0.000006 104.270470 1.554256 0.000021 0.000003 -0.000113 -0.000005 10.181587 0.131521 0.000002 -0.000003 0.000084 -0.000000 9.893967 -1.470709 -0.000000 0.000000 -0.000000 -0.000000 0.000000 -0.000000 0.000001 16.740417 -2.049035 0.000000 -0.000000 -0.000000 0.000000 9.617874 1.685008 -0.000000 -0.000000 0.000000 0.000002 22.037354 7.501098 -0.000000 -0.000000 -0.000000 -4.569969 11.014894 -2.160884 0.000005 0.000003 -0.000023 -0.000052 0.000030 0.000011 -27.841520 0.000017 0.000005 -0.000010 0.000001 -0.000003 -28.328836 0.000017 0.000026 -0.000321 -0.000044 0.000010 -2.464817 -1.573966 2.681851 0.314112 -0.720934 -0.172575 -3.215199 -1.872762 1.924284 -0.432457 0.981326 0.240527 -2.654858 -1.527961 1.512612 -0.323118 0.728901 0.173694 0.000001 0.000001 0.000003 -9.108281 -0.517861 2.259837 -0.000007 -0.018787 0.000103 0.000005 0.029297 -0.000007 -0.000005 -0.010093 -0.000003 0.000000 0.000000 -0.000000 -9.532506 -0.000003 -0.000022 -0.000004 -0.057494 0.000110 -0.000001 0.097407 -0.000010 0.000002 -0.036900 -0.000003 -0.000000 0.000000 -0.000000 -9.103599 -0.043045 -1.865133 -0.000000 0.017917 -0.000000 -0.000004 -0.025390 -0.000003 0.000003 -0.012910 0.000003 0.000000 0.000000 0.000000 -8.076683 -0.486680 -3.806278 0.000000 0.059620 -0.000517 0.000001 0.097000 0.000017 -0.000004 -0.056907 0.000003 -0.000000 0.000000 -0.000000 4.570447 11.014723 -2.160855 -0.000007 -0.000002 -0.000015 0.000002 0.000103 0.000118 -0.000007 -0.000007 0.000007 28.328836 -0.000029 0.000017 0.000020 -0.000089 0.000000 2.466128 -1.576189 2.681733 0.271163 0.622431 0.149618 3.217803 -1.872061 1.916485 -0.380683 -0.867292 -0.214332 2.656008 -1.528832 1.514505 -0.280440 -0.641565 -0.159358 2.020883 -1.154066 1.115133 -0.000000 0.000002 -0.000004 9.109305 -0.518042 2.259871 0.000012 -0.005107 0.000093 -0.000008 0.012007 0.000014 -0.000002 -0.007600 -0.000003 -0.000000 -0.000000 0.000000 9.533409 0.000036 0.000044 0.000003 -0.003600 -0.000007 -0.000005 0.002400 0.000007 0.000012 0.002400 -0.000000 0.000000 -0.000000 -0.000000 9.104532 -0.043031 -1.865075 0.000007 0.000700 0.000097 -0.000005 0.000000 -0.000003 0.000010 0.000014 -0.000003 2.644325 0.000031 0.000057 0.000000 -0.000000 -0.000000 8.077785 -0.486864 -3.806258 0.000013 0.234300 -0.000586 -0.000002 -0.024114 0.000086 0.000003 -0.007673 -0.000010 0.000000 -0.000000 -0.000000 -8.207788 -6.751659 -1.599560 -0.077008 -0.000003 0.000080 0.153719 -0.000000 -0.000000 -0.076703 0.000000 -0.000002 -0.000005 -8.728669 10.710563 0.000005 -0.000000 -0.000000 -0.000001 -0.000676 9.278122 -0.000000 0.000000 -0.000000 8.207791 -6.751703 -1.599556 -0.074517 -0.000003 0.000081 0.148830 0.000002 0.000000 -0.074309 0.000000 -0.000002 -0.000003 -8.728670 10.710560 0.000005 -0.000000 -0.000000 -0.000001 -0.000677 9.278137 0.000003 0.000000 -0.000000 
0.000006 104.270470 1.554256 0.000021 0.000003 -0.000113 -0.000005 10.181587 0.131521 0.000002 -0.000003 0.000084 -0.000000 9.893967 -1.470709 -0.000000 0.000000 -0.000000 -0.000000 0.000000 -0.000000 0.000001 16.740417 -2.049035 0.000000 -0.000000 -0.000000 0.000000 9.617874 1.685008 -0.000000 -0.000000 0.000000 0.000002 22.037354 7.501098 -0.000000 -0.000000 -0.000000 -4.569969 11.014894 -2.160884 0.000005 0.000003 -0.000023 -0.000052 0.000030 0.000011 -27.841520 0.000017 0.000005 -0.000010 0.000001 -0.000003 -28.328836 0.000017 0.000026 -0.000321 -0.000044 0.000010 -2.464817 -1.573966 2.681851 0.314112 -0.720934 -0.172575 -3.215199 -1.872762 1.924284 -0.432457 0.981326 0.240527 -2.654858 -1.527961 1.512612 -0.323118 0.728901 0.173694 0.000001 0.000001 0.000003 -9.108281 -0.517861 2.259837 -0.000007 -0.018787 0.000103 0.000005 0.029297 -0.000007 -0.000005 -0.010093 -0.000003 0.000000 0.000000 -0.000000 -9.532506 -0.000003 -0.000022 -0.000004 -0.057494 0.000110 -0.000001 0.097407 -0.000010 0.000002 -0.036900 -0.000003 -0.000000 0.000000 -0.000000 -9.103599 -0.043045 -1.865133 -0.000000 0.017917 -0.000000 -0.000004 -0.025390 -0.000003 0.000003 -0.012910 0.000003 0.000000 0.000000 0.000000 -8.076683 -0.486680 -3.806278 0.000000 0.059620 -0.000517 0.000001 0.097000 0.000017 -0.000004 -0.056907 0.000003 -0.000000 0.000000 -0.000000 4.570447 11.014723 -2.160855 -0.000007 -0.000002 -0.000015 0.000002 0.000103 0.000118 -0.000007 -0.000007 0.000007 28.328836 -0.000029 0.000017 0.000020 -0.000089 0.000000 2.466128 -1.576189 2.681733 0.271163 0.622431 0.149618 3.217803 -1.872061 1.916485 -0.380683 -0.867292 -0.214332 2.656008 -1.528832 1.514505 -0.280440 -0.641565 -0.159358 2.020883 -1.154066 1.115133 -0.000000 0.000002 -0.000004 9.109305 -0.518042 2.259871 0.000012 -0.005107 0.000093 -0.000008 0.012007 0.000014 -0.000002 -0.007600 -0.000003 -0.000000 -0.000000 0.000000 9.533409 0.000036 0.000044 0.000003 -0.003600 -0.000007 -0.000005 0.002400 0.000007 0.000012 0.002400 -0.000000 0.000000 -0.000000 -0.000000 9.104532 -0.043031 -1.865075 0.000007 0.000700 0.000097 -0.000005 0.000000 -0.000003 0.000010 0.000014 -0.000003 2.644325 0.000031 0.000057 0.000000 -0.000000 -0.000000 8.077785 -0.486864 -3.806258 0.000013 0.234300 -0.000586 -0.000002 -0.024114 0.000086 0.000003 -0.007673 -0.000010 0.000000 -0.000000 -0.000000 -8.207788 -6.751659 -1.599560 -0.077008 -0.000003 0.000080 0.153719 -0.000000 -0.000000 -0.076703 0.000000 -0.000002 -0.000005 -8.728669 10.710563 0.000005 -0.000000 -0.000000 -0.000001 -0.000676 9.278122 -0.000000 0.000000 -0.000000 8.207791 -6.751703 -1.599556 -0.074517 -0.000003 0.000081 0.148830 0.000002 0.000000 -0.074309 0.000000 -0.000002 -0.000003 -8.728670 10.710560 0.000005 -0.000000 -0.000000 -0.000001 -0.000677 9.278137 0.000003 0.000000 -0.000000 
0.000006 104.270470 1.554256 0.000021 0.000003 -0.000113 -0.000005 10.181587 0.131521 0.000002 -0.000003 0.000084 -0.000000 9.893967 -1.470709 -0.000000 0.000000 -0.000000 -0.000000 0.000000 -0.000000 0.000001 16.740417 -2.049035 0.000000 -0.000000 -0.000000 0.000000 9.617874 1.685008 -0.000000 -0.000000 0.000000 0.000002 22.037354 7.501098 -0.000000 -0.000000 -0.000000 -4.569969 11.014894 -2.160884 0.000005 0.000003 -0.000023 -0.000052 0.000030 0.000011 -27.841520 0.000017 0.000005 -0.000010 0.000001 -0.000003 -28.328836 0.000017 0.000026 -0.000321 -0.000044 0.000010 -2.464817 -1.573966 2.681851 0.314112 -0.720934 -0.172575 -3.215199 -1.872762 1.924284 -0.432457 0.981326 0.240527 -2.654858 -1.527961 1.512612 -0.323118 0.728901 0.173694 0.000001 0.000001 0.000003 -9.108281 -0.517861 2.259837 -0.000007 -0.018787 0.000103 0.000005 0.029297 -0.000007 -0.000005 -0.010093 -0.000003 0.000000 0.000000 -0.000000 -9.532506 -0.000003 -0.000022 -0.000004 -0.057494 0.000110 -0.000001 0.097407 -0.000010 0.000002 -0.036900 -0.000003 -0.000000 0.000000 -0.000000 -9.103599 -0.043045 -1.865133 -0.000000 0.017917 -0.000000 -0.000004 -0.025390 -0.000003 0.000003 -0.012910 0.000003 0.000000 0.000000 0.000000 -8.076683 -0.486680 -3.806278 0.000000 0.059620 -0.000517 0.000001 0.097000 0.000017 -0.000004 -0.056907 0.000003 -0.000000 0.000000 -0.000000 4.570447 11.014723 -2.160855 -0.000007 -0.000002 -0.000015 0.000002 0.000103 0.000118 -0.000007 -0.000007 0.000007 28.328836 -0.000029 0.000017 0.000020 -0.000089 0.000000 2.466128 -1.576189 2.681733 0.271163 0.622431 0.149618 3.217803 -1.872061 1.916485 -0.380683 -0.867292 -0.214332 2.656008 -1.528832 1.514505 -0.280440 -0.641565 -0.159358 2.020883 -1.154066 1.115133 -0.000000 0.000002 -0.000004 9.109305 -0.518042 2.259871 0.000012 -0.005107 0.000093 -0.000008 0.012007 0.000014 -0.000002 -0.007600 -0.000003 -0.000000 -0.000000 0.000000 9.533409 0.000036 0.000044 0.000003 -0.003600 -0.000007 -0.000005 0.002400 0.000007 0.000012 0.002400 -0.000000 0.000000 -0.000000 -0.000000 9.104532 -0.043031 -1.865075 0.000007 0.000700 0.000097 -0.000005 0.000000 -0.000003 0.000010 0.000014 -0.000003 2.644325 0.000031 0.000057 0.000000 -0.000000 -0.000000 8.077785 -0.486864 -3.806258 0.000013 0.234300 -0.000586 -0.000002 -0.024114 0.000086 0.000003 -0.007673 -0.000010 0.000000 -0.000000 -0.000000 -8.207788 -6.751659 -1.599560 -0.077008 -0.000003 0.000080 0.153719 -0.000000 -0.000000 -0.076703 0.000000 -0.000002 -0.000005 -8.728669 10.710563 0.000005 -0.000000 -0.000000 -0.000001 -0.000676 9.278122 -0.000000 0.000000 -0.000000 8.207791 -6.751703 -1.599556 -0.074517 -0.000003 0.000081 0.148830 0.000002 0.000000 -0.074309 0.000000 -0.000002 -0.000003 -8.728670 10.710560 0.000005 -0.000000 -0.000000 -0.000001 -0.000677 9.278137 0.000003 0.000000 -0.000000 
0.000006 104.270470 1.554256 0.000021 0.000003 -0.000113 -0.000005 10.181587 0.131521 0.000002 -0.000003 0.000084 -0.000000 9.893967 -1.470709 -0.000000 0.000000 -0.000000 -0.000000 0.000000 -0.000000 0.000001 16.740417 -2.049035 0.000000 -0.000000 -0.000000 0.000000 9.617874 1.685008 -0.000000 -0.000000 0.000000 0.000002 22.037354 7.501098 -0.000000 -0.000000 -0.000000 -4.569969 11.014894 -2.160884 0.000005 0.000003 -0.000023 -0.000052 0.000030 0.000011 -27.841520 0.000017 0.000005 -0.000010 0.000001 -0.000003 -28.328836 0.000017 0.000026 -0.000321 -0.000044 0.000010 -2.464817 -1.573966 2.681851 0.314112 -0.720934 -0.172575 -3.215199 -1.872762 1.924284 -0.432457 0.981326 0.240527 -2.654858 -1.527961 1.512612 -0.323118 0.728901 0.173694 0.000001 0.000001 0.000003 -9.108281 -0.517861 2.259837 -0.000007 -0.018787 0.000103 0.000005 0.029297 -0.000007 -0.000005 -0.010093 -0.000003 0.000000 0.000000 -0.000000 -9.532506 -0.000003 -0.000022 -0.000004 -0.057494 0.000110 -0.000001 0.097407 -0.000010 0.000002 -0.036900 -0.000003 -0.000000 0.000000 -0.000000 -9.103599 -0.043045 -1.865133 -0.000000 0.017917 -0.000000 -0.000004 -0.025390 -0.000003 0.000003 -0.012910 0.000003 0.000000 0.000000 0.000000 -8.076683 -0.486680 -3.806278 0.000000 0.059620 -0.000517 0.000001 0.097000 0.000017 -0.000004 -0.056907 0.000003 -0.000000 0.000000 -0.000000 4.570447 11.014723 -2.160855 -0.000007 -0.000002 -0.000015 0.000002 0.000103 0.000118 -0.000007 -0.000007 0.000007 28.328836 -0.000029 0.000017 0.000020 -0.000089 0.000000 2.466128 -1.576189 2.681733 0.271163 0.622431 0.149618 3.217803 -1.872061 1.916485 -0.380683 -0.867292 -0.214332 2.656008 -1.528832 1.514505 -0.280440 -0.641565 -0.159358 2.020883 -1.154066 1.115133 -0.000000 0.000002 -0.000004 9.109305 -0.518042 2.259871 0.000012 -0.005107 0.000093 -0.000008 0.012007 0.000014 -0.000002 -0.007600 -0.000003 -0.000000 -0.000000 0.000000 9.533409 0.000036 0.000044 0.000003 -0.003600 -0.000007 -0.000005 0.002400 0.000007 0.000012 0.002400 -0.000000 0.000000 -0.000000 -0.000000 9.104532 -0.043031 -1.865075 0.000007 0.000700 0.000097 -0.000005 0.000000 -0.000003 0.000010 0.000014 -0.000003 2.644325 0.000031 0.000057 0.000000 -0.000000 -0.000000 8.077785 -0.486864 -3.806258 0.000013 0.234300 -0.000586 -0.000002 -0.024114 0.000086 0.000003 -0.007673 -0.000010 0.000000 -0.000000 -0.000000 -8.207788 -6.751659 -1.599560 -0.077008 -0.000003 0.000080 0.153719 -0.000000 -0.000000 -0.076703 0.000000 -0.000002 -0.000005 -8.728669 10.710563 0.000005 -0.000000 -0.000000 -0.000001 -0.000676 9.278122 -0.000000 0.000000 -0.000000 8.207791 -6.751703 -1.599556 -0.074517 -0.000003 0.000081 0.148830 0.000002 0.000000 -0.074309 0.000000 -0.000002 -0.000003 -8.728670 10.710560 0.000005 -0.000000 -0.000000 -0.000001 -0.000677 9.278137 0.000003 0.000000 -0.000000 
0.000006 104.270470 1.554256 0.000021 0.000003 -0.000113 -0.000005 10.181587 0.131521 0.000002 -0.000003 0.000084 -0.000000 9.893967 -1.470709 -0.000000 0.000000 -0.000000 -0.000000 0.000000 -0.000000 0.000001 16.740417 -2.049035 0.000000 -0.000000 -0.000000 0.000000 9.617874 1.685008 -0.000000 -0.000000 0.000000 0.000002 22.037354 7.501098 -0.000000 -0.000000 -0.000000 -4.569969 11.014894 -2.160884 0.000005 0.000003 -0.000023 -0.000052 0.000030 0.000011 -27.841520 0.000017 0.000005 -0.000010 0.000001 -0.000003 -28.328836 0.000017 0.000026 -0.000321 -0.000044 0.000010 -2.464817 -1.573966 2.681851 0.314112 -0.720934 -0.172575 -3.215199 -1.872762 1.924284 -0.432457 0.981326 0.240527 -2.654858 -1.527961 1.512612 -0.323118 0.728901 0.173694 0.000001 0.000001 0.000003 -9.108281 -0.517861 2.259837 -0.000007 -0.018787 0.000103 0.000005 0.029297 -0.000007 -0.000005 -0.010093 -0.000003 0.000000 0.000000 -0.000000 -9.532506 -0.000003 -0.000022 -0.000004 -0.057494 0.000110 -0.000001 0.097407 -0.000010 0.000002 -0.036900 -0.000003 -0.000000 0.000000 -0.000000 -9.103599 -0.043045 -1.865133 -0.000000 0.017917 -0.000000 -0.000004 -0.025390 -0.000003 0.000003 -0.012910 0.000003 0.000000 0.000000 0.000000 -8.076683 -0.486680 -3.806278 0.000000 0.059620 -0.000517 0.000001 0.097000 0.000017 -0.000004 -0.056907 0.000003 -0.000000 0.000000 -0.000000 4.570447 11.014723 -2.160855 -0.000007 -0.000002 -0.000015 0.000002 0.000103 0.000118 -0.000007 -0.000007 0.000007 28.328836 -0.000029 0.000017 0.000020 -0.000089 0.000000 2.466128 -1.576189 2.681733 0.271163 0.622431 0.149618 3.217803 -1.872061 1.916485 -0.380683 -0.867292 -0.214332 2.656008 -1.528832 1.514505 -0.280440 -0.641565 -0.159358 2.020883 -1.154066 1.115133 -0.000000 0.000002 -0.000004 9.109305 -0.518042 2.259871 0.000012 -0.005107 0.000093 -0.000008 0.012007 0.000014 -0.000002 -0.007600 -0.000003 -0.000000 -0.000000 0.000000 9.533409 0.000036 0.000044 0.000003 -0.003600 -0.000007 -0.000005 0.002400 0.000007 0.000012 0.002400 -0.000000 0.000000 -0.000000 -0.000000 9.104532 -0.043031 -1.865075 0.000007 0.000700 0.000097 -0.000005 0.000000 -0.000003 0.000010 0.000014 -0.000003 2.644325 0.000031 0.000057 0.000000 -0.000000 -0.000000 8.077785 -0.486864 -3.806258 0.000013 0.234300 -0.000586 -0.000002 -0.024114 0.000086 0.000003 -0.007673 -0.000010 0.000000 -0.000000 -0.000000 -8.207788 -6.751659 -1.599560 -0.077008 -0.000003 0.000080 0.153719 -0.000000 -0.000000 -0.076703 0.000000 -0.000002 -0.000005 -8.728669 10.710563 0.000005 -0.000000 -0.000000 -0.000001 -0.000676 9.278122 -0.000000 0.000000 -0.000000 8.207791 -6.751703 -1.599556 -0.074517 -0.000003 0.000081 0.148830 0.000002 0.000000 -0.074309 0.000000 -0.000002 -0.000003 -8.728670 10.710560 0.000005 -0.000000 -0.000000 -0.000001 -0.000677 9.278137 0.000003 0.000000 -0.000000 
0.000006 104.270470 1.554256 0.000021 0.000003 -0.000113 -0.000005 10.181587 0.131521 0.000002 -0.000003 0.000084 -0.000000 9.893967 -1.470709 -0.000000 0.000000 -0.000000 -0.000000 0.000000 -0.000000 0.000001 16.740417 -2.049035 0.000000 -0.000000 -0.000000 0.000000 9.617874 1.685008 -0.000000 -0.000000 0.000000 0.000002 22.037354 7.501098 -0.000000 -0.000000 -0.000000 -4.569969 11.014894 -2.160884 0.000005 0.000003 -0.000023 -0.000052 0.000030 0.000011 -27.841520 0.000017 0.000005 -0.000010 0.000001 -0.000003 -28.328836 0.000017 0.000026 -0.000321 -0.000044 0.000010 -2.464817 -1.573966 2.681851 0.314112 -0.720934 -0.172575 -3.215199 -1.872762 1.924284 -0.432457 0.981326 0.240527 -2.654858 -1.527961 1.512612 -0.323118 0.728901 0.173694 0.000001 0.000001 0.000003 -9.108281 -0.517861 2.259837 -0.000007 -0.018787 0.000103 0.000005 0.029297 -0.000007 -0.000005 -0.010093 -0.000003 0.000000 0.000000 -0.000000 -9.532506 -0.000003 -0.000022 -0.000004 -0.057494 0.000110 -0.000001 0.097407 -0.000010 0.000002 -0.036900 -0.000003 -0.000000 0.000000 -0.000000 -9.103599 -0.043045 -1.865133 -0.000000 0.017917 -0.000000 -0.000004 -0.025390 -0.000003 0.000003 -0.012910 0.000003 0.000000 0.000000 0.000000 -8.076683 -0.486680 -3.806278 0.000000 0.059620 -0.000517 0.000001 0.097000 0.000017 -0.000004 -0.056907 0.000003 -0.000000 0.000000 -0.000000 4.570447 11.014723 -2.160855 -0.000007 -0.000002 -0.000015 0.000002 0.000103 0.000118 -0.000007 -0.000007 0.000007 28.328836 -0.000029 0.000017 0.000020 -0.000089 0.000000 2.466128 -1.576189 2.681733 0.271163 0.622431 0.149618 3.217803 -1.872061 1.916485 -0.380683 -0.867292 -0.214332 2.656008 -1.528832 1.514505 -0.280440 -0.641565 -0.159358 2.020883 -1.154066 1.115133 -0.000000 0.000002 -0.000004 9.109305 -0.518042 2.259871 0.000012 -0.005107 0.000093 -0.000008 0.012007 0.000014 -0.000002 -0.007600 -0.000003 -0.000000 -0.000000 0.000000 9.533409 0.000036 0.000044 0.000003 -0.003600 -0.000007 -0.000005 0.002400 0.000007 0.000012 0.002400 -0.000000 0.000000 -0.000000 -0.000000 9.104532 -0.043031 -1.865075 0.000007 0.000700 0.000097 -0.000005 0.000000 -0.000003 0.000010 0.000014 -0.000003 2.644325 0.000031 0.000057 0.000000 -0.000000 -0.000000 8.077785 -0.486864 -3.806258 0.000013 0.234300 -0.000586 -0.000002 -0.024114 0.000086 0.000003 -0.007673 -0.000010 0.000000 -0.000000 -0.000000 -8.207788 -6.751659 -1.599560 -0.077008 -0.000003 0.000080 0.153719 -0.000000 -0.000000 -0.076703 0.000000 -0.000002 -0.000005 -8.728669 10.710563 0.000005 -0.000000 -0.000000 -0.000001 -0.000676 9.278122 -0.000000 0.000000 -0.000000 8.207791 -6.751703 -1.599556 -0.074517 -0.000003 0.000081 0.148830 0.000002 0.000000 -0.074309 0.000000 -0.000002 -0.000003 -8.728670 10.710560 0.000005 -0.000000 -0.000000 -0.000001 -0.000677 9.278137 0.000003 0.000000 -0.000000 
0.000006 104.270470 1.554256 0.000021 0.000003 -0.000113 -0.000005 10.181587 0.131521 0.000002 -0.000003 0.000084 -0.000000 9.893967 -1.470709 -0.000000 0.000000 -0.000000 -0.000000 0.000000 -0.000000 0.000001 16.740417 -2.049035 0.000000 -0.000000 -0.000000 0.000000 9.617874 1.685008 -0.000000 -0.000000 0.000000 0.000002 22.037354 7.501098 -0.000000 -0.000000 -0.000000 -4.569969 11.014894 -2.160884 0.000005 0.000003 -0.000023 -0.000052 0.000030 0.000011 -27.841520 0.000017 0.000005 -0.000010 0.000001 -0.000003 -28.328836 0.000017 0.000026 -0.000321 -0.000044 0.000010 -2.464817 -1.573966 2.681851 0.314112 -0.720934 -0.172575 -3.215199 -1.872762 1.924284 -0.432457 0.981326 0.240527 -2.654858 -1.527961 1.512612 -0.323118 0.728901 0.173694 0.000001 0.000001 0.000003 -9.108281 -0.517861 2.259837 -0.000007 -0.018787 0.000103 0.000005 0.029297 -0.000007 -0.000005 -0.010093 -0.000003 0.000000 0.000000 -0.000000 -9.532506 -0.000003 -0.000022 -0.000004 -0.057494 0.000110 -0.000001 0.097407 -0.000010 0.000002 -0.036900 -0.000003 -0.000000 0.000000 -0.000000 -9.103599 -0.043045 -1.865133 -0.000000 0.017917 -0.000000 -0.000004 -0.025390 -0.000003 0.000003 -0.012910 0.000003 0.000000 0.000000 0.000000 -8.076683 -0.486680 -3.806278 0.000000 0.059620 -0.000517 0.000001 0.097000 0.000017 -0.000004 -0.056907 0.000003 -0.000000 0.000000 -0.000000 4.570447 11.014723 -2.160855 -0.000007 -0.000002 -0.000015 0.000002 0.000103 0.000118 -0.000007 -0.000007 0.000007 28.328836 -0.000029 0.000017 0.000020 -0.000089 0.000000 2.466128 -1.576189 2.681733 0.271163 0.622431 0.149618 3.217803 -1.872061 1.916485 -0.380683 -0.867292 -0.214332 2.656008 -1.528832 1.514505 -0.280440 -0.641565 -0.159358 2.020883 -1.154066 1.115133 -0.000000 0.000002 -0.000004 9.109305 -0.518042 2.259871 0.000012 -0.005107 0.000093 -0.000008 0.012007 0.000014 -0.000002 -0.007600 -0.000003 -0.000000 -0.000000 0.000000 9.533409 0.000036 0.000044 0.000003 -0.003600 -0.000007 -0.000005 0.002400 0.000007 0.000012 0.002400 -0.000000 0.000000 -0.000000 -0.000000 9.104532 -0.043031 -1.865075 0.000007 0.000700 0.000097 -0.000005 0.000000 -0.000003 0.000010 0.000014 -0.000003 2.644325 0.000031 0.000057 0.000000 -0.000000 -0.000000 8.077785 -0.486864 -3.806258 0.000013 0.234300 -0.000586 -0.000002 -0.024114 0.000086 0.000003 -0.007673 -0.000010 0.000000 -0.000000 -0.000000 -8.207788 -6.751659 -1.599560 -0.077008 -0.000003 0.000080 0.153719 -0.000000 -0.000000 -0.076703 0.000000 -0.000002 -0.000005 -8.728669 10.710563 0.000005 -0.000000 -0.000000 -0.000001 -0.000676 9.278122 -0.000000 0.000000 -0.000000 8.207791 -6.751703 -1.599556 -0.074517 -0.000003 0.000081 0.148830 0.000002 0.000000 -0.074309 0.000000 -0.000002 -0.000003 -8.728670 10.710560 0.000005 -0.000000 -0.000000 -0.000001 -0.000677 9.278137 0.000003 0.000000 -0.000000 
0.000006 104.270470 1.554256 0.000021 0.000003 -0.000113 -0.000005 10.181587 0.131521 0.000002 -0.000003 0.000084 -0.000000 9.893967 -1.470709 -0.000000 0.000000 -0.000000 -0.000000 0.000000 -0.000000 0.000001 16.740417 -2.049035 0.000000 -0.000000 -0.000000 0.000000 9.617874 1.685008 -0.000000 -0.000000 0.000000 0.000002 22.037354 7.501098 -0.000000 -0.000000 -0.000000 -4.569969 11.014894 -2.160884 0.000005 0.000003 -0.000023 -0.000052 0.000030 0.000011 -27.841520 0.000017 0.000005 -0.000010 0.000001 -0.000003 -28.328836 0.000017 0.000026 -0.000321 -0.000044 0.000010 -2.464817 -1.573966 2.681851 0.314112 -0.720934 -0.172575 -3.215199 -1.872762 1.924284 -0.432457 0.981326 0.240527 -2.654858 -1.527961 1.512612 -0.323118 0.728901 0.173694 0.000001 0.000001 0.000003 -9.108281 -0.517861 2.259837 -0.000007 -0.018787 0.000103 0.000005 0.029297 -0.000007 -0.000005 -0.010093 -0.000003 0.000000 0.000000 -0.000000 -9.532506 -0.000003 -0.000022 -0.000004 -0.057494 0.000110 -0.000001 0.097407 -0.000010 0.000002 -0.036900 -0.000003 -0.000000 0.000000 -0.000000 -9.103599 -0.043045 -1.865133 -0.000000 0.017917 -0.000000 -0.000004 -0.025390 -0.000003 0.000003 -0.012910 0.000003 0.000000 0.000000 0.000000 -8.076683 -0.486680 -3.806278 0.000000 0.059620 -0.000517 0.000001 0.097000 0.000017 -0.000004 -0.056907 0.000003 -0.000000 0.000000 -0.000000 4.570447 11.014723 -2.160855 -0.000007 -0.000002 -0.000015 0.000002 0.000103 0.000118 -0.000007 -0.000007 0.000007 28.328836 -0.000029 0.000017 0.000020 -0.000089 0.000000 2.466128 -1.576189 2.681733 0.271163 0.622431 0.149618 3.217803 -1.872061 1.916485 -0.380683 -0.867292 -0.214332 2.656008 -1.528832 1.514505 -0.280440 -0.641565 -0.159358 2.020883 -1.154066 1.115133 -0.000000 0.000002 -0.000004 9.109305 -0.518042 2.259871 0.000012 -0.005107 0.000093 -0.000008 0.012007 0.000014 -0.000002 -0.007600 -0.000003 -0.000000 -0.000000 0.000000 9.533409 0.000036 0.000044 0.000003 -0.003600 -0.000007 -0.000005 0.002400 0.000007 0.000012 0.002400 -0.000000 0.000000 -0.000000 -0.000000 9.104532 -0.043031 -1.865075 0.000007 0.000700 0.000097 -0.000005 0.000000 -0.000003 0.000010 0.000014 -0.000003 2.644325 0.000031 0.000057 0.000000 -0.000000 -0.000000 8.077785 -0.486864 -3.806258 0.000013 0.234300 -0.000586 -0.000002 -0.024114 0.000086 0.000003 -0.007673 -0.000010 0.000000 -0.000000 -0.000000 -8.207788 -6.751659 -1.599560 -0.077008 -0.000003 0.000080 0.153719 -0.000000 -0.000000 -0.076703 0.000000 -0.000002 -0.000005 -8.728669 10.710563 0.000005 -0.000000 -0.000000 -0.000001 -0.000676 9.278122 -0.000000 0.000000 -0.000000 8.207791 -6.751703 -1.599556 -0.074517 -0.000003 0.000081 0.148830 0.000002 0.000000 -0.074309 0.000000 -0.000002 -0.000003 -8.728670 10.710560 0.000005 -0.000000 -0.000000 -0.000001 -0.000677 9.278137 0.000003 0.000000 -0.000000 
0.000006 104.270470 1.554256 0.000021 0.000003 -0.000113 -0.000005 10.181587 0.131521 0.000002 -0.000003 0.000084 -0.000000 9.893967 -1.470709 -0.000000 0.000000 -0.000000 -0.000000 0.000000 -0.000000 0.000001 16.740417 -2.049035 0.000000 -0.000000 -0.000000 0.000000 9.617874 1.685008 -0.000000 -0.000000 0.000000 0.000002 22.037354 7.501098 -0.000000 -0.000000 -0.000000 -4.569969 11.014894 -2.160884 0.000005 0.000003 -0.000023 -0.000052 0.000030 0.000011 -27.841520 0.000017 0.000005 -0.000010 0.000001 -0.000003 -28.328836 0.000017 0.000026 -0.000321 -0.000044 0.000010 -2.464817 -1.573966 2.681851 0.314112 -0.720934 -0.172575 -3.215199 -1.872762 1.924284 -0.432457 0.981326 0.240527 -2.654858 -1.527961 1.512612 -0.323118 0.728901 0.173694 0.000001 0.000001 0.000003 -9.108281 -0.517861 2.259837 -0.000007 -0.018787 0.000103 0.000005 0.029297 -0.000007 -0.000005 -0.010093 -0.000003 0.000000 0.000000 -0.000000 -9.532506 -0.000003 -0.000022 -0.000004 -0.057494 0.000110 -0.000001 0.097407 -0.000010 0.000002 -0.036900 -0.000003 -0.000000 0.000000 -0.000000 -9.103599 -0.043045 -1.865133 -0.000000 0.017917 -0.000000 -0.000004 -0.025390 -0.000003 0.000003 -0.012910 0.000003 0.000000 0.000000 0.000000 -8.076683 -0.486680 -3.806278 0.000000 0.059620 -0.000517 0.000001 0.097000 0.000017 -0.000004 -0.056907 0.000003 -0.000000 0.000000 -0.000000 4.570447 11.014723 -2.160855 -0.000007 -0.000002 -0.000015 0.000002 0.000103 0.000118 -0.000007 -0.000007 0.000007 28.328836 -0.000029 0.000017 0.000020 -0.000089 0.000000 2.466128 -1.576189 2.681733 0.271163 0.622431 0.149618 3.217803 -1.872061 1.916485 -0.380683 -0.867292 -0.214332 2.656008 -1.528832 1.514505 -0.280440 -0.641565 -0.159358 2.020883 -1.154066 1.115133 -0.000000 0.000002 -0.000004 9.109305 -0.518042 2.259871 0.000012 -0.005107 0.000093 -0.000008 0.012007 0.000014 -0.000002 -0.007600 -0.000003 -0.000000 -0.000000 0.000000 9.533409 0.000036 0.000044 0.000003 -0.003600 -0.000007 -0.000005 0.002400 0.000007 0.000012 0.002400 -0.000000 0.000000 -0.000000 -0.000000 9.104532 -0.043031 -1.865075 0.000007 0.000700 0.000097 -0.000005 0.000000 -0.000003 0.000010 0.000014 -0.000003 2.644325 0.000031 0.000057 0.000000 -0.000000 -0.000000 8.077785 -0.486864 -3.806258 0.000013 0.234300 -0.000586 -0.000002 -0.024114 0.000086 0.000003 -0.007673 -0.000010 0.000000 -0.000000 -0.000000 -8.207788 -6.751659 -1.599560 -0.077008 -0.000003 0.000080 0.153719 -0.000000 -0.000000 -0.076703 0.000000 -0.000002 -0.000005 -8.728669 10.710563 0.000005 -0.000000 -0.000000 -0.000001 -0.000676 9.278122 -0.000000 0.000000 -0.000000 8.207791 -6.751703 -1.599556 -0.074517 -0.000003 0.000081 0.148830 0.000002 0.000000 -0.074309 0.000000 -0.000002 -0.000003 -8.728670 10.710560 0.000005 -0.000000 -0.000000 -0.000001 -0.000677 9.278137 0.000003 0.000000 -0.000000 
0.000006 104.270470 1.554256 0.000021 0.000003 -0.000113 -0.000005 10.181587 0.131521 0.000002 -0.000003 0.000084 -0.000000 9.893967 -1.470709 -0.000000 0.000000 -0.000000 -0.000000 0.000000 -0.000000 0.000001 16.740417 -2.049035 0.000000 -0.000000 -0.000000 0.000000 9.617874 1.685008 -0.000000 -0.000000 0.000000 0.000002 22.037354 7.501098 -0.000000 -0.000000 -0.000000 -4.569969 11.014894 -2.160884 0.000005 0.000003 -0.000023 -0.000052 0.000030 0.000011 -27.841520 0.000017 0.000005 -0.000010 0.000001 -0.000003 -28.328836 0.000017 0.000026 -0.000321 -0.000044 0.000010 -2.464817 -1.573966 2.681851 0.314112 -0.720934 -0.172575 -3.215199 -1.872762 1.924284 -0.432457 0.981326 0.240527 -2.654858 -1.527961 1.512612 -0.323118 0.728901 0.173694 0.000001 0.000001 0.000003 -9.108281 -0.517861 2.259837 -0.000007 -0.018787 0.000103 0.000005 0.029297 -0.000007 -0.000005 -0.010093 -0.000003 0.000000 0.000000 -0.000000 -9.532506 -0.000003 -0.000022 -0.000004 -0.057494 0.000110 -0.000001 0.097407 -0.000010 0.000002 -0.036900 -0.000003 -0.000000 0.000000 -0.000000 -9.103599 -0.043045 -1.865133 -0.000000 0.017917 -0.000000 -0.000004 -0.025390 -0.000003 0.000003 -0.012910 0.000003 0.000000 0.000000 0.000000 -8.076683 -0.486680 -3.806278 0.000000 0.059620 -0.000517 0.000001 0.097000 0.000017 -0.000004 -0.056907 0.000003 -0.000000 0.000000 -0.000000 4.570447 11.014723 -2.160855 -0.000007 -0.000002 -0.000015 0.000002 0.000103 0.000118 -0.000007 -0.000007 0.000007 28.328836 -0.000029 0.000017 0.000020 -0.000089 0.000000 2.466128 -1.576189 2.681733 0.271163 0.622431 0.149618 3.217803 -1.872061 1.916485 -0.380683 -0.867292 -0.214332 2.656008 -1.528832 1.514505 -0.280440 -0.641565 -0.159358 2.020883 -1.154066 1.115133 -0.000000 0.000002 -0.000004 9.109305 -0.518042 2.259871 0.000012 -0.005107 0.000093 -0.000008 0.012007 0.000014 -0.000002 -0.007600 -0.000003 -0.000000 -0.000000 0.000000 9.533409 0.000036 0.000044 0.000003 -0.003600 -0.000007 -0.000005 0.002400 0.000007 0.000012 0.002400 -0.000000 0.000000 -0.000000 -0.000000 9.104532 -0.043031 -1.865075 0.000007 0.000700 0.000097 -0.000005 0.000000 -0.000003 0.000010 0.000014 -0.000003 2.644325 0.000031 0.000057 0.000000 -0.000000 -0.000000 8.077785 -0.486864 -3.806258 0.000013 0.234300 -0.000586 -0.000002 -0.024114 0.000086 0.000003 -0.007673 -0.000010 0.000000 -0.000000 -0.000000 -8.207788 -6.751659 -1.599560 -0.077008 -0.000003 0.000080 0.153719 -0.000000 -0.000000 -0.076703 0.000000 -0.000002 -0.000005 -8.728669 10.710563 0.000005 -0.000000 -0.000000 -0.000001 -0.000676 9.278122 -0.000000 0.000000 -0.000000 8.207791 -6.751703 -1.599556 -0.074517 -0.000003 0.000081 0.148830 0.000002 0.000000 -0.074309 0.000000 -0.000002 -0.000003 -8.728670 10.710560 0.000005 -0.000000 -0.000000 -0.000001 -0.000677 9.278137 0.000003 0.000000 -0.000000 
0.000006 104.270470 1.554256 0.000021 0.000003 -0.000113 -0.000005 10.181587 0.131521 0.000002 -0.000003 0.000084 -0.000000 9.893967 -1.470709 -0.000000 0.000000 -0.000000 -0.000000 0.000000 -0.000000 0.000001 16.740417 -2.049035 0.000000 -0.000000 -0.000000 0.000000 9.617874 1.685008 -0.000000 -0.000000 0.000000 0.000002 22.037354 7.501098 -0.000000 -0.000000 -0.000000 -4.569969 11.014894 -2.160884 0.000005 0.000003 -0.000023 -0.000052 0.000030 0.000011 -27.841520 0.000017 0.000005 -0.000010 0.000001 -0.000003 -28.328836 0.000017 0.000026 -0.000321 -0.000044 0.000010 -2.464817 -1.573966 2.681851 0.314112 -0.720934 -0.172575 -3.215199 -1.872762 1.924284 -0.432457 0.981326 0.240527 -2.654858 -1.527961 1.512612 -0.323118 0.728901 0.173694 0.000001 0.000001 0.000003 -9.108281 -0.517861 2.259837 -0.000007 -0.018787 0.000103 0.000005 0.029297 -0.000007 -0.000005 -0.010093 -0.000003 0.000000 0.000000 -0.000000 -9.532506 -0.000003 -0.000022 -0.000004 -0.057494 0.000110 -0.000001 0.097407 -0.000010 0.000002 -0.036900 -0.000003 -0.000000 0.000000 -0.000000 -9.103599 -0.043045 -1.865133 -0.000000 0.017917 -0.000000 -0.000004 -0.025390 -0.000003 0.000003 -0.012910 0.000003 0.000000 0.000000 0.000000 -8.076683 -0.486680 -3.806278 0.000000 0.059620 -0.000517 0.000001 0.097000 0.000017 -0.000004 -0.056907 0.000003 -0.000000 0.000000 -0.000000 4.570447 11.014723 -2.160855 -0.000007 -0.000002 -0.000015 0.000002 0.000103 0.000118 -0.000007 -0.000007 0.000007 28.328836 -0.000029 0.000017 0.000020 -0.000089 0.000000 2.466128 -1.576189 2.681733 0.271163 0.622431 0.149618 3.217803 -1.872061 1.916485 -0.380683 -0.867292 -0.214332 2.656008 -1.528832 1.514505 -0.280440 -0.641565 -0.159358 2.020883 -1.154066 1.115133 -0.000000 0.000002 -0.000004 9.109305 -0.518042 2.259871 0.000012 -0.005107 0.000093 -0.000008 0.012007 0.000014 -0.000002 -0.007600 -0.000003 -0.000000 -0.000000 0.000000 9.533409 0.000036 0.000044 0.000003 -0.003600 -0.000007 -0.000005 0.002400 0.000007 0.000012 0.002400 -0.000000 0.000000 -0.000000 -0.000000 9.104532 -0.043031 -1.865075 0.000007 0.000700 0.000097 -0.000005 0.000000 -0.000003 0.000010 0.000014 -0.000003 2.644325 0.000031 0.000057 0.000000 -0.000000 -0.000000 8.077785 -0.486864 -3.806258 0.000013 0.234300 -0.000586 -0.000002 -0.024114 0.000086 0.000003 -0.007673 -0.000010 0.000000 -0.000000 -0.000000 -8.207788 -6.751659 -1.599560 -0.077008 -0.000003 0.000080 0.153719 -0.000000 -0.000000 -0.076703 0.000000 -0.000002 -0.000005 -8.728669 10.710563 0.000005 -0.000000 -0.000000 -0.000001 -0.000676 9.278122 -0.000000 0.000000 -0.000000 8.207791 -6.751703 -1.599556 -0.074517 -0.000003 0.000081 0.148830 0.000002 0.000000 -0.074309 0.000000 -0.000002 -0.000003 -8.728670 10.710560 0.000005 -0.000000 -0.000000 -0.000001 -0.000677 9.278137 0.000003 0.000000 -0.000000 
0.000006 104.270470 1.554256 0.000021 0.000003 -0.000113 -0.000005 10.181587 0.131521 0.000002 -0.000003 0.000084 -0.000000 9.893967 -1.470709 -0.000000 0.000000 -0.000000 -0.000000 0.000000 -0.000000 0.000001 16.740417 -2.049035 0.000000 -0.000000 -0.000000 0.000000 9.617874 1.685008 -0.000000 -0.000000 0.000000 0.000002 22.037354 7.501098 -0.000000 -0.000000 -0.000000 -4.569969 11.014894 -2.160884 0.000005 0.000003 -0.000023 -0.000052 0.000030 0.000011 -27.841520 0.000017 0.000005 -0.000010 0.000001 -0.000003 -28.328836 0.000017 0.000026 -0.000321 -0.000044 0.000010 -2.464817 -1.573966 2.681851 0.314112 -0.720934 -0.172575 -3.215199 -1.872762 1.924284 -0.432457 0.981326 0.240527 -2.654858 -1.527961 1.512612 -0.323118 0.728901 0.173694 0.000001 0.000001 0.000003 -9.108281 -0.517861 2.259837 -0.000007 -0.018787 0.000103 0.000005 0.029297 -0.000007 -0.000005 -0.010093 -0.000003 0.000000 0.000000 -0.000000 -9.532506 -0.000003 -0.000022 -0.000004 -0.057494 0.000110 -0.000001 0.097407 -0.000010 0.000002 -0.036900 -0.000003 -0.000000 0.000000 -0.000000 -9.103599 -0.043045 -1.865133 -0.000000 0.017917 -0.000000 -0.000004 -0.025390 -0.000003 0.000003 -0.012910 0.000003 0.000000 0.000000 0.000000 -8.076683 -0.486680 -3.806278 0.000000 0.059620 -0.000517 0.000001 0.097000 0.000017 -0.000004 -0.056907 0.000003 -0.000000 0.000000 -0.000000 4.570447 11.014723 -2.160855 -0.000007 -0.000002 -0.000015 0.000002 0.000103 0.000118 -0.000007 -0.000007 0.000007 28.328836 -0.000029 0.000017 0.000020 -0.000089 0.000000 2.466128 -1.576189 2.681733 0.271163 0.622431 0.149618 3.217803 -1.872061 1.916485 -0.380683 -0.867292 -0.214332 2.656008 -1.528832 1.514505 -0.280440 -0.641565 -0.159358 2.020883 -1.154066 1.115133 -0.000000 0.000002 -0.000004 9.109305 -0.518042 2.259871 0.000012 -0.005107 0.000093 -0.000008 0.012007 0.000014 -0.000002 -0.007600 -0.000003 -0.000000 -0.000000 0.000000 9.533409 0.000036 0.000044 0.000003 -0.003600 -0.000007 -0.000005 0.002400 0.000007 0.000012 0.002400 -0.000000 0.000000 -0.000000 -0.000000 9.104532 -0.043031 -1.865075 0.000007 0.000700 0.000097 -0.000005 0.000000 -0.000003 0.000010 0.000014 -0.000003 2.644325 0.000031 0.000057 0.000000 -0.000000 -0.000000 8.077785 -0.486864 -3.806258 0.000013 0.234300 -0.000586 -0.000002 -0.024114 0.000086 0.000003 -0.007673 -0.000010 0.000000 -0.000000 -0.000000 -8.207788 -6.751659 -1.599560 -0.077008 -0.000003 0.000080 0.153719 -0.000000 -0.000000 -0.076703 0.000000 -0.000002 -0.000005 -8.728669 10.710563 0.000005 -0.000000 -0.000000 -0.000001 -0.000676 9.278122 -0.000000 0.000000 -0.000000 8.207791 -6.751703 -1.599556 -0.074517 -0.000003 0.000081 0.148830 0.000002 0.000000 -0.074309 0.000000 -0.000002 -0.000003 -8.728670 10.710560 0.000005 -0.000000 -0.000000 -0.000001 -0.000677 9.278137 0.000003 0.000000 -0.000000 
0.000006 104.270470 1.554256 0.000021 0.000003 -0.000113 -0.000005 10.181587 0.131521 0.000002 -0.000003 0.000084 -0.000000 9.893967 -1.470709 -0.000000 0.000000 -0.000000 -0.000000 0.000000 -0.000000 0.000001 16.740417 -2.049035 0.000000 -0.000000 -0.000000 0.000000 9.617874 1.685008 -0.000000 -0.000000 0.000000 0.000002 22.037354 7.501098 -0.000000 -0.000000 -0.000000 -4.569969 11.014894 -2.160884 0.000005 0.000003 -0.000023 -0.000052 0.000030 0.000011 -27.841520 0.000017 0.000005 -0.000010 0.000001 -0.000003 -28.328836 0.000017 0.000026 -0.000321 -0.000044 0.000010 -2.464817 -1.573966 2.681851 0.314112 -0.720934 -0.172575 -3.215199 -1.872762 1.924284 -0.432457 0.981326 0.240527 -2.654858 -1.527961 1.512612 -0.323118 0.728901 0.173694 0.000001 0.000001 0.000003 -9.108281 -0.517861 2.259837 -0.000007 -0.018787 0.000103 0.000005 0.029297 -0.000007 -0.000005 -0.010093 -0.000003 0.000000 0.000000 -0.000000 -9.532506 -0.000003 -0.000022 -0.000004 -0.057494 0.000110 -0.000001 0.097407 -0.000010 0.000002 -0.036900 -0.000003 -0.000000 0.000000 -0.000000 -9.103599 -0.043045 -1.865133 -0.000000 0.017917 -0.000000 -0.000004 -0.025390 -0.000003 0.000003 -0.012910 0.000003 0.000000 0.000000 0.000000 -8.076683 -0.486680 -3.806278 0.000000 0.059620 -0.000517 0.000001 0.097000 0.000017 -0.000004 -0.056907 0.000003 -0.000000 0.000000 -0.000000 4.570447 11.014723 -2.160855 -0.000007 -0.000002 -0.000015 0.000002 0.000103 0.000118 -0.000007 -0.000007 0.000007 28.328836 -0.000029 0.000017 0.000020 -0.000089 0.000000 2.466128 -1.576189 2.681733 0.271163 0.622431 0.149618 3.217803 -1.872061 1.916485 -0.380683 -0.867292 -0.214332 2.656008 -1.528832 1.514505 -0.280440 -0.641565 -0.159358 2.020883 -1.154066 1.115133 -0.000000 0.000002 -0.000004 9.109305 -0.518042 2.259871 0.000012 -0.005107 0.000093 -0.000008 0.012007 0.000014 -0.000002 -0.007600 -0.000003 -0.000000 -0.000000 0.000000 9.533409 0.000036 0.000044 0.000003 -0.003600 -0.000007 -0.000005 0.002400 0.000007 0.000012 0.002400 -0.000000 0.000000 -0.000000 -0.000000 9.104532 -0.043031 -1.865075 0.000007 0.000700 0.000097 -0.000005 0.000000 -0.000003 0.000010 0.000014 -0.000003 2.644325 0.000031 0.000057 0.000000 -0.000000 -0.000000 8.077785 -0.486864 -3.806258 0.000013 0.234300 -0.000586 -0.000002 -0.024114 0.000086 0.000003 -0.007673 -0.000010 0.000000 -0.000000 -0.000000 -8.207788 -6.751659 -1.599560 -0.077008 -0.000003 0.000080 0.153719 -0.000000 -0.000000 -0.076703 0.000000 -0.000002 -0.000005 -8.728669 10.710563 0.000005 -0.000000 -0.000000 -0.000001 -0.000676 9.278122 -0.000000 0.000000 -0.000000 8.207791 -6.751703 -1.599556 -0.074517 -0.000003 0.000081 0.148830 0.000002 0.000000 -0.074309 0.000000 -0.000002 -0.000003 -8.728670 10.710560 0.000005 -0.000000 -0.000000 -0.000001 -0.000677 9.278137 0.000003 0.000000 -0.000000 
0.000006 104.270470 1.554256 0.000021 0.000003 -0.000113 -0.000005 10.181587 0.131521 0.000002 -0.000003 0.000084 -0.000000 9.893967 -1.470709 -0.000000 0.000000 -0.000000 -0.000000 0.000000 -0.000000 0.000001 16.740417 -2.049035 0.000000 -0.000000 -0.000000 0.000000 9.617874 1.685008 -0.000000 -0.000000 0.000000 0.000002 22.037354 7.501098 -0.000000 -0.000000 -0.000000 -4.569969 11.014894 -2.160884 0.000005 0.000003 -0.000023 -0.000052 0.000030 0.000011 -27.841520 0.000017 0.000005 -0.000010 0.000001 -0.000003 -28.328836 0.000017 0.000026 -0.000321 -0.000044 0.000010 -2.464817 -1.573966 2.681851 0.314112 -0.720934 -0.172575 -3.215199 -1.872762 1.924284 -0.432457 0.981326 0.240527 -2.654858 -1.527961 1.512612 -0.323118 0.728901 0.173694 0.000001 0.000001 0.000003 -9.108281 -0.517861 2.259837 -0.000007 -0.018787 0.000103 0.000005 0.029297 -0.000007 -0.000005 -0.010093 -0.000003 0.000000 0.000000 -0.000000 -9.532506 -0.000003 -0.000022 -0.000004 -0.057494 0.000110 -0.000001 0.097407 -0.000010 0.000002 -0.036900 -0.000003 -0.000000 0.000000 -0.000000 -9.103599 -0.043045 -1.865133 -0.000000 0.017917 -0.000000 -0.000004 -0.025390 -0.000003 0.000003 -0.012910 0.000003 0.000000 0.000000 0.000000 -8.076683 -0.486680 -3.806278 0.000000 0.059620 -0.000517 0.000001 0.097000 0.000017 -0.000004 -0.056907 0.000003 -0.000000 0.000000 -0.000000 4.570447 11.014723 -2.160855 -0.000007 -0.000002 -0.000015 0.000002 0.000103 0.000118 -0.000007 -0.000007 0.000007 28.328836 -0.000029 0.000017 0.000020 -0.000089 0.000000 2.466128 -1.576189 2.681733 0.271163 0.622431 0.149618 3.217803 -1.872061 1.916485 -0.380683 -0.867292 -0.214332 2.656008 -1.528832 1.514505 -0.280440 -0.641565 -0.159358 2.020883 -1.154066 1.115133 -0.000000 0.000002 -0.000004 9.109305 -0.518042 2.259871 0.000012 -0.005107 0.000093 -0.000008 0.012007 0.000014 -0.000002 -0.007600 -0.000003 -0.000000 -0.000000 0.000000 9.533409 0.000036 0.000044 0.000003 -0.003600 -0.000007 -0.000005 0.002400 0.000007 0.000012 0.002400 -0.000000 0.000000 -0.000000 -0.000000 9.104532 -0.043031 -1.865075 0.000007 0.000700 0.000097 -0.000005 0.000000 -0.000003 0.000010 0.000014 -0.000003 2.644325 0.000031 0.000057 0.000000 -0.000000 -0.000000 8.077785 -0.486864 -3.806258 0.000013 0.234300 -0.000586 -0.000002 -0.024114 0.000086 0.000003 -0.007673 -0.000010 0.000000 -0.000000 -0.000000 -8.207788 -6.751659 -1.599560 -0.077008 -0.000003 0.000080 0.153719 -0.000000 -0.000000 -0.076703 0.000000 -0.000002 -0.000005 -8.728669 10.710563 0.000005 -0.000000 -0.000000 -0.000001 -0.000676 9.278122 -0.000000 0.000000 -0.000000 8.207791 -6.751703 -1.599556 -0.074517 -0.000003 0.000081 0.148830 0.000002 0.000000 -0.074309 0.000000 -0.000002 -0.000003 -8.728670 10.710560 0.000005 -0.000000 -0.000000 -0.000001 -0.000677 9.278137 0.000003 0.000000 -0.000000 
0.000006 104.270470 1.554256 0.000021 0.000003 -0.000113 -0.000005 10.181587 0.131521 0.000002 -0.000003 0.000084 -0.000000 9.893967 -1.470709 -0.000000 0.000000 -0.000000 -0.000000 0.000000 -0.000000 0.000001 16.740417 -2.049035 0.000000 -0.000000 -0.000000 0.000000 9.617874 1.685008 -0.000000 -0.000000 0.000000 0.000002 22.037354 7.501098 -0.000000 -0.000000 -0.000000 -4.569969 11.014894 -2.160884 0.000005 0.000003 -0.000023 -0.000052 0.000030 0.000011 -27.841520 0.000017 0.000005 -0.000010 0.000001 -0.000003 -28.328836 0.000017 0.000026 -0.000321 -0.000044 0.000010 -2.464817 -1.573966 2.681851 0.314112 -0.720934 -0.172575 -3.215199 -1.872762 1.924284 -0.432457 0.981326 0.240527 -2.654858 -1.527961 1.512612 -0.323118 0.728901 0.173694 0.000001 0.000001 0.000003 -9.108281 -0.517861 2.259837 -0.000007 -0.018787 0.000103 0.000005 0.029297 -0.000007 -0.000005 -0.010093 -0.000003 0.000000 0.000000 -0.000000 -9.532506 -0.000003 -0.000022 -0.000004 -0.057494 0.000110 -0.000001 0.097407 -0.000010 0.000002 -0.036900 -0.000003 -0.000000 0.000000 -0.000000 -9.103599 -0.043045 -1.865133 -0.000000 0.017917 -0.000000 -0.000004 -0.025390 -0.000003 0.000003 -0.012910 0.000003 0.000000 0.000000 0.000000 -8.076683 -0.486680 -3.806278 0.000000 0.059620 -0.000517 0.000001 0.097000 0.000017 -0.000004 -0.056907 0.000003 -0.000000 0.000000 -0.000000 4.570447 11.014723 -2.160855 -0.000007 -0.000002 -0.000015 0.000002 0.000103 0.000118 -0.000007 -0.000007 0.000007 28.328836 -0.000029 0.000017 0.000020 -0.000089 0.000000 2.466128 -1.576189 2.681733 0.271163 0.622431 0.149618 3.217803 -1.872061 1.916485 -0.380683 -0.867292 -0.214332 2.656008 -1.528832 1.514505 -0.280440 -0.641565 -0.159358 2.020883 -1.154066 1.115133 -0.000000 0.000002 -0.000004 9.109305 -0.518042 2.259871 0.000012 -0.005107 0.000093 -0.000008 0.012007 0.000014 -0.000002 -0.007600 -0.000003 -0.000000 -0.000000 0.000000 9.533409 0.000036 0.000044 0.000003 -0.003600 -0.000007 -0.000005 0.002400 0.000007 0.000012 0.002400 -0.000000 0.000000 -0.000000 -0.000000 9.104532 -0.043031 -1.865075 0.000007 0.000700 0.000097 -0.000005 0.000000 -0.000003 0.000010 0.000014 -0.000003 2.644325 0.000031 0.000057 0.000000 -0.000000 -0.000000 8.077785 -0.486864 -3.806258 0.000013 0.234300 -0.000586 -0.000002 -0.024114 0.000086 0.000003 -0.007673 -0.000010 0.000000 -0.000000 -0.000000 -8.207788 -6.751659 -1.599560 -0.077008 -0.000003 0.000080 0.153719 -0.000000 -0.000000 -0.076703 0.000000 -0.000002 -0.000005 -8.728669 10.710563 0.000005 -0.000000 -0.000000 -0.000001 -0.000676 9.278122 -0.000000 0.000000 -0.000000 8.207791 -6.751703 -1.599556 -0.074517 -0.000003 0.000081 0.148830 0.000002 0.000000 -0.074309 0.000000 -0.000002 -0.000003 -8.728670 10.710560 0.000005 -0.000000 -0.000000 -0.000001 -0.000677 9.278137 0.000003 0.000000 -0.000000 
0.000006 104.270470 1.554256 0.000021 0.000003 -0.000113 -0.000005 10.181587 0.131521 0.000002 -0.000003 0.000084 -0.000000 9.893967 -1.470709 -0.000000 0.000000 -0.000000 -0.000000 0.000000 -0.000000 0.000001 16.740417 -2.049035 0.000000 -0.000000 -0.000000 0.000000 9.617874 1.685008 -0.000000 -0.000000 0.000000 0.000002 22.037354 7.501098 -0.000000 -0.000000 -0.000000 -4.569969 11.014894 -2.160884 0.000005 0.000003 -0.000023 -0.000052 0.000030 0.000011 -27.841520 0.000017 0.000005 -0.000010 0.000001 -0.000003 -28.328836 0.000017 0.000026 -0.000321 -0.000044 0.000010 -2.464817 -1.573966 2.681851 0.314112 -0.720934 -0.172575 -3.215199 -1.872762 1.924284 -0.432457 0.981326 0.240527 -2.654858 -1.527961 1.512612 -0.323118 0.728901 0.173694 0.000001 0.000001 0.000003 -9.108281 -0.517861 2.259837 -0.000007 -0.018787 0.000103 0.000005 0.029297 -0.000007 -0.000005 -0.010093 -0.000003 0.000000 0.000000 -0.000000 -9.532506 -0.000003 -0.000022 -0.000004 -0.057494 0.000110 -0.000001 0.097407 -0.000010 0.000002 -0.036900 -0.000003 -0.000000 0.000000 -0.000000 -9.103599 -0.043045 -1.865133 -0.000000 0.017917 -0.000000 -0.000004 -0.025390 -0.000003 0.000003 -0.012910 0.000003 0.000000 0.000000 0.000000 -8.076683 -0.486680 -3.806278 0.000000 0.059620 -0.000517 0.000001 0.097000 0.000017 -0.000004 -0.056907 0.000003 -0.000000 0.000000 -0.000000 4.570447 11.014723 -2.160855 -0.000007 -0.000002 -0.000015 0.000002 0.000103 0.000118 -0.000007 -0.000007 0.000007 28.328836 -0.000029 0.000017 0.000020 -0.000089 0.000000 2.466128 -1.576189 2.681733 0.271163 0.622431 0.149618 3.217803 -1.872061 1.916485 -0.380683 -0.867292 -0.214332 2.656008 -1.528832 1.514505 -0.280440 -0.641565 -0.159358 2.020883 -1.154066 1.115133 -0.000000 0.000002 -0.000004 9.109305 -0.518042 2.259871 0.000012 -0.005107 0.000093 -0.000008 0.012007 0.000014 -0.000002 -0.007600 -0.000003 -0.000000 -0.000000 0.000000 9.533409 0.000036 0.000044 0.000003 -0.003600 -0.000007 -0.000005 0.002400 0.000007 0.000012 0.002400 -0.000000 0.000000 -0.000000 -0.000000 9.104532 -0.043031 -1.865075 0.000007 0.000700 0.000097 -0.000005 0.000000 -0.000003 0.000010 0.000014 -0.000003 2.644325 0.000031 0.000057 0.000000 -0.000000 -0.000000 8.077785 -0.486864 -3.806258 0.000013 0.234300 -0.000586 -0.000002 -0.024114 0.000086 0.000003 -0.007673 -0.000010 0.000000 -0.000000 -0.000000 -8.207788 -6.751659 -1.599560 -0.077008 -0.000003 0.000080 0.153719 -0.000000 -0.000000 -0.076703 0.000000 -0.000002 -0.000005 -8.728669 10.710563 0.000005 -0.000000 -0.000000 -0.000001 -0.000676 9.278122 -0.000000 0.000000 -0.000000 8.207791 -6.751703 -1.599556 -0.074517 -0.000003 0.000081 0.148830 0.000002 0.000000 -0.074309 0.000000 -0.000002 -0.000003 -8.728670 10.710560 0.000005 -0.000000 -0.000000 -0.000001 -0.000677 9.278137 0.000003 0.000000 -0.000000 
0.000006 104.270470 1.554256 0.000021 0.000003 -0.000113 -0.000005 10.181587 0.131521 0.000002 -0.000003 0.000084 -0.000000 9.893967 -1.470709 -0.000000 0.000000 -0.000000 -0.000000 0.000000 -0.000000 0.000001 16.740417 -2.049035 0.000000 -0.000000 -0.000000 0.000000 9.617874 1.685008 -0.000000 -0.000000 0.000000 0.000002 22.037354 7.501098 -0.000000 -0.000000 -0.000000 -4.569969 11.014894 -2.160884 0.000005 0.000003 -0.000023 -0.000052 0.000030 0.000011 -27.841520 0.000017 0.000005 -0.000010 0.000001 -0.000003 -28.328836 0.000017 0.000026 -0.000321 -0.000044 0.000010 -2.464817 -1.573966 2.681851 0.314112 -0.720934 -0.172575 -3.215199 -1.872762 1.924284 -0.432457 0.981326 0.240527 -2.654858 -1.527961 1.512612 -0.323118 0.728901 0.173694 0.000001 0.000001 0.000003 -9.108281 -0.517861 2.259837 -0.000007 -0.018787 0.000103 0.000005 0.029297 -0.000007 -0.000005 -0.010093 -0.000003 0.000000 0.000000 -0.000000 -9.532506 -0.000003 -0.000022 -0.000004 -0.057494 0.000110 -0.000001 0.097407 -0.000010 0.000002 -0.036900 -0.000003 -0.000000 0.000000 -0.000000 -9.103599 -0.043045 -1.865133 -0.000000 0.017917 -0.000000 -0.000004 -0.025390 -0.000003 0.000003 -0.012910 0.000003 0.000000 0.000000 0.000000 -8.076683 -0.486680 -3.806278 0.000000 0.059620 -0.000517 0.000001 0.097000 0.000017 -0.000004 -0.056907 0.000003 -0.000000 0.000000 -0.000000 4.570447 11.014723 -2.160855 -0.000007 -0.000002 -0.000015 0.000002 0.000103 0.000118 -0.000007 -0.000007 0.000007 28.328836 -0.000029 0.000017 0.000020 -0.000089 0.000000 2.466128 -1.576189 2.681733 0.271163 0.622431 0.149618 3.217803 -1.872061 1.916485 -0.380683 -0.867292 -0.214332 2.656008 -1.528832 1.514505 -0.280440 -0.641565 -0.159358 2.020883 -1.154066 1.115133 -0.000000 0.000002 -0.000004 9.109305 -0.518042 2.259871 0.000012 -0.005107 0.000093 -0.000008 0.012007 0.000014 -0.000002 -0.007600 -0.000003 -0.000000 -0.000000 0.000000 9.533409 0.000036 0.000044 0.000003 -0.003600 -0.000007 -0.000005 0.002400 0.000007 0.000012 0.002400 -0.000000 0.000000 -0.000000 -0.000000 9.104532 -0.043031 -1.865075 0.000007 0.000700 0.000097 -0.000005 0.000000 -0.000003 0.000010 0.000014 -0.000003 2.644325 0.000031 0.000057 0.000000 -0.000000 -0.000000 8.077785 -0.486864 -3.806258 0.000013 0.234300 -0.000586 -0.000002 -0.024114 0.000086 0.000003 -0.007673 -0.000010 0.000000 -0.000000 -0.000000 -8.207788 -6.751659 -1.599560 -0.077008 -0.000003 0.000080 0.153719 -0.000000 -0.000000 -0.076703 0.000000 -0.000002 -0.000005 -8.728669 10.710563 0.000005 -0.000000 -0.000000 -0.000001 -0.000676 9.278122 -0.000000 0.000000 -0.000000 8.207791 -6.751703 -1.599556 -0.074517 -0.000003 0.000081 0.148830 0.000002 0.000000 -0.074309 0.000000 -0.000002 -0.000003 -8.728670 10.710560 0.000005 -0.000000 -0.000000 -0.000001 -0.000677 9.278137 0.000003 0.000000 -0.000000 
0.000006 104.270470 1.554256 0.000021 0.000003 -0.000113 -0.000005 10.181587 0.131521 0.000002 -0.000003 0.000084 -0.000000 9.893967 -1.470709 -0.000000 0.000000 -0.000000 -0.000000 0.000000 -0.000000 0.000001 16.740417 -2.049035 0.000000 -0.000000 -0.000000 0.000000 9.617874 1.685008 -0.000000 -0.000000 0.000000 0.000002 22.037354 7.501098 -0.000000 -0.000000 -0.000000 -4.569969 11.014894 -2.160884 0.000005 0.000003 -0.000023 -0.000052 0.000030 0.000011 -27.841520 0.000017 0.000005 -0.000010 0.000001 -0.000003 -28.328836 0.000017 0.000026 -0.000321 -0.000044 0.000010 -2.464817 -1.573966 2.681851 0.314112 -0.720934 -0.172575 -3.215199 -1.872762 1.924284 -0.432457 0.981326 0.240527 -2.654858 -1.527961 1.512612 -0.323118 0.728901 0.173694 0.000001 0.000001 0.000003 -9.108281 -0.517861 2.259837 -0.000007 -0.018787 0.000103 0.000005 0.029297 -0.000007 -0.000005 -0.010093 -0.000003 0.000000 0.000000 -0.000000 -9.532506 -0.000003 -0.000022 -0.000004 -0.057494 0.000110 -0.000001 0.097407 -0.000010 0.000002 -0.036900 -0.000003 -0.000000 0.000000 -0.000000 -9.103599 -0.043045 -1.865133 -0.000000 0.017917 -0.000000 -0.000004 -0.025390 -0.000003 0.000003 -0.012910 0.000003 0.000000 0.000000 0.000000 -8.076683 -0.486680 -3.806278 0.000000 0.059620 -0.000517 0.000001 0.097000 0.000017 -0.000004 -0.056907 0.000003 -0.000000 0.000000 -0.000000 4.570447 11.014723 -2.160855 -0.000007 -0.000002 -0.000015 0.000002 0.000103 0.000118 -0.000007 -0.000007 0.000007 28.328836 -0.000029 0.000017 0.000020 -0.000089 0.000000 2.466128 -1.576189 2.681733 0.271163 0.622431 0.149618 3.217803 -1.872061 1.916485 -0.380683 -0.867292 -0.214332 2.656008 -1.528832 1.514505 -0.280440 -0.641565 -0.159358 2.020883 -1.154066 1.115133 -0.000000 0.000002 -0.000004 9.109305 -0.518042 2.259871 0.000012 -0.005107 0.000093 -0.000008 0.012007 0.000014 -0.000002 -0.007600 -0.000003 -0.000000 -0.000000 0.000000 9.533409 0.000036 0.000044 0.000003 -0.003600 -0.000007 -0.000005 0.002400 0.000007 0.000012 0.002400 -0.000000 0.000000 -0.000000 -0.000000 9.104532 -0.043031 -1.865075 0.000007 0.000700 0.000097 -0.000005 0.000000 -0.000003 0.000010 0.000014 -0.000003 2.644325 0.000031 0.000057 0.000000 -0.000000 -0.000000 8.077785 -0.486864 -3.806258 0.000013 0.234300 -0.000586 -0.000002 -0.024114 0.000086 0.000003 -0.007673 -0.000010 0.000000 -0.000000 -0.000000 -8.207788 -6.751659 -1.599560 -0.077008 -0.000003 0.000080 0.153719 -0.000000 -0.000000 -0.076703 0.000000 -0.000002 -0.000005 -8.728669 10.710563 0.000005 -0.000000 -0.000000 -0.000001 -0.000676 9.278122 -0.000000 0.000000 -0.000000 8.207791 -6.751703 -1.599556 -0.074517 -0.000003 0.000081 0.148830 0.000002 0.000000 -0.074309 0.000000 -0.000002 -0.000003 -8.728670 10.710560 0.000005 -0.000000 -0.000000 -0.000001 -0.000677 9.278137 0.000003 0.000000 -0.000000 
0.000006 104.270470 1.554256 0.000021 0.000003 -0.000113 -0.000005 10.181587 0.131521 0.000002 -0.000003 0.000084 -0.000000 9.893967 -1.470709 -0.000000 0.000000 -0.000000 -0.000000 0.000000 -0.000000 0.000001 16.740417 -2.049035 0.000000 -0.000000 -0.000000 0.000000 9.617874 1.685008 -0.000000 -0.000000 0.000000 0.000002 22.037354 7.501098 -0.000000 -0.000000 -0.000000 -4.569969 11.014894 -2.160884 0.000005 0.000003 -0.000023 -0.000052 0.000030 0.000011 -27.841520 0.000017 0.000005 -0.000010 0.000001 -0.000003 -28.328836 0.000017 0.000026 -0.000321 -0.000044 0.000010 -2.464817 -1.573966 2.681851 0.314112 -0.720934 -0.172575 -3.215199 -1.872762 1.924284 -0.432457 0.981326 0.240527 -2.654858 -1.527961 1.512612 -0.323118 0.728901 0.173694 0.000001 0.000001 0.000003 -9.108281 -0.517861 2.259837 -0.000007 -0.018787 0.000103 0.000005 0.029297 -0.000007 -0.000005 -0.010093 -0.000003 0.000000 0.000000 -0.000000 -9.532506 -0.000003 -0.000022 -0.000004 -0.057494 0.000110 -0.000001 0.097407 -0.000010 0.000002 -0.036900 -0.000003 -0.000000 0.000000 -0.000000 -9.103599 -0.043045 -1.865133 -0.000000 0.017917 -0.000000 -0.000004 -0.025390 -0.000003 0.000003 -0.012910 0.000003 0.000000 0.000000 0.000000 -8.076683 -0.486680 -3.806278 0.000000 0.059620 -0.000517 0.000001 0.097000 0.000017 -0.000004 -0.056907 0.000003 -0.000000 0.000000 -0.000000 4.570447 11.014723 -2.160855 -0.000007 -0.000002 -0.000015 0.000002 0.000103 0.000118 -0.000007 -0.000007 0.000007 28.328836 -0.000029 0.000017 0.000020 -0.000089 0.000000 2.466128 -1.576189 2.681733 0.271163 0.622431 0.149618 3.217803 -1.872061 1.916485 -0.380683 -0.867292 -0.214332 2.656008 -1.528832 1.514505 -0.280440 -0.641565 -0.159358 2.020883 -1.154066 1.115133 -0.000000 0.000002 -0.000004 9.109305 -0.518042 2.259871 0.000012 -0.005107 0.000093 -0.000008 0.012007 0.000014 -0.000002 -0.007600 -0.000003 -0.000000 -0.000000 0.000000 9.533409 0.000036 0.000044 0.000003 -0.003600 -0.000007 -0.000005 0.002400 0.000007 0.000012 0.002400 -0.000000 0.000000 -0.000000 -0.000000 9.104532 -0.043031 -1.865075 0.000007 0.000700 0.000097 -0.000005 0.000000 -0.000003 0.000010 0.000014 -0.000003 2.644325 0.000031 0.000057 0.000000 -0.000000 -0.000000 8.077785 -0.486864 -3.806258 0.000013 0.234300 -0.000586 -0.000002 -0.024114 0.000086 0.000003 -0.007673 -0.000010 0.000000 -0.000000 -0.000000 -8.207788 -6.751659 -1.599560 -0.077008 -0.000003 0.000080 0.153719 -0.000000 -0.000000 -0.076703 0.000000 -0.000002 -0.000005 -8.728669 10.710563 0.000005 -0.000000 -0.000000 -0.000001 -0.000676 9.278122 -0.000000 0.000000 -0.000000 8.207791 -6.751703 -1.599556 -0.074517 -0.000003 0.000081 0.148830 0.000002 0.000000 -0.074309 0.000000 -0.000002 -0.000003 -8.728670 10.710560 0.000005 -0.000000 -0.000000 -0.000001 -0.000677 9.278137 0.000003 0.000000 -0.000000 
0.000006 104.270470 1.554256 0.000021 0.000003 -0.000113 -0.000005 10.181587 0.131521 0.000002 -0.000003 0.000084 -0.000000 9.893967 -1.470709 -0.000000 0.000000 -0.000000 -0.000000 0.000000 -0.000000 0.000001 16.740417 -2.049035 0.000000 -0.000000 -0.000000 0.000000 9.617874 1.685008 -0.000000 -0.000000 0.000000 0.000002 22.037354 7.501098 -0.000000 -0.000000 -0.000000 -4.569969 11.014894 -2.160884 0.000005 0.000003 -0.000023 -0.000052 0.000030 0.000011 -27.841520 0.000017 0.000005 -0.000010 0.000001 -0.000003 -28.328836 0.000017 0.000026 -0.000321 -0.000044 0.000010 -2.464817 -1.573966 2.681851 0.314112 -0.720934 -0.172575 -3.215199 -1.872762 1.924284 -0.432457 0.981326 0.240527 -2.654858 -1.527961 1.512612 -0.323118 0.728901 0.173694 0.000001 0.000001 0.000003 -9.108281 -0.517861 2.259837 -0.000007 -0.018787 0.000103 0.000005 0.029297 -0.000007 -0.000005 -0.010093 -0.000003 0.000000 0.000000 -0.000000 -9.532506 -0.000003 -0.000022 -0.000004 -0.057494 0.000110 -0.000001 0.097407 -0.000010 0.000002 -0.036900 -0.000003 -0.000000 0.000000 -0.000000 -9.103599 -0.043045 -1.865133 -0.000000 0.017917 -0.000000 -0.000004 -0.025390 -0.000003 0.000003 -0.012910 0.000003 0.000000 0.000000 0.000000 -8.076683 -0.486680 -3.806278 0.000000 0.059620 -0.000517 0.000001 0.097000 0.000017 -0.000004 -0.056907 0.000003 -0.000000 0.000000 -0.000000 4.570447 11.014723 -2.160855 -0.000007 -0.000002 -0.000015 0.000002 0.000103 0.000118 -0.000007 -0.000007 0.000007 28.328836 -0.000029 0.000017 0.000020 -0.000089 0.000000 2.466128 -1.576189 2.681733 0.271163 0.622431 0.149618 3.217803 -1.872061 1.916485 -0.380683 -0.867292 -0.214332 2.656008 -1.528832 1.514505 -0.280440 -0.641565 -0.159358 2.020883 -1.154066 1.115133 -0.000000 0.000002 -0.000004 9.109305 -0.518042 2.259871 0.000012 -0.005107 0.000093 -0.000008 0.012007 0.000014 -0.000002 -0.007600 -0.000003 -0.000000 -0.000000 0.000000 9.533409 0.000036 0.000044 0.000003 -0.003600 -0.000007 -0.000005 0.002400 0.000007 0.000012 0.002400 -0.000000 0.000000 -0.000000 -0.000000 9.104532 -0.043031 -1.865075 0.000007 0.000700 0.000097 -0.000005 0.000000 -0.000003 0.000010 0.000014 -0.000003 2.644325 0.000031 0.000057 0.000000 -0.000000 -0.000000 8.077785 -0.486864 -3.806258 0.000013 0.234300 -0.000586 -0.000002 -0.024114 0.000086 0.000003 -0.007673 -0.000010 0.000000 -0.000000 -0.000000 -8.207788 -6.751659 -1.599560 -0.077008 -0.000003 0.000080 0.153719 -0.000000 -0.000000 -0.076703 0.000000 -0.000002 -0.000005 -8.728669 10.710563 0.000005 -0.000000 -0.000000 -0.000001 -0.000676 9.278122 -0.000000 0.000000 -0.000000 8.207791 -6.751703 -1.599556 -0.074517 -0.000003 0.000081 0.148830 0.000002 0.000000 -0.074309 0.000000 -0.000002 -0.000003 -8.728670 10.710560 0.000005 -0.000000 -0.000000 -0.000001 -0.000677 9.278137 0.000003 0.000000 -0.000000 
0.000006 104.270470 1.554256 0.000021 0.000003 -0.000113 -0.000005 10.181587 0.131521 0.000002 -0.000003 0.000084 -0.000000 9.893967 -1.470709 -0.000000 0.000000 -0.000000 -0.000000 0.000000 -0.000000 0.000001 16.740417 -2.049035 0.000000 -0.000000 -0.000000 0.000000 9.617874 1.685008 -0.000000 -0.000000 0.000000 0.000002 22.037354 7.501098 -0.000000 -0.000000 -0.000000 -4.569969 11.014894 -2.160884 0.000005 0.000003 -0.000023 -0.000052 0.000030 0.000011 -27.841520 0.000017 0.000005 -0.000010 0.000001 -0.000003 -28.328836 0.000017 0.000026 -0.000321 -0.000044 0.000010 -2.464817 -1.573966 2.681851 0.314112 -0.720934 -0.172575 -3.215199 -1.872762 1.924284 -0.432457 0.981326 0.240527 -2.654858 -1.527961 1.512612 -0.323118 0.728901 0.173694 0.000001 0.000001 0.000003 -9.108281 -0.517861 2.259837 -0.000007 -0.018787 0.000103 0.000005 0.029297 -0.000007 -0.000005 -0.010093 -0.000003 0.000000 0.000000 -0.000000 -9.532506 -0.000003 -0.000022 -0.000004 -0.057494 0.000110 -0.000001 0.097407 -0.000010 0.000002 -0.036900 -0.000003 -0.000000 0.000000 -0.000000 -9.103599 -0.043045 -1.865133 -0.000000 0.017917 -0.000000 -0.000004 -0.025390 -0.000003 0.000003 -0.012910 0.000003 0.000000 0.000000 0.000000 -8.076683 -0.486680 -3.806278 0.000000 0.059620 -0.000517 0.000001 0.097000 0.000017 -0.000004 -0.056907 0.000003 -0.000000 0.000000 -0.000000 4.570447 11.014723 -2.160855 -0.000007 -0.000002 -0.000015 0.000002 0.000103 0.000118 -0.000007 -0.000007 0.000007 28.328836 -0.000029 0.000017 0.000020 -0.000089 0.000000 2.466128 -1.576189 2.681733 0.271163 0.622431 0.149618 3.217803 -1.872061 1.916485 -0.380683 -0.867292 -0.214332 2.656008 -1.528832 1.514505 -0.280440 -0.641565 -0.159358 2.020883 -1.154066 1.115133 -0.000000 0.000002 -0.000004 9.109305 -0.518042 2.259871 0.000012 -0.005107 0.000093 -0.000008 0.012007 0.000014 -0.000002 -0.007600 -0.000003 -0.000000 -0.000000 0.000000 9.533409 0.000036 0.000044 0.000003 -0.003600 -0.000007 -0.000005 0.002400 0.000007 0.000012 0.002400 -0.000000 0.000000 -0.000000 -0.000000 9.104532 -0.043031 -1.865075 0.000007 0.000700 0.000097 -0.000005 0.000000 -0.000003 0.000010 0.000014 -0.000003 2.644325 0.000031 0.000057 0.000000 -0.000000 -0.000000 8.077785 -0.486864 -3.806258 0.000013 0.234300 -0.000586 -0.000002 -0.024114 0.000086 0.000003 -0.007673 -0.000010 0.000000 -0.000000 -0.000000 -8.207788 -6.751659 -1.599560 -0.077008 -0.000003 0.000080 0.153719 -0.000000 -0.000000 -0.076703 0.000000 -0.000002 -0.000005 -8.728669 10.710563 0.000005 -0.000000 -0.000000 -0.000001 -0.000676 9.278122 -0.000000 0.000000 -0.000000 8.207791 -6.751703 -1.599556 -0.074517 -0.000003 0.000081 0.148830 0.000002 0.000000 -0.074309 0.000000 -0.000002 -0.000003 -8.728670 10.710560 0.000005 -0.000000 -0.000000 -0.000001 -0.000677 9.278137 0.000003 0.000000 -0.000000 
0.000006 104.270470 1.554256 0.000021 0.000003 -0.000113 -0.000005 10.181587 0.131521 0.000002 -0.000003 0.000084 -0.000000 9.893967 -1.470709 -0.000000 0.000000 -0.000000 -0.000000 0.000000 -0.000000 0.000001 16.740417 -2.049035 0.000000 -0.000000 -0.000000 0.000000 9.617874 1.685008 -0.000000 -0.000000 0.000000 0.000002 22.037354 7.501098 -0.000000 -0.000000 -0.000000 -4.569969 11.014894 -2.160884 0.000005 0.000003 -0.000023 -0.000052 0.000030 0.000011 -27.841520 0.000017 0.000005 -0.000010 0.000001 -0.000003 -28.328836 0.000017 0.000026 -0.000321 -0.000044 0.000010 -2.464817 -1.573966 2.681851 0.314112 -0.720934 -0.172575 -3.215199 -1.872762 1.924284 -0.432457 0.981326 0.240527 -2.654858 -1.527961 1.512612 -0.323118 0.728901 0.173694 0.000001 0.000001 0.000003 -9.108281 -0.517861 2.259837 -0.000007 -0.018787 0.000103 0.000005 0.029297 -0.000007 -0.000005 -0.010093 -0.000003 0.000000 0.000000 -0.000000 -9.532506 -0.000003 -0.000022 -0.000004 -0.057494 0.000110 -0.000001 0.097407 -0.000010 0.000002 -0.036900 -0.000003 -0.000000 0.000000 -0.000000 -9.103599 -0.043045 -1.865133 -0.000000 0.017917 -0.000000 -0.000004 -0.025390 -0.000003 0.000003 -0.012910 0.000003 0.000000 0.000000 0.000000 -8.076683 -0.486680 -3.806278 0.000000 0.059620 -0.000517 0.000001 0.097000 0.000017 -0.000004 -0.056907 0.000003 -0.000000 0.000000 -0.000000 4.570447 11.014723 -2.160855 -0.000007 -0.000002 -0.000015 0.000002 0.000103 0.000118 -0.000007 -0.000007 0.000007 28.328836 -0.000029 0.000017 0.000020 -0.000089 0.000000 2.466128 -1.576189 2.681733 0.271163 0.622431 0.149618 3.217803 -1.872061 1.916485 -0.380683 -0.867292 -0.214332 2.656008 -1.528832 1.514505 -0.280440 -0.641565 -0.159358 2.020883 -1.154066 1.115133 -0.000000 0.000002 -0.000004 9.109305 -0.518042 2.259871 0.000012 -0.005107 0.000093 -0.000008 0.012007 0.000014 -0.000002 -0.007600 -0.000003 -0.000000 -0.000000 0.000000 9.533409 0.000036 0.000044 0.000003 -0.003600 -0.000007 -0.000005 0.002400 0.000007 0.000012 0.002400 -0.000000 0.000000 -0.000000 -0.000000 9.104532 -0.043031 -1.865075 0.000007 0.000700 0.000097 -0.000005 0.000000 -0.000003 0.000010 0.000014 -0.000003 2.644325 0.000031 0.000057 0.000000 -0.000000 -0.000000 8.077785 -0.486864 -3.806258 0.000013 0.234300 -0.000586 -0.000002 -0.024114 0.000086 0.000003 -0.007673 -0.000010 0.000000 -0.000000 -0.000000 -8.207788 -6.751659 -1.599560 -0.077008 -0.000003 0.000080 0.153719 -0.000000 -0.000000 -0.076703 0.000000 -0.000002 -0.000005 -8.728669 10.710563 0.000005 -0.000000 -0.000000 -0.000001 -0.000676 9.278122 -0.000000 0.000000 -0.000000 8.207791 -6.751703 -1.599556 -0.074517 -0.000003 0.000081 0.148830 0.000002 0.000000 -0.074309 0.000000 -0.000002 -0.000003 -8.728670 10.710560 0.000005 -0.000000 -0.000000 -0.000001 -0.000677 9.278137 0.000003 0.000000 -0.000000 
0.000006 104.270470 1.554256 0.000021 0.000003 -0.000113 -0.000005 10.181587 0.131521 0.000002 -0.000003 0.000084 -0.000000 9.893967 -1.470709 -0.000000 0.000000 -0.000000 -0.000000 0.000000 -0.000000 0.000001 16.740417 -2.049035 0.000000 -0.000000 -0.000000 0.000000 9.617874 1.685008 -0.000000 -0.000000 0.000000 0.000002 22.037354 7.501098 -0.000000 -0.000000 -0.000000 -4.569969 11.014894 -2.160884 0.000005 0.000003 -0.000023 -0.000052 0.000030 0.000011 -27.841520 0.000017 0.000005 -0.000010 0.000001 -0.000003 -28.328836 0.000017 0.000026 -0.000321 -0.000044 0.000010 -2.464817 -1.573966 2.681851 0.314112 -0.720934 -0.172575 -3.215199 -1.872762 1.924284 -0.432457 0.981326 0.240527 -2.654858 -1.527961 1.512612 -0.323118 0.728901 0.173694 0.000001 0.000001 0.000003 -9.108281 -0.517861 2.259837 -0.000007 -0.018787 0.000103 0.000005 0.029297 -0.000007 -0.000005 -0.010093 -0.000003 0.000000 0.000000 -0.000000 -9.532506 -0.000003 -0.000022 -0.000004 -0.057494 0.000110 -0.000001 0.097407 -0.000010 0.000002 -0.036900 -0.000003 -0.000000 0.000000 -0.000000 -9.103599 -0.043045 -1.865133 -0.000000 0.017917 -0.000000 -0.000004 -0.025390 -0.000003 0.000003 -0.012910 0.000003 0.000000 0.000000 0.000000 -8.076683 -0.486680 -3.806278 0.000000 0.059620 -0.000517 0.000001 0.097000 0.000017 -0.000004 -0.056907 0.000003 -0.000000 0.000000 -0.000000 4.570447 11.014723 -2.160855 -0.000007 -0.000002 -0.000015 0.000002 0.000103 0.000118 -0.000007 -0.000007 0.000007 28.328836 -0.000029 0.000017 0.000020 -0.000089 0.000000 2.466128 -1.576189 2.681733 0.271163 0.622431 0.149618 3.217803 -1.872061 1.916485 -0.380683 -0.867292 -0.214332 2.656008 -1.528832 1.514505 -0.280440 -0.641565 -0.159358 2.020883 -1.154066 1.115133 -0.000000 0.000002 -0.000004 9.109305 -0.518042 2.259871 0.000012 -0.005107 0.000093 -0.000008 0.012007 0.000014 -0.000002 -0.007600 -0.000003 -0.000000 -0.000000 0.000000 9.533409 0.000036 0.000044 0.000003 -0.003600 -0.000007 -0.000005 0.002400 0.000007 0.000012 0.002400 -0.000000 0.000000 -0.000000 -0.000000 9.104532 -0.043031 -1.865075 0.000007 0.000700 0.000097 -0.000005 0.000000 -0.000003 0.000010 0.000014 -0.000003 2.644325 0.000031 0.000057 0.000000 -0.000000 -0.000000 8.077785 -0.486864 -3.806258 0.000013 0.234300 -0.000586 -0.000002 -0.024114 0.000086 0.000003 -0.007673 -0.000010 0.000000 -0.000000 -0.000000 -8.207788 -6.751659 -1.599560 -0.077008 -0.000003 0.000080 0.153719 -0.000000 -0.000000 -0.076703 0.000000 -0.000002 -0.000005 -8.728669 10.710563 0.000005 -0.000000 -0.000000 -0.000001 -0.000676 9.278122 -0.000000 0.000000 -0.000000 8.207791 -6.751703 -1.599556 -0.074517 -0.000003 0.000081 0.148830 0.000002 0.000000 -0.074309 0.000000 -0.000002 -0.000003 -8.728670 10.710560 0.000005 -0.000000 -0.000000 -0.000001 -0.000677 9.278137 0.000003 0.000000 -0.000000 
0.000006 104.270470 1.554256 0.000021 0.000003 -0.000113 -0.000005 10.181587 0.131521 0.000002 -0.000003 0.000084 -0.000000 9.893967 -1.470709 -0.000000 0.000000 -0.000000 -0.000000 0.000000 -0.000000 0.000001 16.740417 -2.049035 0.000000 -0.000000 -0.000000 0.000000 9.617874 1.685008 -0.000000 -0.000000 0.000000 0.000002 22.037354 7.501098 -0.000000 -0.000000 -0.000000 -4.569969 11.014894 -2.160884 0.000005 0.000003 -0.000023 -0.000052 0.000030 0.000011 -27.841520 0.000017 0.000005 -0.000010 0.000001 -0.000003 -28.328836 0.000017 0.000026 -0.000321 -0.000044 0.000010 -2.464817 -1.573966 2.681851 0.314112 -0.720934 -0.172575 -3.215199 -1.872762 1.924284 -0.432457 0.981326 0.240527 -2.654858 -1.527961 1.512612 -0.323118 0.728901 0.173694 0.000001 0.000001 0.000003 -9.108281 -0.517861 2.259837 -0.000007 -0.018787 0.000103 0.000005 0.029297 -0.000007 -0.000005 -0.010093 -0.000003 0.000000 0.000000 -0.000000 -9.532506 -0.000003 -0.000022 -0.000004 -0.057494 0.000110 -0.000001 0.097407 -0.000010 0.000002 -0.036900 -0.000003 -0.000000 0.000000 -0.000000 -9.103599 -0.043045 -1.865133 -0.000000 0.017917 -0.000000 -0.000004 -0.025390 -0.000003 0.000003 -0.012910 0.000003 0.000000 0.000000 0.000000 -8.076683 -0.486680 -3.806278 0.000000 0.059620 -0.000517 0.000001 0.097000 0.000017 -0.000004 -0.056907 0.000003 -0.000000 0.000000 -0.000000 4.570447 11.014723 -2.160855 -0.000007 -0.000002 -0.000015 0.000002 0.000103 0.000118 -0.000007 -0.000007 0.000007 28.328836 -0.000029 0.000017 0.000020 -0.000089 0.000000 2.466128 -1.576189 2.681733 0.271163 0.622431 0.149618 3.217803 -1.872061 1.916485 -0.380683 -0.867292 -0.214332 2.656008 -1.528832 1.514505 -0.280440 -0.641565 -0.159358 2.020883 -1.154066 1.115133 -0.000000 0.000002 -0.000004 9.109305 -0.518042 2.259871 0.000012 -0.005107 0.000093 -0.000008 0.012007 0.000014 -0.000002 -0.007600 -0.000003 -0.000000 -0.000000 0.000000 9.533409 0.000036 0.000044 0.000003 -0.003600 -0.000007 -0.000005 0.002400 0.000007 0.000012 0.002400 -0.000000 0.000000 -0.000000 -0.000000 9.104532 -0.043031 -1.865075 0.000007 0.000700 0.000097 -0.000005 0.000000 -0.000003 0.000010 0.000014 -0.000003 2.644325 0.000031 0.000057 0.000000 -0.000000 -0.000000 8.077785 -0.486864 -3.806258 0.000013 0.234300 -0.000586 -0.000002 -0.024114 0.000086 0.000003 -0.007673 -0.000010 0.000000 -0.000000 -0.000000 -8.207788 -6.751659 -1.599560 -0.077008 -0.000003 0.000080 0.153719 -0.000000 -0.000000 -0.076703 0.000000 -0.000002 -0.000005 -8.728669 10.710563 0.000005 -0.000000 -0.000000 -0.000001 -0.000676 9.278122 -0.000000 0.000000 -0.000000 8.207791 -6.751703 -1.599556 -0.074517 -0.000003 0.000081 0.148830 0.000002 0.000000 -0.074309 0.000000 -0.000002 -0.000003 -8.728670 10.710560 0.000005 -0.000000 -0.000000 -0.000001 -0.000677 9.278137 0.000003 0.000000 -0.000000 
0.000006 104.270470 1.554256 0.000021 0.000003 -0.000113 -0.000005 10.181587 0.131521 0.000002 -0.000003 0.000084 -0.000000 9.893967 -1.470709 -0.000000 0.000000 -0.000000 -0.000000 0.000000 -0.000000 0.000001 16.740417 -2.049035 0.000000 -0.000000 -0.000000 0.000000 9.617874 1.685008 -0.000000 -0.000000 0.000000 0.000002 22.037354 7.501098 -0.000000 -0.000000 -0.000000 -4.569969 11.014894 -2.160884 0.000005 0.000003 -0.000023 -0.000052 0.000030 0.000011 -27.841520 0.000017 0.000005 -0.000010 0.000001 -0.000003 -28.328836 0.000017 0.000026 -0.000321 -0.000044 0.000010 -2.464817 -1.573966 2.681851 0.314112 -0.720934 -0.172575 -3.215199 -1.872762 1.924284 -0.432457 0.981326 0.240527 -2.654858 -1.527961 1.512612 -0.323118 0.728901 0.173694 0.000001 0.000001 0.000003 -9.108281 -0.517861 2.259837 -0.000007 -0.018787 0.000103 0.000005 0.029297 -0.000007 -0.000005 -0.010093 -0.000003 0.000000 0.000000 -0.000000 -9.532506 -0.000003 -0.000022 -0.000004 -0.057494 0.000110 -0.000001 0.097407 -0.000010 0.000002 -0.036900 -0.000003 -0.000000 0.000000 -0.000000 -9.103599 -0.043045 -1.865133 -0.000000 0.017917 -0.000000 -0.000004 -0.025390 -0.000003 0.000003 -0.012910 0.000003 0.000000 0.000000 0.000000 -8.076683 -0.486680 -3.806278 0.000000 0.059620 -0.000517 0.000001 0.097000 0.000017 -0.000004 -0.056907 0.000003 -0.000000 0.000000 -0.000000 4.570447 11.014723 -2.160855 -0.000007 -0.000002 -0.000015 0.000002 0.000103 0.000118 -0.000007 -0.000007 0.000007 28.328836 -0.000029 0.000017 0.000020 -0.000089 0.000000 2.466128 -1.576189 2.681733 0.271163 0.622431 0.149618 3.217803 -1.872061 1.916485 -0.380683 -0.867292 -0.214332 2.656008 -1.528832 1.514505 -0.280440 -0.641565 -0.159358 2.020883 -1.154066 1.115133 -0.000000 0.000002 -0.000004 9.109305 -0.518042 2.259871 0.000012 -0.005107 0.000093 -0.000008 0.012007 0.000014 -0.000002 -0.007600 -0.000003 -0.000000 -0.000000 0.000000 9.533409 0.000036 0.000044 0.000003 -0.003600 -0.000007 -0.000005 0.002400 0.000007 0.000012 0.002400 -0.000000 0.000000 -0.000000 -0.000000 9.104532 -0.043031 -1.865075 0.000007 0.000700 0.000097 -0.000005 0.000000 -0.000003 0.000010 0.000014 -0.000003 2.644325 0.000031 0.000057 0.000000 -0.000000 -0.000000 8.077785 -0.486864 -3.806258 0.000013 0.234300 -0.000586 -0.000002 -0.024114 0.000086 0.000003 -0.007673 -0.000010 0.000000 -0.000000 -0.000000 -8.207788 -6.751659 -1.599560 -0.077008 -0.000003 0.000080 0.153719 -0.000000 -0.000000 -0.076703 0.000000 -0.000002 -0.000005 -8.728669 10.710563 0.000005 -0.000000 -0.000000 -0.000001 -0.000676 9.278122 -0.000000 0.000000 -0.000000 8.207791 -6.751703 -1.599556 -0.074517 -0.000003 0.000081 0.148830 0.000002 0.000000 -0.074309 0.000000 -0.000002 -0.000003 -8.728670 10.710560 0.000005 -0.000000 -0.000000 -0.000001 -0.000677 9.278137 0.000003 0.000000 -0.000000 
0.000006 104.270470 1.554256 0.000021 0.000003 -0.000113 -0.000005 10.181587 0.131521 0.000002 -0.000003 0.000084 -0.000000 9.893967 -1.470709 -0.000000 0.000000 -0.000000 -0.000000 0.000000 -0.000000 0.000001 16.740417 -2.049035 0.000000 -0.000000 -0.000000 0.000000 9.617874 1.685008 -0.000000 -0.000000 0.000000 0.000002 22.037354 7.501098 -0.000000 -0.000000 -0.000000 -4.569969 11.014894 -2.160884 0.000005 0.000003 -0.000023 -0.000052 0.000030 0.000011 -27.841520 0.000017 0.000005 -0.000010 0.000001 -0.000003 -28.328836 0.000017 0.000026 -0.000321 -0.000044 0.000010 -2.464817 -1.573966 2.681851 0.314112 -0.720934 -0.172575 -3.215199 -1.872762 1.924284 -0.432457 0.981326 0.240527 -2.654858 -1.527961 1.512612 -0.323118 0.728901 0.173694 0.000001 0.000001 0.000003 -9.108281 -0.517861 2.259837 -0.000007 -0.018787 0.000103 0.000005 0.029297 -0.000007 -0.000005 -0.010093 -0.000003 0.000000 0.000000 -0.000000 -9.532506 -0.000003 -0.000022 -0.000004 -0.057494 0.000110 -0.000001 0.097407 -0.000010 0.000002 -0.036900 -0.000003 -0.000000 0.000000 -0.000000 -9.103599 -0.043045 -1.865133 -0.000000 0.017917 -0.000000 -0.000004 -0.025390 -0.000003 0.000003 -0.012910 0.000003 0.000000 0.000000 0.000000 -8.076683 -0.486680 -3.806278 0.000000 0.059620 -0.000517 0.000001 0.097000 0.000017 -0.000004 -0.056907 0.000003 -0.000000 0.000000 -0.000000 4.570447 11.014723 -2.160855 -0.000007 -0.000002 -0.000015 0.000002 0.000103 0.000118 -0.000007 -0.000007 0.000007 28.328836 -0.000029 0.000017 0.000020 -0.000089 0.000000 2.466128 -1.576189 2.681733 0.271163 0.622431 0.149618 3.217803 -1.872061 1.916485 -0.380683 -0.867292 -0.214332 2.656008 -1.528832 1.514505 -0.280440 -0.641565 -0.159358 2.020883 -1.154066 1.115133 -0.000000 0.000002 -0.000004 9.109305 -0.518042 2.259871 0.000012 -0.005107 0.000093 -0.000008 0.012007 0.000014 -0.000002 -0.007600 -0.000003 -0.000000 -0.000000 0.000000 9.533409 0.000036 0.000044 0.000003 -0.003600 -0.000007 -0.000005 0.002400 0.000007 0.000012 0.002400 -0.000000 0.000000 -0.000000 -0.000000 9.104532 -0.043031 -1.865075 0.000007 0.000700 0.000097 -0.000005 0.000000 -0.000003 0.000010 0.000014 -0.000003 2.644325 0.000031 0.000057 0.000000 -0.000000 -0.000000 8.077785 -0.486864 -3.806258 0.000013 0.234300 -0.000586 -0.000002 -0.024114 0.000086 0.000003 -0.007673 -0.000010 0.000000 -0.000000 -0.000000 -8.207788 -6.751659 -1.599560 -0.077008 -0.000003 0.000080 0.153719 -0.000000 -0.000000 -0.076703 0.000000 -0.000002 -0.000005 -8.728669 10.710563 0.000005 -0.000000 -0.000000 -0.000001 -0.000676 9.278122 -0.000000 0.000000 -0.000000 8.207791 -6.751703 -1.599556 -0.074517 -0.000003 0.000081 0.148830 0.000002 0.000000 -0.074309 0.000000 -0.000002 -0.000003 -8.728670 10.710560 0.000005 -0.000000 -0.000000 -0.000001 -0.000677 9.278137 0.000003 0.000000 -0.000000 
0.000006 104.270470 1.554256 0.000021 0.000003 -0.000113 -0.000005 10.181587 0.131521 0.000002 -0.000003 0.000084 -0.000000 9.893967 -1.470709 -0.000000 0.000000 -0.000000 -0.000000 0.000000 -0.000000 0.000001 16.740417 -2.049035 0.000000 -0.000000 -0.000000 0.000000 9.617874 1.685008 -0.000000 -0.000000 0.000000 0.000002 22.037354 7.501098 -0.000000 -0.000000 -0.000000 -4.569969 11.014894 -2.160884 0.000005 0.000003 -0.000023 -0.000052 0.000030 0.000011 -27.841520 0.000017 0.000005 -0.000010 0.000001 -0.000003 -28.328836 0.000017 0.000026 -0.000321 -0.000044 0.000010 -2.464817 -1.573966 2.681851 0.314112 -0.720934 -0.172575 -3.215199 -1.872762 1.924284 -0.432457 0.981326 0.240527 -2.654858 -1.527961 1.512612 -0.323118 0.728901 0.173694 0.000001 0.000001 0.000003 -9.108281 -0.517861 2.259837 -0.000007 -0.018787 0.000103 0.000005 0.029297 -0.000007 -0.000005 -0.010093 -0.000003 0.000000 0.000000 -0.000000 -9.532506 -0.000003 -0.000022 -0.000004 -0.057494 0.000110 -0.000001 0.097407 -0.000010 0.000002 -0.036900 -0.000003 -0.000000 0.000000 -0.000000 -9.103599 -0.043045 -1.865133 -0.000000 0.017917 -0.000000 -0.000004 -0.025390 -0.000003 0.000003 -0.012910 0.000003 0.000000 0.000000 0.000000 -8.076683 -0.486680 -3.806278 0.000000 0.059620 -0.000517 0.000001 0.097000 0.000017 -0.000004 -0.056907 0.000003 -0.000000 0.000000 -0.000000 4.570447 11.014723 -2.160855 -0.000007 -0.000002 -0.000015 0.000002 0.000103 0.000118 -0.000007 -0.000007 0.000007 28.328836 -0.000029 0.000017 0.000020 -0.000089 0.000000 2.466128 -1.576189 2.681733 0.271163 0.622431 0.149618 3.217803 -1.872061 1.916485 -0.380683 -0.867292 -0.214332 2.656008 -1.528832 1.514505 -0.280440 -0.641565 -0.159358 2.020883 -1.154066 1.115133 -0.000000 0.000002 -0.000004 9.109305 -0.518042 2.259871 0.000012 -0.005107 0.000093 -0.000008 0.012007 0.000014 -0.000002 -0.007600 -0.000003 -0.000000 -0.000000 0.000000 9.533409 0.000036 0.000044 0.000003 -0.003600 -0.000007 -0.000005 0.002400 0.000007 0.000012 0.002400 -0.000000 0.000000 -0.000000 -0.000000 9.104532 -0.043031 -1.865075 0.000007 0.000700 0.000097 -0.000005 0.000000 -0.000003 0.000010 0.000014 -0.000003 2.644325 0.000031 0.000057 0.000000 -0.000000 -0.000000 8.077785 -0.486864 -3.806258 0.000013 0.234300 -0.000586 -0.000002 -0.024114 0.000086 0.000003 -0.007673 -0.000010 0.000000 -0.000000 -0.000000 -8.207788 -6.751659 -1.599560 -0.077008 -0.000003 0.000080 0.153719 -0.000000 -0.000000 -0.076703 0.000000 -0.000002 -0.000005 -8.728669 10.710563 0.000005 -0.000000 -0.000000 -0.000001 -0.000676 9.278122 -0.000000 0.000000 -0.000000 8.207791 -6.751703 -1.599556 -0.074517 -0.000003 0.000081 0.148830 0.000002 0.000000 -0.074309 0.000000 -0.000002 -0.000003 -8.728670 10.710560 0.000005 -0.000000 -0.000000 -0.000001 -0.000677 9.278137 0.000003 0.000000 -0.000000 
0.000006 104.270470 1.554256 0.000021 0.000003 -0.000113 -0.000005 10.181587 0.131521 0.000002 -0.000003 0.000084 -0.000000 9.893967 -1.470709 -0.000000 0.000000 -0.000000 -0.000000 0.000000 -0.000000 0.000001 16.740417 -2.049035 0.000000 -0.000000 -0.000000 0.000000 9.617874 1.685008 -0.000000 -0.000000 0.000000 0.000002 22.037354 7.501098 -0.000000 -0.000000 -0.000000 -4.569969 11.014894 -2.160884 0.000005 0.000003 -0.000023 -0.000052 0.000030 0.000011 -27.841520 0.000017 0.000005 -0.000010 0.000001 -0.000003 -28.328836 0.000017 0.000026 -0.000321 -0.000044 0.000010 -2.464817 -1.573966 2.681851 0.314112 -0.720934 -0.172575 -3.215199 -1.872762 1.924284 -0.432457 0.981326 0.240527 -2.654858 -1.527961 1.512612 -0.323118 0.728901 0.173694 0.000001 0.000001 0.000003 -9.108281 -0.517861 2.259837 -0.000007 -0.018787 0.000103 0.000005 0.029297 -0.000007 -0.000005 -0.010093 -0.000003 0.000000 0.000000 -0.000000 -9.532506 -0.000003 -0.000022 -0.000004 -0.057494 0.000110 -0.000001 0.097407 -0.000010 0.000002 -0.036900 -0.000003 -0.000000 0.000000 -0.000000 -9.103599 -0.043045 -1.865133 -0.000000 0.017917 -0.000000 -0.000004 -0.025390 -0.000003 0.000003 -0.012910 0.000003 0.000000 0.000000 0.000000 -8.076683 -0.486680 -3.806278 0.000000 0.059620 -0.000517 0.000001 0.097000 0.000017 -0.000004 -0.056907 0.000003 -0.000000 0.000000 -0.000000 4.570447 11.014723 -2.160855 -0.000007 -0.000002 -0.000015 0.000002 0.000103 0.000118 -0.000007 -0.000007 0.000007 28.328836 -0.000029 0.000017 0.000020 -0.000089 0.000000 2.466128 -1.576189 2.681733 0.271163 0.622431 0.149618 3.217803 -1.872061 1.916485 -0.380683 -0.867292 -0.214332 2.656008 -1.528832 1.514505 -0.280440 -0.641565 -0.159358 2.020883 -1.154066 1.115133 -0.000000 0.000002 -0.000004 9.109305 -0.518042 2.259871 0.000012 -0.005107 0.000093 -0.000008 0.012007 0.000014 -0.000002 -0.007600 -0.000003 -0.000000 -0.000000 0.000000 9.533409 0.000036 0.000044 0.000003 -0.003600 -0.000007 -0.000005 0.002400 0.000007 0.000012 0.002400 -0.000000 0.000000 -0.000000 -0.000000 9.104532 -0.043031 -1.865075 0.000007 0.000700 0.000097 -0.000005 0.000000 -0.000003 0.000010 0.000014 -0.000003 2.644325 0.000031 0.000057 0.000000 -0.000000 -0.000000 8.077785 -0.486864 -3.806258 0.000013 0.234300 -0.000586 -0.000002 -0.024114 0.000086 0.000003 -0.007673 -0.000010 0.000000 -0.000000 -0.000000 -8.207788 -6.751659 -1.599560 -0.077008 -0.000003 0.000080 0.153719 -0.000000 -0.000000 -0.076703 0.000000 -0.000002 -0.000005 -8.728669 10.710563 0.000005 -0.000000 -0.000000 -0.000001 -0.000676 9.278122 -0.000000 0.000000 -0.000000 8.207791 -6.751703 -1.599556 -0.074517 -0.000003 0.000081 0.148830 0.000002 0.000000 -0.074309 0.000000 -0.000002 -0.000003 -8.728670 10.710560 0.000005 -0.000000 -0.000000 -0.000001 -0.000677 9.278137 0.000003 0.000000 -0.000000 
0.000006 104.270470 1.554256 0.000021 0.000003 -0.000113 -0.000005 10.181587 0.131521 0.000002 -0.000003 0.000084 -0.000000 9.893967 -1.470709 -0.000000 0.000000 -0.000000 -0.000000 0.000000 -0.000000 0.000001 16.740417 -2.049035 0.000000 -0.000000 -0.000000 0.000000 9.617874 1.685008 -0.000000 -0.000000 0.000000 0.000002 22.037354 7.501098 -0.000000 -0.000000 -0.000000 -4.569969 11.014894 -2.160884 0.000005 0.000003 -0.000023 -0.000052 0.000030 0.000011 -27.841520 0.000017 0.000005 -0.000010 0.000001 -0.000003 -28.328836 0.000017 0.000026 -0.000321 -0.000044 0.000010 -2.464817 -1.573966 2.681851 0.314112 -0.720934 -0.172575 -3.215199 -1.872762 1.924284 -0.432457 0.981326 0.240527 -2.654858 -1.527961 1.512612 -0.323118 0.728901 0.173694 0.000001 0.000001 0.000003 -9.108281 -0.517861 2.259837 -0.000007 -0.018787 0.000103 0.000005 0.029297 -0.000007 -0.000005 -0.010093 -0.000003 0.000000 0.000000 -0.000000 -9.532506 -0.000003 -0.000022 -0.000004 -0.057494 0.000110 -0.000001 0.097407 -0.000010 0.000002 -0.036900 -0.000003 -0.000000 0.000000 -0.000000 -9.103599 -0.043045 -1.865133 -0.000000 0.017917 -0.000000 -0.000004 -0.025390 -0.000003 0.000003 -0.012910 0.000003 0.000000 0.000000 0.000000 -8.076683 -0.486680 -3.806278 0.000000 0.059620 -0.000517 0.000001 0.097000 0.000017 -0.000004 -0.056907 0.000003 -0.000000 0.000000 -0.000000 4.570447 11.014723 -2.160855 -0.000007 -0.000002 -0.000015 0.000002 0.000103 0.000118 -0.000007 -0.000007 0.000007 28.328836 -0.000029 0.000017 0.000020 -0.000089 0.000000 2.466128 -1.576189 2.681733 0.271163 0.622431 0.149618 3.217803 -1.872061 1.916485 -0.380683 -0.867292 -0.214332 2.656008 -1.528832 1.514505 -0.280440 -0.641565 -0.159358 2.020883 -1.154066 1.115133 -0.000000 0.000002 -0.000004 9.109305 -0.518042 2.259871 0.000012 -0.005107 0.000093 -0.000008 0.012007 0.000014 -0.000002 -0.007600 -0.000003 -0.000000 -0.000000 0.000000 9.533409 0.000036 0.000044 0.000003 -0.003600 -0.000007 -0.000005 0.002400 0.000007 0.000012 0.002400 -0.000000 0.000000 -0.000000 -0.000000 9.104532 -0.043031 -1.865075 0.000007 0.000700 0.000097 -0.000005 0.000000 -0.000003 0.000010 0.000014 -0.000003 2.644325 0.000031 0.000057 0.000000 -0.000000 -0.000000 8.077785 -0.486864 -3.806258 0.000013 0.234300 -0.000586 -0.000002 -0.024114 0.000086 0.000003 -0.007673 -0.000010 0.000000 -0.000000 -0.000000 -8.207788 -6.751659 -1.599560 -0.077008 -0.000003 0.000080 0.153719 -0.000000 -0.000000 -0.076703 0.000000 -0.000002 -0.000005 -8.728669 10.710563 0.000005 -0.000000 -0.000000 -0.000001 -0.000676 9.278122 -0.000000 0.000000 -0.000000 8.207791 -6.751703 -1.599556 -0.074517 -0.000003 0.000081 0.148830 0.000002 0.000000 -0.074309 0.000000 -0.000002 -0.000003 -8.728670 10.710560 0.000005 -0.000000 -0.000000 -0.000001 -0.000677 9.278137 0.000003 0.000000 -0.000000 
0.000006 104.270470 1.554256 0.000021 0.000003 -0.000113 -0.000005 10.181587 0.131521 0.000002 -0.000003 0.000084 -0.000000 9.893967 -1.470709 -0.000000 0.000000 -0.000000 -0.000000 0.000000 -0.000000 0.000001 16.740417 -2.049035 0.000000 -0.000000 -0.000000 0.000000 9.617874 1.685008 -0.000000 -0.000000 0.000000 0.000002 22.037354 7.501098 -0.000000 -0.000000 -0.000000 -4.569969 11.014894 -2.160884 0.000005 0.000003 -0.000023 -0.000052 0.000030 0.000011 -27.841520 0.000017 0.000005 -0.000010 0.000001 -0.000003 -28.328836 0.000017 0.000026 -0.000321 -0.000044 0.000010 -2.464817 -1.573966 2.681851 0.314112 -0.720934 -0.172575 -3.215199 -1.872762 1.924284 -0.432457 0.981326 0.240527 -2.654858 -1.527961 1.512612 -0.323118 0.728901 0.173694 0.000001 0.000001 0.000003 -9.108281 -0.517861 2.259837 -0.000007 -0.018787 0.000103 0.000005 0.029297 -0.000007 -0.000005 -0.010093 -0.000003 0.000000 0.000000 -0.000000 -9.532506 -0.000003 -0.000022 -0.000004 -0.057494 0.000110 -0.000001 0.097407 -0.000010 0.000002 -0.036900 -0.000003 -0.000000 0.000000 -0.000000 -9.103599 -0.043045 -1.865133 -0.000000 0.017917 -0.000000 -0.000004 -0.025390 -0.000003 0.000003 -0.012910 0.000003 0.000000 0.000000 0.000000 -8.076683 -0.486680 -3.806278 0.000000 0.059620 -0.000517 0.000001 0.097000 0.000017 -0.000004 -0.056907 0.000003 -0.000000 0.000000 -0.000000 4.570447 11.014723 -2.160855 -0.000007 -0.000002 -0.000015 0.000002 0.000103 0.000118 -0.000007 -0.000007 0.000007 28.328836 -0.000029 0.000017 0.000020 -0.000089 0.000000 2.466128 -1.576189 2.681733 0.271163 0.622431 0.149618 3.217803 -1.872061 1.916485 -0.380683 -0.867292 -0.214332 2.656008 -1.528832 1.514505 -0.280440 -0.641565 -0.159358 2.020883 -1.154066 1.115133 -0.000000 0.000002 -0.000004 9.109305 -0.518042 2.259871 0.000012 -0.005107 0.000093 -0.000008 0.012007 0.000014 -0.000002 -0.007600 -0.000003 -0.000000 -0.000000 0.000000 9.533409 0.000036 0.000044 0.000003 -0.003600 -0.000007 -0.000005 0.002400 0.000007 0.000012 0.002400 -0.000000 0.000000 -0.000000 -0.000000 9.104532 -0.043031 -1.865075 0.000007 0.000700 0.000097 -0.000005 0.000000 -0.000003 0.000010 0.000014 -0.000003 2.644325 0.000031 0.000057 0.000000 -0.000000 -0.000000 8.077785 -0.486864 -3.806258 0.000013 0.234300 -0.000586 -0.000002 -0.024114 0.000086 0.000003 -0.007673 -0.000010 0.000000 -0.000000 -0.000000 -8.207788 -6.751659 -1.599560 -0.077008 -0.000003 0.000080 0.153719 -0.000000 -0.000000 -0.076703 0.000000 -0.000002 -0.000005 -8.728669 10.710563 0.000005 -0.000000 -0.000000 -0.000001 -0.000676 9.278122 -0.000000 0.000000 -0.000000 8.207791 -6.751703 -1.599556 -0.074517 -0.000003 0.000081 0.148830 0.000002 0.000000 -0.074309 0.000000 -0.000002 -0.000003 -8.728670 10.710560 0.000005 -0.000000 -0.000000 -0.000001 -0.000677 9.278137 0.000003 0.000000 -0.000000 
0.000006 104.270470 1.554256 0.000021 0.000003 -0.000113 -0.000005 10.181587 0.131521 0.000002 -0.000003 0.000084 -0.000000 9.893967 -1.470709 -0.000000 0.000000 -0.000000 -0.000000 0.000000 -0.000000 0.000001 16.740417 -2.049035 0.000000 -0.000000 -0.000000 0.000000 9.617874 1.685008 -0.000000 -0.000000 0.000000 0.000002 22.037354 7.501098 -0.000000 -0.000000 -0.000000 -4.569969 11.014894 -2.160884 0.000005 0.000003 -0.000023 -0.000052 0.000030 0.000011 -27.841520 0.000017 0.000005 -0.000010 0.000001 -0.000003 -28.328836 0.000017 0.000026 -0.000321 -0.000044 0.000010 -2.464817 -1.573966 2.681851 0.314112 -0.720934 -0.172575 -3.215199 -1.872762 1.924284 -0.432457 0.981326 0.240527 -2.654858 -1.527961 1.512612 -0.323118 0.728901 0.173694 0.000001 0.000001 0.000003 -9.108281 -0.517861 2.259837 -0.000007 -0.018787 0.000103 0.000005 0.029297 -0.000007 -0.000005 -0.010093 -0.000003 0.000000 0.000000 -0.000000 -9.532506 -0.000003 -0.000022 -0.000004 -0.057494 0.000110 -0.000001 0.097407 -0.000010 0.000002 -0.036900 -0.000003 -0.000000 0.000000 -0.000000 -9.103599 -0.043045 -1.865133 -0.000000 0.017917 -0.000000 -0.000004 -0.025390 -0.000003 0.000003 -0.012910 0.000003 0.000000 0.000000 0.000000 -8.076683 -0.486680 -3.806278 0.000000 0.059620 -0.000517 0.000001 0.097000 0.000017 -0.000004 -0.056907 0.000003 -0.000000 0.000000 -0.000000 4.570447 11.014723 -2.160855 -0.000007 -0.000002 -0.000015 0.000002 0.000103 0.000118 -0.000007 -0.000007 0.000007 28.328836 -0.000029 0.000017 0.000020 -0.000089 0.000000 2.466128 -1.576189 2.681733 0.271163 0.622431 0.149618 3.217803 -1.872061 1.916485 -0.380683 -0.867292 -0.214332 2.656008 -1.528832 1.514505 -0.280440 -0.641565 -0.159358 2.020883 -1.154066 1.115133 -0.000000 0.000002 -0.000004 9.109305 -0.518042 2.259871 0.000012 -0.005107 0.000093 -0.000008 0.012007 0.000014 -0.000002 -0.007600 -0.000003 -0.000000 -0.000000 0.000000 9.533409 0.000036 0.000044 0.000003 -0.003600 -0.000007 -0.000005 0.002400 0.000007 0.000012 0.002400 -0.000000 0.000000 -0.000000 -0.000000 9.104532 -0.043031 -1.865075 0.000007 0.000700 0.000097 -0.000005 0.000000 -0.000003 0.000010 0.000014 -0.000003 2.644325 0.000031 0.000057 0.000000 -0.000000 -0.000000 8.077785 -0.486864 -3.806258 0.000013 0.234300 -0.000586 -0.000002 -0.024114 0.000086 0.000003 -0.007673 -0.000010 0.000000 -0.000000 -0.000000 -8.207788 -6.751659 -1.599560 -0.077008 -0.000003 0.000080 0.153719 -0.000000 -0.000000 -0.076703 0.000000 -0.000002 -0.000005 -8.728669 10.710563 0.000005 -0.000000 -0.000000 -0.000001 -0.000676 9.278122 -0.000000 0.000000 -0.000000 8.207791 -6.751703 -1.599556 -0.074517 -0.000003 0.000081 0.148830 0.000002 0.000000 -0.074309 0.000000 -0.000002 -0.000003 -8.728670 10.710560 0.000005 -0.000000 -0.000000 -0.000001 -0.000677 9.278137 0.000003 0.000000 -0.000000 
0.000006 104.270470 1.554256 0.000021 0.000003 -0.000113 -0.000005 10.181587 0.131521 0.000002 -0.000003 0.000084 -0.000000 9.893967 -1.470709 -0.000000 0.000000 -0.000000 -0.000000 0.000000 -0.000000 0.000001 16.740417 -2.049035 0.000000 -0.000000 -0.000000 0.000000 9.617874 1.685008 -0.000000 -0.000000 0.000000 0.000002 22.037354 7.501098 -0.000000 -0.000000 -0.000000 -4.569969 11.014894 -2.160884 0.000005 0.000003 -0.000023 -0.000052 0.000030 0.000011 -27.841520 0.000017 0.000005 -0.000010 0.000001 -0.000003 -28.328836 0.000017 0.000026 -0.000321 -0.000044 0.000010 -2.464817 -1.573966 2.681851 0.314112 -0.720934 -0.172575 -3.215199 -1.872762 1.924284 -0.432457 0.981326 0.240527 -2.654858 -1.527961 1.512612 -0.323118 0.728901 0.173694 0.000001 0.000001 0.000003 -9.108281 -0.517861 2.259837 -0.000007 -0.018787 0.000103 0.000005 0.029297 -0.000007 -0.000005 -0.010093 -0.000003 0.000000 0.000000 -0.000000 -9.532506 -0.000003 -0.000022 -0.000004 -0.057494 0.000110 -0.000001 0.097407 -0.000010 0.000002 -0.036900 -0.000003 -0.000000 0.000000 -0.000000 -9.103599 -0.043045 -1.865133 -0.000000 0.017917 -0.000000 -0.000004 -0.025390 -0.000003 0.000003 -0.012910 0.000003 0.000000 0.000000 0.000000 -8.076683 -0.486680 -3.806278 0.000000 0.059620 -0.000517 0.000001 0.097000 0.000017 -0.000004 -0.056907 0.000003 -0.000000 0.000000 -0.000000 4.570447 11.014723 -2.160855 -0.000007 -0.000002 -0.000015 0.000002 0.000103 0.000118 -0.000007 -0.000007 0.000007 28.328836 -0.000029 0.000017 0.000020 -0.000089 0.000000 2.466128 -1.576189 2.681733 0.271163 0.622431 0.149618 3.217803 -1.872061 1.916485 -0.380683 -0.867292 -0.214332 2.656008 -1.528832 1.514505 -0.280440 -0.641565 -0.159358 2.020883 -1.154066 1.115133 -0.000000 0.000002 -0.000004 9.109305 -0.518042 2.259871 0.000012 -0.005107 0.000093 -0.000008 0.012007 0.000014 -0.000002 -0.007600 -0.000003 -0.000000 -0.000000 0.000000 9.533409 0.000036 0.000044 0.000003 -0.003600 -0.000007 -0.000005 0.002400 0.000007 0.000012 0.002400 -0.000000 0.000000 -0.000000 -0.000000 9.104532 -0.043031 -1.865075 0.000007 0.000700 0.000097 -0.000005 0.000000 -0.000003 0.000010 0.000014 -0.000003 2.644325 0.000031 0.000057 0.000000 -0.000000 -0.000000 8.077785 -0.486864 -3.806258 0.000013 0.234300 -0.000586 -0.000002 -0.024114 0.000086 0.000003 -0.007673 -0.000010 0.000000 -0.000000 -0.000000 -8.207788 -6.751659 -1.599560 -0.077008 -0.000003 0.000080 0.153719 -0.000000 -0.000000 -0.076703 0.000000 -0.000002 -0.000005 -8.728669 10.710563 0.000005 -0.000000 -0.000000 -0.000001 -0.000676 9.278122 -0.000000 0.000000 -0.000000 8.207791 -6.751703 -1.599556 -0.074517 -0.000003 0.000081 0.148830 0.000002 0.000000 -0.074309 0.000000 -0.000002 -0.000003 -8.728670 10.710560 0.000005 -0.000000 -0.000000 -0.000001 -0.000677 9.278137 0.000003 0.000000 -0.000000 
0.000006 104.270470 1.554256 0.000021 0.000003 -0.000113 -0.000005 10.181587 0.131521 0.000002 -0.000003 0.000084 -0.000000 9.893967 -1.470709 -0.000000 0.000000 -0.000000 -0.000000 0.000000 -0.000000 0.000001 16.740417 -2.049035 0.000000 -0.000000 -0.000000 0.000000 9.617874 1.685008 -0.000000 -0.000000 0.000000 0.000002 22.037354 7.501098 -0.000000 -0.000000 -0.000000 -4.569969 11.014894 -2.160884 0.000005 0.000003 -0.000023 -0.000052 0.000030 0.000011 -27.841520 0.000017 0.000005 -0.000010 0.000001 -0.000003 -28.328836 0.000017 0.000026 -0.000321 -0.000044 0.000010 -2.464817 -1.573966 2.681851 0.314112 -0.720934 -0.172575 -3.215199 -1.872762 1.924284 -0.432457 0.981326 0.240527 -2.654858 -1.527961 1.512612 -0.323118 0.728901 0.173694 0.000001 0.000001 0.000003 -9.108281 -0.517861 2.259837 -0.000007 -0.018787 0.000103 0.000005 0.029297 -0.000007 -0.000005 -0.010093 -0.000003 0.000000 0.000000 -0.000000 -9.532506 -0.000003 -0.000022 -0.000004 -0.057494 0.000110 -0.000001 0.097407 -0.000010 0.000002 -0.036900 -0.000003 -0.000000 0.000000 -0.000000 -9.103599 -0.043045 -1.865133 -0.000000 0.017917 -0.000000 -0.000004 -0.025390 -0.000003 0.000003 -0.012910 0.000003 0.000000 0.000000 0.000000 -8.076683 -0.486680 -3.806278 0.000000 0.059620 -0.000517 0.000001 0.097000 0.000017 -0.000004 -0.056907 0.000003 -0.000000 0.000000 -0.000000 4.570447 11.014723 -2.160855 -0.000007 -0.000002 -0.000015 0.000002 0.000103 0.000118 -0.000007 -0.000007 0.000007 28.328836 -0.000029 0.000017 0.000020 -0.000089 0.000000 2.466128 -1.576189 2.681733 0.271163 0.622431 0.149618 3.217803 -1.872061 1.916485 -0.380683 -0.867292 -0.214332 2.656008 -1.528832 1.514505 -0.280440 -0.641565 -0.159358 2.020883 -1.154066 1.115133 -0.000000 0.000002 -0.000004 9.109305 -0.518042 2.259871 0.000012 -0.005107 0.000093 -0.000008 0.012007 0.000014 -0.000002 -0.007600 -0.000003 -0.000000 -0.000000 0.000000 9.533409 0.000036 0.000044 0.000003 -0.003600 -0.000007 -0.000005 0.002400 0.000007 0.000012 0.002400 -0.000000 0.000000 -0.000000 -0.000000 9.104532 -0.043031 -1.865075 0.000007 0.000700 0.000097 -0.000005 0.000000 -0.000003 0.000010 0.000014 -0.000003 2.644325 0.000031 0.000057 0.000000 -0.000000 -0.000000 8.077785 -0.486864 -3.806258 0.000013 0.234300 -0.000586 -0.000002 -0.024114 0.000086 0.000003 -0.007673 -0.000010 0.000000 -0.000000 -0.000000 -8.207788 -6.751659 -1.599560 -0.077008 -0.000003 0.000080 0.153719 -0.000000 -0.000000 -0.076703 0.000000 -0.000002 -0.000005 -8.728669 10.710563 0.000005 -0.000000 -0.000000 -0.000001 -0.000676 9.278122 -0.000000 0.000000 -0.000000 8.207791 -6.751703 -1.599556 -0.074517 -0.000003 0.000081 0.148830 0.000002 0.000000 -0.074309 0.000000 -0.000002 -0.000003 -8.728670 10.710560 0.000005 -0.000000 -0.000000 -0.000001 -0.000677 9.278137 0.000003 0.000000 -0.000000 
0.000006 104.270470 1.554256 0.000021 0.000003 -0.000113 -0.000005 10.181587 0.131521 0.000002 -0.000003 0.000084 -0.000000 9.893967 -1.470709 -0.000000 0.000000 -0.000000 -0.000000 0.000000 -0.000000 0.000001 16.740417 -2.049035 0.000000 -0.000000 -0.000000 0.000000 9.617874 1.685008 -0.000000 -0.000000 0.000000 0.000002 22.037354 7.501098 -0.000000 -0.000000 -0.000000 -4.569969 11.014894 -2.160884 0.000005 0.000003 -0.000023 -0.000052 0.000030 0.000011 -27.841520 0.000017 0.000005 -0.000010 0.000001 -0.000003 -28.328836 0.000017 0.000026 -0.000321 -0.000044 0.000010 -2.464817 -1.573966 2.681851 0.314112 -0.720934 -0.172575 -3.215199 -1.872762 1.924284 -0.432457 0.981326 0.240527 -2.654858 -1.527961 1.512612 -0.323118 0.728901 0.173694 0.000001 0.000001 0.000003 -9.108281 -0.517861 2.259837 -0.000007 -0.018787 0.000103 0.000005 0.029297 -0.000007 -0.000005 -0.010093 -0.000003 0.000000 0.000000 -0.000000 -9.532506 -0.000003 -0.000022 -0.000004 -0.057494 0.000110 -0.000001 0.097407 -0.000010 0.000002 -0.036900 -0.000003 -0.000000 0.000000 -0.000000 -9.103599 -0.043045 -1.865133 -0.000000 0.017917 -0.000000 -0.000004 -0.025390 -0.000003 0.000003 -0.012910 0.000003 0.000000 0.000000 0.000000 -8.076683 -0.486680 -3.806278 0.000000 0.059620 -0.000517 0.000001 0.097000 0.000017 -0.000004 -0.056907 0.000003 -0.000000 0.000000 -0.000000 4.570447 11.014723 -2.160855 -0.000007 -0.000002 -0.000015 0.000002 0.000103 0.000118 -0.000007 -0.000007 0.000007 28.328836 -0.000029 0.000017 0.000020 -0.000089 0.000000 2.466128 -1.576189 2.681733 0.271163 0.622431 0.149618 3.217803 -1.872061 1.916485 -0.380683 -0.867292 -0.214332 2.656008 -1.528832 1.514505 -0.280440 -0.641565 -0.159358 2.020883 -1.154066 1.115133 -0.000000 0.000002 -0.000004 9.109305 -0.518042 2.259871 0.000012 -0.005107 0.000093 -0.000008 0.012007 0.000014 -0.000002 -0.007600 -0.000003 -0.000000 -0.000000 0.000000 9.533409 0.000036 0.000044 0.000003 -0.003600 -0.000007 -0.000005 0.002400 0.000007 0.000012 0.002400 -0.000000 0.000000 -0.000000 -0.000000 9.104532 -0.043031 -1.865075 0.000007 0.000700 0.000097 -0.000005 0.000000 -0.000003 0.000010 0.000014 -0.000003 2.644325 0.000031 0.000057 0.000000 -0.000000 -0.000000 8.077785 -0.486864 -3.806258 0.000013 0.234300 -0.000586 -0.000002 -0.024114 0.000086 0.000003 -0.007673 -0.000010 0.000000 -0.000000 -0.000000 -8.207788 -6.751659 -1.599560 -0.077008 -0.000003 0.000080 0.153719 -0.000000 -0.000000 -0.076703 0.000000 -0.000002 -0.000005 -8.728669 10.710563 0.000005 -0.000000 -0.000000 -0.000001 -0.000676 9.278122 -0.000000 0.000000 -0.000000 8.207791 -6.751703 -1.599556 -0.074517 -0.000003 0.000081 0.148830 0.000002 0.000000 -0.074309 0.000000 -0.000002 -0.000003 -8.728670 10.710560 0.000005 -0.000000 -0.000000 -0.000001 -0.000677 9.278137 0.000003 0.000000 -0.000000 
0.000006 104.270470 1.554256 0.000021 0.000003 -0.000113 -0.000005 10.181587 0.131521 0.000002 -0.000003 0.000084 -0.000000 9.893967 -1.470709 -0.000000 0.000000 -0.000000 -0.000000 0.000000 -0.000000 0.000001 16.740417 -2.049035 0.000000 -0.000000 -0.000000 0.000000 9.617874 1.685008 -0.000000 -0.000000 0.000000 0.000002 22.037354 7.501098 -0.000000 -0.000000 -0.000000 -4.569969 11.014894 -2.160884 0.000005 0.000003 -0.000023 -0.000052 0.000030 0.000011 -27.841520 0.000017 0.000005 -0.000010 0.000001 -0.000003 -28.328836 0.000017 0.000026 -0.000321 -0.000044 0.000010 -2.464817 -1.573966 2.681851 0.314112 -0.720934 -0.172575 -3.215199 -1.872762 1.924284 -0.432457 0.981326 0.240527 -2.654858 -1.527961 1.512612 -0.323118 0.728901 0.173694 0.000001 0.000001 0.000003 -9.108281 -0.517861 2.259837 -0.000007 -0.018787 0.000103 0.000005 0.029297 -0.000007 -0.000005 -0.010093 -0.000003 0.000000 0.000000 -0.000000 -9.532506 -0.000003 -0.000022 -0.000004 -0.057494 0.000110 -0.000001 0.097407 -0.000010 0.000002 -0.036900 -0.000003 -0.000000 0.000000 -0.000000 -9.103599 -0.043045 -1.865133 -0.000000 0.017917 -0.000000 -0.000004 -0.025390 -0.000003 0.000003 -0.012910 0.000003 0.000000 0.000000 0.000000 -8.076683 -0.486680 -3.806278 0.000000 0.059620 -0.000517 0.000001 0.097000 0.000017 -0.000004 -0.056907 0.000003 -0.000000 0.000000 -0.000000 4.570447 11.014723 -2.160855 -0.000007 -0.000002 -0.000015 0.000002 0.000103 0.000118 -0.000007 -0.000007 0.000007 28.328836 -0.000029 0.000017 0.000020 -0.000089 0.000000 2.466128 -1.576189 2.681733 0.271163 0.622431 0.149618 3.217803 -1.872061 1.916485 -0.380683 -0.867292 -0.214332 2.656008 -1.528832 1.514505 -0.280440 -0.641565 -0.159358 2.020883 -1.154066 1.115133 -0.000000 0.000002 -0.000004 9.109305 -0.518042 2.259871 0.000012 -0.005107 0.000093 -0.000008 0.012007 0.000014 -0.000002 -0.007600 -0.000003 -0.000000 -0.000000 0.000000 9.533409 0.000036 0.000044 0.000003 -0.003600 -0.000007 -0.000005 0.002400 0.000007 0.000012 0.002400 -0.000000 0.000000 -0.000000 -0.000000 9.104532 -0.043031 -1.865075 0.000007 0.000700 0.000097 -0.000005 0.000000 -0.000003 0.000010 0.000014 -0.000003 2.644325 0.000031 0.000057 0.000000 -0.000000 -0.000000 8.077785 -0.486864 -3.806258 0.000013 0.234300 -0.000586 -0.000002 -0.024114 0.000086 0.000003 -0.007673 -0.000010 0.000000 -0.000000 -0.000000 -8.207788 -6.751659 -1.599560 -0.077008 -0.000003 0.000080 0.153719 -0.000000 -0.000000 -0.076703 0.000000 -0.000002 -0.000005 -8.728669 10.710563 0.000005 -0.000000 -0.000000 -0.000001 -0.000676 9.278122 -0.000000 0.000000 -0.000000 8.207791 -6.751703 -1.599556 -0.074517 -0.000003 0.000081 0.148830 0.000002 0.000000 -0.074309 0.000000 -0.000002 -0.000003 -8.728670 10.710560 0.000005 -0.000000 -0.000000 -0.000001 -0.000677 9.278137 0.000003 0.000000 -0.000000 
0.000006 104.270470 1.554256 0.000021 0.000003 -0.000113 -0.000005 10.181587 0.131521 0.000002 -0.000003 0.000084 -0.000000 9.893967 -1.470709 -0.000000 0.000000 -0.000000 -0.000000 0.000000 -0.000000 0.000001 16.740417 -2.049035 0.000000 -0.000000 -0.000000 0.000000 9.617874 1.685008 -0.000000 -0.000000 0.000000 0.000002 22.037354 7.501098 -0.000000 -0.000000 -0.000000 -4.569969 11.014894 -2.160884 0.000005 0.000003 -0.000023 -0.000052 0.000030 0.000011 -27.841520 0.000017 0.000005 -0.000010 0.000001 -0.000003 -28.328836 0.000017 0.000026 -0.000321 -0.000044 0.000010 -2.464817 -1.573966 2.681851 0.314112 -0.720934 -0.172575 -3.215199 -1.872762 1.924284 -0.432457 0.981326 0.240527 -2.654858 -1.527961 1.512612 -0.323118 0.728901 0.173694 0.000001 0.000001 0.000003 -9.108281 -0.517861 2.259837 -0.000007 -0.018787 0.000103 0.000005 0.029297 -0.000007 -0.000005 -0.010093 -0.000003 0.000000 0.000000 -0.000000 -9.532506 -0.000003 -0.000022 -0.000004 -0.057494 0.000110 -0.000001 0.097407 -0.000010 0.000002 -0.036900 -0.000003 -0.000000 0.000000 -0.000000 -9.103599 -0.043045 -1.865133 -0.000000 0.017917 -0.000000 -0.000004 -0.025390 -0.000003 0.000003 -0.012910 0.000003 0.000000 0.000000 0.000000 -8.076683 -0.486680 -3.806278 0.000000 0.059620 -0.000517 0.000001 0.097000 0.000017 -0.000004 -0.056907 0.000003 -0.000000 0.000000 -0.000000 4.570447 11.014723 -2.160855 -0.000007 -0.000002 -0.000015 0.000002 0.000103 0.000118 -0.000007 -0.000007 0.000007 28.328836 -0.000029 0.000017 0.000020 -0.000089 0.000000 2.466128 -1.576189 2.681733 0.271163 0.622431 0.149618 3.217803 -1.872061 1.916485 -0.380683 -0.867292 -0.214332 2.656008 -1.528832 1.514505 -0.280440 -0.641565 -0.159358 2.020883 -1.154066 1.115133 -0.000000 0.000002 -0.000004 9.109305 -0.518042 2.259871 0.000012 -0.005107 0.000093 -0.000008 0.012007 0.000014 -0.000002 -0.007600 -0.000003 -0.000000 -0.000000 0.000000 9.533409 0.000036 0.000044 0.000003 -0.003600 -0.000007 -0.000005 0.002400 0.000007 0.000012 0.002400 -0.000000 0.000000 -0.000000 -0.000000 9.104532 -0.043031 -1.865075 0.000007 0.000700 0.000097 -0.000005 0.000000 -0.000003 0.000010 0.000014 -0.000003 2.644325 0.000031 0.000057 0.000000 -0.000000 -0.000000 8.077785 -0.486864 -3.806258 0.000013 0.234300 -0.000586 -0.000002 -0.024114 0.000086 0.000003 -0.007673 -0.000010 0.000000 -0.000000 -0.000000 -8.207788 -6.751659 -1.599560 -0.077008 -0.000003 0.000080 0.153719 -0.000000 -0.000000 -0.076703 0.000000 -0.000002 -0.000005 -8.728669 10.710563 0.000005 -0.000000 -0.000000 -0.000001 -0.000676 9.278122 -0.000000 0.000000 -0.000000 8.207791 -6.751703 -1.599556 -0.074517 -0.000003 0.000081 0.148830 0.000002 0.000000 -0.074309 0.000000 -0.000002 -0.000003 -8.728670 10.710560 0.000005 -0.000000 -0.000000 -0.000001 -0.000677 9.278137 0.000003 0.000000 -0.000000 
0.000006 104.270470 1.554256 0.000021 0.000003 -0.000113 -0.000005 10.181587 0.131521 0.000002 -0.000003 0.000084 -0.000000 9.893967 -1.470709 -0.000000 0.000000 -0.000000 -0.000000 0.000000 -0.000000 0.000001 16.740417 -2.049035 0.000000 -0.000000 -0.000000 0.000000 9.617874 1.685008 -0.000000 -0.000000 0.000000 0.000002 22.037354 7.501098 -0.000000 -0.000000 -0.000000 -4.569969 11.014894 -2.160884 0.000005 0.000003 -0.000023 -0.000052 0.000030 0.000011 -27.841520 0.000017 0.000005 -0.000010 0.000001 -0.000003 -28.328836 0.000017 0.000026 -0.000321 -0.000044 0.000010 -2.464817 -1.573966 2.681851 0.314112 -0.720934 -0.172575 -3.215199 -1.872762 1.924284 -0.432457 0.981326 0.240527 -2.654858 -1.527961 1.512612 -0.323118 0.728901 0.173694 0.000001 0.000001 0.000003 -9.108281 -0.517861 2.259837 -0.000007 -0.018787 0.000103 0.000005 0.029297 -0.000007 -0.000005 -0.010093 -0.000003 0.000000 0.000000 -0.000000 -9.532506 -0.000003 -0.000022 -0.000004 -0.057494 0.000110 -0.000001 0.097407 -0.000010 0.000002 -0.036900 -0.000003 -0.000000 0.000000 -0.000000 -9.103599 -0.043045 -1.865133 -0.000000 0.017917 -0.000000 -0.000004 -0.025390 -0.000003 0.000003 -0.012910 0.000003 0.000000 0.000000 0.000000 -8.076683 -0.486680 -3.806278 0.000000 0.059620 -0.000517 0.000001 0.097000 0.000017 -0.000004 -0.056907 0.000003 -0.000000 0.000000 -0.000000 4.570447 11.014723 -2.160855 -0.000007 -0.000002 -0.000015 0.000002 0.000103 0.000118 -0.000007 -0.000007 0.000007 28.328836 -0.000029 0.000017 0.000020 -0.000089 0.000000 2.466128 -1.576189 2.681733 0.271163 0.622431 0.149618 3.217803 -1.872061 1.916485 -0.380683 -0.867292 -0.214332 2.656008 -1.528832 1.514505 -0.280440 -0.641565 -0.159358 2.020883 -1.154066 1.115133 -0.000000 0.000002 -0.000004 9.109305 -0.518042 2.259871 0.000012 -0.005107 0.000093 -0.000008 0.012007 0.000014 -0.000002 -0.007600 -0.000003 -0.000000 -0.000000 0.000000 9.533409 0.000036 0.000044 0.000003 -0.003600 -0.000007 -0.000005 0.002400 0.000007 0.000012 0.002400 -0.000000 0.000000 -0.000000 -0.000000 9.104532 -0.043031 -1.865075 0.000007 0.000700 0.000097 -0.000005 0.000000 -0.000003 0.000010 0.000014 -0.000003 2.644325 0.000031 0.000057 0.000000 -0.000000 -0.000000 8.077785 -0.486864 -3.806258 0.000013 0.234300 -0.000586 -0.000002 -0.024114 0.000086 0.000003 -0.007673 -0.000010 0.000000 -0.000000 -0.000000 -8.207788 -6.751659 -1.599560 -0.077008 -0.000003 0.000080 0.153719 -0.000000 -0.000000 -0.076703 0.000000 -0.000002 -0.000005 -8.728669 10.710563 0.000005 -0.000000 -0.000000 -0.000001 -0.000676 9.278122 -0.000000 0.000000 -0.000000 8.207791 -6.751703 -1.599556 -0.074517 -0.000003 0.000081 0.148830 0.000002 0.000000 -0.074309 0.000000 -0.000002 -0.000003 -8.728670 10.710560 0.000005 -0.000000 -0.000000 -0.000001 -0.000677 9.278137 0.000003 0.000000 -0.000000 
0.000006 104.270470 1.554256 0.000021 0.000003 -0.000113 -0.000005 10.181587 0.131521 0.000002 -0.000003 0.000084 -0.000000 9.893967 -1.470709 -0.000000 0.000000 -0.000000 -0.000000 0.000000 -0.000000 0.000001 16.740417 -2.049035 0.000000 -0.000000 -0.000000 0.000000 9.617874 1.685008 -0.000000 -0.000000 0.000000 0.000002 22.037354 7.501098 -0.000000 -0.000000 -0.000000 -4.569969 11.014894 -2.160884 0.000005 0.000003 -0.000023 -0.000052 0.000030 0.000011 -27.841520 0.000017 0.000005 -0.000010 0.000001 -0.000003 -28.328836 0.000017 0.000026 -0.000321 -0.000044 0.000010 -2.464817 -1.573966 2.681851 0.314112 -0.720934 -0.172575 -3.215199 -1.872762 1.924284 -0.432457 0.981326 0.240527 -2.654858 -1.527961 1.512612 -0.323118 0.728901 0.173694 0.000001 0.000001 0.000003 -9.108281 -0.517861 2.259837 -0.000007 -0.018787 0.000103 0.000005 0.029297 -0.000007 -0.000005 -0.010093 -0.000003 0.000000 0.000000 -0.000000 -9.532506 -0.000003 -0.000022 -0.000004 -0.057494 0.000110 -0.000001 0.097407 -0.000010 0.000002 -0.036900 -0.000003 -0.000000 0.000000 -0.000000 -9.103599 -0.043045 -1.865133 -0.000000 0.017917 -0.000000 -0.000004 -0.025390 -0.000003 0.000003 -0.012910 0.000003 0.000000 0.000000 0.000000 -8.076683 -0.486680 -3.806278 0.000000 0.059620 -0.000517 0.000001 0.097000 0.000017 -0.000004 -0.056907 0.000003 -0.000000 0.000000 -0.000000 4.570447 11.014723 -2.160855 -0.000007 -0.000002 -0.000015 0.000002 0.000103 0.000118 -0.000007 -0.000007 0.000007 28.328836 -0.000029 0.000017 0.000020 -0.000089 0.000000 2.466128 -1.576189 2.681733 0.271163 0.622431 0.149618 3.217803 -1.872061 1.916485 -0.380683 -0.867292 -0.214332 2.656008 -1.528832 1.514505 -0.280440 -0.641565 -0.159358 2.020883 -1.154066 1.115133 -0.000000 0.000002 -0.000004 9.109305 -0.518042 2.259871 0.000012 -0.005107 0.000093 -0.000008 0.012007 0.000014 -0.000002 -0.007600 -0.000003 -0.000000 -0.000000 0.000000 9.533409 0.000036 0.000044 0.000003 -0.003600 -0.000007 -0.000005 0.002400 0.000007 0.000012 0.002400 -0.000000 0.000000 -0.000000 -0.000000 9.104532 -0.043031 -1.865075 0.000007 0.000700 0.000097 -0.000005 0.000000 -0.000003 0.000010 0.000014 -0.000003 2.644325 0.000031 0.000057 0.000000 -0.000000 -0.000000 8.077785 -0.486864 -3.806258 0.000013 0.234300 -0.000586 -0.000002 -0.024114 0.000086 0.000003 -0.007673 -0.000010 0.000000 -0.000000 -0.000000 -8.207788 -6.751659 -1.599560 -0.077008 -0.000003 0.000080 0.153719 -0.000000 -0.000000 -0.076703 0.000000 -0.000002 -0.000005 -8.728669 10.710563 0.000005 -0.000000 -0.000000 -0.000001 -0.000676 9.278122 -0.000000 0.000000 -0.000000 8.207791 -6.751703 -1.599556 -0.074517 -0.000003 0.000081 0.148830 0.000002 0.000000 -0.074309 0.000000 -0.000002 -0.000003 -8.728670 10.710560 0.000005 -0.000000 -0.000000 -0.000001 -0.000677 9.278137 0.000003 0.000000 -0.000000 
0.000006 104.270470 1.554256 0.000021 0.000003 -0.000113 -0.000005 10.181587 0.131521 0.000002 -0.000003 0.000084 -0.000000 9.893967 -1.470709 -0.000000 0.000000 -0.000000 -0.000000 0.000000 -0.000000 0.000001 16.740417 -2.049035 0.000000 -0.000000 -0.000000 0.000000 9.617874 1.685008 -0.000000 -0.000000 0.000000 0.000002 22.037354 7.501098 -0.000000 -0.000000 -0.000000 -4.569969 11.014894 -2.160884 0.000005 0.000003 -0.000023 -0.000052 0.000030 0.000011 -27.841520 0.000017 0.000005 -0.000010 0.000001 -0.000003 -28.328836 0.000017 0.000026 -0.000321 -0.000044 0.000010 -2.464817 -1.573966 2.681851 0.314112 -0.720934 -0.172575 -3.215199 -1.872762 1.924284 -0.432457 0.981326 0.240527 -2.654858 -1.527961 1.512612 -0.323118 0.728901 0.173694 0.000001 0.000001 0.000003 -9.108281 -0.517861 2.259837 -0.000007 -0.018787 0.000103 0.000005 0.029297 -0.000007 -0.000005 -0.010093 -0.000003 0.000000 0.000000 -0.000000 -9.532506 -0.000003 -0.000022 -0.000004 -0.057494 0.000110 -0.000001 0.097407 -0.000010 0.000002 -0.036900 -0.000003 -0.000000 0.000000 -0.000000 -9.103599 -0.043045 -1.865133 -0.000000 0.017917 -0.000000 -0.000004 -0.025390 -0.000003 0.000003 -0.012910 0.000003 0.000000 0.000000 0.000000 -8.076683 -0.486680 -3.806278 0.000000 0.059620 -0.000517 0.000001 0.097000 0.000017 -0.000004 -0.056907 0.000003 -0.000000 0.000000 -0.000000 4.570447 11.014723 -2.160855 -0.000007 -0.000002 -0.000015 0.000002 0.000103 0.000118 -0.000007 -0.000007 0.000007 28.328836 -0.000029 0.000017 0.000020 -0.000089 0.000000 2.466128 -1.576189 2.681733 0.271163 0.622431 0.149618 3.217803 -1.872061 1.916485 -0.380683 -0.867292 -0.214332 2.656008 -1.528832 1.514505 -0.280440 -0.641565 -0.159358 2.020883 -1.154066 1.115133 -0.000000 0.000002 -0.000004 9.109305 -0.518042 2.259871 0.000012 -0.005107 0.000093 -0.000008 0.012007 0.000014 -0.000002 -0.007600 -0.000003 -0.000000 -0.000000 0.000000 9.533409 0.000036 0.000044 0.000003 -0.003600 -0.000007 -0.000005 0.002400 0.000007 0.000012 0.002400 -0.000000 0.000000 -0.000000 -0.000000 9.104532 -0.043031 -1.865075 0.000007 0.000700 0.000097 -0.000005 0.000000 -0.000003 0.000010 0.000014 -0.000003 2.644325 0.000031 0.000057 0.000000 -0.000000 -0.000000 8.077785 -0.486864 -3.806258 0.000013 0.234300 -0.000586 -0.000002 -0.024114 0.000086 0.000003 -0.007673 -0.000010 0.000000 -0.000000 -0.000000 -8.207788 -6.751659 -1.599560 -0.077008 -0.000003 0.000080 0.153719 -0.000000 -0.000000 -0.076703 0.000000 -0.000002 -0.000005 -8.728669 10.710563 0.000005 -0.000000 -0.000000 -0.000001 -0.000676 9.278122 -0.000000 0.000000 -0.000000 8.207791 -6.751703 -1.599556 -0.074517 -0.000003 0.000081 0.148830 0.000002 0.000000 -0.074309 0.000000 -0.000002 -0.000003 -8.728670 10.710560 0.000005 -0.000000 -0.000000 -0.000001 -0.000677 9.278137 0.000003 0.000000 -0.000000 
0.000006 104.270470 1.554256 0.000021 0.000003 -0.000113 -0.000005 10.181587 0.131521 0.000002 -0.000003 0.000084 -0.000000 9.893967 -1.470709 -0.000000 0.000000 -0.000000 -0.000000 0.000000 -0.000000 0.000001 16.740417 -2.049035 0.000000 -0.000000 -0.000000 0.000000 9.617874 1.685008 -0.000000 -0.000000 0.000000 0.000002 22.037354 7.501098 -0.000000 -0.000000 -0.000000 -4.569969 11.014894 -2.160884 0.000005 0.000003 -0.000023 -0.000052 0.000030 0.000011 -27.841520 0.000017 0.000005 -0.000010 0.000001 -0.000003 -28.328836 0.000017 0.000026 -0.000321 -0.000044 0.000010 -2.464817 -1.573966 2.681851 0.314112 -0.720934 -0.172575 -3.215199 -1.872762 1.924284 -0.432457 0.981326 0.240527 -2.654858 -1.527961 1.512612 -0.323118 0.728901 0.173694 0.000001 0.000001 0.000003 -9.108281 -0.517861 2.259837 -0.000007 -0.018787 0.000103 0.000005 0.029297 -0.000007 -0.000005 -0.010093 -0.000003 0.000000 0.000000 -0.000000 -9.532506 -0.000003 -0.000022 -0.000004 -0.057494 0.000110 -0.000001 0.097407 -0.000010 0.000002 -0.036900 -0.000003 -0.000000 0.000000 -0.000000 -9.103599 -0.043045 -1.865133 -0.000000 0.017917 -0.000000 -0.000004 -0.025390 -0.000003 0.000003 -0.012910 0.000003 0.000000 0.000000 0.000000 -8.076683 -0.486680 -3.806278 0.000000 0.059620 -0.000517 0.000001 0.097000 0.000017 -0.000004 -0.056907 0.000003 -0.000000 0.000000 -0.000000 4.570447 11.014723 -2.160855 -0.000007 -0.000002 -0.000015 0.000002 0.000103 0.000118 -0.000007 -0.000007 0.000007 28.328836 -0.000029 0.000017 0.000020 -0.000089 0.000000 2.466128 -1.576189 2.681733 0.271163 0.622431 0.149618 3.217803 -1.872061 1.916485 -0.380683 -0.867292 -0.214332 2.656008 -1.528832 1.514505 -0.280440 -0.641565 -0.159358 2.020883 -1.154066 1.115133 -0.000000 0.000002 -0.000004 9.109305 -0.518042 2.259871 0.000012 -0.005107 0.000093 -0.000008 0.012007 0.000014 -0.000002 -0.007600 -0.000003 -0.000000 -0.000000 0.000000 9.533409 0.000036 0.000044 0.000003 -0.003600 -0.000007 -0.000005 0.002400 0.000007 0.000012 0.002400 -0.000000 0.000000 -0.000000 -0.000000 9.104532 -0.043031 -1.865075 0.000007 0.000700 0.000097 -0.000005 0.000000 -0.000003 0.000010 0.000014 -0.000003 2.644325 0.000031 0.000057 0.000000 -0.000000 -0.000000 8.077785 -0.486864 -3.806258 0.000013 0.234300 -0.000586 -0.000002 -0.024114 0.000086 0.000003 -0.007673 -0.000010 0.000000 -0.000000 -0.000000 -8.207788 -6.751659 -1.599560 -0.077008 -0.000003 0.000080 0.153719 -0.000000 -0.000000 -0.076703 0.000000 -0.000002 -0.000005 -8.728669 10.710563 0.000005 -0.000000 -0.000000 -0.000001 -0.000676 9.278122 -0.000000 0.000000 -0.000000 8.207791 -6.751703 -1.599556 -0.074517 -0.000003 0.000081 0.148830 0.000002 0.000000 -0.074309 0.000000 -0.000002 -0.000003 -8.728670 10.710560 0.000005 -0.000000 -0.000000 -0.000001 -0.000677 9.278137 0.000003 0.000000 -0.000000 
0.000006 104.270470 1.554256 0.000021 0.000003 -0.000113 -0.000005 10.181587 0.131521 0.000002 -0.000003 0.000084 -0.000000 9.893967 -1.470709 -0.000000 0.000000 -0.000000 -0.000000 0.000000 -0.000000 0.000001 16.740417 -2.049035 0.000000 -0.000000 -0.000000 0.000000 9.617874 1.685008 -0.000000 -0.000000 0.000000 0.000002 22.037354 7.501098 -0.000000 -0.000000 -0.000000 -4.569969 11.014894 -2.160884 0.000005 0.000003 -0.000023 -0.000052 0.000030 0.000011 -27.841520 0.000017 0.000005 -0.000010 0.000001 -0.000003 -28.328836 0.000017 0.000026 -0.000321 -0.000044 0.000010 -2.464817 -1.573966 2.681851 0.314112 -0.720934 -0.172575 -3.215199 -1.872762 1.924284 -0.432457 0.981326 0.240527 -2.654858 -1.527961 1.512612 -0.323118 0.728901 0.173694 0.000001 0.000001 0.000003 -9.108281 -0.517861 2.259837 -0.000007 -0.018787 0.000103 0.000005 0.029297 -0.000007 -0.000005 -0.010093 -0.000003 0.000000 0.000000 -0.000000 -9.532506 -0.000003 -0.000022 -0.000004 -0.057494 0.000110 -0.000001 0.097407 -0.000010 0.000002 -0.036900 -0.000003 -0.000000 0.000000 -0.000000 -9.103599 -0.043045 -1.865133 -0.000000 0.017917 -0.000000 -0.000004 -0.025390 -0.000003 0.000003 -0.012910 0.000003 0.000000 0.000000 0.000000 -8.076683 -0.486680 -3.806278 0.000000 0.059620 -0.000517 0.000001 0.097000 0.000017 -0.000004 -0.056907 0.000003 -0.000000 0.000000 -0.000000 4.570447 11.014723 -2.160855 -0.000007 -0.000002 -0.000015 0.000002 0.000103 0.000118 -0.000007 -0.000007 0.000007 28.328836 -0.000029 0.000017 0.000020 -0.000089 0.000000 2.466128 -1.576189 2.681733 0.271163 0.622431 0.149618 3.217803 -1.872061 1.916485 -0.380683 -0.867292 -0.214332 2.656008 -1.528832 1.514505 -0.280440 -0.641565 -0.159358 2.020883 -1.154066 1.115133 -0.000000 0.000002 -0.000004 9.109305 -0.518042 2.259871 0.000012 -0.005107 0.000093 -0.000008 0.012007 0.000014 -0.000002 -0.007600 -0.000003 -0.000000 -0.000000 0.000000 9.533409 0.000036 0.000044 0.000003 -0.003600 -0.000007 -0.000005 0.002400 0.000007 0.000012 0.002400 -0.000000 0.000000 -0.000000 -0.000000 9.104532 -0.043031 -1.865075 0.000007 0.000700 0.000097 -0.000005 0.000000 -0.000003 0.000010 0.000014 -0.000003 2.644325 0.000031 0.000057 0.000000 -0.000000 -0.000000 8.077785 -0.486864 -3.806258 0.000013 0.234300 -0.000586 -0.000002 -0.024114 0.000086 0.000003 -0.007673 -0.000010 0.000000 -0.000000 -0.000000 -8.207788 -6.751659 -1.599560 -0.077008 -0.000003 0.000080 0.153719 -0.000000 -0.000000 -0.076703 0.000000 -0.000002 -0.000005 -8.728669 10.710563 0.000005 -0.000000 -0.000000 -0.000001 -0.000676 9.278122 -0.000000 0.000000 -0.000000 8.207791 -6.751703 -1.599556 -0.074517 -0.000003 0.000081 0.148830 0.000002 0.000000 -0.074309 0.000000 -0.000002 -0.000003 -8.728670 10.710560 0.000005 -0.000000 -0.000000 -0.000001 -0.000677 9.278137 0.000003 0.000000 -0.000000 
0.000006 104.270470 1.554256 0.000021 0.000003 -0.000113 -0.000005 10.181587 0.131521 0.000002 -0.000003 0.000084 -0.000000 9.893967 -1.470709 -0.000000 0.000000 -0.000000 -0.000000 0.000000 -0.000000 0.000001 16.740417 -2.049035 0.000000 -0.000000 -0.000000 0.000000 9.617874 1.685008 -0.000000 -0.000000 0.000000 0.000002 22.037354 7.501098 -0.000000 -0.000000 -0.000000 -4.569969 11.014894 -2.160884 0.000005 0.000003 -0.000023 -0.000052 0.000030 0.000011 -27.841520 0.000017 0.000005 -0.000010 0.000001 -0.000003 -28.328836 0.000017 0.000026 -0.000321 -0.000044 0.000010 -2.464817 -1.573966 2.681851 0.314112 -0.720934 -0.172575 -3.215199 -1.872762 1.924284 -0.432457 0.981326 0.240527 -2.654858 -1.527961 1.512612 -0.323118 0.728901 0.173694 0.000001 0.000001 0.000003 -9.108281 -0.517861 2.259837 -0.000007 -0.018787 0.000103 0.000005 0.029297 -0.000007 -0.000005 -0.010093 -0.000003 0.000000 0.000000 -0.000000 -9.532506 -0.000003 -0.000022 -0.000004 -0.057494 0.000110 -0.000001 0.097407 -0.000010 0.000002 -0.036900 -0.000003 -0.000000 0.000000 -0.000000 -9.103599 -0.043045 -1.865133 -0.000000 0.017917 -0.000000 -0.000004 -0.025390 -0.000003 0.000003 -0.012910 0.000003 0.000000 0.000000 0.000000 -8.076683 -0.486680 -3.806278 0.000000 0.059620 -0.000517 0.000001 0.097000 0.000017 -0.000004 -0.056907 0.000003 -0.000000 0.000000 -0.000000 4.570447 11.014723 -2.160855 -0.000007 -0.000002 -0.000015 0.000002 0.000103 0.000118 -0.000007 -0.000007 0.000007 28.328836 -0.000029 0.000017 0.000020 -0.000089 0.000000 2.466128 -1.576189 2.681733 0.271163 0.622431 0.149618 3.217803 -1.872061 1.916485 -0.380683 -0.867292 -0.214332 2.656008 -1.528832 1.514505 -0.280440 -0.641565 -0.159358 2.020883 -1.154066 1.115133 -0.000000 0.000002 -0.000004 9.109305 -0.518042 2.259871 0.000012 -0.005107 0.000093 -0.000008 0.012007 0.000014 -0.000002 -0.007600 -0.000003 -0.000000 -0.000000 0.000000 9.533409 0.000036 0.000044 0.000003 -0.003600 -0.000007 -0.000005 0.002400 0.000007 0.000012 0.002400 -0.000000 0.000000 -0.000000 -0.000000 9.104532 -0.043031 -1.865075 0.000007 0.000700 0.000097 -0.000005 0.000000 -0.000003 0.000010 0.000014 -0.000003 2.644325 0.000031 0.000057 0.000000 -0.000000 -0.000000 8.077785 -0.486864 -3.806258 0.000013 0.234300 -0.000586 -0.000002 -0.024114 0.000086 0.000003 -0.007673 -0.000010 0.000000 -0.000000 -0.000000 -8.207788 -6.751659 -1.599560 -0.077008 -0.000003 0.000080 0.153719 -0.000000 -0.000000 -0.076703 0.000000 -0.000002 -0.000005 -8.728669 10.710563 0.000005 -0.000000 -0.000000 -0.000001 -0.000676 9.278122 -0.000000 0.000000 -0.000000 8.207791 -6.751703 -1.599556 -0.074517 -0.000003 0.000081 0.148830 0.000002 0.000000 -0.074309 0.000000 -0.000002 -0.000003 -8.728670 10.710560 0.000005 -0.000000 -0.000000 -0.000001 -0.000677 9.278137 0.000003 0.000000 -0.000000 
0.000006 104.270470 1.554256 0.000021 0.000003 -0.000113 -0.000005 10.181587 0.131521 0.000002 -0.000003 0.000084 -0.000000 9.893967 -1.470709 -0.000000 0.000000 -0.000000 -0.000000 0.000000 -0.000000 0.000001 16.740417 -2.049035 0.000000 -0.000000 -0.000000 0.000000 9.617874 1.685008 -0.000000 -0.000000 0.000000 0.000002 22.037354 7.501098 -0.000000 -0.000000 -0.000000 -4.569969 11.014894 -2.160884 0.000005 0.000003 -0.000023 -0.000052 0.000030 0.000011 -27.841520 0.000017 0.000005 -0.000010 0.000001 -0.000003 -28.328836 0.000017 0.000026 -0.000321 -0.000044 0.000010 -2.464817 -1.573966 2.681851 0.314112 -0.720934 -0.172575 -3.215199 -1.872762 1.924284 -0.432457 0.981326 0.240527 -2.654858 -1.527961 1.512612 -0.323118 0.728901 0.173694 0.000001 0.000001 0.000003 -9.108281 -0.517861 2.259837 -0.000007 -0.018787 0.000103 0.000005 0.029297 -0.000007 -0.000005 -0.010093 -0.000003 0.000000 0.000000 -0.000000 -9.532506 -0.000003 -0.000022 -0.000004 -0.057494 0.000110 -0.000001 0.097407 -0.000010 0.000002 -0.036900 -0.000003 -0.000000 0.000000 -0.000000 -9.103599 -0.043045 -1.865133 -0.000000 0.017917 -0.000000 -0.000004 -0.025390 -0.000003 0.000003 -0.012910 0.000003 0.000000 0.000000 0.000000 -8.076683 -0.486680 -3.806278 0.000000 0.059620 -0.000517 0.000001 0.097000 0.000017 -0.000004 -0.056907 0.000003 -0.000000 0.000000 -0.000000 4.570447 11.014723 -2.160855 -0.000007 -0.000002 -0.000015 0.000002 0.000103 0.000118 -0.000007 -0.000007 0.000007 28.328836 -0.000029 0.000017 0.000020 -0.000089 0.000000 2.466128 -1.576189 2.681733 0.271163 0.622431 0.149618 3.217803 -1.872061 1.916485 -0.380683 -0.867292 -0.214332 2.656008 -1.528832 1.514505 -0.280440 -0.641565 -0.159358 2.020883 -1.154066 1.115133 -0.000000 0.000002 -0.000004 9.109305 -0.518042 2.259871 0.000012 -0.005107 0.000093 -0.000008 0.012007 0.000014 -0.000002 -0.007600 -0.000003 -0.000000 -0.000000 0.000000 9.533409 0.000036 0.000044 0.000003 -0.003600 -0.000007 -0.000005 0.002400 0.000007 0.000012 0.002400 -0.000000 0.000000 -0.000000 -0.000000 9.104532 -0.043031 -1.865075 0.000007 0.000700 0.000097 -0.000005 0.000000 -0.000003 0.000010 0.000014 -0.000003 2.644325 0.000031 0.000057 0.000000 -0.000000 -0.000000 8.077785 -0.486864 -3.806258 0.000013 0.234300 -0.000586 -0.000002 -0.024114 0.000086 0.000003 -0.007673 -0.000010 0.000000 -0.000000 -0.000000 -8.207788 -6.751659 -1.599560 -0.077008 -0.000003 0.000080 0.153719 -0.000000 -0.000000 -0.076703 0.000000 -0.000002 -0.000005 -8.728669 10.710563 0.000005 -0.000000 -0.000000 -0.000001 -0.000676 9.278122 -0.000000 0.000000 -0.000000 8.207791 -6.751703 -1.599556 -0.074517 -0.000003 0.000081 0.148830 0.000002 0.000000 -0.074309 0.000000 -0.000002 -0.000003 -8.728670 10.710560 0.000005 -0.000000 -0.000000 -0.000001 -0.000677 9.278137 0.000003 0.000000 -0.000000 
0.000006 104.270470 1.554256 0.000021 0.000003 -0.000113 -0.000005 10.181587 0.131521 0.000002 -0.000003 0.000084 -0.000000 9.893967 -1.470709 -0.000000 0.000000 -0.000000 -0.000000 0.000000 -0.000000 0.000001 16.740417 -2.049035 0.000000 -0.000000 -0.000000 0.000000 9.617874 1.685008 -0.000000 -0.000000 0.000000 0.000002 22.037354 7.501098 -0.000000 -0.000000 -0.000000 -4.569969 11.014894 -2.160884 0.000005 0.000003 -0.000023 -0.000052 0.000030 0.000011 -27.841520 0.000017 0.000005 -0.000010 0.000001 -0.000003 -28.328836 0.000017 0.000026 -0.000321 -0.000044 0.000010 -2.464817 -1.573966 2.681851 0.314112 -0.720934 -0.172575 -3.215199 -1.872762 1.924284 -0.432457 0.981326 0.240527 -2.654858 -1.527961 1.512612 -0.323118 0.728901 0.173694 0.000001 0.000001 0.000003 -9.108281 -0.517861 2.259837 -0.000007 -0.018787 0.000103 0.000005 0.029297 -0.000007 -0.000005 -0.010093 -0.000003 0.000000 0.000000 -0.000000 -9.532506 -0.000003 -0.000022 -0.000004 -0.057494 0.000110 -0.000001 0.097407 -0.000010 0.000002 -0.036900 -0.000003 -0.000000 0.000000 -0.000000 -9.103599 -0.043045 -1.865133 -0.000000 0.017917 -0.000000 -0.000004 -0.025390 -0.000003 0.000003 -0.012910 0.000003 0.000000 0.000000 0.000000 -8.076683 -0.486680 -3.806278 0.000000 0.059620 -0.000517 0.000001 0.097000 0.000017 -0.000004 -0.056907 0.000003 -0.000000 0.000000 -0.000000 4.570447 11.014723 -2.160855 -0.000007 -0.000002 -0.000015 0.000002 0.000103 0.000118 -0.000007 -0.000007 0.000007 28.328836 -0.000029 0.000017 0.000020 -0.000089 0.000000 2.466128 -1.576189 2.681733 0.271163 0.622431 0.149618 3.217803 -1.872061 1.916485 -0.380683 -0.867292 -0.214332 2.656008 -1.528832 1.514505 -0.280440 -0.641565 -0.159358 2.020883 -1.154066 1.115133 -0.000000 0.000002 -0.000004 9.109305 -0.518042 2.259871 0.000012 -0.005107 0.000093 -0.000008 0.012007 0.000014 -0.000002 -0.007600 -0.000003 -0.000000 -0.000000 0.000000 9.533409 0.000036 0.000044 0.000003 -0.003600 -0.000007 -0.000005 0.002400 0.000007 0.000012 0.002400 -0.000000 0.000000 -0.000000 -0.000000 9.104532 -0.043031 -1.865075 0.000007 0.000700 0.000097 -0.000005 0.000000 -0.000003 0.000010 0.000014 -0.000003 2.644325 0.000031 0.000057 0.000000 -0.000000 -0.000000 8.077785 -0.486864 -3.806258 0.000013 0.234300 -0.000586 -0.000002 -0.024114 0.000086 0.000003 -0.007673 -0.000010 0.000000 -0.000000 -0.000000 -8.207788 -6.751659 -1.599560 -0.077008 -0.000003 0.000080 0.153719 -0.000000 -0.000000 -0.076703 0.000000 -0.000002 -0.000005 -8.728669 10.710563 0.000005 -0.000000 -0.000000 -0.000001 -0.000676 9.278122 -0.000000 0.000000 -0.000000 8.207791 -6.751703 -1.599556 -0.074517 -0.000003 0.000081 0.148830 0.000002 0.000000 -0.074309 0.000000 -0.000002 -0.000003 -8.728670 10.710560 0.000005 -0.000000 -0.000000 -0.000001 -0.000677 9.278137 0.000003 0.000000 -0.000000 
0.000006 104.270470 1.554256 0.000021 0.000003 -0.000113 -0.000005 10.181587 0.131521 0.000002 -0.000003 0.000084 -0.000000 9.893967 -1.470709 -0.000000 0.000000 -0.000000 -0.000000 0.000000 -0.000000 0.000001 16.740417 -2.049035 0.000000 -0.000000 -0.000000 0.000000 9.617874 1.685008 -0.000000 -0.000000 0.000000 0.000002 22.037354 7.501098 -0.000000 -0.000000 -0.000000 -4.569969 11.014894 -2.160884 0.000005 0.000003 -0.000023 -0.000052 0.000030 0.000011 -27.841520 0.000017 0.000005 -0.000010 0.000001 -0.000003 -28.328836 0.000017 0.000026 -0.000321 -0.000044 0.000010 -2.464817 -1.573966 2.681851 0.314112 -0.720934 -0.172575 -3.215199 -1.872762 1.924284 -0.432457 0.981326 0.240527 -2.654858 -1.527961 1.512612 -0.323118 0.728901 0.173694 0.000001 0.000001 0.000003 -9.108281 -0.517861 2.259837 -0.000007 -0.018787 0.000103 0.000005 0.029297 -0.000007 -0.000005 -0.010093 -0.000003 0.000000 0.000000 -0.000000 -9.532506 -0.000003 -0.000022 -0.000004 -0.057494 0.000110 -0.000001 0.097407 -0.000010 0.000002 -0.036900 -0.000003 -0.000000 0.000000 -0.000000 -9.103599 -0.043045 -1.865133 -0.000000 0.017917 -0.000000 -0.000004 -0.025390 -0.000003 0.000003 -0.012910 0.000003 0.000000 0.000000 0.000000 -8.076683 -0.486680 -3.806278 0.000000 0.059620 -0.000517 0.000001 0.097000 0.000017 -0.000004 -0.056907 0.000003 -0.000000 0.000000 -0.000000 4.570447 11.014723 -2.160855 -0.000007 -0.000002 -0.000015 0.000002 0.000103 0.000118 -0.000007 -0.000007 0.000007 28.328836 -0.000029 0.000017 0.000020 -0.000089 0.000000 2.466128 -1.576189 2.681733 0.271163 0.622431 0.149618 3.217803 -1.872061 1.916485 -0.380683 -0.867292 -0.214332 2.656008 -1.528832 1.514505 -0.280440 -0.641565 -0.159358 2.020883 -1.154066 1.115133 -0.000000 0.000002 -0.000004 9.109305 -0.518042 2.259871 0.000012 -0.005107 0.000093 -0.000008 0.012007 0.000014 -0.000002 -0.007600 -0.000003 -0.000000 -0.000000 0.000000 9.533409 0.000036 0.000044 0.000003 -0.003600 -0.000007 -0.000005 0.002400 0.000007 0.000012 0.002400 -0.000000 0.000000 -0.000000 -0.000000 9.104532 -0.043031 -1.865075 0.000007 0.000700 0.000097 -0.000005 0.000000 -0.000003 0.000010 0.000014 -0.000003 2.644325 0.000031 0.000057 0.000000 -0.000000 -0.000000 8.077785 -0.486864 -3.806258 0.000013 0.234300 -0.000586 -0.000002 -0.024114 0.000086 0.000003 -0.007673 -0.000010 0.000000 -0.000000 -0.000000 -8.207788 -6.751659 -1.599560 -0.077008 -0.000003 0.000080 0.153719 -0.000000 -0.000000 -0.076703 0.000000 -0.000002 -0.000005 -8.728669 10.710563 0.000005 -0.000000 -0.000000 -0.000001 -0.000676 9.278122 -0.000000 0.000000 -0.000000 8.207791 -6.751703 -1.599556 -0.074517 -0.000003 0.000081 0.148830 0.000002 0.000000 -0.074309 0.000000 -0.000002 -0.000003 -8.728670 10.710560 0.000005 -0.000000 -0.000000 -0.000001 -0.000677 9.278137 0.000003 0.000000 -0.000000 
0.000006 104.270470 1.554256 0.000021 0.000003 -0.000113 -0.000005 10.181587 0.131521 0.000002 -0.000003 0.000084 -0.000000 9.893967 -1.470709 -0.000000 0.000000 -0.000000 -0.000000 0.000000 -0.000000 0.000001 16.740417 -2.049035 0.000000 -0.000000 -0.000000 0.000000 9.617874 1.685008 -0.000000 -0.000000 0.000000 0.000002 22.037354 7.501098 -0.000000 -0.000000 -0.000000 -4.569969 11.014894 -2.160884 0.000005 0.000003 -0.000023 -0.000052 0.000030 0.000011 -27.841520 0.000017 0.000005 -0.000010 0.000001 -0.000003 -28.328836 0.000017 0.000026 -0.000321 -0.000044 0.000010 -2.464817 -1.573966 2.681851 0.314112 -0.720934 -0.172575 -3.215199 -1.872762 1.924284 -0.432457 0.981326 0.240527 -2.654858 -1.527961 1.512612 -0.323118 0.728901 0.173694 0.000001 0.000001 0.000003 -9.108281 -0.517861 2.259837 -0.000007 -0.018787 0.000103 0.000005 0.029297 -0.000007 -0.000005 -0.010093 -0.000003 0.000000 0.000000 -0.000000 -9.532506 -0.000003 -0.000022 -0.000004 -0.057494 0.000110 -0.000001 0.097407 -0.000010 0.000002 -0.036900 -0.000003 -0.000000 0.000000 -0.000000 -9.103599 -0.043045 -1.865133 -0.000000 0.017917 -0.000000 -0.000004 -0.025390 -0.000003 0.000003 -0.012910 0.000003 0.000000 0.000000 0.000000 -8.076683 -0.486680 -3.806278 0.000000 0.059620 -0.000517 0.000001 0.097000 0.000017 -0.000004 -0.056907 0.000003 -0.000000 0.000000 -0.000000 4.570447 11.014723 -2.160855 -0.000007 -0.000002 -0.000015 0.000002 0.000103 0.000118 -0.000007 -0.000007 0.000007 28.328836 -0.000029 0.000017 0.000020 -0.000089 0.000000 2.466128 -1.576189 2.681733 0.271163 0.622431 0.149618 3.217803 -1.872061 1.916485 -0.380683 -0.867292 -0.214332 2.656008 -1.528832 1.514505 -0.280440 -0.641565 -0.159358 2.020883 -1.154066 1.115133 -0.000000 0.000002 -0.000004 9.109305 -0.518042 2.259871 0.000012 -0.005107 0.000093 -0.000008 0.012007 0.000014 -0.000002 -0.007600 -0.000003 -0.000000 -0.000000 0.000000 9.533409 0.000036 0.000044 0.000003 -0.003600 -0.000007 -0.000005 0.002400 0.000007 0.000012 0.002400 -0.000000 0.000000 -0.000000 -0.000000 9.104532 -0.043031 -1.865075 0.000007 0.000700 0.000097 -0.000005 0.000000 -0.000003 0.000010 0.000014 -0.000003 2.644325 0.000031 0.000057 0.000000 -0.000000 -0.000000 8.077785 -0.486864 -3.806258 0.000013 0.234300 -0.000586 -0.000002 -0.024114 0.000086 0.000003 -0.007673 -0.000010 0.000000 -0.000000 -0.000000 -8.207788 -6.751659 -1.599560 -0.077008 -0.000003 0.000080 0.153719 -0.000000 -0.000000 -0.076703 0.000000 -0.000002 -0.000005 -8.728669 10.710563 0.000005 -0.000000 -0.000000 -0.000001 -0.000676 9.278122 -0.000000 0.000000 -0.000000 8.207791 -6.751703 -1.599556 -0.074517 -0.000003 0.000081 0.148830 0.000002 0.000000 -0.074309 0.000000 -0.000002 -0.000003 -8.728670 10.710560 0.000005 -0.000000 -0.000000 -0.000001 -0.000677 9.278137 0.000003 0.000000 -0.000000 
0.000006 104.270470 1.554256 0.000021 0.000003 -0.000113 -0.000005 10.181587 0.131521 0.000002 -0.000003 0.000084 -0.000000 9.893967 -1.470709 -0.000000 0.000000 -0.000000 -0.000000 0.000000 -0.000000 0.000001 16.740417 -2.049035 0.000000 -0.000000 -0.000000 0.000000 9.617874 1.685008 -0.000000 -0.000000 0.000000 0.000002 22.037354 7.501098 -0.000000 -0.000000 -0.000000 -4.569969 11.014894 -2.160884 0.000005 0.000003 -0.000023 -0.000052 0.000030 0.000011 -27.841520 0.000017 0.000005 -0.000010 0.000001 -0.000003 -28.328836 0.000017 0.000026 -0.000321 -0.000044 0.000010 -2.464817 -1.573966 2.681851 0.314112 -0.720934 -0.172575 -3.215199 -1.872762 1.924284 -0.432457 0.981326 0.240527 -2.654858 -1.527961 1.512612 -0.323118 0.728901 0.173694 0.000001 0.000001 0.000003 -9.108281 -0.517861 2.259837 -0.000007 -0.018787 0.000103 0.000005 0.029297 -0.000007 -0.000005 -0.010093 -0.000003 0.000000 0.000000 -0.000000 -9.532506 -0.000003 -0.000022 -0.000004 -0.057494 0.000110 -0.000001 0.097407 -0.000010 0.000002 -0.036900 -0.000003 -0.000000 0.000000 -0.000000 -9.103599 -0.043045 -1.865133 -0.000000 0.017917 -0.000000 -0.000004 -0.025390 -0.000003 0.000003 -0.012910 0.000003 0.000000 0.000000 0.000000 -8.076683 -0.486680 -3.806278 0.000000 0.059620 -0.000517 0.000001 0.097000 0.000017 -0.000004 -0.056907 0.000003 -0.000000 0.000000 -0.000000 4.570447 11.014723 -2.160855 -0.000007 -0.000002 -0.000015 0.000002 0.000103 0.000118 -0.000007 -0.000007 0.000007 28.328836 -0.000029 0.000017 0.000020 -0.000089 0.000000 2.466128 -1.576189 2.681733 0.271163 0.622431 0.149618 3.217803 -1.872061 1.916485 -0.380683 -0.867292 -0.214332 2.656008 -1.528832 1.514505 -0.280440 -0.641565 -0.159358 2.020883 -1.154066 1.115133 -0.000000 0.000002 -0.000004 9.109305 -0.518042 2.259871 0.000012 -0.005107 0.000093 -0.000008 0.012007 0.000014 -0.000002 -0.007600 -0.000003 -0.000000 -0.000000 0.000000 9.533409 0.000036 0.000044 0.000003 -0.003600 -0.000007 -0.000005 0.002400 0.000007 0.000012 0.002400 -0.000000 0.000000 -0.000000 -0.000000 9.104532 -0.043031 -1.865075 0.000007 0.000700 0.000097 -0.000005 0.000000 -0.000003 0.000010 0.000014 -0.000003 2.644325 0.000031 0.000057 0.000000 -0.000000 -0.000000 8.077785 -0.486864 -3.806258 0.000013 0.234300 -0.000586 -0.000002 -0.024114 0.000086 0.000003 -0.007673 -0.000010 0.000000 -0.000000 -0.000000 -8.207788 -6.751659 -1.599560 -0.077008 -0.000003 0.000080 0.153719 -0.000000 -0.000000 -0.076703 0.000000 -0.000002 -0.000005 -8.728669 10.710563 0.000005 -0.000000 -0.000000 -0.000001 -0.000676 9.278122 -0.000000 0.000000 -0.000000 8.207791 -6.751703 -1.599556 -0.074517 -0.000003 0.000081 0.148830 0.000002 0.000000 -0.074309 0.000000 -0.000002 -0.000003 -8.728670 10.710560 0.000005 -0.000000 -0.000000 -0.000001 -0.000677 9.278137 0.000003 0.000000 -0.000000 
0.000006 104.270470 1.554256 0.000021 0.000003 -0.000113 -0.000005 10.181587 0.131521 0.000002 -0.000003 0.000084 -0.000000 9.893967 -1.470709 -0.000000 0.000000 -0.000000 -0.000000 0.000000 -0.000000 0.000001 16.740417 -2.049035 0.000000 -0.000000 -0.000000 0.000000 9.617874 1.685008 -0.000000 -0.000000 0.000000 0.000002 22.037354 7.501098 -0.000000 -0.000000 -0.000000 -4.569969 11.014894 -2.160884 0.000005 0.000003 -0.000023 -0.000052 0.000030 0.000011 -27.841520 0.000017 0.000005 -0.000010 0.000001 -0.000003 -28.328836 0.000017 0.000026 -0.000321 -0.000044 0.000010 -2.464817 -1.573966 2.681851 0.314112 -0.720934 -0.172575 -3.215199 -1.872762 1.924284 -0.432457 0.981326 0.240527 -2.654858 -1.527961 1.512612 -0.323118 0.728901 0.173694 0.000001 0.000001 0.000003 -9.108281 -0.517861 2.259837 -0.000007 -0.018787 0.000103 0.000005 0.029297 -0.000007 -0.000005 -0.010093 -0.000003 0.000000 0.000000 -0.000000 -9.532506 -0.000003 -0.000022 -0.000004 -0.057494 0.000110 -0.000001 0.097407 -0.000010 0.000002 -0.036900 -0.000003 -0.000000 0.000000 -0.000000 -9.103599 -0.043045 -1.865133 -0.000000 0.017917 -0.000000 -0.000004 -0.025390 -0.000003 0.000003 -0.012910 0.000003 0.000000 0.000000 0.000000 -8.076683 -0.486680 -3.806278 0.000000 0.059620 -0.000517 0.000001 0.097000 0.000017 -0.000004 -0.056907 0.000003 -0.000000 0.000000 -0.000000 4.570447 11.014723 -2.160855 -0.000007 -0.000002 -0.000015 0.000002 0.000103 0.000118 -0.000007 -0.000007 0.000007 28.328836 -0.000029 0.000017 0.000020 -0.000089 0.000000 2.466128 -1.576189 2.681733 0.271163 0.622431 0.149618 3.217803 -1.872061 1.916485 -0.380683 -0.867292 -0.214332 2.656008 -1.528832 1.514505 -0.280440 -0.641565 -0.159358 2.020883 -1.154066 1.115133 -0.000000 0.000002 -0.000004 9.109305 -0.518042 2.259871 0.000012 -0.005107 0.000093 -0.000008 0.012007 0.000014 -0.000002 -0.007600 -0.000003 -0.000000 -0.000000 0.000000 9.533409 0.000036 0.000044 0.000003 -0.003600 -0.000007 -0.000005 0.002400 0.000007 0.000012 0.002400 -0.000000 0.000000 -0.000000 -0.000000 9.104532 -0.043031 -1.865075 0.000007 0.000700 0.000097 -0.000005 0.000000 -0.000003 0.000010 0.000014 -0.000003 2.644325 0.000031 0.000057 0.000000 -0.000000 -0.000000 8.077785 -0.486864 -3.806258 0.000013 0.234300 -0.000586 -0.000002 -0.024114 0.000086 0.000003 -0.007673 -0.000010 0.000000 -0.000000 -0.000000 -8.207788 -6.751659 -1.599560 -0.077008 -0.000003 0.000080 0.153719 -0.000000 -0.000000 -0.076703 0.000000 -0.000002 -0.000005 -8.728669 10.710563 0.000005 -0.000000 -0.000000 -0.000001 -0.000676 9.278122 -0.000000 0.000000 -0.000000 8.207791 -6.751703 -1.599556 -0.074517 -0.000003 0.000081 0.148830 0.000002 0.000000 -0.074309 0.000000 -0.000002 -0.000003 -8.728670 10.710560 0.000005 -0.000000 -0.000000 -0.000001 -0.000677 9.278137 0.000003 0.000000 -0.000000 
0.000006 104.270470 1.554256 0.000021 0.000003 -0.000113 -0.000005 10.181587 0.131521 0.000002 -0.000003 0.000084 -0.000000 9.893967 -1.470709 -0.000000 0.000000 -0.000000 -0.000000 0.000000 -0.000000 0.000001 16.740417 -2.049035 0.000000 -0.000000 -0.000000 0.000000 9.617874 1.685008 -0.000000 -0.000000 0.000000 0.000002 22.037354 7.501098 -0.000000 -0.000000 -0.000000 -4.569969 11.014894 -2.160884 0.000005 0.000003 -0.000023 -0.000052 0.000030 0.000011 -27.841520 0.000017 0.000005 -0.000010 0.000001 -0.000003 -28.328836 0.000017 0.000026 -0.000321 -0.000044 0.000010 -2.464817 -1.573966 2.681851 0.314112 -0.720934 -0.172575 -3.215199 -1.872762 1.924284 -0.432457 0.981326 0.240527 -2.654858 -1.527961 1.512612 -0.323118 0.728901 0.173694 0.000001 0.000001 0.000003 -9.108281 -0.517861 2.259837 -0.000007 -0.018787 0.000103 0.000005 0.029297 -0.000007 -0.000005 -0.010093 -0.000003 0.000000 0.000000 -0.000000 -9.532506 -0.000003 -0.000022 -0.000004 -0.057494 0.000110 -0.000001 0.097407 -0.000010 0.000002 -0.036900 -0.000003 -0.000000 0.000000 -0.000000 -9.103599 -0.043045 -1.865133 -0.000000 0.017917 -0.000000 -0.000004 -0.025390 -0.000003 0.000003 -0.012910 0.000003 0.000000 0.000000 0.000000 -8.076683 -0.486680 -3.806278 0.000000 0.059620 -0.000517 0.000001 0.097000 0.000017 -0.000004 -0.056907 0.000003 -0.000000 0.000000 -0.000000 4.570447 11.014723 -2.160855 -0.000007 -0.000002 -0.000015 0.000002 0.000103 0.000118 -0.000007 -0.000007 0.000007 28.328836 -0.000029 0.000017 0.000020 -0.000089 0.000000 2.466128 -1.576189 2.681733 0.271163 0.622431 0.149618 3.217803 -1.872061 1.916485 -0.380683 -0.867292 -0.214332 2.656008 -1.528832 1.514505 -0.280440 -0.641565 -0.159358 2.020883 -1.154066 1.115133 -0.000000 0.000002 -0.000004 9.109305 -0.518042 2.259871 0.000012 -0.005107 0.000093 -0.000008 0.012007 0.000014 -0.000002 -0.007600 -0.000003 -0.000000 -0.000000 0.000000 9.533409 0.000036 0.000044 0.000003 -0.003600 -0.000007 -0.000005 0.002400 0.000007 0.000012 0.002400 -0.000000 0.000000 -0.000000 -0.000000 9.104532 -0.043031 -1.865075 0.000007 0.000700 0.000097 -0.000005 0.000000 -0.000003 0.000010 0.000014 -0.000003 2.644325 0.000031 0.000057 0.000000 -0.000000 -0.000000 8.077785 -0.486864 -3.806258 0.000013 0.234300 -0.000586 -0.000002 -0.024114 0.000086 0.000003 -0.007673 -0.000010 0.000000 -0.000000 -0.000000 -8.207788 -6.751659 -1.599560 -0.077008 -0.000003 0.000080 0.153719 -0.000000 -0.000000 -0.076703 0.000000 -0.000002 -0.000005 -8.728669 10.710563 0.000005 -0.000000 -0.000000 -0.000001 -0.000676 9.278122 -0.000000 0.000000 -0.000000 8.207791 -6.751703 -1.599556 -0.074517 -0.000003 0.000081 0.148830 0.000002 0.000000 -0.074309 0.000000 -0.000002 -0.000003 -8.728670 10.710560 0.000005 -0.000000 -0.000000 -0.000001 -0.000677 9.278137 0.000003 0.000000 -0.000000 
0.000006 104.270470 1.554256 0.000021 0.000003 -0.000113 -0.000005 10.181587 0.131521 0.000002 -0.000003 0.000084 -0.000000 9.893967 -1.470709 -0.000000 0.000000 -0.000000 -0.000000 0.000000 -0.000000 0.000001 16.740417 -2.049035 0.000000 -0.000000 -0.000000 0.000000 9.617874 1.685008 -0.000000 -0.000000 0.000000 0.000002 22.037354 7.501098 -0.000000 -0.000000 -0.000000 -4.569969 11.014894 -2.160884 0.000005 0.000003 -0.000023 -0.000052 0.000030 0.000011 -27.841520 0.000017 0.000005 -0.000010 0.000001 -0.000003 -28.328836 0.000017 0.000026 -0.000321 -0.000044 0.000010 -2.464817 -1.573966 2.681851 0.314112 -0.720934 -0.172575 -3.215199 -1.872762 1.924284 -0.432457 0.981326 0.240527 -2.654858 -1.527961 1.512612 -0.323118 0.728901 0.173694 0.000001 0.000001 0.000003 -9.108281 -0.517861 2.259837 -0.000007 -0.018787 0.000103 0.000005 0.029297 -0.000007 -0.000005 -0.010093 -0.000003 0.000000 0.000000 -0.000000 -9.532506 -0.000003 -0.000022 -0.000004 -0.057494 0.000110 -0.000001 0.097407 -0.000010 0.000002 -0.036900 -0.000003 -0.000000 0.000000 -0.000000 -9.103599 -0.043045 -1.865133 -0.000000 0.017917 -0.000000 -0.000004 -0.025390 -0.000003 0.000003 -0.012910 0.000003 0.000000 0.000000 0.000000 -8.076683 -0.486680 -3.806278 0.000000 0.059620 -0.000517 0.000001 0.097000 0.000017 -0.000004 -0.056907 0.000003 -0.000000 0.000000 -0.000000 4.570447 11.014723 -2.160855 -0.000007 -0.000002 -0.000015 0.000002 0.000103 0.000118 -0.000007 -0.000007 0.000007 28.328836 -0.000029 0.000017 0.000020 -0.000089 0.000000 2.466128 -1.576189 2.681733 0.271163 0.622431 0.149618 3.217803 -1.872061 1.916485 -0.380683 -0.867292 -0.214332 2.656008 -1.528832 1.514505 -0.280440 -0.641565 -0.159358 2.020883 -1.154066 1.115133 -0.000000 0.000002 -0.000004 9.109305 -0.518042 2.259871 0.000012 -0.005107 0.000093 -0.000008 0.012007 0.000014 -0.000002 -0.007600 -0.000003 -0.000000 -0.000000 0.000000 9.533409 0.000036 0.000044 0.000003 -0.003600 -0.000007 -0.000005 0.002400 0.000007 0.000012 0.002400 -0.000000 0.000000 -0.000000 -0.000000 9.104532 -0.043031 -1.865075 0.000007 0.000700 0.000097 -0.000005 0.000000 -0.000003 0.000010 0.000014 -0.000003 2.644325 0.000031 0.000057 0.000000 -0.000000 -0.000000 8.077785 -0.486864 -3.806258 0.000013 0.234300 -0.000586 -0.000002 -0.024114 0.000086 0.000003 -0.007673 -0.000010 0.000000 -0.000000 -0.000000 -8.207788 -6.751659 -1.599560 -0.077008 -0.000003 0.000080 0.153719 -0.000000 -0.000000 -0.076703 0.000000 -0.000002 -0.000005 -8.728669 10.710563 0.000005 -0.000000 -0.000000 -0.000001 -0.000676 9.278122 -0.000000 0.000000 -0.000000 8.207791 -6.751703 -1.599556 -0.074517 -0.000003 0.000081 0.148830 0.000002 0.000000 -0.074309 0.000000 -0.000002 -0.000003 -8.728670 10.710560 0.000005 -0.000000 -0.000000 -0.000001 -0.000677 9.278137 0.000003 0.000000 -0.000000 
0.000006 104.270470 1.554256 0.000021 0.000003 -0.000113 -0.000005 10.181587 0.131521 0.000002 -0.000003 0.000084 -0.000000 9.893967 -1.470709 -0.000000 0.000000 -0.000000 -0.000000 0.000000 -0.000000 0.000001 16.740417 -2.049035 0.000000 -0.000000 -0.000000 0.000000 9.617874 1.685008 -0.000000 -0.000000 0.000000 0.000002 22.037354 7.501098 -0.000000 -0.000000 -0.000000 -4.569969 11.014894 -2.160884 0.000005 0.000003 -0.000023 -0.000052 0.000030 0.000011 -27.841520 0.000017 0.000005 -0.000010 0.000001 -0.000003 -28.328836 0.000017 0.000026 -0.000321 -0.000044 0.000010 -2.464817 -1.573966 2.681851 0.314112 -0.720934 -0.172575 -3.215199 -1.872762 1.924284 -0.432457 0.981326 0.240527 -2.654858 -1.527961 1.512612 -0.323118 0.728901 0.173694 0.000001 0.000001 0.000003 -9.108281 -0.517861 2.259837 -0.000007 -0.018787 0.000103 0.000005 0.029297 -0.000007 -0.000005 -0.010093 -0.000003 0.000000 0.000000 -0.000000 -9.532506 -0.000003 -0.000022 -0.000004 -0.057494 0.000110 -0.000001 0.097407 -0.000010 0.000002 -0.036900 -0.000003 -0.000000 0.000000 -0.000000 -9.103599 -0.043045 -1.865133 -0.000000 0.017917 -0.000000 -0.000004 -0.025390 -0.000003 0.000003 -0.012910 0.000003 0.000000 0.000000 0.000000 -8.076683 -0.486680 -3.806278 0.000000 0.059620 -0.000517 0.000001 0.097000 0.000017 -0.000004 -0.056907 0.000003 -0.000000 0.000000 -0.000000 4.570447 11.014723 -2.160855 -0.000007 -0.000002 -0.000015 0.000002 0.000103 0.000118 -0.000007 -0.000007 0.000007 28.328836 -0.000029 0.000017 0.000020 -0.000089 0.000000 2.466128 -1.576189 2.681733 0.271163 0.622431 0.149618 3.217803 -1.872061 1.916485 -0.380683 -0.867292 -0.214332 2.656008 -1.528832 1.514505 -0.280440 -0.641565 -0.159358 2.020883 -1.154066 1.115133 -0.000000 0.000002 -0.000004 9.109305 -0.518042 2.259871 0.000012 -0.005107 0.000093 -0.000008 0.012007 0.000014 -0.000002 -0.007600 -0.000003 -0.000000 -0.000000 0.000000 9.533409 0.000036 0.000044 0.000003 -0.003600 -0.000007 -0.000005 0.002400 0.000007 0.000012 0.002400 -0.000000 0.000000 -0.000000 -0.000000 9.104532 -0.043031 -1.865075 0.000007 0.000700 0.000097 -0.000005 0.000000 -0.000003 0.000010 0.000014 -0.000003 2.644325 0.000031 0.000057 0.000000 -0.000000 -0.000000 8.077785 -0.486864 -3.806258 0.000013 0.234300 -0.000586 -0.000002 -0.024114 0.000086 0.000003 -0.007673 -0.000010 0.000000 -0.000000 -0.000000 -8.207788 -6.751659 -1.599560 -0.077008 -0.000003 0.000080 0.153719 -0.000000 -0.000000 -0.076703 0.000000 -0.000002 -0.000005 -8.728669 10.710563 0.000005 -0.000000 -0.000000 -0.000001 -0.000676 9.278122 -0.000000 0.000000 -0.000000 8.207791 -6.751703 -1.599556 -0.074517 -0.000003 0.000081 0.148830 0.000002 0.000000 -0.074309 0.000000 -0.000002 -0.000003 -8.728670 10.710560 0.000005 -0.000000 -0.000000 -0.000001 -0.000677 9.278137 0.000003 0.000000 -0.000000 
0.000006 104.270470 1.554256 0.000021 0.000003 -0.000113 -0.000005 10.181587 0.131521 0.000002 -0.000003 0.000084 -0.000000 9.893967 -1.470709 -0.000000 0.000000 -0.000000 -0.000000 0.000000 -0.000000 0.000001 16.740417 -2.049035 0.000000 -0.000000 -0.000000 0.000000 9.617874 1.685008 -0.000000 -0.000000 0.000000 0.000002 22.037354 7.501098 -0.000000 -0.000000 -0.000000 -4.569969 11.014894 -2.160884 0.000005 0.000003 -0.000023 -0.000052 0.000030 0.000011 -27.841520 0.000017 0.000005 -0.000010 0.000001 -0.000003 -28.328836 0.000017 0.000026 -0.000321 -0.000044 0.000010 -2.464817 -1.573966 2.681851 0.314112 -0.720934 -0.172575 -3.215199 -1.872762 1.924284 -0.432457 0.981326 0.240527 -2.654858 -1.527961 1.512612 -0.323118 0.728901 0.173694 0.000001 0.000001 0.000003 -9.108281 -0.517861 2.259837 -0.000007 -0.018787 0.000103 0.000005 0.029297 -0.000007 -0.000005 -0.010093 -0.000003 0.000000 0.000000 -0.000000 -9.532506 -0.000003 -0.000022 -0.000004 -0.057494 0.000110 -0.000001 0.097407 -0.000010 0.000002 -0.036900 -0.000003 -0.000000 0.000000 -0.000000 -9.103599 -0.043045 -1.865133 -0.000000 0.017917 -0.000000 -0.000004 -0.025390 -0.000003 0.000003 -0.012910 0.000003 0.000000 0.000000 0.000000 -8.076683 -0.486680 -3.806278 0.000000 0.059620 -0.000517 0.000001 0.097000 0.000017 -0.000004 -0.056907 0.000003 -0.000000 0.000000 -0.000000 4.570447 11.014723 -2.160855 -0.000007 -0.000002 -0.000015 0.000002 0.000103 0.000118 -0.000007 -0.000007 0.000007 28.328836 -0.000029 0.000017 0.000020 -0.000089 0.000000 2.466128 -1.576189 2.681733 0.271163 0.622431 0.149618 3.217803 -1.872061 1.916485 -0.380683 -0.867292 -0.214332 2.656008 -1.528832 1.514505 -0.280440 -0.641565 -0.159358 2.020883 -1.154066 1.115133 -0.000000 0.000002 -0.000004 9.109305 -0.518042 2.259871 0.000012 -0.005107 0.000093 -0.000008 0.012007 0.000014 -0.000002 -0.007600 -0.000003 -0.000000 -0.000000 0.000000 9.533409 0.000036 0.000044 0.000003 -0.003600 -0.000007 -0.000005 0.002400 0.000007 0.000012 0.002400 -0.000000 0.000000 -0.000000 -0.000000 9.104532 -0.043031 -1.865075 0.000007 0.000700 0.000097 -0.000005 0.000000 -0.000003 0.000010 0.000014 -0.000003 2.644325 0.000031 0.000057 0.000000 -0.000000 -0.000000 8.077785 -0.486864 -3.806258 0.000013 0.234300 -0.000586 -0.000002 -0.024114 0.000086 0.000003 -0.007673 -0.000010 0.000000 -0.000000 -0.000000 -8.207788 -6.751659 -1.599560 -0.077008 -0.000003 0.000080 0.153719 -0.000000 -0.000000 -0.076703 0.000000 -0.000002 -0.000005 -8.728669 10.710563 0.000005 -0.000000 -0.000000 -0.000001 -0.000676 9.278122 -0.000000 0.000000 -0.000000 8.207791 -6.751703 -1.599556 -0.074517 -0.000003 0.000081 0.148830 0.000002 0.000000 -0.074309 0.000000 -0.000002 -0.000003 -8.728670 10.710560 0.000005 -0.000000 -0.000000 -0.000001 -0.000677 9.278137 0.000003 0.000000 -0.000000 
0.000006 104.270470 1.554256 0.000021 0.000003 -0.000113 -0.000005 10.181587 0.131521 0.000002 -0.000003 0.000084 -0.000000 9.893967 -1.470709 -0.000000 0.000000 -0.000000 -0.000000 0.000000 -0.000000 0.000001 16.740417 -2.049035 0.000000 -0.000000 -0.000000 0.000000 9.617874 1.685008 -0.000000 -0.000000 0.000000 0.000002 22.037354 7.501098 -0.000000 -0.000000 -0.000000 -4.569969 11.014894 -2.160884 0.000005 0.000003 -0.000023 -0.000052 0.000030 0.000011 -27.841520 0.000017 0.000005 -0.000010 0.000001 -0.000003 -28.328836 0.000017 0.000026 -0.000321 -0.000044 0.000010 -2.464817 -1.573966 2.681851 0.314112 -0.720934 -0.172575 -3.215199 -1.872762 1.924284 -0.432457 0.981326 0.240527 -2.654858 -1.527961 1.512612 -0.323118 0.728901 0.173694 0.000001 0.000001 0.000003 -9.108281 -0.517861 2.259837 -0.000007 -0.018787 0.000103 0.000005 0.029297 -0.000007 -0.000005 -0.010093 -0.000003 0.000000 0.000000 -0.000000 -9.532506 -0.000003 -0.000022 -0.000004 -0.057494 0.000110 -0.000001 0.097407 -0.000010 0.000002 -0.036900 -0.000003 -0.000000 0.000000 -0.000000 -9.103599 -0.043045 -1.865133 -0.000000 0.017917 -0.000000 -0.000004 -0.025390 -0.000003 0.000003 -0.012910 0.000003 0.000000 0.000000 0.000000 -8.076683 -0.486680 -3.806278 0.000000 0.059620 -0.000517 0.000001 0.097000 0.000017 -0.000004 -0.056907 0.000003 -0.000000 0.000000 -0.000000 4.570447 11.014723 -2.160855 -0.000007 -0.000002 -0.000015 0.000002 0.000103 0.000118 -0.000007 -0.000007 0.000007 28.328836 -0.000029 0.000017 0.000020 -0.000089 0.000000 2.466128 -1.576189 2.681733 0.271163 0.622431 0.149618 3.217803 -1.872061 1.916485 -0.380683 -0.867292 -0.214332 2.656008 -1.528832 1.514505 -0.280440 -0.641565 -0.159358 2.020883 -1.154066 1.115133 -0.000000 0.000002 -0.000004 9.109305 -0.518042 2.259871 0.000012 -0.005107 0.000093 -0.000008 0.012007 0.000014 -0.000002 -0.007600 -0.000003 -0.000000 -0.000000 0.000000 9.533409 0.000036 0.000044 0.000003 -0.003600 -0.000007 -0.000005 0.002400 0.000007 0.000012 0.002400 -0.000000 0.000000 -0.000000 -0.000000 9.104532 -0.043031 -1.865075 0.000007 0.000700 0.000097 -0.000005 0.000000 -0.000003 0.000010 0.000014 -0.000003 2.644325 0.000031 0.000057 0.000000 -0.000000 -0.000000 8.077785 -0.486864 -3.806258 0.000013 0.234300 -0.000586 -0.000002 -0.024114 0.000086 0.000003 -0.007673 -0.000010 0.000000 -0.000000 -0.000000 -8.207788 -6.751659 -1.599560 -0.077008 -0.000003 0.000080 0.153719 -0.000000 -0.000000 -0.076703 0.000000 -0.000002 -0.000005 -8.728669 10.710563 0.000005 -0.000000 -0.000000 -0.000001 -0.000676 9.278122 -0.000000 0.000000 -0.000000 8.207791 -6.751703 -1.599556 -0.074517 -0.000003 0.000081 0.148830 0.000002 0.000000 -0.074309 0.000000 -0.000002 -0.000003 -8.728670 10.710560 0.000005 -0.000000 -0.000000 -0.000001 -0.000677 9.278137 0.000003 0.000000 -0.000000 
0.000006 104.270470 1.554256 0.000021 0.000003 -0.000113 -0.000005 10.181587 0.131521 0.000002 -0.000003 0.000084 -0.000000 9.893967 -1.470709 -0.000000 0.000000 -0.000000 -0.000000 0.000000 -0.000000 0.000001 16.740417 -2.049035 0.000000 -0.000000 -0.000000 0.000000 9.617874 1.685008 -0.000000 -0.000000 0.000000 0.000002 22.037354 7.501098 -0.000000 -0.000000 -0.000000 -4.569969 11.014894 -2.160884 0.000005 0.000003 -0.000023 -0.000052 0.000030 0.000011 -27.841520 0.000017 0.000005 -0.000010 0.000001 -0.000003 -28.328836 0.000017 0.000026 -0.000321 -0.000044 0.000010 -2.464817 -1.573966 2.681851 0.314112 -0.720934 -0.172575 -3.215199 -1.872762 1.924284 -0.432457 0.981326 0.240527 -2.654858 -1.527961 1.512612 -0.323118 0.728901 0.173694 0.000001 0.000001 0.000003 -9.108281 -0.517861 2.259837 -0.000007 -0.018787 0.000103 0.000005 0.029297 -0.000007 -0.000005 -0.010093 -0.000003 0.000000 0.000000 -0.000000 -9.532506 -0.000003 -0.000022 -0.000004 -0.057494 0.000110 -0.000001 0.097407 -0.000010 0.000002 -0.036900 -0.000003 -0.000000 0.000000 -0.000000 -9.103599 -0.043045 -1.865133 -0.000000 0.017917 -0.000000 -0.000004 -0.025390 -0.000003 0.000003 -0.012910 0.000003 0.000000 0.000000 0.000000 -8.076683 -0.486680 -3.806278 0.000000 0.059620 -0.000517 0.000001 0.097000 0.000017 -0.000004 -0.056907 0.000003 -0.000000 0.000000 -0.000000 4.570447 11.014723 -2.160855 -0.000007 -0.000002 -0.000015 0.000002 0.000103 0.000118 -0.000007 -0.000007 0.000007 28.328836 -0.000029 0.000017 0.000020 -0.000089 0.000000 2.466128 -1.576189 2.681733 0.271163 0.622431 0.149618 3.217803 -1.872061 1.916485 -0.380683 -0.867292 -0.214332 2.656008 -1.528832 1.514505 -0.280440 -0.641565 -0.159358 2.020883 -1.154066 1.115133 -0.000000 0.000002 -0.000004 9.109305 -0.518042 2.259871 0.000012 -0.005107 0.000093 -0.000008 0.012007 0.000014 -0.000002 -0.007600 -0.000003 -0.000000 -0.000000 0.000000 9.533409 0.000036 0.000044 0.000003 -0.003600 -0.000007 -0.000005 0.002400 0.000007 0.000012 0.002400 -0.000000 0.000000 -0.000000 -0.000000 9.104532 -0.043031 -1.865075 0.000007 0.000700 0.000097 -0.000005 0.000000 -0.000003 0.000010 0.000014 -0.000003 2.644325 0.000031 0.000057 0.000000 -0.000000 -0.000000 8.077785 -0.486864 -3.806258 0.000013 0.234300 -0.000586 -0.000002 -0.024114 0.000086 0.000003 -0.007673 -0.000010 0.000000 -0.000000 -0.000000 -8.207788 -6.751659 -1.599560 -0.077008 -0.000003 0.000080 0.153719 -0.000000 -0.000000 -0.076703 0.000000 -0.000002 -0.000005 -8.728669 10.710563 0.000005 -0.000000 -0.000000 -0.000001 -0.000676 9.278122 -0.000000 0.000000 -0.000000 8.207791 -6.751703 -1.599556 -0.074517 -0.000003 0.000081 0.148830 0.000002 0.000000 -0.074309 0.000000 -0.000002 -0.000003 -8.728670 10.710560 0.000005 -0.000000 -0.000000 -0.000001 -0.000677 9.278137 0.000003 0.000000 -0.000000 
0.000006 104.270470 1.554256 0.000021 0.000003 -0.000113 -0.000005 10.181587 0.131521 0.000002 -0.000003 0.000084 -0.000000 9.893967 -1.470709 -0.000000 0.000000 -0.000000 -0.000000 0.000000 -0.000000 0.000001 16.740417 -2.049035 0.000000 -0.000000 -0.000000 0.000000 9.617874 1.685008 -0.000000 -0.000000 0.000000 0.000002 22.037354 7.501098 -0.000000 -0.000000 -0.000000 -4.569969 11.014894 -2.160884 0.000005 0.000003 -0.000023 -0.000052 0.000030 0.000011 -27.841520 0.000017 0.000005 -0.000010 0.000001 -0.000003 -28.328836 0.000017 0.000026 -0.000321 -0.000044 0.000010 -2.464817 -1.573966 2.681851 0.314112 -0.720934 -0.172575 -3.215199 -1.872762 1.924284 -0.432457 0.981326 0.240527 -2.654858 -1.527961 1.512612 -0.323118 0.728901 0.173694 0.000001 0.000001 0.000003 -9.108281 -0.517861 2.259837 -0.000007 -0.018787 0.000103 0.000005 0.029297 -0.000007 -0.000005 -0.010093 -0.000003 0.000000 0.000000 -0.000000 -9.532506 -0.000003 -0.000022 -0.000004 -0.057494 0.000110 -0.000001 0.097407 -0.000010 0.000002 -0.036900 -0.000003 -0.000000 0.000000 -0.000000 -9.103599 -0.043045 -1.865133 -0.000000 0.017917 -0.000000 -0.000004 -0.025390 -0.000003 0.000003 -0.012910 0.000003 0.000000 0.000000 0.000000 -8.076683 -0.486680 -3.806278 0.000000 0.059620 -0.000517 0.000001 0.097000 0.000017 -0.000004 -0.056907 0.000003 -0.000000 0.000000 -0.000000 4.570447 11.014723 -2.160855 -0.000007 -0.000002 -0.000015 0.000002 0.000103 0.000118 -0.000007 -0.000007 0.000007 28.328836 -0.000029 0.000017 0.000020 -0.000089 0.000000 2.466128 -1.576189 2.681733 0.271163 0.622431 0.149618 3.217803 -1.872061 1.916485 -0.380683 -0.867292 -0.214332 2.656008 -1.528832 1.514505 -0.280440 -0.641565 -0.159358 2.020883 -1.154066 1.115133 -0.000000 0.000002 -0.000004 9.109305 -0.518042 2.259871 0.000012 -0.005107 0.000093 -0.000008 0.012007 0.000014 -0.000002 -0.007600 -0.000003 -0.000000 -0.000000 0.000000 9.533409 0.000036 0.000044 0.000003 -0.003600 -0.000007 -0.000005 0.002400 0.000007 0.000012 0.002400 -0.000000 0.000000 -0.000000 -0.000000 9.104532 -0.043031 -1.865075 0.000007 0.000700 0.000097 -0.000005 0.000000 -0.000003 0.000010 0.000014 -0.000003 2.644325 0.000031 0.000057 0.000000 -0.000000 -0.000000 8.077785 -0.486864 -3.806258 0.000013 0.234300 -0.000586 -0.000002 -0.024114 0.000086 0.000003 -0.007673 -0.000010 0.000000 -0.000000 -0.000000 -8.207788 -6.751659 -1.599560 -0.077008 -0.000003 0.000080 0.153719 -0.000000 -0.000000 -0.076703 0.000000 -0.000002 -0.000005 -8.728669 10.710563 0.000005 -0.000000 -0.000000 -0.000001 -0.000676 9.278122 -0.000000 0.000000 -0.000000 8.207791 -6.751703 -1.599556 -0.074517 -0.000003 0.000081 0.148830 0.000002 0.000000 -0.074309 0.000000 -0.000002 -0.000003 -8.728670 10.710560 0.000005 -0.000000 -0.000000 -0.000001 -0.000677 9.278137 0.000003 0.000000 -0.000000 
0.000006 104.270470 1.554256 0.000021 0.000003 -0.000113 -0.000005 10.181587 0.131521 0.000002 -0.000003 0.000084 -0.000000 9.893967 -1.470709 -0.000000 0.000000 -0.000000 -0.000000 0.000000 -0.000000 0.000001 16.740417 -2.049035 0.000000 -0.000000 -0.000000 0.000000 9.617874 1.685008 -0.000000 -0.000000 0.000000 0.000002 22.037354 7.501098 -0.000000 -0.000000 -0.000000 -4.569969 11.014894 -2.160884 0.000005 0.000003 -0.000023 -0.000052 0.000030 0.000011 -27.841520 0.000017 0.000005 -0.000010 0.000001 -0.000003 -28.328836 0.000017 0.000026 -0.000321 -0.000044 0.000010 -2.464817 -1.573966 2.681851 0.314112 -0.720934 -0.172575 -3.215199 -1.872762 1.924284 -0.432457 0.981326 0.240527 -2.654858 -1.527961 1.512612 -0.323118 0.728901 0.173694 0.000001 0.000001 0.000003 -9.108281 -0.517861 2.259837 -0.000007 -0.018787 0.000103 0.000005 0.029297 -0.000007 -0.000005 -0.010093 -0.000003 0.000000 0.000000 -0.000000 -9.532506 -0.000003 -0.000022 -0.000004 -0.057494 0.000110 -0.000001 0.097407 -0.000010 0.000002 -0.036900 -0.000003 -0.000000 0.000000 -0.000000 -9.103599 -0.043045 -1.865133 -0.000000 0.017917 -0.000000 -0.000004 -0.025390 -0.000003 0.000003 -0.012910 0.000003 0.000000 0.000000 0.000000 -8.076683 -0.486680 -3.806278 0.000000 0.059620 -0.000517 0.000001 0.097000 0.000017 -0.000004 -0.056907 0.000003 -0.000000 0.000000 -0.000000 4.570447 11.014723 -2.160855 -0.000007 -0.000002 -0.000015 0.000002 0.000103 0.000118 -0.000007 -0.000007 0.000007 28.328836 -0.000029 0.000017 0.000020 -0.000089 0.000000 2.466128 -1.576189 2.681733 0.271163 0.622431 0.149618 3.217803 -1.872061 1.916485 -0.380683 -0.867292 -0.214332 2.656008 -1.528832 1.514505 -0.280440 -0.641565 -0.159358 2.020883 -1.154066 1.115133 -0.000000 0.000002 -0.000004 9.109305 -0.518042 2.259871 0.000012 -0.005107 0.000093 -0.000008 0.012007 0.000014 -0.000002 -0.007600 -0.000003 -0.000000 -0.000000 0.000000 9.533409 0.000036 0.000044 0.000003 -0.003600 -0.000007 -0.000005 0.002400 0.000007 0.000012 0.002400 -0.000000 0.000000 -0.000000 -0.000000 9.104532 -0.043031 -1.865075 0.000007 0.000700 0.000097 -0.000005 0.000000 -0.000003 0.000010 0.000014 -0.000003 2.644325 0.000031 0.000057 0.000000 -0.000000 -0.000000 8.077785 -0.486864 -3.806258 0.000013 0.234300 -0.000586 -0.000002 -0.024114 0.000086 0.000003 -0.007673 -0.000010 0.000000 -0.000000 -0.000000 -8.207788 -6.751659 -1.599560 -0.077008 -0.000003 0.000080 0.153719 -0.000000 -0.000000 -0.076703 0.000000 -0.000002 -0.000005 -8.728669 10.710563 0.000005 -0.000000 -0.000000 -0.000001 -0.000676 9.278122 -0.000000 0.000000 -0.000000 8.207791 -6.751703 -1.599556 -0.074517 -0.000003 0.000081 0.148830 0.000002 0.000000 -0.074309 0.000000 -0.000002 -0.000003 -8.728670 10.710560 0.000005 -0.000000 -0.000000 -0.000001 -0.000677 9.278137 0.000003 0.000000 -0.000000 
0.000006 104.270470 1.554256 0.000021 0.000003 -0.000113 -0.000005 10.181587 0.131521 0.000002 -0.000003 0.000084 -0.000000 9.893967 -1.470709 -0.000000 0.000000 -0.000000 -0.000000 0.000000 -0.000000 0.000001 16.740417 -2.049035 0.000000 -0.000000 -0.000000 0.000000 9.617874 1.685008 -0.000000 -0.000000 0.000000 0.000002 22.037354 7.501098 -0.000000 -0.000000 -0.000000 -4.569969 11.014894 -2.160884 0.000005 0.000003 -0.000023 -0.000052 0.000030 0.000011 -27.841520 0.000017 0.000005 -0.000010 0.000001 -0.000003 -28.328836 0.000017 0.000026 -0.000321 -0.000044 0.000010 -2.464817 -1.573966 2.681851 0.314112 -0.720934 -0.172575 -3.215199 -1.872762 1.924284 -0.432457 0.981326 0.240527 -2.654858 -1.527961 1.512612 -0.323118 0.728901 0.173694 0.000001 0.000001 0.000003 -9.108281 -0.517861 2.259837 -0.000007 -0.018787 0.000103 0.000005 0.029297 -0.000007 -0.000005 -0.010093 -0.000003 0.000000 0.000000 -0.000000 -9.532506 -0.000003 -0.000022 -0.000004 -0.057494 0.000110 -0.000001 0.097407 -0.000010 0.000002 -0.036900 -0.000003 -0.000000 0.000000 -0.000000 -9.103599 -0.043045 -1.865133 -0.000000 0.017917 -0.000000 -0.000004 -0.025390 -0.000003 0.000003 -0.012910 0.000003 0.000000 0.000000 0.000000 -8.076683 -0.486680 -3.806278 0.000000 0.059620 -0.000517 0.000001 0.097000 0.000017 -0.000004 -0.056907 0.000003 -0.000000 0.000000 -0.000000 4.570447 11.014723 -2.160855 -0.000007 -0.000002 -0.000015 0.000002 0.000103 0.000118 -0.000007 -0.000007 0.000007 28.328836 -0.000029 0.000017 0.000020 -0.000089 0.000000 2.466128 -1.576189 2.681733 0.271163 0.622431 0.149618 3.217803 -1.872061 1.916485 -0.380683 -0.867292 -0.214332 2.656008 -1.528832 1.514505 -0.280440 -0.641565 -0.159358 2.020883 -1.154066 1.115133 -0.000000 0.000002 -0.000004 9.109305 -0.518042 2.259871 0.000012 -0.005107 0.000093 -0.000008 0.012007 0.000014 -0.000002 -0.007600 -0.000003 -0.000000 -0.000000 0.000000 9.533409 0.000036 0.000044 0.000003 -0.003600 -0.000007 -0.000005 0.002400 0.000007 0.000012 0.002400 -0.000000 0.000000 -0.000000 -0.000000 9.104532 -0.043031 -1.865075 0.000007 0.000700 0.000097 -0.000005 0.000000 -0.000003 0.000010 0.000014 -0.000003 2.644325 0.000031 0.000057 0.000000 -0.000000 -0.000000 8.077785 -0.486864 -3.806258 0.000013 0.234300 -0.000586 -0.000002 -0.024114 0.000086 0.000003 -0.007673 -0.000010 0.000000 -0.000000 -0.000000 -8.207788 -6.751659 -1.599560 -0.077008 -0.000003 0.000080 0.153719 -0.000000 -0.000000 -0.076703 0.000000 -0.000002 -0.000005 -8.728669 10.710563 0.000005 -0.000000 -0.000000 -0.000001 -0.000676 9.278122 -0.000000 0.000000 -0.000000 8.207791 -6.751703 -1.599556 -0.074517 -0.000003 0.000081 0.148830 0.000002 0.000000 -0.074309 0.000000 -0.000002 -0.000003 -8.728670 10.710560 0.000005 -0.000000 -0.000000 -0.000001 -0.000677 9.278137 0.000003 0.000000 -0.000000 
