HIERARCHY
ROOT mixamorig:Hips
{
	OFFSET 0.000000 104.274902 0.000000
	CHANNELS 6 Xposition Yposition Zposition Xrotation Yrotation Zrotation
	JOINT mixamorig:Spine
	{
		OFFSET 0.000000 10.181549 0.131524
		CHANNELS 6 Xposition Yposition Zposition Xrotation Yrotation Zrotation
		JOINT mixamorig:Spine1
		{
			OFFSET 0.000000 9.893990 -1.470706
			CHANNELS 3 Xrotation Yrotation Zrotation
			JOINT mixamorig:Spine2
			{
				OFFSET 0.000000 9.220787 -1.370637
				CHANNELS 3 Xrotation Yrotation Zrotation
				JOINT mixamorig:Neck
				{
					OFFSET 0.000000 16.740372 -2.049022
					CHANNELS 6 Xposition Yposition Zposition Xrotation Yrotation Zrotation
					JOINT mixamorig:Head
					{
						OFFSET 0.000000 9.617859 1.684976
						CHANNELS 6 Xposition Yposition Zposition Xrotation Yrotation Zrotation
						JOINT mixamorig:HeadTop_End
						{
							OFFSET 0.000000 22.037384 7.501072
							CHANNELS 6 Xposition Yposition Zposition Xrotation Yrotation Zrotation
							End Site
							{
								OFFSET 0.000000 23.106567 -2.828246
							}
						}
					}
				}
				JOINT mixamorig:RightShoulder
				{
					OFFSET -4.570000 11.014877 -2.160840
					CHANNELS 6 Xposition Yposition Zposition Xrotation Yrotation Zrotation
					JOINT mixamorig:RightArm
					{
						OFFSET -10.592867 -0.524796 -2.232105
						CHANNELS 3 Xrotation Yrotation Zrotation
						JOINT mixamorig:RightForeArm
						{
							OFFSET -27.841497 0.000000 -0.000002
							CHANNELS 3 Xrotation Yrotation Zrotation
							JOINT mixamorig:RightHand
							{
								OFFSET -28.328812 0.000000 -0.000001
								CHANNELS 3 Xrotation Yrotation Zrotation
								JOINT mixamorig:RightHandThumb1
								{
									OFFSET -2.464798 -1.573990 2.681911
									CHANNELS 6 Xposition Yposition Zposition Xrotation Yrotation Zrotation
									JOINT mixamorig:RightHandThumb2
									{
										OFFSET -3.244781 -1.873383 1.873376
										CHANNELS 3 Xrotation Yrotation Zrotation
										JOINT mixamorig:RightHandThumb3
										{
											OFFSET -2.646263 -1.527817 1.527818
											CHANNELS 6 Xposition Yposition Zposition Xrotation Yrotation Zrotation
											JOINT mixamorig:RightHandThumb4
											{
												OFFSET -1.994591 -1.151581 1.151575
												CHANNELS 6 Xposition Yposition Zposition Xrotation Yrotation Zrotation
												End Site
												{
													OFFSET -1.860176 -1.142715 1.365483
												}
											}
										}
									}
								}
								JOINT mixamorig:RightHandIndex1
								{
									OFFSET -9.108299 -0.517883 2.259803
									CHANNELS 6 Xposition Yposition Zposition Xrotation Yrotation Zrotation
									JOINT mixamorig:RightHandIndex2
									{
										OFFSET -3.699997 0.000000 0.000000
										CHANNELS 3 Xrotation Yrotation Zrotation
										JOINT mixamorig:RightHandIndex3
										{
											OFFSET -2.850006 0.000000 0.000000
											CHANNELS 3 Xrotation Yrotation Zrotation
											JOINT mixamorig:RightHandIndex4
											{
												OFFSET -2.772194 0.000000 0.000000
												CHANNELS 3 Xrotation Yrotation Zrotation
												End Site
												{
													OFFSET -2.772202 0.000000 -0.000484
												}
											}
										}
									}
								}
								JOINT mixamorig:RightHandMiddle1
								{
									OFFSET -9.532501 0.000000 -0.000000
									CHANNELS 6 Xposition Yposition Zposition Xrotation Yrotation Zrotation
									JOINT mixamorig:RightHandMiddle2
									{
										OFFSET -3.699997 0.000000 0.000000
										CHANNELS 3 Xrotation Yrotation Zrotation
										JOINT mixamorig:RightHandMiddle3
										{
											OFFSET -2.949997 0.000000 0.000000
											CHANNELS 3 Xrotation Yrotation Zrotation
											JOINT mixamorig:RightHandMiddle4
											{
												OFFSET -2.946594 0.000000 0.000000
												CHANNELS 3 Xrotation Yrotation Zrotation
												End Site
												{
													OFFSET -2.946602 0.000000 -0.000982
												}
											}
										}
									}
								}
								JOINT mixamorig:RightHandRing1
								{
									OFFSET -9.103600 -0.043106 -1.865100
									CHANNELS 6 Xposition Yposition Zposition Xrotation Yrotation Zrotation
									JOINT mixamorig:RightHandRing2
									{
										OFFSET -3.379303 0.000000 0.000000
										CHANNELS 3 Xrotation Yrotation Zrotation
										JOINT mixamorig:RightHandRing3
										{
											OFFSET -2.889694 0.000000 0.000000
											CHANNELS 3 Xrotation Yrotation Zrotation
											JOINT mixamorig:RightHandRing4
											{
												OFFSET -2.638802 0.000000 0.000000
												CHANNELS 3 Xrotation Yrotation Zrotation
												End Site
												{
													OFFSET -2.638802 0.000000 0.004218
												}
											}
										}
									}
								}
								JOINT mixamorig:RightHandPinky1
								{
									OFFSET -8.076698 -0.486725 -3.806299
									CHANNELS 6 Xposition Yposition Zposition Xrotation Yrotation Zrotation
									JOINT mixamorig:RightHandPinky2
									{
										OFFSET -3.600006 0.000000 0.000000
										CHANNELS 3 Xrotation Yrotation Zrotation
										JOINT mixamorig:RightHandPinky3
										{
											OFFSET -2.099998 0.000000 0.000000
											CHANNELS 3 Xrotation Yrotation Zrotation
											JOINT mixamorig:RightHandPinky4
											{
												OFFSET -2.115791 0.000000 0.000000
												CHANNELS 3 Xrotation Yrotation Zrotation
												End Site
												{
													OFFSET -2.115799 0.000000 0.000174
												}
											}
										}
									}
								}
							}
						}
					}
				}
				JOINT mixamorig:LeftShoulder
				{
					OFFSET 4.570400 11.014679 -2.160816
					CHANNELS 6 Xposition Yposition Zposition Xrotation Yrotation Zrotation
					JOINT mixamorig:LeftArm
					{
						OFFSET 10.592373 -0.524597 -2.232116
						CHANNELS 3 Xrotation Yrotation Zrotation
						JOINT mixamorig:LeftForeArm
						{
							OFFSET 27.841488 0.000000 0.000001
							CHANNELS 3 Xrotation Yrotation Zrotation
							JOINT mixamorig:LeftHand
							{
								OFFSET 28.328808 0.000000 -0.000000
								CHANNELS 3 Xrotation Yrotation Zrotation
								JOINT mixamorig:LeftHandThumb1
								{
									OFFSET 2.466103 -1.576202 2.681698
									CHANNELS 6 Xposition Yposition Zposition Xrotation Yrotation Zrotation
									JOINT mixamorig:LeftHandThumb2
									{
										OFFSET 3.243317 -1.872528 1.872530
										CHANNELS 3 Xrotation Yrotation Zrotation
										JOINT mixamorig:LeftHandThumb3
										{
											OFFSET 2.647881 -1.528763 1.528754
											CHANNELS 6 Xposition Yposition Zposition Xrotation Yrotation Zrotation
											JOINT mixamorig:LeftHandThumb4
											{
												OFFSET 1.998924 -1.154083 1.154080
												CHANNELS 6 Xposition Yposition Zposition Xrotation Yrotation Zrotation
												End Site
												{
													OFFSET 1.884041 -1.149155 1.337651
												}
											}
										}
									}
								}
								JOINT mixamorig:LeftHandIndex1
								{
									OFFSET 9.109299 -0.518005 2.259900
									CHANNELS 6 Xposition Yposition Zposition Xrotation Yrotation Zrotation
									JOINT mixamorig:LeftHandIndex2
									{
										OFFSET 3.699997 0.000000 0.000000
										CHANNELS 3 Xrotation Yrotation Zrotation
										JOINT mixamorig:LeftHandIndex3
										{
											OFFSET 2.850006 0.000000 0.000000
											CHANNELS 3 Xrotation Yrotation Zrotation
											JOINT mixamorig:LeftHandIndex4
											{
												OFFSET 2.774895 0.000000 0.000000
												CHANNELS 3 Xrotation Yrotation Zrotation
												End Site
												{
													OFFSET 2.774902 0.000000 -0.000072
												}
											}
										}
									}
								}
								JOINT mixamorig:LeftHandMiddle1
								{
									OFFSET 9.533401 0.000000 0.000000
									CHANNELS 6 Xposition Yposition Zposition Xrotation Yrotation Zrotation
									JOINT mixamorig:LeftHandMiddle2
									{
										OFFSET 3.699997 0.000000 0.000000
										CHANNELS 3 Xrotation Yrotation Zrotation
										JOINT mixamorig:LeftHandMiddle3
										{
											OFFSET 2.949997 0.000000 0.000000
											CHANNELS 3 Xrotation Yrotation Zrotation
											JOINT mixamorig:LeftHandMiddle4
											{
												OFFSET 2.952896 0.000000 0.000000
												CHANNELS 3 Xrotation Yrotation Zrotation
												End Site
												{
													OFFSET 2.952904 0.000000 0.000165
												}
											}
										}
									}
								}
								JOINT mixamorig:LeftHandRing1
								{
									OFFSET 9.104500 -0.042999 -1.865101
									CHANNELS 6 Xposition Yposition Zposition Xrotation Yrotation Zrotation
									JOINT mixamorig:LeftHandRing2
									{
										OFFSET 3.149994 0.000000 0.000000
										CHANNELS 3 Xrotation Yrotation Zrotation
										JOINT mixamorig:LeftHandRing3
										{
											OFFSET 2.950005 0.000000 0.000000
											CHANNELS 3 Xrotation Yrotation Zrotation
											JOINT mixamorig:LeftHandRing4
											{
												OFFSET 2.644302 0.000000 0.000000
												CHANNELS 3 Xrotation Yrotation Zrotation
												End Site
												{
													OFFSET 2.644302 0.000000 0.000083
												}
											}
										}
									}
								}
								JOINT mixamorig:LeftHandPinky1
								{
									OFFSET 8.077805 -0.486893 -3.806302
									CHANNELS 6 Xposition Yposition Zposition Xrotation Yrotation Zrotation
									JOINT mixamorig:LeftHandPinky2
									{
										OFFSET 3.600006 0.000000 0.000000
										CHANNELS 3 Xrotation Yrotation Zrotation
										JOINT mixamorig:LeftHandPinky3
										{
											OFFSET 2.099998 0.000000 0.000000
											CHANNELS 3 Xrotation Yrotation Zrotation
											JOINT mixamorig:LeftHandPinky4
											{
												OFFSET 2.125496 0.000000 0.000000
												CHANNELS 3 Xrotation Yrotation Zrotation
												End Site
												{
													OFFSET 2.125504 0.000000 -0.001254
												}
											}
										}
									}
								}
							}
						}
					}
				}
			}
		}
	}
	JOINT mixamorig:RightUpLeg
	{
		OFFSET -8.207800 -6.751701 -1.599544
		CHANNELS 6 Xposition Yposition Zposition Xrotation Yrotation Zrotation
		JOINT mixamorig:RightLeg
		{
			OFFSET 0.000004 -44.370152 0.345934
			CHANNELS 3 Xrotation Yrotation Zrotation
			JOINT mixamorig:RightFoot
			{
				OFFSET 0.000004 -44.423664 -3.043535
				CHANNELS 3 Xrotation Yrotation Zrotation
				JOINT mixamorig:RightToeBase
				{
					OFFSET 0.000001 -8.728691 10.710592
					CHANNELS 3 Xrotation Yrotation Zrotation
					JOINT mixamorig:RightToe_End
					{
						OFFSET 0.000000 -0.000665 9.278101
						CHANNELS 3 Xrotation Yrotation Zrotation
						End Site
						{
							OFFSET 0.000000 -0.000665 9.278103
						}
					}
				}
			}
		}
	}
	JOINT mixamorig:LeftUpLeg
	{
		OFFSET 8.207800 -6.751701 -1.599544
		CHANNELS 6 Xposition Yposition Zposition Xrotation Yrotation Zrotation
		JOINT mixamorig:LeftLeg
		{
			OFFSET 0.000004 -44.370037 0.346940
			CHANNELS 3 Xrotation Yrotation Zrotation
			JOINT mixamorig:LeftFoot
			{
				OFFSET 0.000004 -44.423611 -3.044388
				CHANNELS 3 Xrotation Yrotation Zrotation
				JOINT mixamorig:LeftToeBase
				{
					OFFSET 0.000001 -8.728690 10.710592
					CHANNELS 3 Xrotation Yrotation Zrotation
					JOINT mixamorig:LeftToe_End
					{
						OFFSET 0.000000 -0.000680 9.278101
						CHANNELS 3 Xrotation Yrotation Zrotation
						End Site
						{
							OFFSET 0.000000 -0.000680 9.278101
						}
					}
				}
			}
		}
	}
}
MOTION
Frames: 250
Frame Time: 0.033333
-0.516523 64.068367 1.353670 -18.218237 -6.708780 -7.729635 0.000001 10.181540 0.131519 5.911846 3.025216 3.766260 10.720749 0.586488 2.402822 10.706152 0.643692 2.447337 -0.000000 16.740360 -2.049017 -4.085091 0.690325 -0.715833 0.000001 9.617866 1.684977 -12.557263 1.524185 3.744502 0.000001 22.037384 7.501073 0.000000 0.000000 0.000000 -4.569999 11.014856 -2.160841 3.349714 13.625703 10.892394 -22.863392 27.056130 21.646179 -0.000422 82.839594 0.000490 -6.499942 4.025220 -30.044943 -2.464786 -1.574002 2.681910 7.564649 7.028707 27.703719 -9.818517 -72.226675 -19.707070 -2.646264 -1.527813 1.527811 -2.645434 -31.790019 -7.915081 -1.994583 -1.151581 1.151563 -0.000000 0.000003 0.000006 -9.108296 -0.517881 2.259803 6.036403 -6.888418 82.440971 4.121022 -6.349619 65.937868 1.115601 -3.782566 32.854576 0.000000 -0.000000 0.000001 -9.532492 -0.000004 0.000002 6.036400 -6.888419 82.440971 4.121019 -6.349615 65.937868 1.115599 -3.782566 32.854573 0.000001 -0.000000 -0.000003 -9.103601 -0.043104 -1.865099 6.036403 -6.888416 82.440964 4.121019 -6.349615 65.937868 1.115599 -3.782567 32.854576 0.000000 0.000002 0.000001 -8.076701 -0.486713 -3.806299 6.036404 -6.888420 82.440971 4.121023 -6.349615 65.937861 1.115592 -3.782567 32.854600 -0.000000 0.000002 0.000001 4.570404 11.014690 -2.160814 1.244638 0.076117 -10.790645 -32.097159 -41.849003 -48.693942 0.000011 -81.974175 -0.000023 -1.052524 0.742346 26.301402 2.466093 -1.576189 2.681710 18.241729 -23.305282 -17.628944 53.671616 63.248460 -40.439515 2.647888 -1.528750 1.528754 10.741891 32.760815 -5.296232 1.998929 -1.154073 1.154082 0.000001 -0.000000 -0.000002 9.109306 -0.518016 2.259899 6.090335 6.835969 -83.384725 5.535319 6.749086 -78.694557 1.552537 4.360281 -39.183941 0.000001 0.000001 -0.000001 9.533393 -0.000004 0.000008 6.088415 6.835750 -83.368510 5.537222 6.749461 -78.710772 1.552547 4.360283 -39.183928 -0.000000 0.000003 0.000001 9.104502 -0.042984 -1.865096 6.090336 6.835968 -83.384725 5.535318 6.749091 -78.694550 1.552540 4.360280 -39.183945 -0.000001 -0.000002 0.000002 8.077805 -0.486897 -3.806298 10.148459 7.303610 -83.373981 5.544912 2.664448 -78.811354 1.552531 4.360283 -39.183945 -0.000002 -0.000002 -0.000000 -8.207801 -6.751703 -1.599551 -69.736587 -4.015079 -3.352907 49.900211 -0.481784 -0.104777 36.480802 3.593031 12.996150 -0.000014 0.000003 0.000000 -0.000000 0.000001 0.000000 8.207798 -6.751705 -1.599543 -70.132724 -0.535703 14.333350 92.739912 9.744970 0.545675 -6.150890 3.219349 5.773227 -0.083496 0.000009 -0.000001 0.000000 0.000000 -0.000000 
-0.512158 64.068703 1.342978 -18.268842 -6.748756 -7.738928 -0.000001 10.181544 0.131526 5.974017 3.051732 3.752711 10.822061 0.594207 2.334441 10.807168 0.654109 2.380852 -0.000000 16.740355 -2.049021 -4.046268 0.652767 -0.655027 0.000001 9.617844 1.684981 -12.367488 1.436463 3.675520 0.000000 22.037369 7.501077 -0.000001 0.000000 -0.000000 -4.570000 11.014904 -2.160841 3.352724 13.641145 10.883783 -22.794764 26.980659 21.571264 -0.000325 83.200836 0.000387 -6.790033 4.325738 -29.383330 -2.464816 -1.573983 2.681913 7.564649 7.028704 27.703720 -9.818517 -72.226669 -19.707065 -2.646252 -1.527801 1.527814 -2.645430 -31.790019 -7.915082 -1.994587 -1.151583 1.151574 0.000006 -0.000005 0.000001 -9.108296 -0.517879 2.259802 6.036407 -6.888421 82.440971 4.121021 -6.349616 65.937868 1.115597 -3.782567 32.854573 -0.000000 -0.000001 0.000001 -9.532505 -0.000003 0.000003 6.036403 -6.888420 82.440971 4.121018 -6.349616 65.937868 1.115598 -3.782566 32.854573 -0.000000 0.000000 -0.000000 -9.103600 -0.043104 -1.865097 6.036404 -6.888420 82.440964 4.121024 -6.349615 65.937861 1.115597 -3.782566 32.854573 0.000000 0.000003 0.000001 -8.076695 -0.486720 -3.806292 6.036408 -6.888423 82.440971 4.121028 -6.349619 65.937861 1.115586 -3.782569 32.854596 0.000001 0.000002 0.000002 4.570405 11.014697 -2.160816 1.244137 0.055943 -10.733865 -32.274498 -41.601630 -48.833049 0.000005 -82.002411 -0.000005 -1.075028 0.515375 26.642628 2.466115 -1.576208 2.681688 18.241726 -23.305280 -17.628949 53.671613 63.248453 -40.439522 2.647887 -1.528765 1.528750 10.741891 32.760815 -5.296231 1.998921 -1.154084 1.154085 0.000002 0.000004 0.000001 9.109286 -0.518010 2.259896 6.090334 6.835970 -83.384732 5.535321 6.749093 -78.694557 1.552534 4.360282 -39.183945 0.000002 -0.000000 0.000000 9.533401 0.000009 -0.000006 6.088413 6.835754 -83.368517 5.537222 6.749457 -78.710779 1.552546 4.360285 -39.183928 -0.000001 -0.000005 -0.000000 9.104500 -0.043013 -1.865108 6.090338 6.835970 -83.384725 5.535320 6.749090 -78.694557 1.552536 4.360281 -39.183945 -0.000001 0.000000 -0.000000 8.077834 -0.486897 -3.806309 10.148459 7.303611 -83.373981 5.544909 2.664445 -78.811347 1.552533 4.360282 -39.183938 0.000001 -0.000003 0.000001 -8.207801 -6.751708 -1.599545 -69.815742 -4.005175 -3.340320 50.117319 -0.348702 -0.098983 36.340701 3.594701 13.097612 -0.000009 0.000002 -0.000001 0.000000 0.000000 0.000000 8.207799 -6.751710 -1.599551 -70.080582 -0.532438 14.362392 92.739953 9.745604 0.546719 -6.144070 3.233964 5.735333 -0.088077 0.000007 0.000001 -0.000000 -0.000000 -0.000000 
-0.507129 64.068680 1.331995 -18.314227 -6.787580 -7.748454 0.000001 10.181540 0.131525 6.032836 3.078761 3.739102 10.920128 0.602347 2.267260 10.904990 0.664930 2.315405 0.000000 16.740362 -2.049022 -4.005069 0.618069 -0.599460 0.000000 9.617848 1.684977 -12.188772 1.354064 3.613319 0.000000 22.037369 7.501071 0.000001 0.000000 -0.000000 -4.570001 11.014870 -2.160842 3.355710 13.656687 10.875218 -22.724850 26.924351 21.491762 -0.000523 83.562658 0.000586 -7.051577 4.615322 -28.790484 -2.464794 -1.574006 2.681909 7.564649 7.028709 27.703724 -9.818529 -72.226669 -19.707070 -2.646260 -1.527820 1.527810 -2.645437 -31.790019 -7.915083 -1.994571 -1.151566 1.151579 0.000001 0.000003 0.000001 -9.108304 -0.517885 2.259806 6.036403 -6.888415 82.440971 4.121017 -6.349614 65.937868 1.115602 -3.782567 32.854576 -0.000000 -0.000000 -0.000001 -9.532495 -0.000015 0.000000 6.036402 -6.888420 82.440964 4.121022 -6.349612 65.937868 1.115595 -3.782568 32.854573 0.000001 -0.000001 -0.000001 -9.103593 -0.043114 -1.865100 6.036400 -6.888414 82.440957 4.121019 -6.349612 65.937868 1.115598 -3.782565 32.854573 0.000005 -0.000000 0.000004 -8.076705 -0.486732 -3.806296 6.036405 -6.888419 82.440971 4.121025 -6.349617 65.937861 1.115590 -3.782565 32.854596 -0.000002 0.000002 -0.000000 4.570399 11.014685 -2.160816 1.243817 0.037375 -10.671747 -32.445956 -41.340488 -48.971616 0.000042 -82.037819 0.000032 -1.118442 0.323170 26.969456 2.466108 -1.576210 2.681705 18.241729 -23.305282 -17.628944 53.671620 63.248453 -40.439525 2.647896 -1.528757 1.528748 10.741892 32.760811 -5.296235 1.998918 -1.154081 1.154088 -0.000001 0.000002 -0.000000 9.109303 -0.518009 2.259896 6.090341 6.835970 -83.384725 5.535321 6.749097 -78.694557 1.552533 4.360279 -39.183938 -0.000000 -0.000000 0.000001 9.533414 0.000006 -0.000008 6.088418 6.835754 -83.368517 5.537224 6.749461 -78.710772 1.552541 4.360281 -39.183928 0.000002 -0.000001 -0.000001 9.104498 -0.043012 -1.865103 6.090342 6.835968 -83.384725 5.535324 6.749099 -78.694557 1.552530 4.360277 -39.183941 -0.000001 -0.000001 -0.000001 8.077804 -0.486887 -3.806311 10.148464 7.303613 -83.373981 5.544911 2.664450 -78.811347 1.552533 4.360284 -39.183935 0.000001 -0.000001 0.000001 -8.207800 -6.751713 -1.599538 -69.896761 -3.995860 -3.328762 50.328037 -0.215594 -0.093191 36.199149 3.598336 13.205563 -0.000011 0.000001 -0.000001 -0.000000 -0.000001 -0.000000 8.207800 -6.751709 -1.599555 -70.034171 -0.530980 14.388569 92.739755 9.746263 0.547759 -6.136072 3.250686 5.698263 -0.092425 0.000009 -0.000002 -0.000000 0.000000 -0.000000 
-0.501913 64.068558 1.322866 -18.352319 -6.823324 -7.758395 0.000000 10.181550 0.131520 6.088741 3.105899 3.722261 11.012936 0.610713 2.199355 10.997600 0.676323 2.249060 -0.000000 16.740358 -2.049019 -3.958863 0.585645 -0.546103 0.000001 9.617836 1.684976 -12.030052 1.277034 3.560953 -0.000000 22.037369 7.501074 -0.000000 -0.000000 -0.000000 -4.570001 11.014885 -2.160840 3.358706 13.672207 10.866609 -22.649577 26.881898 21.412209 -0.000446 83.917364 0.000515 -7.212189 4.905482 -28.331609 -2.464793 -1.573991 2.681901 7.564648 7.028706 27.703719 -9.818519 -72.226669 -19.707071 -2.646260 -1.527826 1.527827 -2.645429 -31.790016 -7.915082 -1.994598 -1.151597 1.151577 0.000004 -0.000003 -0.000000 -9.108286 -0.517876 2.259797 6.036404 -6.888417 82.440971 4.121022 -6.349618 65.937868 1.115600 -3.782566 32.854569 -0.000003 -0.000001 -0.000001 -9.532494 -0.000001 -0.000007 6.036403 -6.888421 82.440971 4.121022 -6.349614 65.937861 1.115598 -3.782565 32.854573 -0.000000 0.000000 0.000000 -9.103588 -0.043104 -1.865107 6.036405 -6.888417 82.440964 4.121024 -6.349616 65.937861 1.115598 -3.782566 32.854573 -0.000001 0.000004 0.000003 -8.076700 -0.486727 -3.806305 6.036403 -6.888423 82.440971 4.121028 -6.349618 65.937861 1.115592 -3.782566 32.854600 0.000001 0.000002 0.000005 4.570399 11.014687 -2.160815 1.243423 0.023321 -10.622310 -32.603368 -41.096552 -49.092446 -0.000032 -82.049457 -0.000060 -1.080577 0.091276 27.347545 2.466101 -1.576204 2.681695 18.241731 -23.305285 -17.628945 53.671609 63.248453 -40.439528 2.647891 -1.528756 1.528760 10.741892 32.760811 -5.296234 1.998921 -1.154067 1.154088 0.000001 0.000001 -0.000002 9.109276 -0.518000 2.259894 6.090341 6.835964 -83.384725 5.535320 6.749092 -78.694557 1.552532 4.360278 -39.183941 0.000003 -0.000000 0.000001 9.533420 0.000009 -0.000010 6.088413 6.835749 -83.368510 5.537222 6.749459 -78.710772 1.552541 4.360283 -39.183924 -0.000001 0.000002 0.000001 9.104487 -0.043001 -1.865102 6.090342 6.835962 -83.384725 5.535320 6.749090 -78.694557 1.552533 4.360281 -39.183938 0.000000 -0.000004 0.000003 8.077790 -0.486885 -3.806309 10.148462 7.303608 -83.373981 5.544911 2.664451 -78.811354 1.552528 4.360282 -39.183941 0.000001 -0.000001 0.000001 -8.207800 -6.751706 -1.599544 -69.983976 -3.989765 -3.320497 50.539124 -0.085096 -0.087438 36.053369 3.601782 13.307414 -0.000011 0.000002 -0.000001 0.000000 0.000000 0.000001 8.207798 -6.751711 -1.599554 -69.995082 -0.532139 14.411271 92.739489 9.746770 0.548796 -6.130180 3.267427 5.664874 -0.094719 0.000001 -0.000004 -0.000000 -0.000001 -0.000000 
-0.495035 64.068489 1.315561 -18.378198 -6.853949 -7.771452 -0.000001 10.181541 0.131524 6.143051 3.132938 3.705511 11.100900 0.619016 2.132384 11.085416 0.687844 2.183074 0.000000 16.740376 -2.049021 -3.904330 0.557910 -0.505454 -0.000002 9.617843 1.684974 -11.887951 1.198301 3.538849 0.000000 22.037369 7.501072 -0.000000 0.000000 0.000000 -4.569999 11.014877 -2.160838 3.361644 13.688042 10.858033 -22.509548 26.903369 21.297273 -0.000424 84.231471 0.000426 -7.264522 5.198388 -28.286113 -2.464793 -1.573991 2.681908 7.564648 7.028708 27.703722 -9.818510 -72.226669 -19.707070 -2.646250 -1.527811 1.527809 -2.645432 -31.790023 -7.915084 -1.994588 -1.151589 1.151581 0.000001 -0.000008 0.000002 -9.108296 -0.517889 2.259805 6.036403 -6.888418 82.440971 4.121021 -6.349614 65.937861 1.115601 -3.782565 32.854573 -0.000001 -0.000000 0.000002 -9.532490 -0.000002 0.000003 6.036400 -6.888421 82.440971 4.121021 -6.349612 65.937861 1.115598 -3.782563 32.854569 -0.000002 0.000000 0.000001 -9.103588 -0.043114 -1.865104 6.036403 -6.888418 82.440964 4.121022 -6.349617 65.937861 1.115597 -3.782564 32.854573 0.000005 0.000004 0.000003 -8.076718 -0.486713 -3.806302 6.036405 -6.888423 82.440971 4.121028 -6.349613 65.937861 1.115590 -3.782565 32.854593 -0.000000 0.000004 0.000004 4.570398 11.014692 -2.160815 1.241661 0.012927 -10.591288 -32.742308 -40.871678 -49.195035 0.000061 -82.063924 0.000057 -1.057495 -0.153856 27.755071 2.466101 -1.576197 2.681714 18.241723 -23.305285 -17.628945 53.671606 63.248453 -40.439518 2.647888 -1.528767 1.528748 10.741891 32.760811 -5.296232 1.998921 -1.154061 1.154084 -0.000001 -0.000000 -0.000002 9.109319 -0.518002 2.259902 6.090335 6.835965 -83.384725 5.535319 6.749096 -78.694550 1.552534 4.360279 -39.183941 -0.000002 0.000002 0.000000 9.533420 -0.000002 0.000000 6.088411 6.835749 -83.368510 5.537226 6.749458 -78.710779 1.552539 4.360277 -39.183928 -0.000000 -0.000001 0.000002 9.104500 -0.042994 -1.865101 6.090335 6.835969 -83.384725 5.535318 6.749096 -78.694557 1.552534 4.360284 -39.183945 -0.000000 0.000001 0.000001 8.077824 -0.486898 -3.806301 10.148456 7.303608 -83.373975 5.544913 2.664447 -78.811347 1.552530 4.360287 -39.183945 -0.000004 -0.000006 0.000002 -8.207802 -6.751700 -1.599535 -70.081914 -3.990353 -3.317356 50.746390 0.040081 -0.081761 35.904351 3.607283 13.407854 -0.000015 0.000004 0.000001 -0.000000 0.000000 0.000000 8.207801 -6.751705 -1.599546 -69.972529 -0.537834 14.427151 92.739038 9.746415 0.549763 -6.131518 3.286604 5.652891 -0.095769 0.000002 -0.000002 -0.000000 -0.000002 -0.000000 
-0.488613 64.067757 1.309347 -18.399338 -6.881402 -7.782450 0.000001 10.181543 0.131525 6.195753 3.158900 3.687696 11.184950 0.626843 2.067376 11.169355 0.696932 2.119319 -0.000000 16.740374 -2.049018 -3.842274 0.532919 -0.480850 0.000000 9.617849 1.684979 -11.760461 1.113728 3.528849 0.000001 22.037369 7.501074 -0.000001 0.000000 -0.000000 -4.570000 11.014866 -2.160841 3.364292 13.705393 10.849532 -22.354936 26.961487 21.156422 -0.000550 84.529356 0.000575 -7.240246 5.492249 -28.287107 -2.464793 -1.573991 2.681910 7.564651 7.028706 27.703719 -9.818516 -72.226669 -19.707077 -2.646275 -1.527814 1.527811 -2.645426 -31.790029 -7.915082 -1.994579 -1.151602 1.151570 -0.000001 0.000003 0.000001 -9.108300 -0.517889 2.259807 6.036405 -6.888416 82.440971 4.121023 -6.349617 65.937868 1.115597 -3.782566 32.854576 0.000000 -0.000001 -0.000001 -9.532493 -0.000003 0.000008 6.036401 -6.888415 82.440971 4.121024 -6.349610 65.937861 1.115597 -3.782565 32.854573 -0.000001 0.000002 -0.000000 -9.103590 -0.043104 -1.865094 6.036405 -6.888415 82.440964 4.121026 -6.349612 65.937868 1.115595 -3.782564 32.854576 0.000001 0.000003 0.000002 -8.076700 -0.486725 -3.806294 6.036404 -6.888423 82.440971 4.121027 -6.349618 65.937861 1.115585 -3.782566 32.854600 -0.000003 0.000001 0.000002 4.570401 11.014684 -2.160815 1.240464 0.009624 -10.576391 -32.861946 -40.654280 -49.271342 0.000024 -82.098532 0.000008 -1.160926 -0.412306 28.081599 2.466097 -1.576208 2.681701 18.241726 -23.305288 -17.628947 53.671616 63.248453 -40.439528 2.647886 -1.528764 1.528746 10.741893 32.760811 -5.296234 1.998922 -1.154069 1.154089 0.000002 0.000005 -0.000002 9.109291 -0.518016 2.259912 6.090335 6.835965 -83.384725 5.535318 6.749088 -78.694550 1.552533 4.360279 -39.183938 0.000000 -0.000002 -0.000001 9.533403 -0.000004 0.000005 6.088413 6.835748 -83.368510 5.537226 6.749465 -78.710772 1.552545 4.360283 -39.183931 0.000003 -0.000001 0.000001 9.104502 -0.043000 -1.865098 6.090335 6.835967 -83.384725 5.535320 6.749091 -78.694557 1.552535 4.360280 -39.183938 -0.000002 -0.000004 0.000003 8.077793 -0.486888 -3.806295 10.148456 7.303608 -83.373975 5.544909 2.664448 -78.811347 1.552530 4.360282 -39.183938 -0.000002 -0.000001 -0.000002 -8.207799 -6.751702 -1.599536 -70.180173 -4.003016 -3.324032 50.954447 0.166551 -0.076045 35.751833 3.613388 13.493837 -0.000009 0.000001 -0.000000 0.000000 -0.000000 0.000001 8.207800 -6.751707 -1.599549 -69.949996 -0.543646 14.439962 92.738772 9.745912 0.550718 -6.136724 3.305857 5.642947 -0.096923 0.000013 0.000001 0.000000 -0.000002 0.000000 
-0.482616 64.067062 1.306211 -18.416992 -6.906242 -7.790959 0.000000 10.181564 0.131524 6.247197 3.182127 3.664009 11.263878 0.633635 1.999268 11.248189 0.704406 2.051565 0.000000 16.740370 -2.049016 -3.783944 0.509331 -0.454653 0.000000 9.617840 1.684979 -11.642324 1.020790 3.542859 -0.000001 22.037384 7.501071 -0.000001 -0.000000 -0.000000 -4.570001 11.014871 -2.160839 3.366680 13.724046 10.841103 -22.205997 27.000617 21.035736 -0.000579 84.824905 0.000606 -7.167410 5.799882 -28.318577 -2.464793 -1.573999 2.681897 7.564647 7.028705 27.703722 -9.818523 -72.226675 -19.707087 -2.646267 -1.527791 1.527824 -2.645434 -31.790019 -7.915083 -1.994599 -1.151585 1.151562 -0.000000 0.000003 0.000006 -9.108298 -0.517883 2.259788 6.036404 -6.888418 82.440971 4.121022 -6.349618 65.937868 1.115600 -3.782563 32.854576 -0.000002 -0.000002 0.000000 -9.532504 0.000001 -0.000011 6.036406 -6.888417 82.440971 4.121025 -6.349614 65.937861 1.115597 -3.782562 32.854569 0.000001 -0.000003 -0.000001 -9.103585 -0.043112 -1.865115 6.036405 -6.888418 82.440964 4.121022 -6.349613 65.937868 1.115598 -3.782563 32.854569 -0.000003 0.000003 0.000002 -8.076700 -0.486717 -3.806310 6.036405 -6.888421 82.440971 4.121028 -6.349613 65.937861 1.115590 -3.782564 32.854596 0.000001 0.000003 0.000005 4.570404 11.014670 -2.160813 1.238663 0.007064 -10.568719 -32.970126 -40.468482 -49.304854 -0.000088 -82.138441 -0.000098 -1.221418 -0.663712 28.371100 2.466112 -1.576208 2.681688 18.241726 -23.305282 -17.628950 53.671616 63.248460 -40.439518 2.647884 -1.528766 1.528746 10.741893 32.760811 -5.296234 1.998925 -1.154064 1.154080 0.000000 0.000000 -0.000000 9.109303 -0.517998 2.259892 6.090335 6.835968 -83.384725 5.535317 6.749086 -78.694550 1.552537 4.360279 -39.183945 0.000001 -0.000000 0.000002 9.533432 0.000002 -0.000004 6.088412 6.835749 -83.368510 5.537225 6.749458 -78.710779 1.552546 4.360283 -39.183931 -0.000003 0.000000 0.000001 9.104515 -0.042992 -1.865098 6.090336 6.835968 -83.384725 5.535314 6.749089 -78.694557 1.552535 4.360275 -39.183938 -0.000000 -0.000003 0.000001 8.077808 -0.486887 -3.806299 10.148461 7.303608 -83.373975 5.544910 2.664447 -78.811347 1.552528 4.360283 -39.183938 0.000005 -0.000000 0.000004 -8.207800 -6.751710 -1.599541 -70.284211 -4.012582 -3.334269 51.165364 0.294250 -0.070312 35.595538 3.619695 13.573575 -0.000010 0.000002 0.000002 0.000000 0.000000 -0.000001 8.207800 -6.751704 -1.599545 -69.929567 -0.547830 14.449641 92.742105 9.745415 0.551684 -6.142573 3.324760 5.633931 -0.098050 0.000006 0.000001 0.000000 0.000001 0.000000 
-0.476365 64.066055 1.304197 -18.430757 -6.928652 -7.800684 -0.000001 10.181542 0.131522 6.293804 3.201715 3.638960 11.338041 0.638761 1.929348 11.322294 0.710118 1.986035 0.000000 16.740358 -2.049020 -3.717037 0.486804 -0.435371 0.000000 9.617837 1.684977 -11.516894 0.923491 3.552180 -0.000000 22.037384 7.501074 -0.000002 0.000000 0.000000 -4.569999 11.014865 -2.160841 3.369254 13.741805 10.832631 -22.065317 27.021830 20.921361 -0.000579 85.125467 0.000663 -7.014591 6.096526 -28.290386 -2.464801 -1.573991 2.681911 7.564650 7.028703 27.703719 -9.818511 -72.226675 -19.707073 -2.646273 -1.527827 1.527814 -2.645431 -31.790023 -7.915084 -1.994598 -1.151579 1.151563 0.000003 -0.000003 -0.000000 -9.108301 -0.517887 2.259802 6.036403 -6.888419 82.440971 4.121024 -6.349615 65.937868 1.115598 -3.782564 32.854573 0.000000 0.000002 0.000004 -9.532507 -0.000003 -0.000002 6.036403 -6.888420 82.440971 4.121021 -6.349608 65.937868 1.115598 -3.782563 32.854573 -0.000002 -0.000001 -0.000001 -9.103587 -0.043110 -1.865102 6.036403 -6.888419 82.440964 4.121022 -6.349614 65.937868 1.115599 -3.782563 32.854573 -0.000003 0.000002 0.000004 -8.076714 -0.486724 -3.806299 6.036406 -6.888423 82.440971 4.121022 -6.349615 65.937861 1.115592 -3.782567 32.854600 -0.000000 0.000001 -0.000000 4.570402 11.014687 -2.160815 1.236444 0.005041 -10.568195 -33.065520 -40.292727 -49.310701 -0.000051 -82.149431 -0.000080 -1.306823 -1.037353 28.697354 2.466085 -1.576208 2.681707 18.241728 -23.305283 -17.628945 53.671616 63.248453 -40.439511 2.647880 -1.528783 1.528756 10.741890 32.760811 -5.296231 1.998925 -1.154077 1.154085 -0.000000 0.000002 -0.000000 9.109291 -0.518004 2.259895 6.090335 6.835966 -83.384725 5.535318 6.749092 -78.694557 1.552534 4.360279 -39.183941 -0.000001 -0.000000 0.000002 9.533404 -0.000008 -0.000002 6.088412 6.835750 -83.368510 5.537225 6.749460 -78.710772 1.552541 4.360284 -39.183924 0.000002 0.000000 0.000001 9.104486 -0.042996 -1.865098 6.090337 6.835967 -83.384725 5.535318 6.749091 -78.694557 1.552535 4.360278 -39.183945 -0.000002 -0.000000 0.000002 8.077791 -0.486897 -3.806309 10.148460 7.303609 -83.373975 5.544912 2.664450 -78.811347 1.552531 4.360282 -39.183938 0.000002 -0.000003 0.000001 -8.207800 -6.751703 -1.599546 -70.391096 -4.023115 -3.347120 51.376427 0.416241 -0.064664 35.432368 3.624890 13.655718 -0.000013 0.000002 0.000001 0.000000 -0.000001 0.000000 8.207797 -6.751709 -1.599551 -69.914971 -0.553633 14.456251 92.746340 9.744878 0.552643 -6.149176 3.344527 5.625769 -0.099031 0.000002 -0.000001 -0.000000 -0.000001 0.000000 
-0.472871 64.064865 1.304956 -18.430072 -6.937782 -7.803864 0.000000 10.181546 0.131528 6.315308 3.206444 3.623904 11.371065 0.634701 1.895189 11.355419 0.706904 1.953755 0.000000 16.740391 -2.049018 -3.690691 0.476707 -0.428919 0.000001 9.617861 1.684974 -11.447262 0.890062 3.535872 0.000001 22.037354 7.501073 -0.000002 0.000000 -0.000000 -4.570001 11.014881 -2.160839 3.371094 13.747878 10.828237 -22.004998 27.087772 20.852873 -0.000684 85.300805 0.000722 -6.891964 6.164398 -28.331310 -2.464793 -1.573999 2.681911 7.564646 7.028706 27.703722 -9.818520 -72.226669 -19.707066 -2.646275 -1.527802 1.527818 -2.645434 -31.790023 -7.915084 -1.994583 -1.151582 1.151571 0.000004 0.000003 0.000006 -9.108314 -0.517901 2.259802 6.036401 -6.888417 82.440971 4.121020 -6.349614 65.937868 1.115597 -3.782564 32.854576 0.000004 -0.000001 0.000001 -9.532488 0.000008 0.000001 6.036402 -6.888420 82.440971 4.121025 -6.349615 65.937861 1.115602 -3.782567 32.854573 -0.000004 0.000001 0.000003 -9.103588 -0.043118 -1.865104 6.036402 -6.888417 82.440964 4.121023 -6.349617 65.937868 1.115598 -3.782563 32.854573 0.000000 -0.000002 -0.000003 -8.076714 -0.486714 -3.806299 6.036403 -6.888421 82.440971 4.121026 -6.349617 65.937861 1.115589 -3.782566 32.854600 -0.000000 0.000004 0.000001 4.570402 11.014688 -2.160815 1.236740 0.013288 -10.586373 -33.080457 -40.198587 -49.247720 -0.000051 -82.147594 -0.000048 -1.290465 -1.263213 28.852457 2.466116 -1.576203 2.681710 18.241726 -23.305287 -17.628942 53.671616 63.248453 -40.439522 2.647884 -1.528759 1.528748 10.741892 32.760811 -5.296229 1.998932 -1.154084 1.154081 0.000003 0.000003 0.000003 9.109303 -0.518004 2.259908 6.090335 6.835969 -83.384725 5.535322 6.749093 -78.694550 1.552534 4.360281 -39.183938 0.000004 -0.000001 0.000003 9.533420 -0.000002 0.000010 6.088412 6.835753 -83.368510 5.537221 6.749459 -78.710779 1.552542 4.360282 -39.183928 0.000000 -0.000004 0.000001 9.104500 -0.043004 -1.865090 6.090334 6.835967 -83.384725 5.535320 6.749091 -78.694550 1.552534 4.360280 -39.183938 0.000001 -0.000002 0.000000 8.077805 -0.486895 -3.806297 10.148458 7.303612 -83.373981 5.544914 2.664448 -78.811347 1.552530 4.360278 -39.183941 -0.000002 -0.000002 0.000001 -8.207800 -6.751704 -1.599539 -70.446523 -4.027029 -3.354139 51.479986 0.462560 -0.062088 35.330195 3.624824 13.691987 -0.000009 0.000003 0.000002 -0.000000 -0.000001 -0.000000 8.207801 -6.751699 -1.599545 -69.916214 -0.556381 14.456678 92.749837 9.744705 0.553131 -6.153767 3.354007 5.622367 -0.100288 0.000006 -0.000000 0.000000 -0.000001 0.000000 
-0.473071 64.064476 1.308317 -18.418473 -6.932745 -7.800683 -0.000000 10.181548 0.131521 6.314457 3.199921 3.620729 11.367920 0.628838 1.894933 11.352417 0.700638 1.954068 -0.000000 16.740368 -2.049020 -3.718391 0.478169 -0.430115 0.000001 9.617849 1.684974 -11.448405 0.911160 3.503693 -0.000000 22.037369 7.501075 -0.000000 -0.000000 0.000000 -4.570003 11.014859 -2.160841 3.372316 13.738141 10.830826 -22.056875 27.161977 20.839477 -0.000748 85.361396 0.000752 -6.774035 6.142055 -28.366254 -2.464816 -1.574002 2.681907 7.564647 7.028708 27.703720 -9.818504 -72.226669 -19.707078 -2.646252 -1.527813 1.527826 -2.645430 -31.790023 -7.915088 -1.994590 -1.151590 1.151555 -0.000001 -0.000003 -0.000000 -9.108309 -0.517876 2.259803 6.036400 -6.888417 82.440971 4.121025 -6.349616 65.937868 1.115599 -3.782563 32.854576 -0.000002 -0.000001 -0.000001 -9.532502 -0.000009 0.000001 6.036402 -6.888416 82.440971 4.121023 -6.349612 65.937868 1.115598 -3.782564 32.854573 -0.000002 -0.000003 0.000000 -9.103619 -0.043110 -1.865098 6.036400 -6.888417 82.440964 4.121025 -6.349615 65.937868 1.115602 -3.782565 32.854573 0.000000 -0.000002 0.000001 -8.076714 -0.486726 -3.806302 6.036399 -6.888422 82.440971 4.121028 -6.349617 65.937861 1.115592 -3.782566 32.854603 0.000001 0.000001 0.000003 4.570402 11.014668 -2.160816 1.240298 0.033224 -10.624040 -33.057692 -40.200062 -49.151028 -0.000077 -82.205657 -0.000112 -1.400500 -1.185365 28.722492 2.466108 -1.576208 2.681694 18.241728 -23.305282 -17.628949 53.671609 63.248453 -40.439522 2.647881 -1.528769 1.528748 10.741891 32.760811 -5.296232 1.998913 -1.154100 1.154081 0.000005 0.000001 -0.000002 9.109315 -0.518000 2.259892 6.090337 6.835972 -83.384732 5.535319 6.749090 -78.694557 1.552534 4.360280 -39.183941 -0.000002 -0.000001 0.000003 9.533414 0.000004 0.000004 6.088418 6.835756 -83.368517 5.537223 6.749461 -78.710779 1.552544 4.360283 -39.183928 0.000001 0.000001 -0.000001 9.104493 -0.043005 -1.865105 6.090338 6.835969 -83.384732 5.535320 6.749090 -78.694557 1.552534 4.360281 -39.183945 0.000004 -0.000003 -0.000001 8.077826 -0.486894 -3.806306 10.148460 7.303614 -83.373981 5.544908 2.664448 -78.811347 1.552533 4.360286 -39.183941 0.000001 -0.000000 0.000003 -8.207801 -6.751701 -1.599550 -70.448586 -4.027830 -3.360968 51.480293 0.441922 -0.062405 35.288613 3.620045 13.678956 -0.000012 0.000003 0.000000 0.000000 -0.000000 0.000002 8.207800 -6.751704 -1.599550 -69.927654 -0.555805 14.450186 92.752548 9.744916 0.553145 -6.155436 3.353250 5.623583 -0.101560 0.000004 0.000002 0.000000 -0.000001 -0.000000 
-0.473229 64.063995 1.312769 -18.410034 -6.926325 -7.798223 0.000000 10.181542 0.131526 6.313896 3.194254 3.617862 11.366421 0.626298 1.896073 11.351026 0.697743 1.955366 -0.000001 16.740356 -2.049017 -3.735839 0.480031 -0.433248 0.000002 9.617839 1.684980 -11.434449 0.930469 3.483738 0.000002 22.037384 7.501069 -0.000001 0.000000 0.000000 -4.570000 11.014873 -2.160839 3.372662 13.727409 10.838176 -22.130962 27.202323 20.850512 -0.000813 85.461697 0.000810 -6.661441 6.023854 -28.297767 -2.464800 -1.573990 2.681912 7.564652 7.028699 27.703720 -9.818522 -72.226669 -19.707077 -2.646260 -1.527815 1.527808 -2.645432 -31.790023 -7.915080 -1.994599 -1.151598 1.151563 0.000002 0.000003 0.000003 -9.108297 -0.517891 2.259799 6.036408 -6.888415 82.440971 4.121020 -6.349615 65.937861 1.115597 -3.782564 32.854573 0.000001 -0.000003 -0.000001 -9.532503 0.000007 -0.000003 6.036408 -6.888417 82.440971 4.121021 -6.349612 65.937868 1.115597 -3.782563 32.854569 -0.000003 -0.000001 -0.000001 -9.103588 -0.043111 -1.865105 6.036409 -6.888415 82.440964 4.121023 -6.349614 65.937868 1.115599 -3.782562 32.854573 -0.000002 0.000003 -0.000001 -8.076714 -0.486716 -3.806307 6.036408 -6.888422 82.440971 4.121025 -6.349615 65.937861 1.115585 -3.782565 32.854596 0.000003 0.000001 0.000003 4.570401 11.014685 -2.160814 1.243869 0.052697 -10.662599 -33.005916 -40.254727 -49.029676 0.000005 -82.218122 -0.000030 -1.315375 -1.016810 28.868051 2.466085 -1.576210 2.681693 18.241731 -23.305283 -17.628940 53.671616 63.248453 -40.439515 2.647888 -1.528754 1.528754 10.741891 32.760811 -5.296236 1.998928 -1.154066 1.154086 0.000002 -0.000002 0.000002 9.109292 -0.518017 2.259892 6.090340 6.835964 -83.384725 5.535317 6.749091 -78.694550 1.552540 4.360279 -39.183941 -0.000005 -0.000000 0.000000 9.533405 -0.000006 -0.000001 6.088414 6.835746 -83.368510 5.537222 6.749460 -78.710772 1.552546 4.360278 -39.183931 0.000001 0.000000 0.000000 9.104490 -0.043001 -1.865100 6.090340 6.835965 -83.384725 5.535320 6.749087 -78.694550 1.552541 4.360280 -39.183935 0.000002 -0.000001 0.000001 8.077791 -0.486900 -3.806303 10.148464 7.303608 -83.373981 5.544911 2.664449 -78.811347 1.552531 4.360286 -39.183945 0.000003 -0.000001 0.000001 -8.207801 -6.751715 -1.599538 -70.451783 -4.026280 -3.362595 51.482554 0.422831 -0.062692 35.239610 3.612947 13.665025 -0.000013 0.000003 0.000000 0.000000 -0.000000 0.000001 8.207797 -6.751710 -1.599545 -69.935700 -0.555921 14.443195 92.755178 9.745108 0.553155 -6.160074 3.352704 5.625244 -0.102207 -0.000002 -0.000000 -0.000000 -0.000000 0.000000 
-0.473676 64.063629 1.317928 -18.403062 -6.919864 -7.796508 -0.000000 10.181556 0.131526 6.311192 3.186610 3.612394 11.364838 0.619375 1.897935 11.349484 0.690557 1.957031 -0.000000 16.740379 -2.049021 -3.744595 0.482627 -0.436907 0.000001 9.617828 1.684979 -11.422257 0.952890 3.466274 0.000000 22.037384 7.501069 -0.000000 0.000000 0.000000 -4.570002 11.014876 -2.160841 3.372835 13.722594 10.841360 -22.219217 27.218073 20.884854 -0.000555 85.575877 0.000637 -6.512497 5.759583 -28.176813 -2.464808 -1.573991 2.681907 7.564648 7.028701 27.703719 -9.818510 -72.226669 -19.707080 -2.646260 -1.527815 1.527822 -2.645433 -31.790023 -7.915082 -1.994582 -1.151585 1.151569 0.000001 -0.000002 -0.000004 -9.108311 -0.517895 2.259804 6.036403 -6.888416 82.440971 4.121021 -6.349611 65.937868 1.115598 -3.782564 32.854573 -0.000002 0.000003 0.000001 -9.532507 0.000006 0.000000 6.036400 -6.888416 82.440971 4.121025 -6.349614 65.937861 1.115600 -3.782568 32.854569 -0.000001 0.000001 0.000002 -9.103603 -0.043114 -1.865092 6.036403 -6.888414 82.440964 4.121025 -6.349616 65.937861 1.115596 -3.782561 32.854576 0.000001 0.000002 0.000003 -8.076715 -0.486713 -3.806298 6.036402 -6.888420 82.440971 4.121027 -6.349614 65.937854 1.115588 -3.782568 32.854593 0.000002 0.000001 0.000004 4.570399 11.014694 -2.160815 1.245581 0.064231 -10.683865 -32.939755 -40.274579 -48.928050 -0.000096 -82.241720 -0.000087 -1.248870 -0.882248 29.025121 2.466104 -1.576195 2.681701 18.241729 -23.305282 -17.628947 53.671613 63.248453 -40.439515 2.647897 -1.528754 1.528752 10.741891 32.760808 -5.296232 1.998925 -1.154068 1.154082 -0.000001 0.000003 -0.000000 9.109306 -0.518004 2.259903 6.090337 6.835966 -83.384725 5.535319 6.749096 -78.694550 1.552534 4.360277 -39.183945 -0.000003 -0.000001 0.000000 9.533435 0.000006 0.000001 6.088415 6.835749 -83.368510 5.537218 6.749457 -78.710772 1.552545 4.360280 -39.183928 0.000001 -0.000001 0.000002 9.104516 -0.043000 -1.865099 6.090337 6.835970 -83.384725 5.535320 6.749092 -78.694550 1.552537 4.360278 -39.183945 0.000000 -0.000000 0.000002 8.077807 -0.486871 -3.806305 10.148457 7.303608 -83.373975 5.544913 2.664451 -78.811347 1.552535 4.360282 -39.183941 -0.000005 -0.000005 -0.000000 -8.207801 -6.751703 -1.599545 -70.454938 -4.022508 -3.362362 51.484921 0.399658 -0.063071 35.187909 3.603830 13.654481 -0.000018 0.000002 0.000002 0.000001 -0.000001 0.000001 8.207797 -6.751704 -1.599544 -69.942291 -0.556617 14.437598 92.758238 9.745300 0.553165 -6.164227 3.352249 5.627169 -0.102220 -0.000000 0.000001 -0.000000 -0.000000 -0.000000 
-0.472533 64.063751 1.320072 -18.393657 -6.916238 -7.795922 0.000001 10.181558 0.131520 6.306815 3.181703 3.608401 11.360570 0.611534 1.899913 11.345131 0.682642 1.958579 -0.000000 16.740360 -2.049024 -3.744632 0.484550 -0.436955 0.000001 9.617833 1.684981 -11.395502 0.966596 3.437542 -0.000000 22.037369 7.501075 -0.000002 -0.000000 0.000000 -4.569999 11.014862 -2.160842 3.373787 13.713603 10.844547 -22.314882 27.254828 20.890979 -0.000747 85.585446 0.000760 -6.136609 5.689554 -28.034327 -2.464808 -1.574017 2.681911 7.564651 7.028702 27.703720 -9.818519 -72.226669 -19.707073 -2.646269 -1.527815 1.527819 -2.645433 -31.790023 -7.915083 -1.994594 -1.151584 1.151570 0.000002 -0.000002 -0.000002 -9.108311 -0.517895 2.259807 6.036400 -6.888423 82.440971 4.121021 -6.349620 65.937868 1.115595 -3.782566 32.854569 0.000001 0.000001 -0.000003 -9.532501 -0.000007 0.000002 6.036406 -6.888420 82.440971 4.121021 -6.349613 65.937868 1.115594 -3.782563 32.854576 -0.000001 -0.000001 0.000001 -9.103602 -0.043099 -1.865095 6.036401 -6.888423 82.440964 4.121022 -6.349617 65.937861 1.115591 -3.782563 32.854576 0.000001 -0.000000 0.000002 -8.076701 -0.486738 -3.806296 6.036405 -6.888425 82.440971 4.121025 -6.349617 65.937861 1.115588 -3.782564 32.854596 -0.000001 -0.000001 -0.000002 4.570402 11.014670 -2.160816 1.246313 0.072324 -10.688058 -32.880585 -40.269040 -48.845193 0.000101 -82.281732 0.000040 -1.320552 -0.796273 29.163077 2.466093 -1.576193 2.681693 18.241724 -23.305282 -17.628947 53.671616 63.248453 -40.439515 2.647876 -1.528769 1.528748 10.741889 32.760811 -5.296234 1.998932 -1.154069 1.154081 0.000002 0.000003 -0.000000 9.109303 -0.517994 2.259898 6.090337 6.835971 -83.384725 5.535319 6.749086 -78.694557 1.552541 4.360278 -39.183945 0.000000 -0.000001 -0.000000 9.533388 -0.000000 -0.000014 6.088414 6.835755 -83.368510 5.537225 6.749462 -78.710772 1.552547 4.360280 -39.183931 -0.000003 -0.000001 -0.000000 9.104500 -0.042981 -1.865104 6.090335 6.835969 -83.384725 5.535319 6.749085 -78.694557 1.552536 4.360279 -39.183938 -0.000003 -0.000002 0.000002 8.077802 -0.486886 -3.806310 10.148457 7.303615 -83.373981 5.544914 2.664451 -78.811347 1.552535 4.360285 -39.183945 -0.000002 0.000000 0.000003 -8.207800 -6.751702 -1.599551 -70.456407 -4.014839 -3.359893 51.486348 0.376748 -0.063424 35.127393 3.593389 13.641365 -0.000007 0.000002 -0.000000 0.000000 0.000000 0.000001 8.207799 -6.751703 -1.599551 -69.951314 -0.557540 14.433129 92.759536 9.745540 0.553191 -6.165311 3.351781 5.631041 -0.101548 0.000004 -0.000001 -0.000000 0.000000 -0.000000 
-0.470803 64.063950 1.321781 -18.387510 -6.913434 -7.796219 0.000000 10.181552 0.131522 6.302807 3.181305 3.606299 11.353009 0.610332 1.901367 11.337422 0.680952 1.959518 -0.000000 16.740356 -2.049017 -3.732897 0.484393 -0.424080 0.000001 9.617848 1.684978 -11.390900 0.976365 3.409142 0.000000 22.037369 7.501073 -0.000000 0.000000 -0.000000 -4.570004 11.014879 -2.160840 3.373962 13.709804 10.846899 -22.393762 27.267384 20.914808 -0.000714 85.655148 0.000792 -5.847056 5.406873 -27.915789 -2.464801 -1.573979 2.681905 7.564651 7.028705 27.703720 -9.818511 -72.226669 -19.707065 -2.646260 -1.527803 1.527802 -2.645433 -31.790023 -7.915078 -1.994586 -1.151580 1.151575 0.000005 -0.000002 -0.000002 -9.108300 -0.517885 2.259796 6.036405 -6.888414 82.440971 4.121025 -6.349615 65.937868 1.115598 -3.782564 32.854576 0.000002 -0.000000 -0.000000 -9.532506 0.000005 -0.000006 6.036405 -6.888416 82.440971 4.121021 -6.349615 65.937868 1.115597 -3.782566 32.854569 -0.000001 0.000000 0.000002 -9.103588 -0.043110 -1.865107 6.036402 -6.888416 82.440964 4.121024 -6.349614 65.937868 1.115594 -3.782563 32.854576 0.000003 0.000003 0.000002 -8.076702 -0.486717 -3.806300 6.036402 -6.888421 82.440971 4.121025 -6.349621 65.937854 1.115589 -3.782567 32.854596 0.000002 0.000005 0.000003 4.570401 11.014688 -2.160814 1.245195 0.071279 -10.687180 -32.842900 -40.260212 -48.787990 -0.000001 -82.306047 -0.000011 -1.464287 -0.754719 29.271561 2.466093 -1.576203 2.681691 18.241726 -23.305282 -17.628949 53.671606 63.248460 -40.439515 2.647886 -1.528754 1.528752 10.741891 32.760808 -5.296231 1.998928 -1.154078 1.154078 -0.000002 -0.000000 0.000001 9.109287 -0.518002 2.259886 6.090339 6.835970 -83.384725 5.535317 6.749090 -78.694550 1.552534 4.360275 -39.183945 -0.000003 -0.000003 0.000003 9.533415 0.000002 -0.000011 6.088417 6.835752 -83.368517 5.537227 6.749458 -78.710772 1.552541 4.360282 -39.183935 0.000002 0.000000 0.000000 9.104498 -0.043005 -1.865105 6.090339 6.835970 -83.384725 5.535320 6.749090 -78.694550 1.552531 4.360277 -39.183941 -0.000002 -0.000004 0.000001 8.077799 -0.486889 -3.806310 10.148460 7.303613 -83.373981 5.544911 2.664448 -78.811347 1.552530 4.360286 -39.183938 -0.000003 -0.000004 0.000001 -8.207800 -6.751705 -1.599548 -70.452957 -4.001974 -3.356216 51.483569 0.347361 -0.063899 35.067844 3.582065 13.639896 -0.000015 0.000002 -0.000000 0.000000 -0.000001 0.000001 8.207799 -6.751698 -1.599550 -69.957482 -0.558456 14.430841 92.760505 9.745957 0.553209 -6.164948 3.351029 5.634502 -0.100229 -0.000001 0.000000 -0.000000 -0.000001 -0.000000 
-0.468019 64.063385 1.319540 -18.383195 -6.911989 -7.797308 0.000002 10.181550 0.131525 6.300398 3.183513 3.604110 11.344836 0.610526 1.901593 11.329050 0.680607 1.959217 0.000000 16.740358 -2.049020 -3.716310 0.479517 -0.416688 0.000001 9.617851 1.684980 -11.374539 0.959263 3.403833 0.000000 22.037354 7.501074 -0.000000 -0.000000 -0.000000 -4.570004 11.014870 -2.160842 3.373655 13.708381 10.849411 -22.444497 27.288201 20.907469 -0.000803 85.691410 0.000856 -5.626523 5.199322 -27.752314 -2.464801 -1.574002 2.681908 7.564650 7.028708 27.703722 -9.818499 -72.226669 -19.707070 -2.646273 -1.527799 1.527812 -2.645433 -31.790019 -7.915084 -1.994574 -1.151588 1.151569 0.000001 0.000009 -0.000001 -9.108283 -0.517881 2.259797 6.036402 -6.888418 82.440971 4.121024 -6.349616 65.937868 1.115596 -3.782566 32.854569 0.000002 -0.000000 -0.000001 -9.532503 0.000009 -0.000004 6.036405 -6.888418 82.440971 4.121022 -6.349610 65.937861 1.115597 -3.782563 32.854573 -0.000001 0.000000 0.000001 -9.103590 -0.043093 -1.865102 6.036399 -6.888418 82.440964 4.121022 -6.349616 65.937861 1.115599 -3.782563 32.854576 -0.000001 0.000001 -0.000001 -8.076705 -0.486713 -3.806295 6.036406 -6.888420 82.440971 4.121025 -6.349618 65.937861 1.115591 -3.782564 32.854600 0.000001 -0.000001 0.000003 4.570400 11.014668 -2.160816 1.243657 0.067877 -10.691138 -32.814093 -40.235739 -48.754413 -0.000033 -82.307686 -0.000030 -1.644529 -0.721402 29.261524 2.466115 -1.576208 2.681699 18.241724 -23.305282 -17.628945 53.671606 63.248453 -40.439518 2.647891 -1.528763 1.528748 10.741891 32.760811 -5.296233 1.998924 -1.154099 1.154078 0.000003 -0.000001 -0.000000 9.109289 -0.518017 2.259907 6.090335 6.835969 -83.384725 5.535318 6.749088 -78.694557 1.552533 4.360281 -39.183938 -0.000000 -0.000000 0.000001 9.533417 -0.000000 0.000007 6.088412 6.835751 -83.368510 5.537223 6.749458 -78.710779 1.552542 4.360281 -39.183928 0.000001 -0.000003 0.000001 9.104501 -0.042999 -1.865095 6.090338 6.835970 -83.384725 5.535318 6.749088 -78.694557 1.552535 4.360278 -39.183938 0.000002 -0.000002 0.000002 8.077817 -0.486893 -3.806294 10.148459 7.303612 -83.373981 5.544913 2.664448 -78.811347 1.552533 4.360282 -39.183941 0.000004 -0.000003 0.000003 -8.207800 -6.751706 -1.599541 -70.438894 -3.994366 -3.350351 51.459130 0.320275 -0.064349 35.028338 3.574081 13.642195 -0.000009 0.000002 0.000000 -0.000001 -0.000001 0.000001 8.207798 -6.751700 -1.599554 -69.964742 -0.559258 14.431346 92.760984 9.746344 0.553244 -6.163741 3.349883 5.638853 -0.098201 0.000003 0.000002 -0.000000 -0.000001 -0.000000 
-0.466519 64.062500 1.318857 -18.373460 -6.910170 -7.798759 -0.000000 10.181548 0.131525 6.297771 3.186435 3.602053 11.336870 0.611619 1.899965 11.321033 0.680836 1.957150 0.000000 16.740364 -2.049021 -3.702050 0.475832 -0.395700 0.000002 9.617840 1.684980 -11.353364 0.981850 3.396136 -0.000001 22.037384 7.501069 -0.000001 -0.000000 0.000000 -4.569999 11.014876 -2.160844 3.373024 13.708558 10.852123 -22.456687 27.330254 20.869884 -0.000804 85.683391 0.000862 -5.541671 5.164161 -27.653401 -2.464786 -1.574002 2.681903 7.564652 7.028707 27.703722 -9.818516 -72.226669 -19.707066 -2.646262 -1.527815 1.527812 -2.645428 -31.790023 -7.915086 -1.994579 -1.151596 1.151572 0.000001 0.000001 0.000001 -9.108279 -0.517883 2.259791 6.036403 -6.888417 82.440978 4.121022 -6.349617 65.937868 1.115596 -3.782564 32.854576 -0.000000 0.000001 0.000003 -9.532500 0.000002 -0.000011 6.036400 -6.888419 82.440971 4.121025 -6.349614 65.937868 1.115595 -3.782562 32.854576 -0.000001 0.000006 0.000004 -9.103587 -0.043097 -1.865107 6.036401 -6.888419 82.440964 4.121024 -6.349614 65.937868 1.115597 -3.782566 32.854576 -0.000001 0.000002 0.000002 -8.076695 -0.486717 -3.806309 6.036403 -6.888423 82.440978 4.121028 -6.349615 65.937861 1.115587 -3.782566 32.854600 -0.000004 0.000002 0.000003 4.570402 11.014680 -2.160816 1.242648 0.066304 -10.701727 -32.779089 -40.206325 -48.685687 -0.000014 -82.336612 -0.000050 -1.787293 -0.619761 29.292117 2.466101 -1.576208 2.681703 18.241726 -23.305283 -17.628942 53.671613 63.248453 -40.439511 2.647888 -1.528769 1.528748 10.741893 32.760811 -5.296235 1.998936 -1.154053 1.154080 -0.000001 0.000002 0.000001 9.109291 -0.518002 2.259899 6.090335 6.835965 -83.384725 5.535319 6.749096 -78.694557 1.552535 4.360276 -39.183945 0.000001 0.000002 -0.000000 9.533419 -0.000002 0.000005 6.088411 6.835749 -83.368510 5.537222 6.749461 -78.710772 1.552541 4.360278 -39.183928 0.000001 0.000002 0.000002 9.104500 -0.042992 -1.865102 6.090338 6.835967 -83.384725 5.535321 6.749095 -78.694550 1.552535 4.360277 -39.183938 0.000007 0.000001 -0.000000 8.077822 -0.486895 -3.806301 10.148458 7.303608 -83.373975 5.544913 2.664444 -78.811347 1.552537 4.360286 -39.183941 0.000003 0.000001 0.000001 -8.207800 -6.751707 -1.599535 -70.428881 -3.991898 -3.343110 51.430003 0.301067 -0.064679 34.997640 3.565302 13.643293 -0.000017 0.000002 0.000000 -0.000001 -0.000001 0.000000 8.207798 -6.751700 -1.599548 -69.977146 -0.559386 14.432910 92.761236 9.746692 0.553264 -6.162404 3.347875 5.644012 -0.095473 0.000003 0.000002 0.000000 -0.000001 0.000000 
-0.464809 64.061600 1.317720 -18.363199 -6.906063 -7.800028 0.000001 10.181555 0.131523 6.294786 3.188242 3.601071 11.336133 0.613111 1.895844 11.320321 0.680857 1.952783 0.000000 16.740343 -2.049020 -3.684270 0.475048 -0.392054 0.000001 9.617831 1.684978 -11.321030 0.981545 3.394058 0.000002 22.037369 7.501076 -0.000000 -0.000000 -0.000000 -4.570001 11.014861 -2.160844 3.372246 13.709509 10.854733 -22.374002 27.409705 20.732860 -0.000884 85.698923 0.000974 -5.681795 5.139003 -27.561844 -2.464793 -1.573983 2.681907 7.564650 7.028706 27.703717 -9.818526 -72.226675 -19.707075 -2.646269 -1.527800 1.527813 -2.645431 -31.790023 -7.915087 -1.994575 -1.151585 1.151580 0.000000 0.000003 -0.000000 -9.108299 -0.517874 2.259798 6.036405 -6.888415 82.440971 4.121023 -6.349616 65.937868 1.115597 -3.782567 32.854573 0.000000 -0.000000 0.000002 -9.532488 0.000002 -0.000006 6.036402 -6.888419 82.440971 4.121023 -6.349615 65.937861 1.115596 -3.782565 32.854573 -0.000001 0.000002 0.000003 -9.103590 -0.043106 -1.865102 6.036405 -6.888415 82.440964 4.121024 -6.349616 65.937868 1.115595 -3.782565 32.854573 0.000001 0.000002 0.000003 -8.076702 -0.486724 -3.806301 6.036406 -6.888420 82.440971 4.121030 -6.349611 65.937861 1.115586 -3.782565 32.854596 -0.000000 0.000004 0.000002 4.570398 11.014678 -2.160816 1.241174 0.061159 -10.712692 -32.723880 -40.204112 -48.603578 -0.000065 -82.339262 -0.000062 -1.856038 -0.644131 29.276872 2.466104 -1.576201 2.681708 18.241726 -23.305278 -17.628950 53.671616 63.248453 -40.439522 2.647883 -1.528755 1.528750 10.741889 32.760811 -5.296234 1.998914 -1.154066 1.154084 0.000001 0.000001 -0.000002 9.109286 -0.518006 2.259903 6.090336 6.835972 -83.384732 5.535321 6.749092 -78.694550 1.552537 4.360283 -39.183938 -0.000002 -0.000003 -0.000001 9.533428 -0.000002 0.000004 6.088412 6.835754 -83.368517 5.537225 6.749458 -78.710772 1.552540 4.360281 -39.183931 0.000000 0.000001 -0.000000 9.104497 -0.043009 -1.865098 6.090338 6.835971 -83.384732 5.535322 6.749088 -78.694557 1.552535 4.360279 -39.183945 0.000002 0.000003 0.000000 8.077818 -0.486909 -3.806302 10.148458 7.303613 -83.373981 5.544912 2.664447 -78.811347 1.552529 4.360286 -39.183941 0.000005 -0.000001 0.000002 -8.207801 -6.751694 -1.599534 -70.411594 -3.990742 -3.339348 51.385528 0.287743 -0.064890 34.982979 3.559213 13.642359 -0.000012 0.000002 0.000000 -0.000000 0.000001 0.000000 8.207800 -6.751694 -1.599543 -69.990595 -0.558254 14.433767 92.761141 9.747213 0.553303 -6.161731 3.343059 5.645784 -0.092025 0.000017 0.000004 -0.000000 -0.000000 0.000000 
-0.465335 64.060318 1.320368 -18.353268 -6.901411 -7.798673 0.000000 10.181548 0.131522 6.290938 3.186920 3.599653 11.324636 0.614495 1.885294 11.308891 0.679870 1.942128 -0.000000 16.740370 -2.049019 -3.650261 0.474689 -0.373081 0.000001 9.617848 1.684975 -11.267945 0.990875 3.411658 0.000001 22.037369 7.501074 -0.000001 0.000000 -0.000000 -4.570004 11.014872 -2.160842 3.371542 13.710479 10.857071 -22.230760 27.497554 20.622267 -0.000837 85.807332 0.000897 -6.056872 4.835727 -27.652535 -2.464793 -1.573999 2.681902 7.564646 7.028700 27.703727 -9.818497 -72.226669 -19.707075 -2.646266 -1.527814 1.527817 -2.645433 -31.790016 -7.915084 -1.994582 -1.151582 1.151584 0.000003 0.000001 -0.000000 -9.108280 -0.517874 2.259794 6.036401 -6.888422 82.440971 4.121020 -6.349619 65.937861 1.115597 -3.782566 32.854569 0.000002 0.000002 0.000003 -9.532488 0.000002 -0.000009 6.036400 -6.888420 82.440971 4.121023 -6.349619 65.937861 1.115596 -3.782566 32.854576 -0.000002 -0.000001 0.000002 -9.103585 -0.043108 -1.865106 6.036401 -6.888420 82.440964 4.121023 -6.349617 65.937868 1.115597 -3.782563 32.854573 -0.000001 0.000004 0.000003 -8.076700 -0.486715 -3.806304 6.036403 -6.888426 82.440971 4.121025 -6.349617 65.937861 1.115589 -3.782567 32.854600 -0.000001 -0.000002 -0.000002 4.570403 11.014680 -2.160816 1.240114 0.056523 -10.714719 -32.670089 -40.208542 -48.517859 -0.000020 -82.291731 -0.000024 -2.067920 -0.797154 29.291604 2.466112 -1.576212 2.681712 18.241726 -23.305282 -17.628952 53.671613 63.248460 -40.439518 2.647876 -1.528784 1.528754 10.741889 32.760811 -5.296234 1.998918 -1.154085 1.154080 -0.000003 0.000001 -0.000004 9.109317 -0.518008 2.259898 6.090338 6.835969 -83.384725 5.535318 6.749090 -78.694557 1.552535 4.360279 -39.183945 0.000001 -0.000003 0.000000 9.533415 0.000002 0.000005 6.088415 6.835751 -83.368517 5.537223 6.749460 -78.710772 1.552543 4.360281 -39.183924 0.000000 0.000000 -0.000000 9.104497 -0.042996 -1.865097 6.090336 6.835971 -83.384732 5.535322 6.749090 -78.694557 1.552530 4.360276 -39.183941 0.000004 -0.000001 0.000000 8.077803 -0.486899 -3.806293 10.148461 7.303610 -83.373981 5.544912 2.664448 -78.811347 1.552530 4.360285 -39.183938 0.000006 0.000001 0.000002 -8.207801 -6.751697 -1.599554 -70.392763 -3.992335 -3.339903 51.337799 0.281753 -0.064990 34.978936 3.555439 13.639247 -0.000013 0.000002 0.000000 0.000001 -0.000002 0.000002 8.207798 -6.751697 -1.599547 -70.001762 -0.555233 14.432038 92.760663 9.747675 0.553334 -6.162595 3.338304 5.647963 -0.087858 -0.000007 -0.000000 -0.000000 -0.000001 0.000000 
-0.467713 64.058464 1.321857 -18.333420 -6.892021 -7.783275 -0.000000 10.181560 0.131528 6.285928 3.178043 3.593671 11.318823 0.615569 1.879501 11.303500 0.682032 1.934068 0.000000 16.740366 -2.049021 -3.639810 0.472578 -0.348774 0.000001 9.617874 1.684978 -11.252768 1.021318 3.381891 -0.000001 22.037369 7.501074 -0.000001 0.000000 -0.000000 -4.570000 11.014870 -2.160841 3.371105 13.710630 10.858877 -22.133339 27.622532 20.532483 -0.000762 85.816689 0.000732 -6.247180 4.764485 -27.566737 -2.464786 -1.573994 2.681914 7.564653 7.028706 27.703720 -9.818518 -72.226669 -19.707092 -2.646252 -1.527814 1.527816 -2.645429 -31.790019 -7.915084 -1.994583 -1.151585 1.151568 0.000000 -0.000000 -0.000000 -9.108297 -0.517881 2.259804 6.036405 -6.888416 82.440971 4.121023 -6.349612 65.937861 1.115601 -3.782566 32.854576 0.000001 0.000001 -0.000002 -9.532502 -0.000003 -0.000004 6.036405 -6.888420 82.440971 4.121020 -6.349613 65.937861 1.115599 -3.782564 32.854576 -0.000004 0.000003 0.000000 -9.103590 -0.043106 -1.865102 6.036405 -6.888416 82.440964 4.121019 -6.349616 65.937868 1.115601 -3.782566 32.854569 0.000000 0.000002 0.000002 -8.076702 -0.486722 -3.806301 6.036406 -6.888422 82.440971 4.121025 -6.349617 65.937861 1.115590 -3.782565 32.854596 -0.000000 0.000002 -0.000000 4.570400 11.014691 -2.160814 1.240639 0.058064 -10.710701 -32.708864 -40.060163 -48.515810 -0.000007 -82.247758 0.000002 -1.944284 -0.960963 28.253216 2.466124 -1.576210 2.681707 18.241729 -23.305283 -17.628945 53.671616 63.248453 -40.439515 2.647883 -1.528767 1.528758 10.741892 32.760815 -5.296233 1.998921 -1.154086 1.154093 -0.000000 -0.000001 -0.000002 9.109286 -0.518004 2.259896 6.090337 6.835970 -83.384732 5.535322 6.749092 -78.694557 1.552534 4.360283 -39.183941 -0.000000 0.000005 0.000002 9.533415 0.000006 -0.000007 6.088417 6.835750 -83.368517 5.537223 6.749462 -78.710779 1.552546 4.360283 -39.183931 0.000001 0.000001 0.000001 9.104496 -0.042999 -1.865098 6.090338 6.835972 -83.384732 5.535321 6.749097 -78.694550 1.552536 4.360282 -39.183941 0.000005 -0.000001 -0.000001 8.077802 -0.486894 -3.806304 10.148464 7.303611 -83.373981 5.544909 2.664447 -78.811347 1.552533 4.360283 -39.183941 0.000001 -0.000003 0.000001 -8.207801 -6.751708 -1.599538 -70.371002 -4.001859 -3.349397 51.262609 0.275226 -0.065048 35.027358 3.556666 13.587482 -0.000011 0.000004 0.000001 0.000000 0.000000 0.000001 8.207798 -6.751696 -1.599549 -70.021494 -0.540178 14.424294 92.760389 9.747618 0.553327 -6.176581 3.334331 5.654858 -0.082931 0.000006 -0.000000 -0.000000 -0.000000 0.000000 
-0.474497 64.054016 1.325405 -18.320458 -6.873116 -7.766351 -0.000000 10.181542 0.131524 6.280073 3.165740 3.578913 11.311072 0.618831 1.879256 11.295956 0.686245 1.931208 -0.000000 16.740345 -2.049019 -3.617230 0.465093 -0.348942 0.000000 9.617865 1.684977 -11.248216 0.993712 3.388721 0.000002 22.037369 7.501074 -0.000001 0.000000 0.000000 -4.570000 11.014861 -2.160839 3.371195 13.709032 10.859765 -22.032416 27.718108 20.497517 -0.000663 85.799696 0.000843 -6.336656 4.802532 -27.585447 -2.464778 -1.573991 2.681905 7.564649 7.028706 27.703717 -9.818523 -72.226669 -19.707070 -2.646269 -1.527810 1.527805 -2.645432 -31.790023 -7.915085 -1.994586 -1.151584 1.151566 0.000005 -0.000002 -0.000002 -9.108304 -0.517875 2.259799 6.036408 -6.888415 82.440971 4.121022 -6.349615 65.937868 1.115594 -3.782565 32.854569 -0.000002 -0.000002 0.000001 -9.532495 0.000006 -0.000002 6.036405 -6.888415 82.440971 4.121021 -6.349613 65.937861 1.115597 -3.782566 32.854569 -0.000002 0.000002 0.000000 -9.103575 -0.043109 -1.865107 6.036408 -6.888413 82.440964 4.121026 -6.349613 65.937868 1.115595 -3.782566 32.854573 0.000002 0.000002 0.000003 -8.076701 -0.486717 -3.806301 6.036407 -6.888420 82.440971 4.121027 -6.349616 65.937861 1.115589 -3.782561 32.854596 -0.000002 0.000000 -0.000000 4.570400 11.014682 -2.160816 1.240326 0.052498 -10.709778 -32.708850 -40.080595 -48.506986 -0.000088 -82.130450 -0.000067 -1.947968 -0.950461 28.176952 2.466101 -1.576196 2.681705 18.241733 -23.305282 -17.628942 53.671606 63.248453 -40.439528 2.647880 -1.528754 1.528752 10.741891 32.760811 -5.296231 1.998929 -1.154084 1.154093 0.000003 0.000001 -0.000002 9.109291 -0.518000 2.259895 6.090339 6.835966 -83.384725 5.535317 6.749089 -78.694550 1.552538 4.360282 -39.183945 -0.000003 -0.000000 -0.000001 9.533419 -0.000002 -0.000005 6.088416 6.835752 -83.368510 5.537222 6.749461 -78.710772 1.552542 4.360284 -39.183931 0.000003 -0.000002 0.000000 9.104502 -0.042993 -1.865110 6.090339 6.835966 -83.384725 5.535319 6.749092 -78.694550 1.552535 4.360278 -39.183945 0.000004 -0.000002 0.000000 8.077805 -0.486911 -3.806312 10.148466 7.303609 -83.373981 5.544911 2.664446 -78.811347 1.552530 4.360285 -39.183945 0.000001 0.000004 -0.000001 -8.207801 -6.751715 -1.599546 -70.335820 -4.041174 -3.369179 51.160647 0.351325 -0.063776 35.096405 3.574426 13.565768 -0.000017 0.000003 -0.000001 0.000000 -0.000000 0.000001 8.207800 -6.751707 -1.599540 -70.033912 -0.515333 14.417933 92.759276 9.747253 0.553303 -6.209917 3.333282 5.667710 -0.070024 0.000007 -0.000001 0.000000 0.000002 0.000000 
-0.482473 64.051888 1.334120 -18.295254 -6.846514 -7.746283 0.000000 10.181555 0.131525 6.261015 3.151440 3.563135 11.280030 0.623413 1.877855 11.265167 0.690939 1.929243 -0.000000 16.740351 -2.049016 -3.581082 0.457140 -0.349841 0.000002 9.617862 1.684972 -11.224929 0.953344 3.410851 0.000001 22.037399 7.501074 0.000000 0.000000 0.000000 -4.570003 11.014870 -2.160839 3.372110 13.704421 10.859575 -22.034624 27.691014 20.561431 -0.000682 85.663775 0.000754 -6.245286 5.139342 -27.085136 -2.464778 -1.574010 2.681901 7.564652 7.028706 27.703725 -9.818501 -72.226669 -19.707070 -2.646260 -1.527801 1.527807 -2.645435 -31.790016 -7.915082 -1.994587 -1.151585 1.151555 0.000001 -0.000001 0.000001 -9.108285 -0.517898 2.259798 6.036409 -6.888418 82.440971 4.121020 -6.349614 65.937868 1.115598 -3.782564 32.854573 0.000003 0.000001 -0.000001 -9.532476 -0.000005 -0.000006 6.036406 -6.888416 82.440971 4.121022 -6.349617 65.937868 1.115598 -3.782566 32.854576 0.000007 0.000003 0.000002 -9.103573 -0.043121 -1.865107 6.036406 -6.888416 82.440964 4.121024 -6.349615 65.937861 1.115601 -3.782562 32.854573 -0.000003 0.000002 0.000004 -8.076698 -0.486738 -3.806307 6.036411 -6.888421 82.440971 4.121024 -6.349619 65.937861 1.115587 -3.782565 32.854596 -0.000001 0.000004 0.000003 4.570399 11.014673 -2.160812 1.240351 0.046770 -10.712908 -32.689306 -40.087258 -48.523727 0.000005 -81.997193 0.000020 -1.922554 -1.079061 27.779803 2.466100 -1.576197 2.681699 18.241731 -23.305278 -17.628949 53.671613 63.248453 -40.439518 2.647882 -1.528769 1.528748 10.741891 32.760811 -5.296233 1.998924 -1.154081 1.154079 -0.000001 -0.000001 -0.000000 9.109303 -0.518004 2.259890 6.090339 6.835968 -83.384725 5.535321 6.749089 -78.694557 1.552535 4.360282 -39.183941 0.000000 0.000002 0.000001 9.533418 -0.000002 -0.000005 6.088418 6.835755 -83.368510 5.537228 6.749462 -78.710779 1.552544 4.360280 -39.183928 0.000006 -0.000002 0.000002 9.104501 -0.042995 -1.865108 6.090340 6.835971 -83.384725 5.535322 6.749089 -78.694557 1.552535 4.360283 -39.183941 0.000002 -0.000000 -0.000002 8.077789 -0.486897 -3.806300 10.148463 7.303613 -83.373981 5.544916 2.664452 -78.811347 1.552527 4.360284 -39.183941 0.000003 -0.000003 0.000002 -8.207801 -6.751700 -1.599530 -70.283589 -4.095759 -3.403031 51.010291 0.425164 -0.062554 35.243120 3.610736 13.553775 -0.000014 0.000002 0.000000 0.000000 -0.000001 0.000001 8.207802 -6.751701 -1.599544 -70.051977 -0.480562 14.409339 92.758333 9.746178 0.553229 -6.270715 3.342226 5.688671 -0.047346 0.000010 -0.000002 0.000000 0.000001 0.000000 
-0.491509 64.052544 1.359024 -18.244745 -6.801134 -7.693637 -0.000001 10.181552 0.131526 6.221808 3.120651 3.530906 11.221068 0.627406 1.876858 11.206518 0.694555 1.928090 0.000000 16.740364 -2.049019 -3.533597 0.449022 -0.348600 0.000001 9.617851 1.684984 -11.202624 0.897254 3.447310 -0.000000 22.037384 7.501074 -0.000001 -0.000000 0.000001 -4.570003 11.014871 -2.160838 3.373395 13.699316 10.858068 -21.967386 27.749327 20.704332 -0.000759 85.587168 0.000794 -6.403889 4.862681 -27.555553 -2.464770 -1.573991 2.681911 7.564647 7.028698 27.703719 -9.818512 -72.226669 -19.707066 -2.646266 -1.527800 1.527811 -2.645434 -31.790019 -7.915084 -1.994574 -1.151591 1.151558 -0.000002 0.000009 -0.000001 -9.108287 -0.517882 2.259808 6.036401 -6.888415 82.440971 4.121024 -6.349615 65.937868 1.115598 -3.782563 32.854569 -0.000003 0.000006 0.000002 -9.532493 0.000002 0.000005 6.036400 -6.888417 82.440971 4.121025 -6.349617 65.937868 1.115596 -3.782562 32.854576 0.000002 -0.000001 0.000003 -9.103590 -0.043104 -1.865103 6.036402 -6.888414 82.440964 4.121023 -6.349614 65.937868 1.115599 -3.782561 32.854576 0.000001 0.000003 0.000002 -8.076701 -0.486726 -3.806293 6.036406 -6.888420 82.440971 4.121028 -6.349620 65.937861 1.115588 -3.782565 32.854603 -0.000002 0.000005 0.000004 4.570398 11.014668 -2.160815 1.240968 0.042983 -10.716084 -32.646054 -40.061382 -48.556918 -0.000055 -81.880048 -0.000041 -1.837453 -1.381238 27.158796 2.466097 -1.576203 2.681706 18.241724 -23.305282 -17.628947 53.671606 63.248460 -40.439515 2.647890 -1.528756 1.528752 10.741894 32.760818 -5.296236 1.998934 -1.154084 1.154082 0.000003 0.000005 -0.000004 9.109320 -0.517998 2.259894 6.090335 6.835967 -83.384725 5.535319 6.749093 -78.694557 1.552538 4.360278 -39.183941 -0.000002 -0.000004 -0.000000 9.533419 0.000007 -0.000001 6.088411 6.835752 -83.368517 5.537223 6.749460 -78.710779 1.552547 4.360283 -39.183931 -0.000000 -0.000001 -0.000000 9.104501 -0.042992 -1.865098 6.090336 6.835969 -83.384725 5.535321 6.749093 -78.694557 1.552533 4.360281 -39.183941 -0.000000 0.000000 0.000002 8.077818 -0.486886 -3.806297 10.148457 7.303615 -83.373981 5.544911 2.664448 -78.811347 1.552535 4.360282 -39.183941 -0.000002 -0.000000 0.000001 -8.207801 -6.751709 -1.599530 -70.237881 -4.139653 -3.495300 50.841186 0.415802 -0.062736 35.452414 3.668910 13.571231 -0.000015 0.000002 0.000000 -0.000000 -0.000001 -0.000000 8.207797 -6.751702 -1.599550 -70.081388 -0.414130 14.370628 92.758122 9.743868 0.553064 -6.365611 3.362139 5.717285 -0.016425 0.000006 0.000001 0.000000 -0.000001 -0.000000 
-0.493381 64.056396 1.378643 -18.199333 -6.773415 -7.674786 -0.000000 10.181546 0.131525 6.177566 3.105961 3.527805 11.151360 0.628920 1.877474 11.136806 0.695440 1.928550 -0.000000 16.740362 -2.049021 -3.459986 0.437305 -0.342339 0.000001 9.617847 1.684972 -11.180456 0.830495 3.497195 -0.000000 22.037369 7.501071 -0.000000 0.000000 -0.000000 -4.570002 11.014880 -2.160839 3.374213 13.698201 10.855384 -21.901456 27.796665 20.833504 -0.000648 85.383061 0.000793 -6.361246 4.805048 -27.861049 -2.464794 -1.574017 2.681904 7.564651 7.028711 27.703720 -9.818517 -72.226669 -19.707070 -2.646256 -1.527799 1.527816 -2.645427 -31.790019 -7.915082 -1.994587 -1.151580 1.151578 0.000002 0.000005 0.000001 -9.108298 -0.517888 2.259797 6.036397 -6.888420 82.440971 4.121022 -6.349612 65.937868 1.115596 -3.782564 32.854573 -0.000001 0.000003 0.000003 -9.532491 0.000008 -0.000006 6.036402 -6.888419 82.440971 4.121021 -6.349611 65.937861 1.115597 -3.782566 32.854576 -0.000004 0.000001 0.000003 -9.103588 -0.043105 -1.865107 6.036398 -6.888420 82.440964 4.121024 -6.349615 65.937868 1.115598 -3.782566 32.854569 0.000001 0.000004 0.000005 -8.076702 -0.486717 -3.806304 6.036404 -6.888421 82.440971 4.121026 -6.349613 65.937861 1.115589 -3.782567 32.854596 -0.000000 0.000000 0.000002 4.570400 11.014689 -2.160816 1.241815 0.039878 -10.724265 -32.610735 -40.060955 -48.644921 -0.000103 -81.775423 -0.000118 -1.650396 -1.461142 26.667695 2.466116 -1.576203 2.681699 18.241724 -23.305288 -17.628949 53.671616 63.248453 -40.439525 2.647892 -1.528784 1.528748 10.741895 32.760811 -5.296234 1.998924 -1.154069 1.154082 0.000003 -0.000001 -0.000000 9.109304 -0.518004 2.259901 6.090337 6.835967 -83.384725 5.535315 6.749094 -78.694550 1.552538 4.360280 -39.183941 0.000002 -0.000002 0.000002 9.533403 -0.000004 -0.000006 6.088412 6.835750 -83.368510 5.537222 6.749460 -78.710779 1.552541 4.360280 -39.183931 0.000003 0.000003 -0.000002 9.104502 -0.043000 -1.865098 6.090334 6.835966 -83.384725 5.535317 6.749092 -78.694550 1.552537 4.360282 -39.183938 0.000003 -0.000004 0.000001 8.077807 -0.486890 -3.806305 10.148456 7.303608 -83.373975 5.544910 2.664447 -78.811347 1.552533 4.360282 -39.183941 -0.000001 0.000003 -0.000000 -8.207801 -6.751708 -1.599548 -70.201080 -4.167293 -3.575670 50.718058 0.235572 -0.066873 35.578968 3.703675 13.593857 -0.000015 0.000002 0.000000 -0.000000 -0.000001 0.000001 8.207797 -6.751698 -1.599553 -70.102548 -0.373437 14.370264 92.743608 9.748456 0.552818 -6.424472 3.433820 5.601570 -0.000144 0.000003 0.000004 -0.000000 -0.000000 0.000000 
-0.495560 64.060081 1.398005 -18.154998 -6.745075 -7.658047 -0.000001 10.181549 0.131523 6.115786 3.091586 3.529610 11.052333 0.624016 1.893018 11.037587 0.689612 1.944155 -0.000000 16.740381 -2.049020 -3.419644 0.436210 -0.385926 0.000001 9.617864 1.684976 -10.927227 0.758173 3.507029 0.000001 22.037369 7.501073 0.000001 0.000000 -0.000000 -4.570001 11.014882 -2.160843 3.374258 13.713056 10.842961 -21.783237 27.768359 20.929416 -0.000568 85.156039 0.000617 -6.349960 4.788420 -27.961584 -2.464793 -1.573990 2.681913 7.564653 7.028708 27.703720 -9.818513 -72.226669 -19.707070 -2.646262 -1.527805 1.527819 -2.645433 -31.790023 -7.915084 -1.994587 -1.151587 1.151573 -0.000003 0.000004 0.000005 -9.108316 -0.517878 2.259806 6.036401 -6.888414 82.440971 4.121025 -6.349617 65.937868 1.115599 -3.782565 32.854573 0.000003 0.000002 0.000003 -9.532491 0.000003 0.000002 6.036406 -6.888418 82.440971 4.121018 -6.349616 65.937868 1.115599 -3.782565 32.854573 -0.000005 -0.000003 0.000002 -9.103591 -0.043110 -1.865098 6.036400 -6.888416 82.440964 4.121025 -6.349614 65.937868 1.115599 -3.782563 32.854573 -0.000002 0.000002 -0.000000 -8.076715 -0.486723 -3.806297 6.036404 -6.888420 82.440971 4.121023 -6.349620 65.937861 1.115592 -3.782565 32.854596 -0.000003 -0.000002 -0.000001 4.570399 11.014684 -2.160816 1.246522 0.057030 -10.748547 -32.560775 -40.184540 -48.785780 0.000086 -81.549146 0.000077 -1.415837 -1.523444 26.306935 2.466093 -1.576204 2.681693 18.241726 -23.305280 -17.628944 53.671609 63.248453 -40.439515 2.647883 -1.528765 1.528746 10.741891 32.760811 -5.296229 1.998917 -1.154067 1.154081 0.000001 0.000001 -0.000000 9.109287 -0.518008 2.259891 6.090335 6.835970 -83.384725 5.535319 6.749088 -78.694550 1.552536 4.360280 -39.183945 0.000003 -0.000000 0.000001 9.533415 -0.000004 -0.000012 6.088411 6.835752 -83.368517 5.537224 6.749460 -78.710779 1.552547 4.360282 -39.183928 -0.000005 -0.000001 0.000001 9.104486 -0.043013 -1.865108 6.090338 6.835969 -83.384725 5.535321 6.749088 -78.694557 1.552534 4.360279 -39.183938 0.000004 -0.000005 -0.000001 8.077805 -0.486888 -3.806310 10.148457 7.303612 -83.373981 5.544913 2.664446 -78.811347 1.552531 4.360283 -39.183941 -0.000002 -0.000000 0.000000 -8.207802 -6.751703 -1.599542 -70.145640 -4.179298 -3.638400 50.559601 0.080456 -0.071998 35.731585 3.758445 13.695909 -0.000012 0.000003 -0.000001 -0.000000 0.000000 -0.000000 8.207799 -6.751698 -1.599546 -70.123790 -0.347548 14.372241 92.735582 9.755594 0.552397 -6.450798 3.487670 5.430587 -0.000079 0.000008 0.000001 -0.000000 0.000001 0.000000 
-0.501493 64.058594 1.413177 -18.129796 -6.700418 -7.624924 -0.000000 10.181540 0.131521 6.026184 3.050819 3.501829 10.909368 0.608197 1.891757 10.894676 0.671876 1.942855 -0.000000 16.740376 -2.049020 -3.339847 0.474858 -0.477811 0.000001 9.617852 1.684976 -10.529631 0.749699 3.841486 -0.000001 22.037354 7.501070 -0.000000 0.000000 0.000000 -4.570002 11.014861 -2.160838 3.375341 13.709252 10.841274 -21.598354 27.801551 21.100696 -0.000566 84.968093 0.000596 -6.636918 4.548466 -27.788715 -2.464801 -1.574002 2.681908 7.564648 7.028703 27.703724 -9.818516 -72.226669 -19.707077 -2.646256 -1.527813 1.527817 -2.645424 -31.790023 -7.915084 -1.994578 -1.151582 1.151572 0.000003 -0.000002 -0.000005 -9.108315 -0.517881 2.259808 6.036405 -6.888416 82.440971 4.121025 -6.349616 65.937868 1.115597 -3.782564 32.854573 -0.000002 0.000001 0.000002 -9.532493 0.000008 -0.000001 6.036404 -6.888414 82.440971 4.121021 -6.349615 65.937868 1.115597 -3.782563 32.854576 -0.000001 -0.000001 0.000002 -9.103590 -0.043131 -1.865100 6.036406 -6.888415 82.440964 4.121023 -6.349617 65.937861 1.115598 -3.782562 32.854569 -0.000001 0.000003 0.000003 -8.076706 -0.486722 -3.806297 6.036407 -6.888423 82.440964 4.121029 -6.349619 65.937861 1.115589 -3.782565 32.854593 -0.000004 0.000001 0.000003 4.570401 11.014683 -2.160815 1.246209 0.048542 -10.783675 -32.426200 -40.303567 -48.829695 -0.000041 -81.312138 -0.000049 -1.194899 -1.502747 26.005189 2.466101 -1.576204 2.681701 18.241726 -23.305282 -17.628945 53.671620 63.248453 -40.439518 2.647897 -1.528763 1.528748 10.741892 32.760808 -5.296233 1.998909 -1.154080 1.154084 -0.000000 0.000001 -0.000000 9.109289 -0.518008 2.259905 6.090338 6.835968 -83.384725 5.535316 6.749091 -78.694557 1.552534 4.360278 -39.183938 -0.000001 -0.000001 -0.000001 9.533423 -0.000010 -0.000004 6.088415 6.835750 -83.368510 5.537224 6.749458 -78.710779 1.552543 4.360282 -39.183928 0.000002 0.000001 0.000001 9.104486 -0.043001 -1.865092 6.090341 6.835969 -83.384725 5.535324 6.749090 -78.694550 1.552534 4.360277 -39.183945 0.000003 -0.000000 -0.000001 8.077806 -0.486893 -3.806306 10.148461 7.303609 -83.373975 5.544912 2.664451 -78.811347 1.552532 4.360284 -39.183938 0.000001 0.000004 0.000001 -8.207803 -6.751701 -1.599539 -70.008244 -4.180664 -3.650004 50.238452 0.156006 -0.072248 36.114355 3.794396 13.631125 -0.000011 0.000005 -0.000000 -0.000000 0.000000 -0.000000 8.207799 -6.751702 -1.599543 -70.134472 -0.310618 14.353593 92.734708 9.760336 0.552088 -6.471537 3.513627 5.319716 0.000242 0.000005 -0.000002 0.000000 0.000001 0.000001 
-0.509348 64.050430 1.415031 -18.141256 -6.642762 -7.588260 -0.000001 10.181549 0.131522 5.931228 2.998497 3.467074 10.758584 0.585252 1.888202 10.743834 0.646791 1.938755 0.000000 16.740349 -2.049021 -3.244694 0.511255 -0.556748 -0.000000 9.617834 1.684977 -10.081640 0.774891 4.071977 0.000001 22.037369 7.501074 0.000000 -0.000000 -0.000000 -4.569997 11.014873 -2.160842 3.375702 13.725970 10.825941 -21.436281 27.772411 21.279816 -0.000443 84.619343 0.000510 -6.783002 4.973302 -27.396094 -2.464793 -1.573991 2.681914 7.564651 7.028707 27.703725 -9.818516 -72.226669 -19.707073 -2.646262 -1.527798 1.527824 -2.645433 -31.790019 -7.915085 -1.994583 -1.151590 1.151567 -0.000002 0.000000 -0.000000 -9.108296 -0.517874 2.259808 6.036404 -6.888417 82.440971 4.121019 -6.349619 65.937861 1.115601 -3.782566 32.854573 0.000001 0.000001 0.000003 -9.532503 0.000010 0.000003 6.036401 -6.888417 82.440971 4.121023 -6.349614 65.937861 1.115598 -3.782566 32.854573 0.000001 -0.000001 -0.000000 -9.103588 -0.043106 -1.865096 6.036406 -6.888415 82.440964 4.121020 -6.349612 65.937868 1.115595 -3.782562 32.854573 -0.000001 0.000002 -0.000001 -8.076700 -0.486726 -3.806292 6.036408 -6.888421 82.440971 4.121025 -6.349620 65.937861 1.115590 -3.782564 32.854600 -0.000003 -0.000001 -0.000001 4.570399 11.014687 -2.160816 1.249406 0.058461 -10.814014 -32.285242 -40.521972 -48.895760 -0.000078 -81.029915 -0.000097 -0.862291 -1.276890 26.059680 2.466112 -1.576213 2.681709 18.241723 -23.305285 -17.628949 53.671613 63.248453 -40.439518 2.647897 -1.528767 1.528760 10.741891 32.760815 -5.296233 1.998917 -1.154088 1.154083 0.000002 -0.000001 -0.000000 9.109303 -0.517999 2.259912 6.090332 6.835966 -83.384725 5.535316 6.749092 -78.694550 1.552535 4.360278 -39.183945 -0.000001 -0.000000 0.000001 9.533401 0.000001 0.000006 6.088409 6.835753 -83.368517 5.537224 6.749454 -78.710772 1.552539 4.360284 -39.183924 -0.000001 -0.000001 -0.000000 9.104500 -0.043006 -1.865098 6.090335 6.835970 -83.384725 5.535321 6.749089 -78.694550 1.552532 4.360280 -39.183941 0.000001 -0.000001 -0.000000 8.077802 -0.486894 -3.806298 10.148456 7.303608 -83.373981 5.544912 2.664452 -78.811347 1.552531 4.360282 -39.183945 0.000003 -0.000003 0.000000 -8.207801 -6.751708 -1.599541 -69.773340 -4.168632 -3.648530 49.776062 0.236876 -0.070687 36.681630 3.827641 13.507796 -0.000015 0.000001 0.000001 -0.000000 -0.000001 -0.000000 8.207798 -6.751702 -1.599554 -70.124015 -0.271253 14.319193 92.735753 9.762260 0.551902 -6.475484 3.521471 5.281494 0.000829 -0.000014 0.000002 -0.000000 -0.000001 0.000000 
-0.521454 64.044060 1.415298 -18.174140 -6.579324 -7.561381 -0.000001 10.181550 0.131525 5.813352 2.940565 3.433263 10.563816 0.552162 1.891417 10.549658 0.610731 1.941681 -0.000000 16.740358 -2.049023 -3.131970 0.522664 -0.497447 0.000001 9.617841 1.684973 -9.365014 0.927471 4.048555 0.000001 22.037369 7.501074 -0.000000 0.000000 -0.000001 -4.570001 11.014874 -2.160842 3.373735 13.729448 10.818554 -21.153402 27.791671 21.470604 -0.000675 84.272991 0.000658 -7.298673 5.008488 -27.383811 -2.464801 -1.574018 2.681906 7.564648 7.028700 27.703722 -9.818509 -72.226669 -19.707080 -2.646262 -1.527799 1.527815 -2.645425 -31.790023 -7.915084 -1.994582 -1.151585 1.151585 0.000001 -0.000002 -0.000004 -9.108280 -0.517875 2.259808 6.036407 -6.888419 82.440971 4.121022 -6.349617 65.937868 1.115594 -3.782565 32.854569 0.000002 0.000002 -0.000001 -9.532503 -0.000014 0.000003 6.036406 -6.888419 82.440971 4.121025 -6.349617 65.937868 1.115596 -3.782562 32.854573 0.000002 0.000003 0.000001 -9.103589 -0.043108 -1.865094 6.036404 -6.888419 82.440964 4.121024 -6.349617 65.937861 1.115595 -3.782563 32.854576 -0.000001 0.000002 -0.000000 -8.076699 -0.486724 -3.806298 6.036408 -6.888423 82.440971 4.121028 -6.349613 65.937861 1.115588 -3.782566 32.854600 -0.000000 0.000001 0.000002 4.570399 11.014684 -2.160818 1.251497 0.060096 -10.829802 -32.124647 -40.706794 -49.030096 -0.000001 -80.617215 -0.000004 -0.574018 -1.125135 25.765309 2.466100 -1.576203 2.681707 18.241724 -23.305280 -17.628945 53.671616 63.248453 -40.439518 2.647889 -1.528768 1.528746 10.741894 32.760815 -5.296232 1.998929 -1.154071 1.154082 0.000004 0.000003 -0.000002 9.109292 -0.518014 2.259900 6.090334 6.835966 -83.384725 5.535319 6.749095 -78.694557 1.552535 4.360275 -39.183945 -0.000001 0.000002 0.000001 9.533403 -0.000004 0.000005 6.088411 6.835751 -83.368510 5.537225 6.749464 -78.710772 1.552543 4.360279 -39.183928 -0.000001 0.000003 0.000003 9.104498 -0.043001 -1.865100 6.090337 6.835970 -83.384725 5.535318 6.749089 -78.694557 1.552533 4.360277 -39.183941 0.000000 -0.000006 0.000000 8.077808 -0.486896 -3.806301 10.148457 7.303608 -83.373975 5.544912 2.664449 -78.811347 1.552530 4.360284 -39.183938 -0.000000 -0.000001 0.000001 -8.207803 -6.751704 -1.599541 -69.530445 -4.149782 -3.630785 49.355657 0.325506 -0.067790 37.227400 3.826949 13.277930 -0.000013 0.000001 -0.000000 -0.000000 -0.000001 0.000001 8.207798 -6.751704 -1.599546 -70.093778 -0.251791 14.279142 92.736122 9.762155 0.551860 -6.474077 3.502249 5.290796 0.001579 -0.000010 0.000001 0.000000 0.000000 0.000000 
-0.531942 64.043854 1.412359 -18.227333 -6.512617 -7.559088 -0.000001 10.181561 0.131523 5.704701 2.890438 3.423737 10.385070 0.519822 1.913550 10.371170 0.575847 1.962771 0.000000 16.740377 -2.049023 -3.055573 0.536021 -0.480996 0.000000 9.617832 1.684979 -8.824724 1.024724 4.050003 -0.000000 22.037369 7.501078 -0.000000 0.000000 0.000001 -4.570000 11.014889 -2.160842 3.361547 13.668971 10.851548 -20.924949 27.860261 21.730681 -0.000486 83.963843 0.000558 -8.031695 4.781079 -27.116555 -2.464793 -1.574002 2.681910 7.564649 7.028705 27.703722 -9.818528 -72.226675 -19.707078 -2.646267 -1.527827 1.527815 -2.645424 -31.790019 -7.915084 -1.994594 -1.151583 1.151566 0.000003 -0.000001 0.000001 -9.108295 -0.517882 2.259809 6.036403 -6.888420 82.440971 4.121022 -6.349619 65.937861 1.115598 -3.782564 32.854573 0.000005 0.000002 0.000001 -9.532489 0.000006 0.000001 6.036405 -6.888417 82.440971 4.121023 -6.349617 65.937868 1.115599 -3.782563 32.854573 -0.000001 0.000001 0.000002 -9.103575 -0.043100 -1.865099 6.036405 -6.888417 82.440964 4.121020 -6.349619 65.937868 1.115602 -3.782560 32.854573 0.000002 0.000006 0.000005 -8.076685 -0.486720 -3.806297 6.036406 -6.888421 82.440971 4.121025 -6.349618 65.937861 1.115586 -3.782563 32.854600 -0.000000 -0.000001 -0.000001 4.570400 11.014695 -2.160817 1.251981 0.068183 -10.851202 -32.163764 -40.840361 -49.467450 0.000034 -80.273902 0.000011 -0.455232 -0.494441 25.479505 2.466101 -1.576204 2.681693 18.241726 -23.305282 -17.628944 53.671613 63.248460 -40.439508 2.647883 -1.528754 1.528752 10.741892 32.760811 -5.296229 1.998921 -1.154066 1.154082 0.000002 0.000003 -0.000002 9.109291 -0.518004 2.259896 6.090341 6.835964 -83.384725 5.535321 6.749093 -78.694557 1.552534 4.360280 -39.183938 -0.000001 -0.000002 0.000002 9.533417 0.000003 -0.000006 6.088412 6.835752 -83.368517 5.537222 6.749457 -78.710772 1.552545 4.360283 -39.183928 0.000003 -0.000001 0.000000 9.104500 -0.042995 -1.865104 6.090340 6.835969 -83.384725 5.535318 6.749093 -78.694550 1.552532 4.360285 -39.183938 0.000002 -0.000001 -0.000001 8.077819 -0.486899 -3.806306 10.148462 7.303610 -83.373981 5.544913 2.664445 -78.811354 1.552532 4.360281 -39.183945 0.000003 -0.000003 -0.000001 -8.207801 -6.751715 -1.599540 -69.299748 -4.104545 -3.591977 49.028758 0.376641 -0.065118 37.622304 3.821770 13.162224 -0.000015 0.000003 0.000000 0.000000 -0.000000 0.000000 8.207799 -6.751701 -1.599552 -70.041063 -0.255810 14.245511 92.731757 9.761026 0.551888 -6.467979 3.463764 5.327022 0.002456 0.000001 0.000001 0.000000 0.000001 -0.000000 
-0.535961 64.057884 1.395424 -18.265748 -6.466476 -7.577027 -0.000000 10.181560 0.131522 5.581342 2.850566 3.436686 10.183999 0.474970 1.941812 10.170415 0.528825 1.989595 0.000000 16.740383 -2.049021 -3.067096 0.525437 -0.474187 0.000001 9.617842 1.684977 -8.344939 1.015064 3.959610 -0.000001 22.037369 7.501072 -0.000000 0.000000 -0.000000 -4.570001 11.014885 -2.160839 3.365740 13.674659 10.841183 -20.759940 27.766828 22.060213 -0.000608 83.382246 0.000683 -8.617910 5.016406 -26.993046 -2.464801 -1.574006 2.681911 7.564651 7.028706 27.703720 -9.818518 -72.226669 -19.707068 -2.646262 -1.527822 1.527808 -2.645436 -31.790019 -7.915089 -1.994574 -1.151577 1.151577 0.000004 0.000006 -0.000004 -9.108296 -0.517876 2.259802 6.036404 -6.888419 82.440971 4.121022 -6.349612 65.937868 1.115600 -3.782561 32.854576 -0.000005 0.000002 0.000002 -9.532502 0.000002 0.000001 6.036401 -6.888419 82.440971 4.121020 -6.349614 65.937861 1.115598 -3.782561 32.854569 -0.000000 0.000000 0.000000 -9.103587 -0.043102 -1.865099 6.036404 -6.888419 82.440964 4.121022 -6.349615 65.937868 1.115601 -3.782562 32.854573 -0.000003 0.000003 0.000004 -8.076686 -0.486719 -3.806300 6.036404 -6.888426 82.440971 4.121024 -6.349620 65.937861 1.115590 -3.782566 32.854593 0.000002 0.000002 0.000003 4.570400 11.014683 -2.160815 1.252158 0.116938 -10.945753 -32.052135 -41.056311 -49.811268 -0.000001 -79.974466 -0.000033 -0.010137 -0.188001 25.249266 2.466100 -1.576208 2.681697 18.241728 -23.305277 -17.628947 53.671606 63.248460 -40.439515 2.647894 -1.528750 1.528754 10.741890 32.760808 -5.296234 1.998932 -1.154084 1.154086 0.000003 0.000003 -0.000000 9.109303 -0.518008 2.259893 6.090336 6.835970 -83.384725 5.535321 6.749093 -78.694557 1.552539 4.360278 -39.183941 -0.000006 -0.000005 -0.000000 9.533401 -0.000002 -0.000012 6.088413 6.835752 -83.368517 5.537223 6.749465 -78.710779 1.552547 4.360278 -39.183928 -0.000001 -0.000004 0.000001 9.104500 -0.042994 -1.865113 6.090338 6.835968 -83.384725 5.535320 6.749093 -78.694557 1.552539 4.360278 -39.183945 -0.000003 -0.000004 0.000000 8.077804 -0.486897 -3.806309 10.148464 7.303611 -83.373981 5.544914 2.664450 -78.811347 1.552534 4.360283 -39.183941 -0.000000 -0.000002 0.000003 -8.207800 -6.751715 -1.599545 -69.152728 -4.063622 -3.534567 48.843052 0.434555 -0.062468 37.747177 3.796338 13.083999 -0.000016 0.000002 -0.000001 0.000000 0.000001 -0.000000 8.207801 -6.751709 -1.599558 -69.994693 -0.277193 14.222912 92.703207 9.759384 0.552029 -6.443632 3.421579 5.394731 0.003431 0.000010 -0.000002 -0.000000 0.000000 0.000000 
-0.538743 64.075790 1.376379 -18.266311 -6.429113 -7.593584 -0.000001 10.181552 0.131521 5.454297 2.815124 3.464452 9.981940 0.434001 1.984465 9.968974 0.485650 2.028988 0.000000 16.740345 -2.049017 -3.063516 0.561746 -0.472215 0.000000 9.617864 1.684979 -7.985041 1.234979 3.838852 -0.000000 22.037369 7.501070 -0.000001 0.000000 0.000001 -4.569998 11.014845 -2.160841 3.365328 13.669169 10.836854 -20.483401 27.630564 22.269297 -0.000391 83.055838 0.000423 -9.598884 4.573157 -27.452994 -2.464808 -1.574013 2.681916 7.564654 7.028704 27.703720 -9.818523 -72.226675 -19.707085 -2.646266 -1.527812 1.527799 -2.645425 -31.790023 -7.915080 -1.994590 -1.151593 1.151571 0.000000 -0.000000 -0.000000 -9.108288 -0.517874 2.259813 6.036401 -6.888418 82.440971 4.121021 -6.349618 65.937868 1.115598 -3.782566 32.854573 -0.000000 0.000002 0.000004 -9.532481 0.000010 0.000008 6.036403 -6.888414 82.440964 4.121025 -6.349612 65.937868 1.115601 -3.782565 32.854573 -0.000004 0.000003 0.000001 -9.103579 -0.043106 -1.865090 6.036402 -6.888418 82.440957 4.121022 -6.349616 65.937868 1.115598 -3.782563 32.854573 -0.000001 -0.000001 0.000002 -8.076692 -0.486724 -3.806292 6.036406 -6.888420 82.440964 4.121025 -6.349618 65.937861 1.115585 -3.782566 32.854600 -0.000001 0.000001 0.000002 4.570404 11.014663 -2.160814 1.250739 0.166170 -11.191762 -31.756924 -41.405686 -49.772371 0.000004 -79.904874 -0.000008 0.292737 0.093960 24.661687 2.466085 -1.576210 2.681693 18.241731 -23.305283 -17.628942 53.671620 63.248453 -40.439522 2.647882 -1.528764 1.528752 10.741891 32.760811 -5.296236 1.998925 -1.154084 1.154084 0.000002 0.000003 -0.000004 9.109307 -0.518007 2.259894 6.090340 6.835965 -83.384725 5.535323 6.749095 -78.694557 1.552540 4.360283 -39.183941 0.000001 -0.000001 0.000002 9.533389 0.000006 -0.000006 6.088416 6.835751 -83.368510 5.537223 6.749464 -78.710772 1.552540 4.360281 -39.183928 -0.000000 0.000002 -0.000000 9.104489 -0.043001 -1.865113 6.090338 6.835968 -83.384725 5.535321 6.749093 -78.694550 1.552539 4.360283 -39.183941 0.000000 -0.000004 0.000000 8.077792 -0.486885 -3.806312 10.148460 7.303612 -83.373975 5.544909 2.664449 -78.811347 1.552534 4.360288 -39.183945 -0.000002 -0.000001 -0.000000 -8.207801 -6.751705 -1.599553 -69.078894 -4.014885 -3.502072 48.736463 0.378179 -0.062475 37.736822 3.783063 13.099751 -0.000015 0.000003 -0.000001 -0.000000 -0.000000 -0.000001 8.207798 -6.751696 -1.599552 -69.985861 -0.298011 14.201373 92.664302 9.757046 0.552236 -6.410527 3.377523 5.482793 0.004466 -0.000003 0.000000 -0.000000 -0.000000 0.000000 
-0.548589 64.102348 1.366837 -18.145495 -6.369913 -7.601259 -0.000000 10.181546 0.131527 5.299570 2.749439 3.565703 9.723648 0.321896 2.162648 9.711652 0.369648 2.201689 -0.000000 16.740379 -2.049020 -3.070666 0.592614 -0.735844 0.000001 9.617843 1.684978 -8.097185 1.020114 3.900795 0.000000 22.037369 7.501072 -0.000001 0.000000 0.000000 -4.570000 11.014882 -2.160842 3.354352 13.609413 10.865598 -20.056077 27.868085 22.359890 -0.000350 82.578777 0.000392 -10.513545 4.660352 -28.825130 -2.464801 -1.573979 2.681918 7.564646 7.028705 27.703719 -9.818510 -72.226669 -19.707070 -2.646271 -1.527818 1.527819 -2.645433 -31.790023 -7.915080 -1.994594 -1.151582 1.151581 0.000004 0.000000 0.000005 -9.108303 -0.517884 2.259815 6.036400 -6.888417 82.440971 4.121022 -6.349615 65.937861 1.115599 -3.782564 32.854569 0.000003 0.000003 0.000002 -9.532496 0.000006 0.000006 6.036397 -6.888417 82.440964 4.121020 -6.349613 65.937868 1.115600 -3.782565 32.854576 0.000005 0.000003 0.000002 -9.103595 -0.043097 -1.865087 6.036400 -6.888417 82.440957 4.121021 -6.349614 65.937868 1.115600 -3.782564 32.854576 0.000002 0.000002 0.000001 -8.076704 -0.486717 -3.806290 6.036402 -6.888422 82.440971 4.121022 -6.349616 65.937861 1.115588 -3.782567 32.854600 -0.000002 0.000003 0.000003 4.570402 11.014674 -2.160815 1.254016 0.323971 -11.559501 -31.168182 -41.783658 -49.538443 -0.000070 -80.024778 -0.000068 0.414983 0.341506 24.408393 2.466101 -1.576208 2.681689 18.241724 -23.305283 -17.628949 53.671613 63.248460 -40.439515 2.647889 -1.528766 1.528752 10.741893 32.760808 -5.296232 1.998925 -1.154084 1.154080 0.000002 0.000000 -0.000000 9.109304 -0.518015 2.259893 6.090339 6.835968 -83.384725 5.535318 6.749093 -78.694557 1.552538 4.360280 -39.183945 0.000000 -0.000002 0.000000 9.533420 -0.000002 -0.000008 6.088412 6.835752 -83.368510 5.537222 6.749462 -78.710772 1.552549 4.360279 -39.183928 0.000001 0.000005 -0.000001 9.104503 -0.042997 -1.865107 6.090339 6.835968 -83.384725 5.535317 6.749093 -78.694557 1.552539 4.360280 -39.183941 0.000000 -0.000001 0.000001 8.077806 -0.486895 -3.806306 10.148459 7.303610 -83.373975 5.544914 2.664451 -78.811347 1.552536 4.360285 -39.183945 0.000002 0.000003 -0.000001 -8.207800 -6.751707 -1.599539 -69.130974 -3.989857 -3.504224 48.659070 0.294007 -0.064219 37.682304 3.773664 13.099715 -0.000013 0.000001 0.000001 -0.000000 -0.000001 -0.000000 8.207797 -6.751712 -1.599542 -70.088615 -0.341291 14.142217 92.611430 9.754251 0.552473 -6.365980 3.337008 5.578201 0.005514 0.000001 0.000001 0.000000 -0.000001 -0.000000 
-0.563784 64.131805 1.358795 -17.956818 -6.346867 -7.591664 -0.000000 10.181555 0.131518 5.165302 2.722720 3.653497 9.503465 0.268953 2.320570 9.491583 0.314099 2.357091 -0.000001 16.740366 -2.049021 -3.377588 0.602423 -0.975554 -0.000000 9.617863 1.684978 -7.978714 0.750218 3.900359 -0.000002 22.037384 7.501073 -0.000000 0.000000 0.000000 -4.570002 11.014853 -2.160840 3.323702 13.458174 10.951420 -19.752777 27.953485 22.467781 -0.000303 82.292530 0.000368 -11.440580 4.922456 -29.696604 -2.464793 -1.574002 2.681912 7.564649 7.028706 27.703720 -9.818524 -72.226669 -19.707073 -2.646262 -1.527804 1.527811 -2.645435 -31.790023 -7.915083 -1.994579 -1.151587 1.151568 0.000001 -0.000001 0.000001 -9.108300 -0.517880 2.259803 6.036401 -6.888421 82.440971 4.121019 -6.349611 65.937868 1.115600 -3.782565 32.854569 0.000003 0.000002 0.000002 -9.532494 -0.000004 -0.000001 6.036401 -6.888420 82.440964 4.121019 -6.349619 65.937868 1.115599 -3.782563 32.854573 0.000002 -0.000001 0.000000 -9.103577 -0.043105 -1.865095 6.036401 -6.888421 82.440957 4.121021 -6.349614 65.937861 1.115602 -3.782562 32.854576 -0.000004 0.000001 0.000003 -8.076691 -0.486725 -3.806297 6.036402 -6.888424 82.440964 4.121026 -6.349616 65.937861 1.115591 -3.782568 32.854600 0.000002 0.000001 0.000002 4.570399 11.014669 -2.160814 1.247218 0.451939 -11.858304 -30.894742 -42.215173 -49.490960 -0.000066 -80.206249 -0.000044 0.867293 0.660370 24.413891 2.466120 -1.576203 2.681709 18.241724 -23.305283 -17.628942 53.671616 63.248453 -40.439525 2.647875 -1.528784 1.528748 10.741895 32.760811 -5.296233 1.998921 -1.154082 1.154086 0.000001 0.000003 -0.000002 9.109320 -0.518014 2.259905 6.090333 6.835965 -83.384725 5.535316 6.749093 -78.694550 1.552535 4.360278 -39.183941 -0.000004 -0.000004 0.000000 9.533419 -0.000003 0.000003 6.088410 6.835751 -83.368510 5.537223 6.749464 -78.710779 1.552547 4.360280 -39.183928 -0.000000 0.000005 -0.000001 9.104503 -0.042998 -1.865095 6.090334 6.835969 -83.384725 5.535318 6.749093 -78.694557 1.552535 4.360280 -39.183941 -0.000001 -0.000002 0.000001 8.077823 -0.486897 -3.806294 10.148457 7.303607 -83.373975 5.544909 2.664445 -78.811347 1.552528 4.360286 -39.183941 0.000002 0.000001 -0.000002 -8.207801 -6.751703 -1.599542 -69.262852 -3.953533 -3.490433 48.594641 0.197013 -0.068927 37.595444 3.761596 13.097653 -0.000011 0.000002 -0.000001 0.000001 -0.000000 0.000001 8.207799 -6.751705 -1.599558 -70.252928 -0.378266 14.094687 92.537684 9.753599 0.552685 -6.305501 3.332113 5.626983 0.006509 0.000002 -0.000003 0.000000 -0.000000 0.000000 
-0.583404 64.151642 1.349693 -17.816274 -6.345699 -7.576579 -0.000001 10.181551 0.131524 5.003091 2.710306 3.670062 9.218271 0.252857 2.342739 9.207126 0.295318 2.375809 0.000001 16.740376 -2.049018 -3.457533 0.603536 -0.963400 0.000001 9.617833 1.684980 -8.208603 0.782575 3.878430 -0.000000 22.037369 7.501073 -0.000001 0.000001 -0.000000 -4.570000 11.014879 -2.160838 3.329617 13.479579 10.932196 -19.396636 27.436694 22.814029 -0.000349 81.940284 0.000327 -12.358286 5.226083 -30.022404 -2.464809 -1.573991 2.681922 7.564651 7.028706 27.703720 -9.818515 -72.226669 -19.707083 -2.646266 -1.527802 1.527807 -2.645433 -31.790019 -7.915084 -1.994591 -1.151584 1.151577 0.000002 0.000003 0.000003 -9.108329 -0.517889 2.259809 6.036397 -6.888421 82.440971 4.121019 -6.349614 65.937868 1.115603 -3.782559 32.854576 -0.000003 0.000000 -0.000000 -9.532521 0.000008 0.000009 6.036398 -6.888423 82.440971 4.121019 -6.349612 65.937868 1.115598 -3.782561 32.854576 -0.000002 0.000000 -0.000000 -9.103604 -0.043107 -1.865097 6.036398 -6.888421 82.440964 4.121023 -6.349610 65.937861 1.115603 -3.782560 32.854576 0.000007 0.000004 0.000003 -8.076714 -0.486714 -3.806290 6.036400 -6.888426 82.440971 4.121026 -6.349614 65.937861 1.115592 -3.782562 32.854603 -0.000001 0.000002 0.000004 4.570401 11.014669 -2.160814 1.251503 0.438495 -11.959327 -30.645170 -42.523945 -49.462724 0.000040 -80.267523 0.000006 1.446914 1.072786 23.663064 2.466085 -1.576203 2.681699 18.241726 -23.305285 -17.628945 53.671613 63.248453 -40.439511 2.647894 -1.528769 1.528744 10.741892 32.760815 -5.296234 1.998918 -1.154082 1.154080 -0.000000 0.000002 -0.000000 9.109289 -0.518015 2.259894 6.090338 6.835967 -83.384725 5.535319 6.749097 -78.694557 1.552538 4.360284 -39.183938 -0.000002 -0.000003 0.000000 9.533417 0.000017 -0.000002 6.088413 6.835749 -83.368510 5.537223 6.749463 -78.710772 1.552542 4.360284 -39.183928 0.000003 0.000000 -0.000000 9.104498 -0.042983 -1.865106 6.090343 6.835969 -83.384725 5.535318 6.749097 -78.694557 1.552540 4.360284 -39.183945 -0.000002 0.000003 -0.000000 8.077789 -0.486880 -3.806304 10.148460 7.303609 -83.373975 5.544913 2.664445 -78.811347 1.552533 4.360284 -39.183945 -0.000000 0.000007 0.000003 -8.207799 -6.751702 -1.599538 -69.367818 -3.911536 -3.464247 48.553038 0.108951 -0.073193 37.503251 3.745584 13.094641 -0.000013 0.000002 0.000001 -0.000000 -0.000001 -0.000001 8.207797 -6.751702 -1.599551 -70.378693 -0.398321 14.066094 92.484183 9.752553 0.552891 -6.257801 3.338509 5.679859 0.007406 0.000000 -0.000001 0.000000 -0.000002 0.000000 
-0.597349 64.158775 1.340199 -17.771811 -6.357472 -7.566559 0.000000 10.181544 0.131525 4.922545 2.704125 3.702481 9.081749 0.242225 2.400430 9.070037 0.283893 2.434468 -0.000000 16.740362 -2.049023 -3.722612 0.645741 -1.041369 0.000000 9.617872 1.684976 -8.557145 0.885921 3.880995 -0.000002 22.037369 7.501068 -0.000000 0.000000 0.000000 -4.570000 11.014879 -2.160841 3.316941 13.415728 10.967631 -19.020817 27.149133 22.827317 -0.000368 81.566590 0.000398 -13.001013 5.490225 -30.273062 -2.464808 -1.573987 2.681905 7.564646 7.028701 27.703724 -9.818515 -72.226669 -19.707061 -2.646254 -1.527811 1.527810 -2.645433 -31.790023 -7.915085 -1.994586 -1.151587 1.151575 -0.000003 0.000005 0.000001 -9.108331 -0.517880 2.259801 6.036394 -6.888421 82.440971 4.121022 -6.349615 65.937868 1.115599 -3.782562 32.854573 -0.000002 0.000005 0.000004 -9.532506 -0.000002 0.000002 6.036395 -6.888422 82.440971 4.121021 -6.349614 65.937861 1.115596 -3.782565 32.854576 0.000001 -0.000002 -0.000001 -9.103589 -0.043098 -1.865108 6.036397 -6.888420 82.440964 4.121019 -6.349612 65.937861 1.115596 -3.782564 32.854573 0.000006 0.000004 0.000001 -8.076716 -0.486722 -3.806299 6.036399 -6.888426 82.440971 4.121025 -6.349620 65.937861 1.115589 -3.782567 32.854596 -0.000002 -0.000001 0.000000 4.570402 11.014680 -2.160816 1.243881 0.485044 -11.938109 -30.734256 -42.882445 -49.658918 0.000040 -80.331849 0.000032 1.884584 1.443825 23.307501 2.466115 -1.576203 2.681710 18.241724 -23.305282 -17.628945 53.671616 63.248453 -40.439518 2.647887 -1.528751 1.528750 10.741892 32.760811 -5.296232 1.998936 -1.154069 1.154080 0.000003 -0.000003 -0.000002 9.109284 -0.518023 2.259909 6.090335 6.835970 -83.384732 5.535318 6.749094 -78.694550 1.552538 4.360277 -39.183941 0.000000 -0.000000 0.000001 9.533399 -0.000004 0.000013 6.088411 6.835754 -83.368517 5.537225 6.749461 -78.710779 1.552542 4.360279 -39.183931 0.000001 0.000000 0.000001 9.104496 -0.043002 -1.865086 6.090335 6.835971 -83.384732 5.535318 6.749098 -78.694557 1.552536 4.360278 -39.183945 0.000001 -0.000003 0.000002 8.077819 -0.486911 -3.806288 10.148458 7.303611 -83.373981 5.544911 2.664445 -78.811347 1.552536 4.360287 -39.183945 0.000000 -0.000000 0.000002 -8.207800 -6.751707 -1.599541 -69.390460 -3.876532 -3.430627 48.521845 0.049454 -0.076640 37.433528 3.729309 13.091586 -0.000013 0.000002 0.000001 -0.000000 -0.000001 0.000001 8.207800 -6.751700 -1.599555 -70.410364 -0.441053 14.032019 92.461391 9.753579 0.553078 -6.223709 3.347725 5.668577 0.008217 -0.000009 0.000004 -0.000000 -0.000002 -0.000000 
-0.604095 64.157181 1.334118 -17.792050 -6.374168 -7.559134 -0.000000 10.181538 0.131522 4.861935 2.687402 3.728709 8.975685 0.214247 2.450748 8.963402 0.255252 2.486201 -0.000002 16.740370 -2.049023 -3.980711 0.669974 -1.093554 0.000002 9.617871 1.684976 -8.998644 0.983573 3.667751 -0.000001 22.037369 7.501073 -0.000000 0.000000 0.000000 -4.569999 11.014906 -2.160842 3.308032 13.370999 10.993147 -18.737471 26.854719 22.850022 -0.000320 81.036725 0.000364 -13.317125 5.716357 -30.381262 -2.464808 -1.573991 2.681905 7.564649 7.028701 27.703724 -9.818511 -72.226669 -19.707070 -2.646241 -1.527814 1.527816 -2.645430 -31.790023 -7.915085 -1.994587 -1.151585 1.151570 0.000000 -0.000001 0.000001 -9.108296 -0.517891 2.259805 6.036400 -6.888425 82.440971 4.121021 -6.349618 65.937868 1.115594 -3.782566 32.854569 -0.000000 0.000002 0.000000 -9.532516 0.000006 0.000000 6.036400 -6.888426 82.440971 4.121024 -6.349615 65.937861 1.115596 -3.782565 32.854569 -0.000004 0.000003 -0.000000 -9.103619 -0.043116 -1.865096 6.036400 -6.888425 82.440964 4.121024 -6.349611 65.937861 1.115596 -3.782568 32.854569 0.000002 0.000002 0.000002 -8.076714 -0.486715 -3.806300 6.036404 -6.888431 82.440971 4.121027 -6.349619 65.937861 1.115588 -3.782566 32.854600 -0.000001 0.000003 0.000002 4.570398 11.014682 -2.160818 1.240783 0.503292 -11.911994 -30.815307 -43.166905 -49.820728 -0.000051 -80.220893 -0.000039 2.234798 1.288321 23.076165 2.466101 -1.576208 2.681699 18.241728 -23.305285 -17.628942 53.671616 63.248453 -40.439522 2.647883 -1.528767 1.528750 10.741891 32.760811 -5.296233 1.998925 -1.154068 1.154084 0.000003 0.000003 -0.000000 9.109306 -0.518011 2.259906 6.090339 6.835966 -83.384725 5.535318 6.749093 -78.694550 1.552536 4.360281 -39.183945 -0.000000 0.000003 -0.000003 9.533403 0.000006 0.000002 6.088417 6.835751 -83.368517 5.537224 6.749461 -78.710779 1.552542 4.360283 -39.183931 -0.000000 0.000002 0.000000 9.104503 -0.042993 -1.865097 6.090339 6.835968 -83.384725 5.535319 6.749092 -78.694557 1.552536 4.360280 -39.183945 0.000001 0.000004 -0.000000 8.077806 -0.486897 -3.806297 10.148461 7.303611 -83.373975 5.544911 2.664450 -78.811347 1.552536 4.360284 -39.183941 0.000000 0.000001 0.000001 -8.207800 -6.751711 -1.599540 -69.356637 -3.851107 -3.404074 48.497140 0.014375 -0.078865 37.388210 3.715676 13.089206 -0.000012 0.000001 0.000001 -0.000000 -0.000000 -0.000000 8.207802 -6.751713 -1.599556 -70.384908 -0.477755 13.985748 92.458632 9.753340 0.553239 -6.202482 3.400799 5.675964 0.008833 0.000006 -0.000001 0.000000 0.000002 0.000000 
-0.604847 64.153954 1.336256 -17.841562 -6.391332 -7.558942 -0.000000 10.181556 0.131526 4.803816 2.663284 3.721241 8.872680 0.176912 2.430257 8.860840 0.217201 2.464784 -0.000001 16.740379 -2.049021 -4.097764 0.686049 -1.037642 0.000002 9.617854 1.684977 -9.473614 1.163070 3.550169 0.000000 22.037369 7.501071 0.000001 -0.000000 0.000000 -4.570002 11.014893 -2.160841 3.324249 13.444754 10.946263 -18.569650 26.377844 23.124043 -0.000340 80.480351 0.000405 -13.630877 5.941325 -30.481789 -2.464793 -1.573991 2.681905 7.564651 7.028702 27.703717 -9.818529 -72.226669 -19.707071 -2.646266 -1.527826 1.527815 -2.645429 -31.790019 -7.915088 -1.994579 -1.151585 1.151571 -0.000000 0.000003 0.000001 -9.108298 -0.517880 2.259797 6.036397 -6.888423 82.440971 4.121022 -6.349616 65.937861 1.115599 -3.782562 32.854569 -0.000004 0.000002 -0.000003 -9.532492 -0.000002 0.000004 6.036400 -6.888424 82.440971 4.121023 -6.349619 65.937861 1.115602 -3.782563 32.854576 -0.000003 0.000004 0.000002 -9.103574 -0.043097 -1.865108 6.036399 -6.888420 82.440964 4.121019 -6.349611 65.937868 1.115601 -3.782560 32.854573 -0.000002 0.000002 0.000003 -8.076701 -0.486715 -3.806308 6.036403 -6.888425 82.440971 4.121026 -6.349615 65.937854 1.115591 -3.782568 32.854600 0.000001 0.000004 0.000004 4.570401 11.014676 -2.160816 1.247666 0.466310 -11.914352 -30.768766 -43.459575 -49.760144 0.000049 -80.157174 0.000031 2.958512 1.671067 22.292488 2.466100 -1.576204 2.681695 18.241726 -23.305280 -17.628940 53.671616 63.248460 -40.439515 2.647883 -1.528761 1.528750 10.741895 32.760808 -5.296228 1.998921 -1.154068 1.154081 0.000000 0.000004 0.000001 9.109288 -0.517996 2.259894 6.090337 6.835969 -83.384725 5.535315 6.749090 -78.694550 1.552537 4.360277 -39.183941 0.000002 -0.000002 0.000001 9.533403 -0.000002 -0.000010 6.088415 6.835752 -83.368517 5.537219 6.749463 -78.710779 1.552543 4.360279 -39.183931 -0.000003 0.000003 -0.000000 9.104500 -0.043013 -1.865109 6.090337 6.835967 -83.384725 5.535317 6.749090 -78.694550 1.552535 4.360278 -39.183945 -0.000001 -0.000003 0.000003 8.077805 -0.486904 -3.806306 10.148461 7.303610 -83.373981 5.544911 2.664449 -78.811347 1.552531 4.360283 -39.183945 -0.000001 0.000000 0.000001 -8.207800 -6.751704 -1.599546 -69.294557 -3.842321 -3.384506 48.478173 -0.003377 -0.079949 37.355623 3.705685 13.088049 -0.000010 0.000001 -0.000001 0.000000 -0.000000 0.000000 8.207800 -6.751697 -1.599548 -70.329611 -0.515524 13.941357 92.476458 9.753447 0.553396 -6.202309 3.447567 5.667411 0.009219 -0.000003 -0.000002 0.000000 0.000000 -0.000000 
-0.604541 64.145416 1.349615 -17.900618 -6.413057 -7.563133 0.000000 10.181538 0.131523 4.778444 2.657134 3.724317 8.826356 0.178717 2.450081 8.814489 0.218318 2.484283 0.000000 16.740368 -2.049018 -4.304996 0.739908 -1.062608 0.000001 9.617847 1.684975 -9.685041 1.420809 3.443125 0.000001 22.037384 7.501074 0.000001 0.000000 -0.000000 -4.569997 11.014876 -2.160841 3.323073 13.442979 10.947960 -18.358374 26.020874 23.183554 -0.000308 80.107744 0.000371 -14.324768 6.151755 -30.921810 -2.464793 -1.574002 2.681913 7.564649 7.028705 27.703725 -9.818507 -72.226669 -19.707073 -2.646273 -1.527815 1.527807 -2.645428 -31.790019 -7.915081 -1.994563 -1.151589 1.151576 0.000000 0.000003 -0.000002 -9.108315 -0.517880 2.259806 6.036397 -6.888423 82.440971 4.121023 -6.349615 65.937868 1.115600 -3.782562 32.854576 0.000003 -0.000000 -0.000001 -9.532491 0.000009 0.000003 6.036397 -6.888424 82.440971 4.121022 -6.349616 65.937861 1.115601 -3.782563 32.854569 -0.000001 -0.000001 -0.000002 -9.103589 -0.043113 -1.865100 6.036397 -6.888423 82.440964 4.121020 -6.349614 65.937868 1.115598 -3.782559 32.854573 0.000001 0.000006 0.000004 -8.076700 -0.486717 -3.806300 6.036396 -6.888428 82.440971 4.121023 -6.349614 65.937861 1.115592 -3.782566 32.854600 0.000002 0.000002 0.000003 4.570402 11.014678 -2.160814 1.251958 0.459987 -11.924005 -30.875594 -43.833548 -49.902745 -0.000016 -80.097902 -0.000024 3.501497 2.061601 21.976962 2.466116 -1.576220 2.681701 18.241723 -23.305285 -17.628945 53.671616 63.248453 -40.439518 2.647887 -1.528765 1.528748 10.741890 32.760811 -5.296232 1.998918 -1.154085 1.154080 0.000002 0.000004 -0.000000 9.109289 -0.518015 2.259901 6.090337 6.835966 -83.384725 5.535318 6.749088 -78.694557 1.552535 4.360277 -39.183941 -0.000002 -0.000004 -0.000001 9.533419 -0.000015 0.000004 6.088414 6.835748 -83.368510 5.537225 6.749459 -78.710779 1.552542 4.360285 -39.183928 0.000001 0.000001 0.000000 9.104498 -0.043023 -1.865102 6.090334 6.835969 -83.384725 5.535316 6.749092 -78.694550 1.552535 4.360278 -39.183938 0.000002 -0.000002 0.000002 8.077792 -0.486910 -3.806298 10.148459 7.303606 -83.373975 5.544913 2.664446 -78.811347 1.552534 4.360282 -39.183938 -0.000000 0.000004 -0.000000 -8.207802 -6.751703 -1.599534 -69.219616 -3.835623 -3.363008 48.453072 -0.019009 -0.080906 37.362344 3.701654 13.088997 -0.000012 0.000001 -0.000000 -0.000000 -0.000000 -0.000001 8.207799 -6.751699 -1.599547 -70.269738 -0.546370 13.919822 92.515015 9.753845 0.553447 -6.222638 3.482113 5.649534 0.009357 0.000008 -0.000003 0.000000 -0.000001 -0.000000 
-0.605299 64.136345 1.367571 -17.947316 -6.430568 -7.553987 0.000000 10.181561 0.131522 4.758025 2.648734 3.726206 8.788412 0.187764 2.442906 8.777198 0.224195 2.474827 0.000000 16.740377 -2.049020 -4.490473 0.759853 -1.018433 0.000001 9.617840 1.684979 -9.934561 1.590243 3.393486 0.000002 22.037354 7.501071 -0.000000 -0.000000 -0.000000 -4.569999 11.014880 -2.160841 3.323539 13.444037 10.949018 -18.204351 25.650634 23.339556 -0.000238 79.868114 0.000278 -15.385904 6.261538 -31.122177 -2.464808 -1.573995 2.681915 7.564645 7.028701 27.703719 -9.818522 -72.226675 -19.707068 -2.646269 -1.527803 1.527812 -2.645429 -31.790023 -7.915081 -1.994579 -1.151577 1.151578 0.000003 0.000005 0.000001 -9.108311 -0.517882 2.259805 6.036399 -6.888426 82.440971 4.121024 -6.349617 65.937868 1.115599 -3.782566 32.854573 0.000002 0.000002 -0.000000 -9.532517 -0.000002 -0.000000 6.036396 -6.888427 82.440971 4.121022 -6.349616 65.937861 1.115602 -3.782566 32.854573 -0.000000 0.000003 -0.000000 -9.103601 -0.043109 -1.865106 6.036399 -6.888426 82.440964 4.121022 -6.349615 65.937861 1.115598 -3.782567 32.854569 0.000002 0.000002 -0.000001 -8.076744 -0.486714 -3.806298 6.036401 -6.888427 82.440971 4.121025 -6.349617 65.937861 1.115588 -3.782566 32.854600 0.000002 0.000000 0.000001 4.570399 11.014696 -2.160817 1.251514 0.444583 -11.923345 -30.995556 -44.107132 -50.069685 -0.000021 -80.137927 -0.000058 3.832791 2.493514 21.264255 2.466108 -1.576201 2.681703 18.241728 -23.305280 -17.628945 53.671613 63.248453 -40.439518 2.647888 -1.528752 1.528748 10.741889 32.760815 -5.296232 1.998922 -1.154079 1.154082 -0.000000 0.000001 -0.000002 9.109303 -0.518000 2.259899 6.090336 6.835971 -83.384725 5.535319 6.749090 -78.694557 1.552538 4.360277 -39.183938 -0.000001 0.000003 0.000001 9.533401 0.000002 -0.000002 6.088419 6.835752 -83.368517 5.537224 6.749455 -78.710772 1.552542 4.360280 -39.183924 0.000000 -0.000001 -0.000001 9.104498 -0.043005 -1.865102 6.090339 6.835972 -83.384725 5.535321 6.749093 -78.694557 1.552535 4.360275 -39.183938 0.000002 0.000003 0.000001 8.077814 -0.486898 -3.806302 10.148463 7.303614 -83.373981 5.544912 2.664445 -78.811347 1.552534 4.360283 -39.183945 0.000002 -0.000003 0.000000 -8.207800 -6.751702 -1.599533 -69.160808 -3.830162 -3.361874 48.441010 -0.064458 -0.082256 37.371694 3.699988 13.088794 -0.000015 0.000002 0.000000 -0.000000 -0.000000 -0.000001 8.207799 -6.751700 -1.599550 -70.223367 -0.553872 13.903361 92.552444 9.753747 0.553442 -6.247087 3.505254 5.640437 0.009189 0.000013 0.000002 0.000000 -0.000001 -0.000000 
-0.612326 64.124840 1.373877 -18.008436 -6.429054 -7.547047 0.000000 10.181546 0.131525 4.758046 2.641574 3.710093 8.784002 0.188842 2.427861 8.773122 0.228067 2.458831 -0.000000 16.740381 -2.049019 -4.596967 0.766098 -0.959779 0.000000 9.617840 1.684981 -10.338789 1.672132 3.397411 -0.000002 22.037369 7.501073 0.000001 -0.000000 -0.000000 -4.570001 11.014894 -2.160841 3.325061 13.440836 10.952690 -18.154795 25.259428 23.501069 -0.000191 79.655606 0.000231 -16.305762 6.389785 -31.101990 -2.464808 -1.573975 2.681910 7.564651 7.028705 27.703724 -9.818516 -72.226669 -19.707075 -2.646256 -1.527828 1.527808 -2.645433 -31.790023 -7.915081 -1.994583 -1.151581 1.151568 0.000000 0.000003 -0.000000 -9.108298 -0.517859 2.259809 6.036400 -6.888423 82.440971 4.121022 -6.349611 65.937868 1.115600 -3.782566 32.854573 0.000004 0.000000 0.000001 -9.532506 0.000000 -0.000003 6.036399 -6.888421 82.440971 4.121021 -6.349616 65.937868 1.115599 -3.782567 32.854573 0.000001 0.000003 0.000003 -9.103590 -0.043082 -1.865097 6.036397 -6.888423 82.440964 4.121021 -6.349614 65.937868 1.115598 -3.782566 32.854576 0.000005 0.000002 0.000000 -8.076715 -0.486704 -3.806296 6.036400 -6.888429 82.440971 4.121024 -6.349613 65.937854 1.115592 -3.782563 32.854600 0.000007 -0.000000 0.000001 4.570403 11.014698 -2.160815 1.253791 0.421318 -11.915357 -31.130090 -44.317177 -50.240440 -0.000035 -79.982273 -0.000028 4.401322 2.127377 20.679400 2.466108 -1.576212 2.681701 18.241724 -23.305282 -17.628945 53.671613 63.248453 -40.439511 2.647886 -1.528753 1.528754 10.741895 32.760811 -5.296231 1.998922 -1.154080 1.154083 -0.000000 0.000001 -0.000002 9.109304 -0.518013 2.259903 6.090342 6.835969 -83.384725 5.535318 6.749093 -78.694550 1.552535 4.360279 -39.183945 0.000000 0.000001 -0.000003 9.533420 0.000008 0.000003 6.088417 6.835754 -83.368510 5.537228 6.749463 -78.710779 1.552543 4.360280 -39.183928 -0.000001 -0.000007 -0.000001 9.104498 -0.043001 -1.865094 6.090339 6.835971 -83.384725 5.535319 6.749092 -78.694557 1.552536 4.360280 -39.183945 -0.000001 0.000002 -0.000000 8.077791 -0.486894 -3.806292 10.148457 7.303612 -83.373975 5.544909 2.664444 -78.811347 1.552531 4.360285 -39.183945 0.000001 -0.000001 -0.000001 -8.207800 -6.751713 -1.599540 -69.090096 -3.828493 -3.372317 48.427011 -0.128469 -0.083803 37.373467 3.698187 13.070071 -0.000016 0.000001 0.000000 0.000000 0.000001 0.000000 8.207801 -6.751702 -1.599547 -70.171916 -0.553221 13.901352 92.577887 9.753435 0.553470 -6.257053 3.508715 5.649900 0.008680 0.000002 -0.000001 -0.000000 -0.000000 -0.000000 
-0.624029 64.114532 1.378561 -18.061971 -6.414852 -7.535329 0.000001 10.181546 0.131524 4.764413 2.627969 3.690317 8.800102 0.188375 2.413611 8.789461 0.227590 2.444167 0.000001 16.740366 -2.049021 -4.762323 0.763251 -0.903764 0.000000 9.617847 1.684976 -10.580152 1.758348 3.452985 -0.000001 22.037369 7.501077 -0.000001 -0.000000 0.000001 -4.570001 11.014864 -2.160840 3.326118 13.445771 10.951445 -18.156728 24.943313 23.625901 -0.000285 79.437839 0.000306 -16.837277 6.584737 -31.192941 -2.464793 -1.573987 2.681898 7.564651 7.028704 27.703720 -9.818511 -72.226675 -19.707085 -2.646267 -1.527828 1.527808 -2.645435 -31.790012 -7.915078 -1.994579 -1.151582 1.151575 0.000002 0.000001 0.000001 -9.108300 -0.517874 2.259799 6.036400 -6.888420 82.440971 4.121024 -6.349618 65.937861 1.115594 -3.782567 32.854573 -0.000001 0.000004 0.000004 -9.532491 0.000002 -0.000010 6.036400 -6.888420 82.440971 4.121022 -6.349615 65.937861 1.115595 -3.782563 32.854576 -0.000002 0.000001 0.000001 -9.103589 -0.043127 -1.865105 6.036400 -6.888420 82.440964 4.121022 -6.349614 65.937868 1.115596 -3.782566 32.854573 0.000004 0.000005 0.000002 -8.076701 -0.486715 -3.806309 6.036403 -6.888425 82.440971 4.121026 -6.349617 65.937861 1.115588 -3.782567 32.854600 -0.000003 0.000003 0.000002 4.570403 11.014678 -2.160815 1.257301 0.411111 -11.909871 -31.257343 -44.472516 -50.387935 -0.000069 -79.945404 -0.000072 4.692935 2.145760 20.077058 2.466116 -1.576201 2.681700 18.241726 -23.305282 -17.628944 53.671616 63.248453 -40.439522 2.647885 -1.528757 1.528748 10.741892 32.760808 -5.296226 1.998920 -1.154082 1.154083 0.000000 -0.000001 0.000002 9.109291 -0.518009 2.259906 6.090340 6.835965 -83.384725 5.535319 6.749088 -78.694550 1.552540 4.360280 -39.183941 -0.000000 0.000003 -0.000002 9.533417 0.000000 -0.000000 6.088417 6.835749 -83.368517 5.537222 6.749458 -78.710779 1.552546 4.360283 -39.183931 -0.000002 0.000004 -0.000002 9.104503 -0.043008 -1.865098 6.090342 6.835968 -83.384725 5.535318 6.749090 -78.694557 1.552536 4.360280 -39.183941 0.000001 0.000001 -0.000001 8.077839 -0.486894 -3.806293 10.148465 7.303607 -83.373975 5.544909 2.664445 -78.811347 1.552534 4.360286 -39.183938 -0.000000 0.000002 -0.000003 -8.207801 -6.751705 -1.599544 -69.014786 -3.836171 -3.389071 48.389336 -0.158157 -0.084745 37.400361 3.696923 13.070522 -0.000014 0.000002 0.000001 -0.000000 0.000001 0.000000 8.207798 -6.751709 -1.599547 -70.127895 -0.543613 13.904770 92.600413 9.753003 0.553534 -6.267172 3.479407 5.664787 0.007757 -0.000005 0.000002 0.000000 0.000001 0.000000 
-0.633293 64.105461 1.379322 -18.116971 -6.405376 -7.529757 0.000001 10.181544 0.131527 4.781929 2.621693 3.673864 8.828208 0.187672 2.396815 8.817501 0.226012 2.427776 0.000000 16.740353 -2.049020 -4.865536 0.756827 -0.870843 0.000000 9.617846 1.684978 -10.976035 1.742379 3.513613 0.000000 22.037384 7.501072 -0.000000 -0.000000 0.000000 -4.569996 11.014871 -2.160838 3.326205 13.451962 10.949433 -18.206890 24.644670 23.736639 -0.000310 79.315367 0.000359 -17.182748 6.583957 -31.102045 -2.464793 -1.573976 2.681910 7.564647 7.028704 27.703720 -9.818505 -72.226669 -19.707073 -2.646269 -1.527805 1.527800 -2.645433 -31.790019 -7.915081 -1.994590 -1.151587 1.151571 -0.000001 0.000000 -0.000004 -9.108299 -0.517887 2.259800 6.036402 -6.888420 82.440971 4.121023 -6.349615 65.937868 1.115600 -3.782563 32.854573 -0.000003 0.000002 0.000005 -9.532492 0.000008 -0.000003 6.036398 -6.888422 82.440971 4.121022 -6.349613 65.937861 1.115601 -3.782564 32.854573 0.000003 0.000000 0.000004 -9.103577 -0.043111 -1.865101 6.036398 -6.888421 82.440957 4.121021 -6.349616 65.937868 1.115599 -3.782561 32.854576 0.000005 0.000005 0.000002 -8.076700 -0.486716 -3.806299 6.036401 -6.888427 82.440971 4.121025 -6.349618 65.937861 1.115589 -3.782563 32.854596 -0.000002 0.000000 0.000001 4.570401 11.014681 -2.160814 1.256379 0.397907 -11.911847 -31.357262 -44.636109 -50.521116 0.000033 -79.866051 0.000030 4.867629 2.100132 19.889513 2.466101 -1.576203 2.681705 18.241726 -23.305285 -17.628947 53.671620 63.248460 -40.439515 2.647882 -1.528770 1.528750 10.741896 32.760811 -5.296233 1.998909 -1.154088 1.154083 0.000001 -0.000003 -0.000000 9.109289 -0.518004 2.259898 6.090337 6.835964 -83.384725 5.535316 6.749095 -78.694557 1.552538 4.360276 -39.183938 -0.000003 -0.000001 0.000000 9.533403 0.000010 -0.000001 6.088417 6.835749 -83.368510 5.537220 6.749458 -78.710772 1.552543 4.360281 -39.183924 -0.000001 -0.000007 0.000000 9.104502 -0.042999 -1.865101 6.090341 6.835966 -83.384725 5.535318 6.749094 -78.694557 1.552541 4.360276 -39.183938 -0.000003 -0.000001 0.000001 8.077809 -0.486897 -3.806306 10.148461 7.303608 -83.373975 5.544911 2.664443 -78.811347 1.552534 4.360283 -39.183945 -0.000001 0.000000 0.000001 -8.207801 -6.751713 -1.599538 -68.938937 -3.856737 -3.397534 48.349871 -0.158261 -0.085116 37.422422 3.694983 13.046797 -0.000016 0.000003 -0.000000 -0.000000 -0.000000 -0.000000 8.207798 -6.751708 -1.599547 -70.083683 -0.533795 13.908264 92.617748 9.752321 0.553577 -6.273673 3.454575 5.684284 0.006391 0.000004 -0.000003 -0.000000 -0.000002 -0.000000 
-0.636045 64.099495 1.376921 -18.158430 -6.393980 -7.529890 0.000000 10.181538 0.131521 4.801658 2.617724 3.658075 8.858717 0.187800 2.377766 8.847989 0.225527 2.409369 0.000000 16.740366 -2.049021 -4.943194 0.741763 -0.858334 0.000001 9.617851 1.684980 -11.366213 1.670746 3.560112 -0.000001 22.037384 7.501075 0.000001 -0.000000 0.000000 -4.569998 11.014872 -2.160840 3.324706 13.454110 10.949965 -18.241765 24.388840 23.827105 -0.000255 79.249346 0.000315 -17.560459 6.372088 -31.054524 -2.464801 -1.573994 2.681914 7.564651 7.028701 27.703722 -9.818517 -72.226669 -19.707068 -2.646264 -1.527812 1.527821 -2.645436 -31.790016 -7.915081 -1.994586 -1.151587 1.151572 0.000002 -0.000002 -0.000002 -9.108296 -0.517880 2.259805 6.036400 -6.888424 82.440971 4.121022 -6.349612 65.937861 1.115601 -3.782566 32.854569 0.000002 0.000001 0.000002 -9.532506 0.000004 0.000002 6.036398 -6.888423 82.440971 4.121024 -6.349616 65.937861 1.115597 -3.782567 32.854569 -0.000005 -0.000001 0.000002 -9.103603 -0.043099 -1.865095 6.036400 -6.888424 82.440964 4.121027 -6.349615 65.937868 1.115598 -3.782567 32.854573 0.000005 0.000001 0.000000 -8.076700 -0.486721 -3.806302 6.036404 -6.888425 82.440971 4.121022 -6.349613 65.937861 1.115590 -3.782566 32.854596 0.000001 0.000001 0.000001 4.570403 11.014674 -2.160815 1.257115 0.398296 -11.917055 -31.375082 -44.783129 -50.588080 0.000004 -79.819551 0.000045 4.993042 2.160404 19.802429 2.466108 -1.576212 2.681705 18.241726 -23.305278 -17.628945 53.671609 63.248453 -40.439515 2.647898 -1.528760 1.528754 10.741897 32.760811 -5.296236 1.998928 -1.154085 1.154084 0.000000 0.000002 0.000001 9.109287 -0.518015 2.259895 6.090337 6.835965 -83.384725 5.535317 6.749089 -78.694557 1.552533 4.360275 -39.183941 0.000000 0.000005 -0.000003 9.533416 -0.000002 -0.000001 6.088416 6.835751 -83.368517 5.537222 6.749458 -78.710772 1.552543 4.360284 -39.183928 0.000000 -0.000000 0.000000 9.104496 -0.042991 -1.865101 6.090339 6.835965 -83.384732 5.535318 6.749091 -78.694557 1.552530 4.360277 -39.183938 -0.000001 -0.000002 0.000001 8.077802 -0.486895 -3.806307 10.148458 7.303608 -83.373981 5.544914 2.664448 -78.811354 1.552530 4.360283 -39.183941 -0.000003 -0.000001 0.000001 -8.207800 -6.751700 -1.599540 -68.874507 -3.870783 -3.406784 48.308340 -0.164117 -0.085546 37.430697 3.692162 13.023380 -0.000012 0.000002 -0.000000 0.000000 0.000001 -0.000001 8.207798 -6.751703 -1.599556 -70.050618 -0.526533 13.909918 92.627392 9.751826 0.553596 -6.278366 3.436946 5.707030 0.004559 -0.000000 -0.000001 0.000000 -0.000000 0.000000 
-0.635111 64.094780 1.376059 -18.195088 -6.382214 -7.532392 -0.000001 10.181545 0.131525 4.824747 2.616108 3.657579 8.893852 0.189948 2.377812 8.882971 0.227629 2.412468 -0.000000 16.740362 -2.049020 -5.008878 0.736181 -0.898235 0.000000 9.617839 1.684979 -11.671140 1.583375 3.574363 0.000001 22.037384 7.501076 -0.000000 0.000000 0.000000 -4.569999 11.014888 -2.160841 3.319920 13.436679 10.962846 -18.158154 24.271422 23.750733 -0.000266 79.162726 0.000299 -17.830178 6.385292 -31.213753 -2.464808 -1.573990 2.681915 7.564651 7.028702 27.703720 -9.818527 -72.226669 -19.707078 -2.646254 -1.527800 1.527822 -2.645434 -31.790019 -7.915078 -1.994591 -1.151585 1.151562 0.000004 -0.000005 0.000003 -9.108329 -0.517874 2.259802 6.036402 -6.888423 82.440971 4.121019 -6.349614 65.937868 1.115598 -3.782565 32.854569 -0.000000 0.000004 0.000002 -9.532503 0.000002 0.000000 6.036398 -6.888423 82.440971 4.121021 -6.349617 65.937861 1.115597 -3.782566 32.854573 0.000006 0.000002 0.000001 -9.103602 -0.043104 -1.865098 6.036403 -6.888421 82.440964 4.121022 -6.349612 65.937861 1.115599 -3.782565 32.854573 0.000005 -0.000001 0.000000 -8.076715 -0.486717 -3.806303 6.036405 -6.888426 82.440971 4.121025 -6.349614 65.937861 1.115593 -3.782566 32.854600 0.000001 0.000002 0.000003 4.570399 11.014673 -2.160815 1.258854 0.407164 -11.918008 -31.389541 -44.908012 -50.687278 -0.000035 -79.777730 -0.000052 5.201934 2.317742 19.720604 2.466101 -1.576201 2.681706 18.241726 -23.305282 -17.628944 53.671606 63.248453 -40.439522 2.647890 -1.528770 1.528744 10.741892 32.760808 -5.296232 1.998921 -1.154067 1.154081 0.000001 0.000001 -0.000002 9.109292 -0.518000 2.259901 6.090338 6.835964 -83.384725 5.535318 6.749089 -78.694557 1.552535 4.360279 -39.183941 -0.000001 -0.000002 0.000000 9.533403 -0.000002 -0.000002 6.088417 6.835751 -83.368510 5.537222 6.749458 -78.710772 1.552544 4.360276 -39.183928 -0.000001 0.000001 -0.000001 9.104488 -0.043001 -1.865102 6.090341 6.835966 -83.384725 5.535316 6.749088 -78.694557 1.552533 4.360277 -39.183945 0.000003 -0.000000 -0.000001 8.077807 -0.486891 -3.806303 10.148462 7.303608 -83.373975 5.544912 2.664448 -78.811347 1.552532 4.360286 -39.183941 0.000003 -0.000002 0.000002 -8.207800 -6.751693 -1.599539 -68.823616 -3.877606 -3.418212 48.289861 -0.189264 -0.086266 37.408041 3.688319 13.013474 -0.000014 0.000002 -0.000000 -0.000000 0.000000 -0.000000 8.207797 -6.751696 -1.599548 -70.019828 -0.518788 13.909512 92.639345 9.751488 0.553579 -6.284366 3.417702 5.723075 0.002190 -0.000001 0.000003 -0.000000 0.000000 0.000000 
-0.631590 64.091171 1.373438 -18.227120 -6.366302 -7.534766 -0.000000 10.181560 0.131523 4.872101 2.602935 3.659173 8.981843 0.170061 2.388034 8.971102 0.208066 2.420276 -0.000001 16.740395 -2.049019 -5.109023 0.746775 -0.916982 0.000001 9.617839 1.684972 -12.108882 1.607023 3.576154 0.000000 22.037369 7.501072 -0.000001 -0.000000 0.000000 -4.570002 11.014892 -2.160840 3.315970 13.430910 10.963823 -18.173708 24.214568 23.637569 -0.000299 79.179077 0.000322 -18.188539 6.195978 -31.252606 -2.464816 -1.573987 2.681909 7.564653 7.028700 27.703717 -9.818520 -72.226675 -19.707077 -2.646262 -1.527811 1.527813 -2.645436 -31.790016 -7.915086 -1.994578 -1.151580 1.151569 0.000001 0.000002 -0.000002 -9.108295 -0.517895 2.259797 6.036403 -6.888422 82.440971 4.121024 -6.349621 65.937868 1.115597 -3.782567 32.854576 -0.000000 0.000000 0.000002 -9.532516 0.000006 -0.000001 6.036401 -6.888427 82.440971 4.121021 -6.349613 65.937868 1.115593 -3.782568 32.854569 0.000001 0.000000 -0.000000 -9.103600 -0.043087 -1.865095 6.036401 -6.888423 82.440964 4.121023 -6.349613 65.937861 1.115597 -3.782564 32.854569 0.000001 0.000002 0.000004 -8.076730 -0.486716 -3.806300 6.036402 -6.888426 82.440971 4.121024 -6.349619 65.937854 1.115585 -3.782569 32.854596 0.000003 0.000003 0.000000 4.570402 11.014687 -2.160816 1.258041 0.404560 -11.915127 -31.454452 -44.918913 -50.722156 0.000062 -79.853804 0.000050 5.195827 2.312316 19.718553 2.466100 -1.576216 2.681690 18.241729 -23.305282 -17.628945 53.671609 63.248453 -40.439515 2.647895 -1.528754 1.528746 10.741892 32.760811 -5.296236 1.998921 -1.154080 1.154081 0.000000 0.000001 -0.000002 9.109288 -0.518019 2.259894 6.090339 6.835969 -83.384725 5.535318 6.749093 -78.694557 1.552534 4.360280 -39.183941 -0.000003 -0.000000 -0.000001 9.533416 0.000005 -0.000008 6.088411 6.835752 -83.368510 5.537222 6.749460 -78.710772 1.552541 4.360283 -39.183931 0.000002 0.000002 -0.000000 9.104497 -0.043009 -1.865111 6.090338 6.835970 -83.384732 5.535317 6.749090 -78.694550 1.552534 4.360280 -39.183941 -0.000001 -0.000001 -0.000001 8.077802 -0.486901 -3.806308 10.148461 7.303612 -83.373981 5.544913 2.664447 -78.811354 1.552529 4.360285 -39.183938 0.000001 0.000002 -0.000001 -8.207802 -6.751706 -1.599536 -68.779780 -3.886882 -3.433479 48.274285 -0.195757 -0.086627 37.378934 3.681403 12.984173 -0.000010 0.000003 0.000000 0.000000 0.000001 -0.000001 8.207800 -6.751698 -1.599550 -69.992794 -0.509090 13.904766 92.645430 9.751133 0.553549 -6.288745 3.407419 5.742080 -0.000753 0.000002 0.000001 -0.000000 -0.000002 0.000000 
-0.628244 64.085434 1.377209 -18.256267 -6.346317 -7.535749 0.000000 10.181552 0.131530 4.912148 2.596791 3.657657 9.049739 0.161965 2.378922 9.039313 0.200094 2.410538 0.000000 16.740355 -2.049019 -5.175394 0.767027 -0.893400 0.000002 9.617856 1.684974 -12.374609 1.735474 3.584686 -0.000001 22.037369 7.501074 0.000000 -0.000000 -0.000000 -4.570001 11.014864 -2.160840 3.310589 13.431465 10.970001 -18.144558 24.152003 23.572569 -0.000239 79.107230 0.000274 -18.331155 6.469536 -31.619377 -2.464801 -1.573991 2.681911 7.564649 7.028703 27.703724 -9.818497 -72.226669 -19.707077 -2.646273 -1.527829 1.527815 -2.645429 -31.790023 -7.915077 -1.994587 -1.151584 1.151572 0.000005 -0.000001 0.000001 -9.108298 -0.517883 2.259804 6.036402 -6.888423 82.440971 4.121019 -6.349614 65.937861 1.115599 -3.782564 32.854576 0.000002 0.000004 -0.000000 -9.532488 0.000008 0.000004 6.036402 -6.888423 82.440971 4.121021 -6.349613 65.937861 1.115598 -3.782564 32.854566 -0.000003 0.000001 0.000003 -9.103585 -0.043116 -1.865100 6.036402 -6.888423 82.440964 4.121020 -6.349609 65.937868 1.115600 -3.782565 32.854573 -0.000004 -0.000000 -0.000001 -8.076697 -0.486715 -3.806305 6.036404 -6.888428 82.440971 4.121025 -6.349620 65.937854 1.115589 -3.782561 32.854600 0.000001 0.000000 0.000001 4.570404 11.014680 -2.160815 1.255947 0.392750 -11.917923 -31.451211 -44.982011 -50.735383 -0.000064 -79.821832 -0.000076 5.270326 2.175387 19.847597 2.466104 -1.576200 2.681703 18.241728 -23.305280 -17.628944 53.671620 63.248460 -40.439515 2.647890 -1.528769 1.528756 10.741894 32.760811 -5.296233 1.998917 -1.154067 1.154085 0.000001 0.000001 -0.000000 9.109303 -0.518000 2.259896 6.090336 6.835964 -83.384725 5.535318 6.749097 -78.694550 1.552534 4.360280 -39.183941 -0.000002 -0.000003 -0.000002 9.533435 -0.000002 -0.000003 6.088413 6.835753 -83.368510 5.537222 6.749462 -78.710779 1.552541 4.360283 -39.183928 -0.000002 -0.000000 -0.000002 9.104499 -0.043001 -1.865108 6.090337 6.835962 -83.384725 5.535321 6.749091 -78.694550 1.552533 4.360279 -39.183938 -0.000000 -0.000001 -0.000000 8.077806 -0.486891 -3.806311 10.148462 7.303608 -83.373981 5.544909 2.664446 -78.811347 1.552528 4.360283 -39.183941 -0.000002 0.000000 -0.000002 -8.207802 -6.751709 -1.599534 -68.751544 -3.894667 -3.447912 48.287409 -0.195484 -0.086864 37.327243 3.668959 12.954332 -0.000014 0.000001 -0.000000 0.000000 0.000001 -0.000000 8.207801 -6.751710 -1.599551 -69.972460 -0.505994 13.902684 92.661256 9.751415 0.553567 -6.292065 3.394315 5.746508 -0.005946 -0.000007 0.000000 -0.000000 -0.000000 0.000000 
-0.621826 64.078651 1.386269 -18.289034 -6.329313 -7.536892 -0.000000 10.181544 0.131526 4.951964 2.594032 3.654460 9.118750 0.151621 2.378090 9.108236 0.190387 2.410333 -0.000000 16.740341 -2.049017 -5.215055 0.791616 -0.885061 0.000000 9.617844 1.684972 -12.616807 1.867161 3.583490 0.000002 22.037384 7.501075 -0.000001 -0.000000 -0.000000 -4.569999 11.014852 -2.160838 3.309214 13.421933 10.977714 -18.151004 24.102880 23.503531 -0.000240 79.058852 0.000265 -18.435246 6.533751 -31.658685 -2.464816 -1.574002 2.681908 7.564648 7.028702 27.703722 -9.818505 -72.226675 -19.707070 -2.646266 -1.527819 1.527816 -2.645434 -31.790023 -7.915080 -1.994583 -1.151578 1.151569 0.000003 -0.000000 -0.000000 -9.108295 -0.517887 2.259802 6.036403 -6.888423 82.440971 4.121018 -6.349613 65.937861 1.115598 -3.782568 32.854573 0.000003 0.000001 0.000000 -9.532500 0.000004 0.000006 6.036399 -6.888426 82.440971 4.121019 -6.349610 65.937868 1.115597 -3.782570 32.854576 0.000001 -0.000000 0.000002 -9.103602 -0.043105 -1.865088 6.036400 -6.888422 82.440964 4.121019 -6.349614 65.937868 1.115602 -3.782567 32.854573 0.000006 0.000004 0.000002 -8.076697 -0.486721 -3.806290 6.036406 -6.888424 82.440971 4.121024 -6.349618 65.937861 1.115590 -3.782565 32.854600 0.000004 0.000000 -0.000000 4.570403 11.014663 -2.160814 1.256060 0.385235 -11.928470 -31.442025 -45.029019 -50.743989 0.000014 -79.862718 -0.000018 5.321935 2.393497 19.742445 2.466101 -1.576204 2.681687 18.241729 -23.305283 -17.628945 53.671620 63.248460 -40.439525 2.647889 -1.528767 1.528760 10.741891 32.760808 -5.296233 1.998925 -1.154080 1.154085 0.000003 0.000000 -0.000000 9.109277 -0.518006 2.259896 6.090336 6.835965 -83.384725 5.535316 6.749090 -78.694557 1.552537 4.360277 -39.183945 -0.000000 0.000001 0.000000 9.533406 0.000010 -0.000008 6.088419 6.835752 -83.368510 5.537222 6.749460 -78.710779 1.552543 4.360280 -39.183931 -0.000001 0.000002 -0.000000 9.104486 -0.043007 -1.865112 6.090339 6.835968 -83.384725 5.535316 6.749088 -78.694550 1.552537 4.360279 -39.183945 0.000000 0.000002 -0.000001 8.077807 -0.486889 -3.806310 10.148464 7.303612 -83.373975 5.544912 2.664447 -78.811347 1.552539 4.360286 -39.183941 0.000001 0.000000 -0.000001 -8.207801 -6.751707 -1.599539 -68.728758 -3.903425 -3.459141 48.321334 -0.194875 -0.087103 37.257593 3.655628 12.930335 -0.000019 0.000003 -0.000002 0.000000 0.000002 0.000000 8.207801 -6.751700 -1.599548 -69.950850 -0.500648 13.902022 92.686480 9.751382 0.553569 -6.292805 3.366223 5.752754 -0.012608 -0.000007 0.000001 -0.000000 0.000001 -0.000000 
-0.615409 64.073990 1.393950 -18.303377 -6.311198 -7.535586 0.000002 10.181534 0.131522 4.990009 2.592530 3.649359 9.186374 0.145371 2.365766 9.175888 0.183880 2.398369 0.000000 16.740376 -2.049020 -5.235305 0.797217 -0.868211 0.000001 9.617838 1.684976 -12.808606 1.909087 3.610826 -0.000001 22.037369 7.501081 -0.000003 -0.000000 0.000000 -4.570000 11.014874 -2.160840 3.311952 13.407701 10.988762 -18.184093 24.069925 23.456669 -0.000214 79.028574 0.000286 -18.472171 6.536579 -31.679456 -2.464808 -1.573987 2.681907 7.564645 7.028703 27.703724 -9.818516 -72.226675 -19.707071 -2.646271 -1.527815 1.527813 -2.645433 -31.790019 -7.915077 -1.994586 -1.151585 1.151572 0.000000 0.000003 -0.000002 -9.108314 -0.517889 2.259798 6.036399 -6.888423 82.440971 4.121022 -6.349614 65.937868 1.115599 -3.782566 32.854573 0.000003 -0.000001 -0.000001 -9.532503 0.000004 -0.000000 6.036399 -6.888422 82.440971 4.121022 -6.349613 65.937868 1.115598 -3.782567 32.854573 0.000001 0.000002 0.000001 -9.103600 -0.043101 -1.865101 6.036399 -6.888423 82.440964 4.121022 -6.349616 65.937861 1.115599 -3.782570 32.854569 0.000002 -0.000000 -0.000001 -8.076698 -0.486723 -3.806303 6.036404 -6.888426 82.440971 4.121025 -6.349614 65.937861 1.115593 -3.782564 32.854600 0.000001 0.000001 0.000000 4.570399 11.014691 -2.160815 1.259170 0.383884 -11.920540 -31.461204 -45.048431 -50.762072 0.000004 -79.866700 -0.000028 5.346770 2.231005 19.585001 2.466100 -1.576205 2.681699 18.241726 -23.305278 -17.628945 53.671613 63.248453 -40.439522 2.647877 -1.528752 1.528754 10.741891 32.760804 -5.296235 1.998921 -1.154084 1.154085 0.000002 0.000003 -0.000002 9.109274 -0.518008 2.259894 6.090335 6.835968 -83.384725 5.535320 6.749090 -78.694557 1.552530 4.360281 -39.183945 -0.000001 -0.000000 -0.000001 9.533423 0.000010 -0.000004 6.088418 6.835752 -83.368510 5.537223 6.749459 -78.710772 1.552541 4.360280 -39.183928 -0.000001 -0.000001 0.000001 9.104485 -0.042996 -1.865109 6.090333 6.835972 -83.384725 5.535316 6.749088 -78.694550 1.552530 4.360276 -39.183938 -0.000001 0.000002 -0.000002 8.077789 -0.486889 -3.806304 10.148462 7.303608 -83.373975 5.544909 2.664451 -78.811347 1.552533 4.360286 -39.183938 -0.000001 -0.000001 -0.000001 -8.207800 -6.751711 -1.599537 -68.722706 -3.906439 -3.473266 48.353952 -0.200112 -0.087451 37.183461 3.644364 12.915929 -0.000015 0.000000 0.000001 -0.000000 0.000001 -0.000000 8.207800 -6.751711 -1.599556 -69.948404 -0.493203 13.902025 92.703897 9.751547 0.553590 -6.283529 3.341441 5.758732 -0.023295 -0.000004 -0.000005 0.000000 0.000001 0.000000 
-0.611163 64.068207 1.398296 -18.302322 -6.294919 -7.533857 -0.000001 10.181548 0.131525 5.020635 2.591741 3.616922 9.237480 0.143507 2.308052 9.227631 0.179553 2.339121 0.000001 16.740353 -2.049023 -5.178760 0.791572 -0.802074 0.000000 9.617864 1.684979 -13.087944 1.958581 3.640306 -0.000001 22.037369 7.501070 -0.000001 -0.000000 0.000001 -4.569998 11.014877 -2.160840 3.320665 13.451235 10.964329 -18.237782 23.883401 23.523337 -0.000203 79.089301 0.000235 -18.481691 6.533562 -31.701975 -2.464793 -1.573999 2.681898 7.564646 7.028701 27.703722 -9.818512 -72.226669 -19.707058 -2.646266 -1.527806 1.527803 -2.645430 -31.790023 -7.915084 -1.994574 -1.151590 1.151576 -0.000001 0.000001 -0.000000 -9.108295 -0.517886 2.259797 6.036399 -6.888424 82.440971 4.121021 -6.349614 65.937868 1.115597 -3.782565 32.854573 0.000003 0.000000 0.000002 -9.532486 -0.000004 -0.000007 6.036398 -6.888425 82.440971 4.121021 -6.349617 65.937868 1.115595 -3.782562 32.854576 -0.000000 0.000002 0.000000 -9.103587 -0.043105 -1.865109 6.036399 -6.888422 82.440964 4.121020 -6.349612 65.937868 1.115596 -3.782563 32.854573 0.000002 -0.000001 -0.000000 -8.076714 -0.486720 -3.806307 6.036400 -6.888428 82.440971 4.121025 -6.349617 65.937854 1.115588 -3.782567 32.854600 0.000005 -0.000001 0.000001 4.570402 11.014688 -2.160815 1.264411 0.341026 -11.857174 -31.458618 -45.084426 -50.709602 -0.000001 -79.835738 -0.000018 5.476859 2.114483 19.517675 2.466100 -1.576212 2.681705 18.241724 -23.305282 -17.628945 53.671620 63.248453 -40.439518 2.647883 -1.528767 1.528748 10.741891 32.760811 -5.296234 1.998929 -1.154095 1.154082 -0.000000 -0.000003 -0.000002 9.109303 -0.518006 2.259907 6.090335 6.835967 -83.384725 5.535314 6.749091 -78.694550 1.552537 4.360278 -39.183941 -0.000001 0.000002 -0.000003 9.533401 -0.000004 0.000010 6.088413 6.835752 -83.368517 5.537224 6.749459 -78.710772 1.552541 4.360281 -39.183931 -0.000002 -0.000001 -0.000001 9.104497 -0.042992 -1.865091 6.090337 6.835965 -83.384732 5.535319 6.749093 -78.694557 1.552535 4.360280 -39.183935 0.000001 0.000000 -0.000002 8.077819 -0.486891 -3.806295 10.148459 7.303608 -83.373981 5.544908 2.664449 -78.811347 1.552535 4.360286 -39.183941 0.000001 0.000002 -0.000003 -8.207801 -6.751701 -1.599538 -68.733942 -3.899700 -3.488982 48.381836 -0.210043 -0.087890 37.115193 3.629094 12.891859 -0.000012 0.000002 0.000001 -0.000000 0.000001 -0.000001 8.207801 -6.751703 -1.599550 -69.959927 -0.484714 13.901743 92.713165 9.752070 0.553626 -6.268301 3.319135 5.761495 -0.031829 0.000005 0.000001 -0.000000 0.000002 0.000000 
-0.605328 64.062309 1.406420 -18.291995 -6.282314 -7.530254 0.000000 10.181553 0.131524 5.065228 2.591920 3.580148 9.312602 0.143507 2.240417 9.303188 0.176148 2.271324 0.000000 16.740364 -2.049020 -5.147995 0.782540 -0.725861 0.000001 9.617878 1.684973 -13.257839 2.003694 3.676322 0.000001 22.037384 7.501070 0.000002 0.000000 -0.000000 -4.569996 11.014872 -2.160840 3.332800 13.510198 10.930219 -18.341291 23.766302 23.579613 -0.000208 79.167001 0.000232 -18.462517 6.621947 -31.748942 -2.464808 -1.574002 2.681911 7.564650 7.028702 27.703722 -9.818539 -72.226675 -19.707087 -2.646264 -1.527800 1.527804 -2.645434 -31.790019 -7.915080 -1.994584 -1.151584 1.151573 0.000002 -0.000001 0.000003 -9.108314 -0.517880 2.259802 6.036403 -6.888421 82.440971 4.121022 -6.349616 65.937868 1.115597 -3.782564 32.854576 0.000002 0.000000 0.000001 -9.532488 0.000010 -0.000001 6.036399 -6.888424 82.440971 4.121022 -6.349614 65.937868 1.115597 -3.782562 32.854569 -0.000001 0.000002 0.000000 -9.103585 -0.043114 -1.865098 6.036403 -6.888421 82.440964 4.121022 -6.349609 65.937861 1.115600 -3.782568 32.854576 0.000003 -0.000001 0.000003 -8.076700 -0.486717 -3.806290 6.036404 -6.888423 82.440971 4.121026 -6.349617 65.937861 1.115589 -3.782565 32.854600 0.000005 -0.000001 -0.000002 4.570401 11.014702 -2.160813 1.263927 0.286272 -11.750103 -31.469977 -45.126288 -50.641044 0.000043 -79.873544 0.000050 5.149815 2.068910 20.551817 2.466096 -1.576203 2.681696 18.241724 -23.305277 -17.628947 53.671613 63.248453 -40.439518 2.647873 -1.528766 1.528752 10.741894 32.760815 -5.296232 1.998921 -1.154074 1.154081 0.000004 0.000003 -0.000002 9.109288 -0.518012 2.259891 6.090335 6.835967 -83.384725 5.535320 6.749096 -78.694557 1.552536 4.360278 -39.183945 -0.000001 -0.000002 -0.000001 9.533417 0.000009 -0.000012 6.088412 6.835751 -83.368510 5.537222 6.749458 -78.710779 1.552538 4.360280 -39.183935 -0.000004 -0.000000 -0.000001 9.104500 -0.043007 -1.865108 6.090336 6.835970 -83.384725 5.535318 6.749092 -78.694557 1.552536 4.360280 -39.183941 0.000000 -0.000003 -0.000001 8.077806 -0.486888 -3.806317 10.148459 7.303608 -83.373975 5.544909 2.664449 -78.811347 1.552531 4.360285 -39.183941 -0.000002 -0.000001 0.000000 -8.207802 -6.751706 -1.599534 -68.756878 -3.892840 -3.505045 48.415270 -0.212576 -0.088251 37.045413 3.616196 12.876127 -0.000013 -0.000000 0.000000 0.000000 -0.000000 0.000001 8.207801 -6.751710 -1.599542 -69.977856 -0.480553 13.892950 92.724469 9.752296 0.553635 -6.270491 3.304264 5.763703 -0.034011 0.000007 0.000005 -0.000000 0.000000 0.000000 
-0.600178 64.056381 1.409872 -18.284258 -6.246316 -7.514514 -0.000000 10.181561 0.131524 5.115550 2.593204 3.573601 9.401722 0.145091 2.227562 9.392619 0.174388 2.257491 -0.000001 16.740374 -2.049017 -5.093072 0.776059 -0.731456 0.000000 9.617851 1.684975 -13.401656 1.966350 3.654561 -0.000000 22.037369 7.501071 -0.000001 -0.000000 -0.000000 -4.570001 11.014860 -2.160838 3.337620 13.505266 10.933969 -18.400535 23.778959 23.474662 -0.000212 79.278900 0.000284 -18.490188 6.760093 -31.847512 -2.464808 -1.573999 2.681917 7.564646 7.028700 27.703722 -9.818521 -72.226669 -19.707077 -2.646269 -1.527800 1.527821 -2.645429 -31.790019 -7.915083 -1.994585 -1.151584 1.151563 -0.000001 0.000003 -0.000002 -9.108329 -0.517887 2.259807 6.036400 -6.888421 82.440971 4.121024 -6.349618 65.937868 1.115602 -3.782563 32.854576 -0.000000 -0.000001 -0.000000 -9.532503 0.000008 0.000005 6.036399 -6.888423 82.440971 4.121021 -6.349616 65.937861 1.115597 -3.782560 32.854576 -0.000002 0.000002 -0.000001 -9.103603 -0.043116 -1.865095 6.036399 -6.888419 82.440964 4.121021 -6.349612 65.937868 1.115597 -3.782562 32.854569 0.000002 -0.000000 -0.000002 -8.076700 -0.486716 -3.806290 6.036399 -6.888425 82.440971 4.121024 -6.349613 65.937861 1.115592 -3.782566 32.854600 0.000004 0.000001 0.000001 4.570398 11.014685 -2.160814 1.266097 0.255356 -11.657459 -31.663811 -45.049892 -50.767150 0.000009 -79.827119 0.000030 5.096051 1.641820 20.592723 2.466112 -1.576210 2.681705 18.241729 -23.305282 -17.628945 53.671616 63.248453 -40.439522 2.647887 -1.528755 1.528756 10.741891 32.760815 -5.296232 1.998914 -1.154098 1.154082 0.000001 0.000004 0.000001 9.109284 -0.518008 2.259900 6.090338 6.835969 -83.384732 5.535319 6.749094 -78.694557 1.552532 4.360279 -39.183945 0.000001 0.000004 -0.000002 9.533416 -0.000000 -0.000001 6.088413 6.835751 -83.368517 5.537223 6.749459 -78.710772 1.552541 4.360281 -39.183928 0.000000 0.000002 -0.000000 9.104496 -0.043009 -1.865102 6.090338 6.835970 -83.384732 5.535318 6.749094 -78.694557 1.552532 4.360279 -39.183945 0.000000 -0.000002 0.000001 8.077822 -0.486888 -3.806304 10.148457 7.303613 -83.373975 5.544912 2.664450 -78.811347 1.552529 4.360283 -39.183941 -0.000004 -0.000000 0.000001 -8.207799 -6.751703 -1.599544 -68.770566 -3.885426 -3.541632 48.439473 -0.222418 -0.088779 36.987226 3.608579 12.870018 -0.000015 0.000002 0.000000 0.000000 -0.000000 0.000000 8.207798 -6.751700 -1.599548 -69.992405 -0.476058 13.856031 92.729995 9.752402 0.553649 -6.255567 3.302790 5.765270 -0.037233 0.000001 0.000001 -0.000000 0.000001 0.000000 
-0.595051 64.057388 1.413008 -18.238765 -6.206916 -7.478074 0.000000 10.181565 0.131522 5.163594 2.594957 3.553537 9.489041 0.147357 2.198952 9.480051 0.174811 2.228917 -0.000000 16.740349 -2.049020 -5.031934 0.759508 -0.729695 0.000001 9.617856 1.684977 -13.587556 1.876614 3.677178 0.000000 22.037384 7.501071 0.000000 -0.000000 0.000000 -4.570000 11.014857 -2.160841 3.337179 13.504928 10.946764 -18.509189 23.839239 23.398370 -0.000223 79.395990 0.000250 -18.651677 6.926558 -32.383648 -2.464808 -1.573998 2.681912 7.564655 7.028706 27.703720 -9.818518 -72.226675 -19.707075 -2.646254 -1.527815 1.527817 -2.645434 -31.790012 -7.915084 -1.994582 -1.151580 1.151569 0.000005 -0.000001 -0.000000 -9.108312 -0.517874 2.259799 6.036402 -6.888421 82.440971 4.121020 -6.349617 65.937868 1.115598 -3.782564 32.854573 0.000004 -0.000002 -0.000000 -9.532505 -0.000000 -0.000001 6.036397 -6.888425 82.440971 4.121019 -6.349617 65.937861 1.115598 -3.782568 32.854573 -0.000002 0.000001 -0.000001 -9.103589 -0.043108 -1.865102 6.036403 -6.888421 82.440964 4.121022 -6.349614 65.937868 1.115596 -3.782562 32.854569 0.000001 0.000002 0.000002 -8.076703 -0.486725 -3.806297 6.036402 -6.888426 82.440971 4.121025 -6.349614 65.937861 1.115592 -3.782569 32.854596 -0.000001 0.000001 0.000000 4.570397 11.014668 -2.160815 1.268191 0.256614 -11.605691 -31.831424 -45.038039 -50.801830 0.000057 -79.849173 0.000059 5.117696 1.480167 20.561750 2.466101 -1.576201 2.681693 18.241726 -23.305283 -17.628944 53.671613 63.248453 -40.439518 2.647881 -1.528755 1.528752 10.741890 32.760811 -5.296236 1.998929 -1.154069 1.154083 0.000002 0.000001 -0.000002 9.109306 -0.518015 2.259893 6.090336 6.835967 -83.384725 5.535320 6.749092 -78.694557 1.552533 4.360275 -39.183938 0.000001 0.000003 -0.000003 9.533404 -0.000004 -0.000004 6.088411 6.835750 -83.368510 5.537222 6.749461 -78.710779 1.552546 4.360282 -39.183928 0.000000 0.000004 -0.000000 9.104488 -0.042999 -1.865110 6.090338 6.835965 -83.384725 5.535322 6.749090 -78.694557 1.552532 4.360274 -39.183938 -0.000006 0.000002 -0.000000 8.077806 -0.486885 -3.806307 10.148464 7.303612 -83.373975 5.544908 2.664448 -78.811347 1.552531 4.360282 -39.183941 -0.000002 0.000003 -0.000002 -8.207800 -6.751706 -1.599546 -68.811110 -3.876274 -3.599715 48.443134 -0.228672 -0.089305 36.944036 3.603719 12.869184 -0.000010 0.000001 -0.000001 0.000000 0.000001 -0.000002 8.207800 -6.751705 -1.599546 -70.030565 -0.460860 13.791080 92.717236 9.752231 0.553635 -6.240241 3.305166 5.766305 -0.038987 -0.000004 0.000000 0.000000 -0.000001 -0.000000 
-0.589818 64.057213 1.419079 -18.200880 -6.172815 -7.444124 -0.000001 10.181547 0.131526 5.224775 2.597435 3.527676 9.601198 0.149740 2.157762 9.592551 0.177990 2.187302 -0.000000 16.740349 -2.049022 -5.047231 0.752718 -0.711816 0.000001 9.617845 1.684972 -13.587832 1.847034 3.754375 0.000000 22.037384 7.501073 0.000003 -0.000000 0.000000 -4.570001 11.014861 -2.160839 3.338557 13.514371 10.934282 -18.746648 23.909033 23.432598 -0.000210 79.516372 0.000278 -18.762793 7.096401 -32.757475 -2.464785 -1.573983 2.681907 7.564649 7.028700 27.703719 -9.818515 -72.226669 -19.707077 -2.646275 -1.527815 1.527818 -2.645432 -31.790012 -7.915082 -1.994583 -1.151581 1.151567 0.000000 -0.000003 -0.000003 -9.108311 -0.517884 2.259799 6.036398 -6.888426 82.440971 4.121022 -6.349616 65.937861 1.115598 -3.782562 32.854573 0.000000 0.000001 0.000000 -9.532487 0.000006 -0.000007 6.036398 -6.888426 82.440971 4.121023 -6.349614 65.937868 1.115597 -3.782562 32.854576 -0.000001 -0.000002 -0.000001 -9.103582 -0.043117 -1.865102 6.036398 -6.888425 82.440964 4.121022 -6.349609 65.937868 1.115597 -3.782566 32.854573 0.000000 0.000002 -0.000000 -8.076697 -0.486714 -3.806300 6.036399 -6.888430 82.440971 4.121025 -6.349614 65.937861 1.115588 -3.782568 32.854600 0.000001 -0.000000 0.000002 4.570398 11.014660 -2.160815 1.264249 0.242521 -11.572454 -31.963287 -44.989602 -50.720766 -0.000095 -80.059775 -0.000098 4.970659 1.625645 20.605173 2.466100 -1.576204 2.681699 18.241728 -23.305282 -17.628940 53.671616 63.248453 -40.439518 2.647879 -1.528767 1.528746 10.741891 32.760808 -5.296235 1.998921 -1.154082 1.154084 0.000000 0.000002 0.000001 9.109291 -0.518017 2.259900 6.090338 6.835965 -83.384725 5.535321 6.749090 -78.694557 1.552534 4.360280 -39.183938 -0.000003 0.000002 -0.000001 9.533419 0.000005 -0.000003 6.088413 6.835750 -83.368510 5.537223 6.749465 -78.710779 1.552542 4.360279 -39.183931 -0.000000 -0.000001 -0.000000 9.104503 -0.043001 -1.865104 6.090338 6.835965 -83.384725 5.535321 6.749093 -78.694557 1.552534 4.360278 -39.183941 -0.000001 0.000001 -0.000001 8.077822 -0.486897 -3.806306 10.148460 7.303612 -83.373975 5.544916 2.664450 -78.811354 1.552532 4.360284 -39.183941 0.000001 0.000002 -0.000003 -8.207802 -6.751696 -1.599541 -68.846599 -3.870367 -3.654009 48.450763 -0.233112 -0.089863 36.904038 3.598847 12.870467 -0.000010 0.000003 0.000000 0.000000 0.000001 -0.000000 8.207799 -6.751691 -1.599542 -70.062127 -0.443845 13.734509 92.713732 9.751879 0.553611 -6.239993 3.306718 5.767842 -0.040124 0.000000 0.000002 -0.000000 0.000000 0.000000 
-0.584611 64.056725 1.426229 -18.188039 -6.148384 -7.426639 0.000000 10.181550 0.131522 5.273759 2.600589 3.507250 9.688426 0.151759 2.126817 9.679875 0.187848 2.156561 0.000001 16.740372 -2.049019 -4.961929 0.740838 -0.697243 0.000001 9.617856 1.684979 -13.586068 1.797445 3.783846 0.000000 22.037369 7.501076 0.000001 -0.000000 0.000000 -4.569995 11.014880 -2.160840 3.335460 13.529966 10.929736 -18.946740 23.951749 23.446439 -0.000267 79.564484 0.000335 -18.713125 7.194230 -32.630344 -2.464793 -1.573983 2.681913 7.564649 7.028705 27.703719 -9.818514 -72.226669 -19.707075 -2.646260 -1.527801 1.527819 -2.645431 -31.790023 -7.915080 -1.994579 -1.151584 1.151584 0.000001 -0.000001 0.000001 -9.108298 -0.517891 2.259805 6.036397 -6.888422 82.440971 4.121022 -6.349612 65.937861 1.115598 -3.782566 32.854576 -0.000000 0.000001 -0.000000 -9.532488 0.000009 0.000000 6.036397 -6.888422 82.440971 4.121022 -6.349611 65.937861 1.115598 -3.782568 32.854576 -0.000000 0.000000 0.000000 -9.103589 -0.043115 -1.865098 6.036397 -6.888420 82.440964 4.121023 -6.349615 65.937861 1.115598 -3.782569 32.854569 0.000002 0.000002 0.000000 -8.076700 -0.486726 -3.806300 6.036399 -6.888428 82.440971 4.121027 -6.349620 65.937854 1.115590 -3.782566 32.854600 0.000001 0.000001 0.000000 4.570401 11.014696 -2.160815 1.258417 0.225908 -11.546094 -32.152084 -45.098329 -50.784092 0.000072 -79.910830 0.000055 5.034258 1.694565 21.472090 2.466100 -1.576195 2.681707 18.241724 -23.305282 -17.628945 53.671620 63.248460 -40.439525 2.647891 -1.528754 1.528754 10.741891 32.760811 -5.296234 1.998924 -1.154081 1.154086 -0.000001 -0.000004 -0.000000 9.109303 -0.518000 2.259898 6.090336 6.835967 -83.384725 5.535318 6.749093 -78.694557 1.552538 4.360276 -39.183941 -0.000002 -0.000002 -0.000002 9.533418 0.000002 -0.000000 6.088417 6.835754 -83.368510 5.537223 6.749458 -78.710779 1.552546 4.360284 -39.183935 -0.000001 -0.000002 0.000002 9.104482 -0.043003 -1.865102 6.090340 6.835970 -83.384725 5.535319 6.749093 -78.694557 1.552533 4.360279 -39.183941 -0.000002 0.000005 -0.000003 8.077834 -0.486897 -3.806297 10.148459 7.303612 -83.373981 5.544908 2.664453 -78.811347 1.552534 4.360286 -39.183938 -0.000000 0.000003 -0.000001 -8.207801 -6.751703 -1.599542 -68.856687 -3.867334 -3.690361 48.458761 -0.242433 -0.090596 36.866462 3.596048 12.872258 -0.000013 0.000001 -0.000000 -0.000000 0.000000 -0.000001 8.207798 -6.751702 -1.599543 -70.070890 -0.432674 13.701308 92.715679 9.751708 0.553596 -6.243172 3.308379 5.771237 -0.040889 0.000000 0.000003 -0.000000 0.000000 0.000000 
-0.581389 64.052155 1.431934 -18.204705 -6.131582 -7.419865 -0.000000 10.181557 0.131526 5.327730 2.604476 3.497630 9.782579 0.153210 2.117171 9.773918 0.197212 2.147534 -0.000000 16.740391 -2.049021 -4.835375 0.741427 -0.714266 0.000001 9.617871 1.684975 -13.615864 1.789584 3.724982 -0.000000 22.037354 7.501072 0.000000 0.000000 -0.000000 -4.570002 11.014875 -2.160841 3.333261 13.537350 10.923135 -19.131457 24.053387 23.411515 -0.000226 79.593478 0.000269 -18.517136 7.258130 -32.405498 -2.464793 -1.573991 2.681904 7.564650 7.028704 27.703720 -9.818528 -72.226675 -19.707085 -2.646262 -1.527814 1.527803 -2.645430 -31.790019 -7.915079 -1.994602 -1.151581 1.151566 0.000004 -0.000003 0.000001 -9.108300 -0.517874 2.259802 6.036404 -6.888422 82.440971 4.121021 -6.349619 65.937868 1.115599 -3.782563 32.854576 0.000004 -0.000001 -0.000003 -9.532494 0.000004 -0.000008 6.036402 -6.888422 82.440971 4.121022 -6.349612 65.937868 1.115601 -3.782563 32.854569 0.000001 0.000003 0.000002 -9.103588 -0.043106 -1.865103 6.036401 -6.888421 82.440964 4.121024 -6.349613 65.937861 1.115599 -3.782563 32.854576 0.000004 0.000002 0.000001 -8.076700 -0.486727 -3.806301 6.036404 -6.888426 82.440971 4.121023 -6.349615 65.937854 1.115590 -3.782568 32.854600 0.000001 0.000000 -0.000002 4.570402 11.014700 -2.160815 1.258521 0.237135 -11.535080 -32.407694 -45.165640 -50.908429 -0.000030 -79.801130 -0.000018 4.989220 1.903792 21.677113 2.466100 -1.576203 2.681701 18.241723 -23.305277 -17.628947 53.671620 63.248460 -40.439515 2.647892 -1.528756 1.528754 10.741893 32.760811 -5.296234 1.998928 -1.154070 1.154077 0.000001 0.000002 0.000001 9.109289 -0.517989 2.259904 6.090335 6.835963 -83.384725 5.535321 6.749093 -78.694550 1.552538 4.360278 -39.183941 -0.000001 0.000000 -0.000001 9.533419 -0.000005 0.000000 6.088417 6.835751 -83.368510 5.537223 6.749462 -78.710779 1.552542 4.360280 -39.183928 -0.000001 -0.000003 -0.000000 9.104486 -0.042984 -1.865101 6.090337 6.835969 -83.384725 5.535322 6.749092 -78.694557 1.552538 4.360278 -39.183945 -0.000002 -0.000005 -0.000000 8.077791 -0.486899 -3.806301 10.148456 7.303610 -83.373975 5.544913 2.664445 -78.811347 1.552531 4.360283 -39.183941 0.000004 0.000003 -0.000001 -8.207801 -6.751703 -1.599549 -68.841893 -3.865739 -3.718171 48.468914 -0.252983 -0.091441 36.833680 3.594384 12.881464 -0.000013 0.000002 -0.000002 0.000000 0.000001 0.000000 8.207801 -6.751699 -1.599546 -70.056629 -0.421089 13.684618 92.728260 9.751558 0.553590 -6.251469 3.305501 5.775608 -0.041459 -0.000013 0.000003 0.000000 -0.000001 0.000000 
-0.581234 64.049568 1.438980 -18.226623 -6.127979 -7.426457 -0.000000 10.181552 0.131527 5.409794 2.611478 3.481515 9.933762 0.170842 2.105676 9.924638 0.216135 2.138212 -0.000000 16.740362 -2.049019 -4.942313 0.755868 -0.721546 -0.000000 9.617827 1.684977 -13.299195 1.861478 3.715680 0.000002 22.037384 7.501070 -0.000002 0.000000 -0.000000 -4.570001 11.014871 -2.160839 3.330798 13.517982 10.937203 -19.385866 24.218526 23.356493 -0.000204 79.733689 0.000264 -18.335112 7.126540 -32.500796 -2.464793 -1.573991 2.681911 7.564650 7.028699 27.703724 -9.818531 -72.226669 -19.707087 -2.646254 -1.527812 1.527817 -2.645432 -31.790012 -7.915083 -1.994579 -1.151581 1.151572 0.000001 0.000000 -0.000002 -9.108315 -0.517886 2.259802 6.036399 -6.888423 82.440971 4.121020 -6.349615 65.937868 1.115600 -3.782565 32.854576 0.000000 0.000000 0.000003 -9.532506 0.000002 0.000009 6.036401 -6.888423 82.440971 4.121022 -6.349612 65.937868 1.115598 -3.782565 32.854576 0.000004 -0.000001 0.000000 -9.103603 -0.043111 -1.865097 6.036399 -6.888420 82.440964 4.121021 -6.349615 65.937861 1.115602 -3.782567 32.854573 0.000000 0.000002 0.000003 -8.076703 -0.486727 -3.806300 6.036403 -6.888425 82.440971 4.121028 -6.349616 65.937861 1.115593 -3.782564 32.854596 -0.000000 0.000003 -0.000000 4.570402 11.014677 -2.160814 1.260637 0.251067 -11.533503 -32.767136 -45.211054 -51.000886 -0.000025 -79.858476 -0.000033 4.723729 2.060213 21.862044 2.466100 -1.576199 2.681695 18.241724 -23.305282 -17.628942 53.671613 63.248453 -40.439518 2.647887 -1.528769 1.528756 10.741892 32.760811 -5.296235 1.998925 -1.154084 1.154085 0.000001 0.000003 -0.000000 9.109287 -0.518012 2.259899 6.090334 6.835970 -83.384725 5.535320 6.749094 -78.694557 1.552536 4.360280 -39.183941 -0.000003 -0.000000 -0.000001 9.533419 0.000008 -0.000004 6.088417 6.835752 -83.368510 5.537227 6.749458 -78.710779 1.552541 4.360281 -39.183928 -0.000002 0.000002 -0.000001 9.104500 -0.043000 -1.865099 6.090335 6.835971 -83.384725 5.535318 6.749093 -78.694557 1.552534 4.360283 -39.183945 -0.000001 0.000001 0.000000 8.077818 -0.486897 -3.806302 10.148461 7.303609 -83.373981 5.544911 2.664446 -78.811347 1.552532 4.360283 -39.183938 -0.000000 0.000000 0.000001 -8.207802 -6.751712 -1.599538 -68.811294 -3.867537 -3.712657 48.463467 -0.278293 -0.092670 36.817066 3.592994 12.891763 -0.000013 0.000002 0.000001 -0.000000 0.000001 0.000000 8.207801 -6.751707 -1.599550 -70.037771 -0.421048 13.701771 92.745281 9.751688 0.553598 -6.271315 3.289321 5.777636 -0.042111 -0.000008 -0.000001 0.000000 0.000000 0.000000 
-0.585108 64.051735 1.445435 -18.235053 -6.130405 -7.438193 -0.000001 10.181549 0.131520 5.458017 2.625640 3.466686 10.020682 0.202903 2.096170 10.011160 0.248697 2.130084 -0.000000 16.740389 -2.049020 -4.827331 0.776915 -0.760378 0.000001 9.617867 1.684980 -13.222204 1.906448 3.743002 -0.000001 22.037399 7.501076 0.000001 -0.000000 0.000001 -4.569999 11.014882 -2.160840 3.327516 13.513862 10.940873 -19.603304 24.290118 23.389358 -0.000276 79.743941 0.000337 -17.846825 7.257085 -32.074240 -2.464808 -1.573999 2.681915 7.564646 7.028705 27.703724 -9.818518 -72.226669 -19.707070 -2.646260 -1.527800 1.527824 -2.645433 -31.790019 -7.915086 -1.994591 -1.151581 1.151569 0.000003 0.000003 0.000006 -9.108303 -0.517874 2.259809 6.036400 -6.888419 82.440971 4.121019 -6.349615 65.937861 1.115597 -3.782566 32.854576 -0.000002 0.000005 0.000005 -9.532510 -0.000004 -0.000003 6.036400 -6.888423 82.440964 4.121020 -6.349613 65.937868 1.115597 -3.782565 32.854569 0.000003 -0.000002 -0.000001 -9.103619 -0.043099 -1.865097 6.036398 -6.888422 82.440964 4.121019 -6.349614 65.937861 1.115596 -3.782564 32.854569 0.000005 0.000003 0.000001 -8.076718 -0.486715 -3.806294 6.036405 -6.888423 82.440971 4.121027 -6.349619 65.937861 1.115585 -3.782569 32.854600 0.000001 -0.000001 0.000001 4.570403 11.014706 -2.160815 1.258199 0.240606 -11.531594 -32.832979 -45.352152 -50.821884 0.000057 -79.743545 0.000040 4.629249 2.027276 21.992366 2.466093 -1.576208 2.681699 18.241724 -23.305283 -17.628945 53.671616 63.248453 -40.439525 2.647884 -1.528766 1.528754 10.741892 32.760808 -5.296238 1.998925 -1.154096 1.154082 0.000003 0.000004 -0.000000 9.109306 -0.518002 2.259900 6.090335 6.835965 -83.384725 5.535320 6.749092 -78.694557 1.552535 4.360280 -39.183941 0.000000 0.000001 -0.000001 9.533405 0.000007 0.000002 6.088412 6.835753 -83.368510 5.537225 6.749459 -78.710772 1.552540 4.360280 -39.183928 -0.000001 0.000003 -0.000001 9.104502 -0.043002 -1.865095 6.090335 6.835969 -83.384725 5.535318 6.749090 -78.694557 1.552534 4.360278 -39.183938 0.000002 0.000004 -0.000002 8.077822 -0.486888 -3.806297 10.148456 7.303612 -83.373975 5.544913 2.664451 -78.811347 1.552529 4.360285 -39.183938 0.000003 0.000003 -0.000001 -8.207800 -6.751702 -1.599544 -68.783898 -3.874530 -3.700591 48.443052 -0.302978 -0.093723 36.813787 3.591984 12.910759 -0.000014 0.000002 0.000001 0.000000 -0.000000 -0.000000 8.207799 -6.751702 -1.599551 -70.027197 -0.429347 13.718560 92.754317 9.752145 0.553628 -6.281877 3.272733 5.771391 -0.043024 0.000006 -0.000000 -0.000000 0.000001 -0.000000 
-0.594186 64.055923 1.445152 -18.245349 -6.143072 -7.463207 -0.000000 10.181549 0.131526 5.501391 2.637655 3.456047 10.092897 0.225804 2.114468 10.082316 0.271932 2.152507 0.000000 16.740370 -2.049020 -4.743520 0.803339 -0.769319 -0.000001 9.617847 1.684979 -12.816364 2.029251 3.745821 -0.000000 22.037354 7.501070 0.000001 -0.000000 -0.000000 -4.569998 11.014895 -2.160839 3.324382 13.484459 10.959944 -19.732842 24.496349 23.317337 -0.000351 79.710603 0.000374 -17.446603 7.265901 -32.076423 -2.464801 -1.573968 2.681907 7.564646 7.028706 27.703724 -9.818532 -72.226669 -19.707070 -2.646275 -1.527799 1.527820 -2.645433 -31.790019 -7.915084 -1.994584 -1.151584 1.151579 0.000002 -0.000001 0.000003 -9.108301 -0.517866 2.259796 6.036400 -6.888424 82.440971 4.121022 -6.349613 65.937861 1.115598 -3.782572 32.854576 0.000001 0.000001 -0.000000 -9.532507 -0.000000 -0.000009 6.036397 -6.888424 82.440971 4.121023 -6.349614 65.937861 1.115599 -3.782564 32.854576 -0.000002 0.000002 0.000001 -9.103590 -0.043101 -1.865104 6.036396 -6.888420 82.440964 4.121025 -6.349613 65.937861 1.115602 -3.782565 32.854576 -0.000002 0.000000 0.000002 -8.076698 -0.486700 -3.806303 6.036402 -6.888427 82.440971 4.121025 -6.349617 65.937861 1.115590 -3.782566 32.854607 0.000001 0.000001 -0.000000 4.570404 11.014706 -2.160816 1.259506 0.247991 -11.515622 -33.063245 -45.345028 -50.944547 0.000009 -79.679245 0.000006 4.475406 2.022406 22.075064 2.466105 -1.576210 2.681703 18.241733 -23.305285 -17.628949 53.671616 63.248453 -40.439525 2.647897 -1.528769 1.528750 10.741893 32.760811 -5.296232 1.998921 -1.154085 1.154084 0.000001 0.000004 0.000001 9.109304 -0.518004 2.259902 6.090340 6.835968 -83.384725 5.535316 6.749096 -78.694557 1.552538 4.360278 -39.183938 -0.000001 -0.000001 -0.000000 9.533405 0.000002 -0.000001 6.088415 6.835749 -83.368510 5.537223 6.749464 -78.710779 1.552539 4.360283 -39.183928 0.000001 -0.000001 0.000001 9.104531 -0.042995 -1.865103 6.090343 6.835970 -83.384725 5.535318 6.749094 -78.694550 1.552535 4.360280 -39.183938 -0.000004 0.000005 -0.000002 8.077807 -0.486894 -3.806307 10.148464 7.303608 -83.373981 5.544913 2.664448 -78.811347 1.552535 4.360285 -39.183941 0.000001 -0.000004 -0.000000 -8.207800 -6.751701 -1.599541 -68.747773 -3.884609 -3.662994 48.404803 -0.328439 -0.094685 36.826556 3.590327 12.880556 -0.000015 0.000002 0.000001 0.000000 -0.000000 -0.000000 8.207800 -6.751696 -1.599546 -70.012110 -0.469398 13.733628 92.756653 9.753654 0.553734 -6.275357 3.274889 5.745396 -0.044349 -0.000003 -0.000001 0.000000 0.000002 0.000000 
-0.608460 64.066246 1.444117 -18.225484 -6.158385 -7.485664 0.000001 10.181544 0.131523 5.533659 2.650118 3.436945 10.146856 0.260092 2.127807 10.135715 0.305609 2.167736 -0.000000 16.740362 -2.049020 -4.634126 0.829618 -0.815579 -0.000000 9.617847 1.684979 -12.546445 2.091546 3.779775 -0.000001 22.037384 7.501073 0.000000 -0.000000 0.000000 -4.570001 11.014872 -2.160841 3.312839 13.431402 10.992736 -19.840079 24.728667 23.374617 -0.000213 79.794696 0.000291 -17.053234 7.230667 -32.138772 -2.464793 -1.573998 2.681906 7.564649 7.028706 27.703719 -9.818503 -72.226675 -19.707070 -2.646250 -1.527804 1.527805 -2.645434 -31.790016 -7.915084 -1.994582 -1.151587 1.151568 0.000001 -0.000001 -0.000000 -9.108294 -0.517884 2.259800 6.036396 -6.888425 82.440978 4.121021 -6.349614 65.937861 1.115597 -3.782566 32.854569 0.000001 0.000001 0.000002 -9.532516 -0.000004 -0.000005 6.036396 -6.888425 82.440971 4.121021 -6.349614 65.937868 1.115595 -3.782565 32.854576 -0.000002 -0.000000 -0.000000 -9.103598 -0.043109 -1.865101 6.036397 -6.888425 82.440964 4.121021 -6.349613 65.937868 1.115597 -3.782563 32.854573 -0.000001 0.000002 0.000002 -8.076696 -0.486720 -3.806297 6.036401 -6.888430 82.440971 4.121025 -6.349612 65.937861 1.115588 -3.782568 32.854596 0.000001 0.000000 0.000001 4.570398 11.014679 -2.160815 1.255285 0.227850 -11.468728 -33.311037 -45.195652 -51.125100 -0.000029 -79.686547 -0.000032 4.470473 1.937628 21.945722 2.466104 -1.576212 2.681710 18.241724 -23.305278 -17.628947 53.671609 63.248453 -40.439525 2.647880 -1.528771 1.528752 10.741891 32.760808 -5.296232 1.998922 -1.154080 1.154084 0.000002 0.000005 -0.000002 9.109289 -0.518011 2.259914 6.090338 6.835970 -83.384725 5.535318 6.749090 -78.694557 1.552530 4.360280 -39.183945 -0.000001 -0.000001 0.000001 9.533400 -0.000006 0.000011 6.088414 6.835750 -83.368517 5.537223 6.749459 -78.710772 1.552541 4.360281 -39.183931 0.000002 0.000005 0.000001 9.104511 -0.043000 -1.865086 6.090337 6.835967 -83.384732 5.535319 6.749094 -78.694557 1.552533 4.360279 -39.183941 -0.000003 -0.000001 -0.000000 8.077803 -0.486895 -3.806291 10.148460 7.303606 -83.373981 5.544912 2.664446 -78.811347 1.552532 4.360286 -39.183938 0.000000 -0.000001 -0.000001 -8.207800 -6.751709 -1.599530 -68.737671 -3.890970 -3.617509 48.365652 -0.364741 -0.095781 36.830952 3.588777 12.854501 -0.000012 0.000002 0.000000 -0.000000 0.000001 -0.000001 8.207800 -6.751706 -1.599546 -70.015798 -0.530978 13.732700 92.745274 9.755882 0.553894 -6.257999 3.296323 5.698274 -0.045801 -0.000008 0.000002 -0.000000 -0.000000 -0.000000 
-0.629994 64.087051 1.442110 -18.133621 -6.190653 -7.499971 -0.000000 10.181539 0.131524 5.536213 2.655522 3.402237 10.151203 0.288438 2.137531 10.139441 0.332687 2.179892 -0.000000 16.740356 -2.049022 -4.504288 0.850833 -0.854353 0.000000 9.617855 1.684978 -12.305372 2.138306 3.811954 -0.000002 22.037369 7.501081 -0.000001 -0.000000 0.000000 -4.570001 11.014852 -2.160839 3.310000 13.439776 10.985130 -19.943370 24.819084 23.397814 -0.000222 80.047720 0.000268 -16.810788 6.802873 -32.002083 -2.464801 -1.573998 2.681907 7.564651 7.028704 27.703719 -9.818518 -72.226675 -19.707065 -2.646258 -1.527804 1.527815 -2.645430 -31.790023 -7.915081 -1.994570 -1.151585 1.151579 0.000001 0.000005 -0.000002 -9.108331 -0.517882 2.259804 6.036401 -6.888425 82.440971 4.121022 -6.349613 65.937861 1.115597 -3.782563 32.854573 0.000005 -0.000003 -0.000004 -9.532509 -0.000004 -0.000002 6.036400 -6.888424 82.440971 4.121019 -6.349612 65.937868 1.115597 -3.782565 32.854576 -0.000002 0.000003 0.000001 -9.103604 -0.043101 -1.865098 6.036400 -6.888423 82.440964 4.121020 -6.349611 65.937861 1.115597 -3.782562 32.854573 -0.000001 -0.000000 -0.000002 -8.076700 -0.486715 -3.806301 6.036405 -6.888428 82.440971 4.121027 -6.349614 65.937861 1.115592 -3.782564 32.854596 0.000006 0.000003 0.000003 4.570401 11.014662 -2.160815 1.250184 0.201308 -11.417687 -33.429633 -45.013119 -51.216430 -0.000039 -79.783535 -0.000056 4.368822 1.888979 22.099938 2.466101 -1.576200 2.681701 18.241729 -23.305283 -17.628940 53.671606 63.248453 -40.439518 2.647876 -1.528769 1.528750 10.741892 32.760815 -5.296234 1.998925 -1.154080 1.154082 0.000002 0.000002 -0.000000 9.109306 -0.518014 2.259899 6.090335 6.835967 -83.384725 5.535323 6.749091 -78.694557 1.552535 4.360281 -39.183945 -0.000001 -0.000003 -0.000002 9.533419 0.000002 0.000002 6.088412 6.835746 -83.368517 5.537224 6.749456 -78.710779 1.552542 4.360283 -39.183924 -0.000002 0.000002 -0.000002 9.104503 -0.043001 -1.865105 6.090338 6.835968 -83.384725 5.535318 6.749093 -78.694557 1.552539 4.360280 -39.183941 -0.000002 -0.000001 0.000000 8.077808 -0.486888 -3.806302 10.148458 7.303608 -83.373975 5.544913 2.664447 -78.811347 1.552530 4.360286 -39.183941 0.000003 -0.000000 -0.000001 -8.207802 -6.751703 -1.599546 -68.781357 -3.895058 -3.556876 48.292849 -0.413502 -0.097028 36.851258 3.586858 12.816318 -0.000014 0.000004 -0.000001 0.000000 0.000001 0.000000 8.207800 -6.751703 -1.599548 -70.078178 -0.606289 13.717783 92.710611 9.758884 0.554092 -6.221633 3.332545 5.633376 -0.047371 0.000000 0.000003 -0.000000 0.000000 -0.000000 
-0.654002 64.113182 1.431355 -18.048575 -6.204908 -7.476870 0.000001 10.181557 0.131525 5.545198 2.650070 3.340081 10.159429 0.309457 2.140793 10.147394 0.351073 2.184324 0.000000 16.740381 -2.049020 -4.366531 0.867614 -0.845490 0.000001 9.617858 1.684977 -12.119171 2.238006 3.794358 -0.000000 22.037369 7.501074 -0.000000 -0.000000 0.000001 -4.570004 11.014880 -2.160841 3.309448 13.449823 10.977709 -20.118163 24.890773 23.452184 -0.000244 80.265596 0.000246 -16.459197 6.609265 -31.729063 -2.464808 -1.573991 2.681909 7.564650 7.028705 27.703720 -9.818505 -72.226669 -19.707090 -2.646258 -1.527817 1.527809 -2.645431 -31.790023 -7.915083 -1.994581 -1.151589 1.151585 0.000000 0.000002 -0.000004 -9.108331 -0.517884 2.259795 6.036398 -6.888425 82.440971 4.121021 -6.349614 65.937868 1.115597 -3.782570 32.854576 0.000002 -0.000000 -0.000001 -9.532509 -0.000004 -0.000004 6.036398 -6.888423 82.440971 4.121023 -6.349612 65.937868 1.115597 -3.782567 32.854573 0.000004 -0.000000 -0.000002 -9.103589 -0.043111 -1.865110 6.036396 -6.888424 82.440964 4.121021 -6.349616 65.937868 1.115600 -3.782568 32.854573 0.000000 0.000004 0.000003 -8.076715 -0.486718 -3.806303 6.036399 -6.888426 82.440971 4.121026 -6.349620 65.937861 1.115586 -3.782567 32.854596 0.000005 0.000001 -0.000001 4.570399 11.014701 -2.160817 1.255666 0.225483 -11.403807 -33.414313 -44.995220 -51.086315 -0.000025 -79.933991 -0.000023 4.059338 1.966280 22.368516 2.466116 -1.576195 2.681701 18.241728 -23.305287 -17.628944 53.671613 63.248453 -40.439518 2.647887 -1.528764 1.528750 10.741889 32.760804 -5.296236 1.998925 -1.154070 1.154084 0.000001 -0.000000 -0.000004 9.109288 -0.518004 2.259900 6.090335 6.835968 -83.384725 5.535314 6.749093 -78.694557 1.552534 4.360281 -39.183941 0.000000 0.000002 -0.000004 9.533432 -0.000004 -0.000004 6.088416 6.835750 -83.368517 5.537222 6.749458 -78.710779 1.552545 4.360280 -39.183928 0.000000 -0.000004 -0.000001 9.104500 -0.043011 -1.865108 6.090337 6.835966 -83.384725 5.535315 6.749091 -78.694557 1.552528 4.360279 -39.183941 0.000000 0.000005 -0.000000 8.077806 -0.486894 -3.806305 10.148458 7.303609 -83.373981 5.544916 2.664449 -78.811347 1.552529 4.360284 -39.183941 0.000000 -0.000002 -0.000001 -8.207801 -6.751704 -1.599538 -68.818992 -3.888606 -3.536978 48.217461 -0.448578 -0.098005 36.868357 3.585007 12.774972 -0.000010 0.000001 0.000001 0.000000 -0.000000 -0.000001 8.207798 -6.751700 -1.599556 -70.107582 -0.711819 13.598643 92.651728 9.763433 0.554760 -6.151831 3.449060 5.510949 -0.049196 0.000006 -0.000002 0.000000 0.000001 0.000000 
-0.673795 64.135689 1.419699 -17.980161 -6.208736 -7.438585 -0.000000 10.181561 0.131529 5.560139 2.645325 3.285499 10.178286 0.345045 2.158552 10.166089 0.383927 2.202503 0.000000 16.740398 -2.049022 -4.290946 0.855874 -0.851529 -0.000001 9.617846 1.684975 -11.845007 2.165111 3.827543 -0.000002 22.037369 7.501077 -0.000000 -0.000000 0.000000 -4.569998 11.014872 -2.160840 3.311282 13.431790 10.989055 -20.276581 24.967622 23.396361 -0.000217 80.571152 0.000288 -16.162673 6.518767 -31.754393 -2.464801 -1.573995 2.681895 7.564645 7.028705 27.703720 -9.818518 -72.226669 -19.707066 -2.646269 -1.527828 1.527817 -2.645433 -31.790023 -7.915083 -1.994584 -1.151582 1.151572 -0.000000 -0.000001 0.000003 -9.108314 -0.517880 2.259786 6.036399 -6.888424 82.440971 4.121021 -6.349613 65.937868 1.115598 -3.782565 32.854576 -0.000000 0.000000 0.000000 -9.532503 -0.000000 -0.000017 6.036398 -6.888426 82.440971 4.121023 -6.349613 65.937861 1.115599 -3.782565 32.854573 0.000004 0.000002 0.000002 -9.103587 -0.043099 -1.865115 6.036400 -6.888424 82.440964 4.121022 -6.349614 65.937868 1.115597 -3.782562 32.854573 0.000005 0.000004 0.000003 -8.076713 -0.486720 -3.806315 6.036399 -6.888428 82.440971 4.121025 -6.349612 65.937861 1.115590 -3.782567 32.854596 0.000001 0.000002 0.000002 4.570400 11.014681 -2.160816 1.259115 0.239163 -11.413403 -33.449523 -44.969095 -50.939578 0.000004 -80.063477 -0.000004 3.926272 1.830326 22.340688 2.466104 -1.576195 2.681688 18.241729 -23.305278 -17.628942 53.671609 63.248460 -40.439528 2.647880 -1.528766 1.528746 10.741892 32.760811 -5.296235 1.998918 -1.154084 1.154082 0.000002 0.000004 -0.000001 9.109304 -0.517993 2.259902 6.090333 6.835966 -83.384725 5.535317 6.749089 -78.694550 1.552534 4.360283 -39.183938 -0.000003 -0.000001 -0.000001 9.533421 0.000013 -0.000002 6.088411 6.835753 -83.368510 5.537224 6.749457 -78.710779 1.552542 4.360278 -39.183928 -0.000005 0.000001 -0.000001 9.104501 -0.042986 -1.865105 6.090335 6.835968 -83.384725 5.535317 6.749093 -78.694557 1.552533 4.360281 -39.183941 -0.000003 -0.000005 0.000000 8.077806 -0.486880 -3.806307 10.148458 7.303613 -83.373981 5.544911 2.664445 -78.811347 1.552531 4.360285 -39.183941 -0.000002 0.000003 -0.000002 -8.207801 -6.751712 -1.599545 -68.853873 -3.896529 -3.552829 48.162669 -0.469663 -0.098719 36.875064 3.583156 12.722506 -0.000014 0.000003 0.000000 0.000000 0.000001 0.000000 8.207798 -6.751705 -1.599544 -70.117636 -0.812039 13.446363 92.593145 9.767813 0.555873 -6.086081 3.584014 5.379794 -0.051343 -0.000004 -0.000002 -0.000000 -0.000001 0.000000 
-0.686774 64.150291 1.411608 -17.952141 -6.207261 -7.400934 0.000000 10.181564 0.131521 5.574917 2.639895 3.243186 10.197848 0.368205 2.170983 10.185728 0.404835 2.214573 0.000000 16.740362 -2.049017 -4.185999 0.852510 -0.817725 0.000001 9.617826 1.684974 -11.626736 2.198019 3.768518 -0.000002 22.037369 7.501067 0.000001 -0.000000 0.000000 -4.570000 11.014869 -2.160838 3.312470 13.421481 10.996099 -20.455307 25.033191 23.358284 -0.000322 80.834592 0.000378 -15.882630 6.444284 -31.700534 -2.464816 -1.573991 2.681911 7.564645 7.028703 27.703720 -9.818516 -72.226675 -19.707071 -2.646266 -1.527829 1.527821 -2.645433 -31.790016 -7.915078 -1.994587 -1.151599 1.151581 0.000005 -0.000006 -0.000002 -9.108298 -0.517895 2.259798 6.036397 -6.888423 82.440971 4.121023 -6.349611 65.937861 1.115599 -3.782564 32.854569 -0.000000 0.000002 -0.000001 -9.532506 0.000008 0.000002 6.036399 -6.888423 82.440971 4.121024 -6.349616 65.937868 1.115597 -3.782564 32.854573 -0.000001 -0.000003 -0.000003 -9.103585 -0.043109 -1.865099 6.036397 -6.888423 82.440964 4.121022 -6.349613 65.937868 1.115597 -3.782568 32.854576 0.000000 -0.000001 0.000002 -8.076714 -0.486718 -3.806301 6.036399 -6.888428 82.440971 4.121027 -6.349615 65.937854 1.115585 -3.782569 32.854603 -0.000000 0.000002 0.000002 4.570398 11.014682 -2.160812 1.255083 0.217172 -11.407528 -33.471636 -44.839348 -50.723123 -0.000051 -80.190751 -0.000004 3.814460 1.678378 22.320262 2.466100 -1.576205 2.681705 18.241726 -23.305282 -17.628945 53.671606 63.248453 -40.439515 2.647887 -1.528768 1.528748 10.741894 32.760808 -5.296235 1.998925 -1.154051 1.154080 0.000002 0.000002 -0.000000 9.109288 -0.518004 2.259909 6.090335 6.835966 -83.384725 5.535319 6.749093 -78.694557 1.552538 4.360280 -39.183941 0.000002 -0.000000 0.000000 9.533419 -0.000002 0.000003 6.088416 6.835748 -83.368510 5.537227 6.749463 -78.710772 1.552544 4.360282 -39.183928 0.000001 0.000004 -0.000002 9.104498 -0.042992 -1.865096 6.090335 6.835966 -83.384725 5.535321 6.749090 -78.694557 1.552540 4.360279 -39.183945 -0.000001 -0.000000 0.000002 8.077805 -0.486888 -3.806301 10.148456 7.303608 -83.373981 5.544913 2.664449 -78.811347 1.552533 4.360288 -39.183941 -0.000002 0.000002 -0.000002 -8.207800 -6.751702 -1.599545 -68.876413 -3.918653 -3.588129 48.156689 -0.472759 -0.099094 36.842730 3.581473 12.676083 -0.000014 0.000004 -0.000000 0.000000 0.000000 0.000001 8.207798 -6.751704 -1.599540 -70.103894 -0.875632 13.327536 92.553960 9.771122 0.556995 -6.033033 3.683379 5.279895 -0.054346 0.000007 0.000000 0.000000 0.000002 0.000000 
-0.692929 64.155609 1.405787 -17.957773 -6.203880 -7.373154 -0.000000 10.181552 0.131520 5.597281 2.630981 3.231176 10.230068 0.368872 2.199847 10.217837 0.404422 2.243820 -0.000000 16.740389 -2.049021 -4.097061 0.847997 -0.806939 0.000000 9.617850 1.684974 -11.453255 2.212447 3.724484 0.000002 22.037384 7.501071 -0.000001 0.000000 0.000000 -4.570001 11.014878 -2.160841 3.311406 13.424477 10.995065 -20.654735 25.164398 23.242061 -0.000274 81.099282 0.000361 -15.603649 6.317781 -31.753894 -2.464801 -1.573987 2.681907 7.564646 7.028703 27.703720 -9.818521 -72.226669 -19.707068 -2.646267 -1.527797 1.527823 -2.645435 -31.790019 -7.915082 -1.994575 -1.151581 1.151565 0.000004 -0.000000 -0.000000 -9.108332 -0.517882 2.259805 6.036401 -6.888424 82.440971 4.121022 -6.349614 65.937868 1.115604 -3.782569 32.854576 0.000001 -0.000000 0.000001 -9.532492 -0.000000 -0.000003 6.036397 -6.888423 82.440971 4.121020 -6.349614 65.937868 1.115597 -3.782563 32.854576 0.000003 -0.000000 0.000000 -9.103590 -0.043110 -1.865105 6.036401 -6.888423 82.440964 4.121019 -6.349612 65.937861 1.115599 -3.782563 32.854576 0.000002 -0.000001 0.000001 -8.076702 -0.486726 -3.806296 6.036399 -6.888427 82.440971 4.121024 -6.349613 65.937861 1.115591 -3.782566 32.854600 -0.000006 0.000003 0.000000 4.570404 11.014687 -2.160816 1.256160 0.219768 -11.379229 -33.473733 -44.734744 -50.516468 -0.000087 -80.320327 -0.000070 3.356994 1.522403 22.852044 2.466116 -1.576207 2.681693 18.241719 -23.305287 -17.628939 53.671616 63.248453 -40.439515 2.647887 -1.528757 1.528760 10.741897 32.760815 -5.296231 1.998921 -1.154082 1.154080 0.000003 0.000001 -0.000002 9.109295 -0.518004 2.259900 6.090334 6.835969 -83.384725 5.535321 6.749093 -78.694557 1.552533 4.360278 -39.183945 -0.000002 0.000000 -0.000002 9.533391 -0.000002 -0.000003 6.088412 6.835749 -83.368510 5.537221 6.749458 -78.710772 1.552541 4.360279 -39.183935 -0.000001 -0.000003 0.000003 9.104506 -0.043003 -1.865093 6.090338 6.835966 -83.384725 5.535320 6.749090 -78.694550 1.552536 4.360279 -39.183945 0.000000 0.000001 -0.000002 8.077810 -0.486899 -3.806305 10.148457 7.303605 -83.373975 5.544911 2.664447 -78.811347 1.552531 4.360282 -39.183941 -0.000003 0.000001 0.000001 -8.207802 -6.751707 -1.599543 -68.880170 -3.940572 -3.621058 48.174461 -0.463221 -0.099251 36.799522 3.579766 12.632540 -0.000010 0.000003 -0.000000 0.000000 -0.000000 -0.000001 8.207799 -6.751703 -1.599545 -70.078704 -0.896711 13.264244 92.536400 9.772800 0.558039 -6.003825 3.731816 5.229124 -0.057415 -0.000006 0.000004 -0.000000 -0.000001 0.000000 
-0.691809 64.152504 1.403099 -17.979884 -6.202186 -7.353816 -0.000001 10.181550 0.131521 5.611322 2.628060 3.251988 10.250691 0.365698 2.250299 10.238127 0.400698 2.294921 -0.000001 16.740370 -2.049021 -4.039613 0.823205 -0.826530 0.000000 9.617838 1.684978 -11.225653 2.061588 3.737553 -0.000000 22.037384 7.501074 -0.000000 0.000000 0.000000 -4.569996 11.014903 -2.160841 3.307657 13.405214 11.007657 -20.788362 25.363009 23.045203 -0.000320 81.306920 0.000389 -15.227997 6.299693 -31.704536 -2.464800 -1.573983 2.681913 7.564646 7.028698 27.703720 -9.818538 -72.226669 -19.707070 -2.646262 -1.527800 1.527816 -2.645434 -31.790016 -7.915078 -1.994574 -1.151582 1.151569 -0.000002 -0.000001 -0.000000 -9.108300 -0.517895 2.259803 6.036400 -6.888422 82.440971 4.121024 -6.349614 65.937868 1.115597 -3.782563 32.854573 -0.000001 0.000002 0.000003 -9.532491 0.000006 -0.000002 6.036400 -6.888423 82.440971 4.121021 -6.349613 65.937868 1.115599 -3.782563 32.854576 0.000004 0.000002 -0.000001 -9.103575 -0.043105 -1.865098 6.036400 -6.888422 82.440964 4.121023 -6.349611 65.937861 1.115597 -3.782562 32.854573 0.000001 0.000001 0.000003 -8.076716 -0.486715 -3.806300 6.036403 -6.888423 82.440971 4.121024 -6.349614 65.937861 1.115588 -3.782566 32.854596 0.000001 0.000001 0.000005 4.570401 11.014688 -2.160816 1.255784 0.214802 -11.349804 -33.463764 -44.571885 -50.324315 -0.000022 -80.485897 -0.000035 2.984706 1.620133 23.198613 2.466108 -1.576208 2.681707 18.241726 -23.305282 -17.628949 53.671616 63.248453 -40.439522 2.647889 -1.528744 1.528754 10.741892 32.760811 -5.296232 1.998917 -1.154064 1.154083 -0.000000 0.000005 -0.000000 9.109304 -0.518012 2.259895 6.090332 6.835967 -83.384725 5.535318 6.749089 -78.694550 1.552537 4.360278 -39.183945 -0.000004 -0.000003 -0.000000 9.533404 0.000007 -0.000006 6.088413 6.835752 -83.368510 5.537226 6.749464 -78.710779 1.552540 4.360280 -39.183938 0.000002 0.000005 0.000001 9.104501 -0.043004 -1.865102 6.090335 6.835967 -83.384725 5.535321 6.749089 -78.694557 1.552535 4.360279 -39.183945 -0.000006 -0.000003 0.000001 8.077805 -0.486899 -3.806304 10.148459 7.303609 -83.373981 5.544913 2.664447 -78.811347 1.552530 4.360284 -39.183941 0.000001 0.000000 0.000001 -8.207802 -6.751696 -1.599548 -68.873128 -3.959124 -3.647879 48.192845 -0.444921 -0.099267 36.773134 3.576368 12.601406 -0.000015 0.000002 -0.000001 0.000000 0.000000 0.000000 8.207801 -6.751694 -1.599545 -70.055591 -0.883286 13.248246 92.536878 9.773250 0.558974 -5.996911 3.740393 5.215326 -0.061249 0.000007 -0.000002 -0.000000 0.000001 -0.000000 
-0.686334 64.146248 1.399723 -18.012962 -6.207138 -7.339025 -0.000001 10.181536 0.131526 5.620925 2.627876 3.270614 10.265050 0.358818 2.272787 10.252452 0.393904 2.317272 -0.000001 16.740364 -2.049021 -3.974456 0.798390 -0.776286 0.000001 9.617851 1.684977 -11.035010 2.003882 3.744866 0.000001 22.037369 7.501072 -0.000000 0.000000 -0.000000 -4.570001 11.014876 -2.160840 3.300623 13.415726 11.000781 -20.935600 25.521019 22.877126 -0.000366 81.525179 0.000407 -14.908652 6.259366 -31.757169 -2.464801 -1.573979 2.681904 7.564648 7.028705 27.703717 -9.818536 -72.226669 -19.707070 -2.646269 -1.527815 1.527817 -2.645431 -31.790023 -7.915082 -1.994583 -1.151597 1.151573 0.000007 -0.000002 0.000003 -9.108295 -0.517863 2.259801 6.036401 -6.888422 82.440971 4.121024 -6.349617 65.937868 1.115594 -3.782566 32.854573 0.000004 -0.000002 -0.000001 -9.532503 0.000016 -0.000005 6.036403 -6.888421 82.440971 4.121027 -6.349614 65.937861 1.115596 -3.782566 32.854573 0.000001 -0.000001 -0.000002 -9.103602 -0.043091 -1.865101 6.036401 -6.888422 82.440964 4.121018 -6.349613 65.937868 1.115594 -3.782568 32.854573 0.000003 0.000001 -0.000001 -8.076698 -0.486709 -3.806306 6.036405 -6.888428 82.440971 4.121026 -6.349617 65.937861 1.115587 -3.782566 32.854596 0.000003 0.000000 0.000001 4.570398 11.014685 -2.160816 1.252079 0.198094 -11.346992 -33.429791 -44.473732 -50.076123 0.000066 -80.443052 0.000048 2.873224 1.153109 23.922896 2.466105 -1.576208 2.681699 18.241728 -23.305287 -17.628942 53.671620 63.248453 -40.439525 2.647890 -1.528756 1.528748 10.741892 32.760811 -5.296233 1.998918 -1.154086 1.154084 0.000001 0.000002 -0.000000 9.109287 -0.518012 2.259896 6.090338 6.835969 -83.384725 5.535322 6.749095 -78.694550 1.552535 4.360282 -39.183945 -0.000003 0.000003 -0.000002 9.533417 -0.000004 -0.000007 6.088416 6.835748 -83.368510 5.537225 6.749466 -78.710779 1.552544 4.360281 -39.183928 -0.000003 0.000002 0.000002 9.104496 -0.043000 -1.865104 6.090336 6.835972 -83.384732 5.535324 6.749094 -78.694550 1.552533 4.360280 -39.183941 -0.000001 -0.000000 0.000001 8.077802 -0.486899 -3.806307 10.148458 7.303610 -83.373981 5.544911 2.664447 -78.811347 1.552533 4.360282 -39.183941 0.000000 -0.000000 0.000001 -8.207802 -6.751704 -1.599544 -68.857541 -3.959909 -3.660438 48.215135 -0.426000 -0.099273 36.743167 3.569261 12.598030 -0.000012 0.000003 0.000001 -0.000000 0.000001 -0.000001 8.207800 -6.751703 -1.599546 -70.032402 -0.848745 13.261584 92.542984 9.773062 0.559804 -5.993029 3.729971 5.224211 -0.066789 -0.000008 -0.000005 -0.000000 -0.000001 -0.000000 
-0.678602 64.135857 1.394749 -18.061522 -6.215605 -7.334041 0.000000 10.181546 0.131527 5.629826 2.629069 3.315524 10.278960 0.351551 2.322795 10.266182 0.386959 2.367184 -0.000000 16.740374 -2.049018 -3.911710 0.791015 -0.794528 0.000001 9.617844 1.684974 -10.935874 1.938208 3.764480 -0.000002 22.037369 7.501073 -0.000002 0.000000 0.000001 -4.569997 11.014856 -2.160837 3.298577 13.365628 11.033405 -21.049941 25.794051 22.661444 -0.000251 81.765745 0.000290 -14.614773 6.046251 -31.626002 -2.464808 -1.573990 2.681908 7.564652 7.028703 27.703722 -9.818502 -72.226669 -19.707070 -2.646264 -1.527803 1.527808 -2.645433 -31.790019 -7.915089 -1.994583 -1.151598 1.151569 0.000003 -0.000000 -0.000000 -9.108315 -0.517880 2.259804 6.036400 -6.888422 82.440971 4.121023 -6.349617 65.937868 1.115597 -3.782563 32.854569 0.000002 0.000001 -0.000001 -9.532492 -0.000001 -0.000000 6.036402 -6.888423 82.440971 4.121022 -6.349617 65.937861 1.115598 -3.782566 32.854573 0.000001 -0.000003 -0.000002 -9.103603 -0.043112 -1.865099 6.036400 -6.888420 82.440964 4.121024 -6.349616 65.937868 1.115598 -3.782566 32.854573 0.000004 0.000002 -0.000001 -8.076703 -0.486715 -3.806303 6.036403 -6.888425 82.440971 4.121026 -6.349610 65.937861 1.115589 -3.782570 32.854596 0.000001 -0.000000 -0.000000 4.570399 11.014662 -2.160813 1.253733 0.223651 -11.376583 -33.411865 -44.349310 -49.919954 0.000015 -80.507064 0.000027 2.533450 0.964401 24.224420 2.466116 -1.576195 2.681706 18.241726 -23.305282 -17.628940 53.671609 63.248453 -40.439525 2.647886 -1.528752 1.528746 10.741891 32.760808 -5.296231 1.998928 -1.154083 1.154084 -0.000000 0.000004 0.000001 9.109293 -0.518008 2.259902 6.090335 6.835964 -83.384725 5.535319 6.749096 -78.694557 1.552536 4.360278 -39.183941 -0.000001 0.000002 -0.000001 9.533393 -0.000001 0.000001 6.088410 6.835749 -83.368510 5.537222 6.749464 -78.710779 1.552545 4.360282 -39.183928 -0.000001 0.000005 0.000001 9.104487 -0.042998 -1.865103 6.090335 6.835964 -83.384725 5.535322 6.749096 -78.694557 1.552536 4.360278 -39.183945 -0.000003 -0.000003 0.000002 8.077791 -0.486895 -3.806301 10.148462 7.303608 -83.373981 5.544912 2.664444 -78.811347 1.552534 4.360284 -39.183941 -0.000002 0.000002 0.000000 -8.207800 -6.751709 -1.599541 -68.830514 -3.959609 -3.663968 48.239396 -0.412796 -0.099358 36.711293 3.557258 12.586570 -0.000013 0.000002 0.000001 0.000000 0.000000 0.000000 8.207799 -6.751708 -1.599546 -70.004999 -0.799698 13.304612 92.557218 9.772209 0.560479 -5.994937 3.693776 5.256583 -0.071364 -0.000008 0.000003 0.000000 -0.000002 0.000000 
-0.675706 64.127953 1.389444 -18.111044 -6.226791 -7.333367 0.000000 10.181561 0.131527 5.636953 2.629375 3.358074 10.291938 0.334249 2.362969 10.278892 0.370353 2.407830 0.000001 16.740351 -2.049020 -3.871635 0.767167 -0.786808 0.000001 9.617846 1.684979 -10.916463 1.810407 3.838639 -0.000001 22.037384 7.501072 -0.000000 0.000000 0.000001 -4.569996 11.014875 -2.160842 3.300175 13.367289 11.033000 -21.222279 25.990845 22.487898 -0.000422 82.032710 0.000431 -14.156382 5.863867 -31.505480 -2.464793 -1.573991 2.681904 7.564646 7.028704 27.703720 -9.818515 -72.226669 -19.707063 -2.646271 -1.527815 1.527820 -2.645433 -31.790023 -7.915077 -1.994574 -1.151585 1.151561 0.000000 0.000001 -0.000000 -9.108314 -0.517884 2.259799 6.036398 -6.888424 82.440971 4.121022 -6.349611 65.937868 1.115601 -3.782564 32.854573 0.000007 0.000003 0.000001 -9.532505 0.000015 0.000000 6.036398 -6.888425 82.440971 4.121019 -6.349609 65.937861 1.115600 -3.782563 32.854576 0.000002 -0.000000 -0.000001 -9.103588 -0.043082 -1.865104 6.036399 -6.888424 82.440964 4.121017 -6.349606 65.937868 1.115598 -3.782568 32.854573 -0.000003 -0.000000 0.000001 -8.076700 -0.486722 -3.806305 6.036398 -6.888429 82.440971 4.121025 -6.349615 65.937854 1.115593 -3.782563 32.854596 0.000001 0.000003 0.000002 4.570400 11.014688 -2.160817 1.250717 0.245556 -11.401327 -33.404276 -44.165670 -49.800238 -0.000070 -80.728075 -0.000083 2.006265 1.181677 24.672052 2.466096 -1.576203 2.681688 18.241726 -23.305280 -17.628947 53.671609 63.248453 -40.439515 2.647884 -1.528760 1.528750 10.741897 32.760815 -5.296234 1.998925 -1.154099 1.154082 0.000003 -0.000002 -0.000004 9.109303 -0.518004 2.259897 6.090335 6.835967 -83.384725 5.535323 6.749091 -78.694557 1.552535 4.360278 -39.183941 -0.000006 -0.000000 -0.000000 9.533417 -0.000004 0.000000 6.088415 6.835749 -83.368517 5.537225 6.749463 -78.710772 1.552541 4.360282 -39.183928 -0.000002 0.000000 0.000000 9.104513 -0.042997 -1.865105 6.090338 6.835969 -83.384725 5.535322 6.749091 -78.694557 1.552536 4.360279 -39.183945 -0.000006 0.000002 -0.000001 8.077837 -0.486897 -3.806307 10.148458 7.303609 -83.373975 5.544914 2.664451 -78.811347 1.552529 4.360282 -39.183938 -0.000003 -0.000001 0.000001 -8.207802 -6.751697 -1.599531 -68.794724 -3.953753 -3.656015 48.253302 -0.406474 -0.099546 36.688805 3.547488 12.583420 -0.000010 0.000001 0.000001 0.000000 0.000000 0.000001 8.207803 -6.751693 -1.599553 -69.974885 -0.745652 13.367860 92.568133 9.771135 0.560969 -6.007527 3.641287 5.297887 -0.072463 -0.000001 0.000001 -0.000000 -0.000001 0.000000 
-0.676045 64.120399 1.383863 -18.139770 -6.249105 -7.326619 -0.000000 10.181554 0.131521 5.623236 2.627096 3.390987 10.269463 0.314888 2.387641 10.256347 0.351391 2.432438 0.000001 16.740379 -2.049022 -3.812165 0.754495 -0.770870 0.000001 9.617860 1.684977 -10.917453 1.728175 3.991434 -0.000001 22.037384 7.501072 -0.000001 0.000000 0.000000 -4.570004 11.014877 -2.160841 3.302652 13.384959 11.021678 -21.346361 26.146772 22.333810 -0.000361 82.242376 0.000419 -13.535908 5.765568 -31.138347 -2.464786 -1.573979 2.681903 7.564651 7.028704 27.703720 -9.818493 -72.226669 -19.707092 -2.646269 -1.527800 1.527803 -2.645430 -31.790023 -7.915087 -1.994595 -1.151586 1.151565 -0.000000 -0.000004 0.000002 -9.108299 -0.517859 2.259799 6.036404 -6.888423 82.440971 4.121022 -6.349611 65.937868 1.115598 -3.782564 32.854576 0.000000 0.000000 0.000001 -9.532506 -0.000001 -0.000008 6.036404 -6.888422 82.440971 4.121019 -6.349612 65.937868 1.115599 -3.782564 32.854573 0.000006 -0.000001 -0.000000 -9.103590 -0.043095 -1.865108 6.036403 -6.888421 82.440957 4.121023 -6.349614 65.937861 1.115599 -3.782562 32.854576 0.000002 0.000001 0.000001 -8.076720 -0.486703 -3.806304 6.036406 -6.888425 82.440964 4.121022 -6.349611 65.937861 1.115591 -3.782563 32.854596 -0.000002 -0.000000 0.000001 4.570402 11.014695 -2.160815 1.249262 0.253054 -11.375794 -33.294987 -43.948091 -49.666772 0.000004 -80.904240 -0.000015 1.583531 1.286523 25.003612 2.466089 -1.576214 2.681697 18.241724 -23.305282 -17.628949 53.671620 63.248460 -40.439528 2.647888 -1.528753 1.528744 10.741893 32.760811 -5.296236 1.998914 -1.154084 1.154084 0.000002 0.000004 0.000001 9.109291 -0.518008 2.259897 6.090335 6.835968 -83.384725 5.535322 6.749093 -78.694557 1.552536 4.360276 -39.183945 -0.000002 -0.000000 0.000001 9.533417 0.000005 -0.000010 6.088411 6.835750 -83.368517 5.537226 6.749458 -78.710779 1.552544 4.360280 -39.183928 0.000001 0.000003 -0.000001 9.104486 -0.043015 -1.865112 6.090336 6.835966 -83.384725 5.535323 6.749091 -78.694557 1.552536 4.360278 -39.183945 0.000000 0.000000 0.000001 8.077819 -0.486906 -3.806312 10.148454 7.303613 -83.373981 5.544914 2.664444 -78.811347 1.552531 4.360284 -39.183941 -0.000003 -0.000001 0.000001 -8.207800 -6.751701 -1.599546 -68.775545 -3.945209 -3.639954 48.253029 -0.400095 -0.099727 36.681592 3.538321 12.583578 -0.000014 0.000004 0.000001 0.000000 0.000001 -0.000000 8.207799 -6.751699 -1.599553 -69.965548 -0.690871 13.433421 92.575885 9.770156 0.561255 -6.013442 3.594457 5.337166 -0.073953 -0.000005 -0.000000 0.000000 0.000000 0.000000 
-0.679099 64.113953 1.376915 -18.166625 -6.272477 -7.314968 0.000000 10.181547 0.131525 5.605996 2.616193 3.403881 10.243735 0.285238 2.382231 10.230899 0.322154 2.426255 0.000000 16.740360 -2.049017 -3.797667 0.739117 -0.659969 0.000001 9.617853 1.684980 -10.870332 1.775825 4.079308 0.000001 22.037399 7.501076 -0.000000 0.000000 0.000000 -4.570003 11.014861 -2.160838 3.310375 13.419713 10.999072 -21.532786 26.350105 22.361266 -0.000451 82.506056 0.000493 -13.102235 5.563303 -31.097995 -2.464809 -1.573983 2.681904 7.564651 7.028706 27.703717 -9.818509 -72.226669 -19.707071 -2.646254 -1.527797 1.527819 -2.645429 -31.790023 -7.915086 -1.994586 -1.151602 1.151568 0.000002 -0.000000 -0.000002 -9.108312 -0.517882 2.259805 6.036399 -6.888421 82.440971 4.121021 -6.349616 65.937861 1.115594 -3.782564 32.854576 0.000002 -0.000000 -0.000000 -9.532505 0.000008 0.000005 6.036400 -6.888422 82.440971 4.121019 -6.349618 65.937868 1.115594 -3.782568 32.854573 -0.000002 -0.000000 0.000002 -9.103603 -0.043095 -1.865093 6.036400 -6.888421 82.440964 4.121017 -6.349612 65.937861 1.115596 -3.782566 32.854573 0.000000 0.000003 0.000002 -8.076715 -0.486717 -3.806297 6.036402 -6.888426 82.440971 4.121021 -6.349615 65.937861 1.115586 -3.782566 32.854596 0.000003 0.000002 0.000004 4.570402 11.014676 -2.160812 1.243337 0.235379 -11.300868 -33.162057 -43.613599 -49.516932 0.000059 -81.053254 0.000040 1.061682 1.065474 25.219273 2.466100 -1.576203 2.681700 18.241724 -23.305278 -17.628939 53.671620 63.248453 -40.439515 2.647889 -1.528766 1.528758 10.741891 32.760815 -5.296232 1.998921 -1.154085 1.154075 0.000000 -0.000000 -0.000002 9.109304 -0.517996 2.259901 6.090338 6.835970 -83.384725 5.535318 6.749091 -78.694557 1.552537 4.360280 -39.183941 -0.000002 0.000002 -0.000000 9.533420 0.000007 -0.000001 6.088412 6.835750 -83.368510 5.537221 6.749459 -78.710779 1.552544 4.360280 -39.183928 0.000000 0.000005 -0.000000 9.104498 -0.043001 -1.865095 6.090338 6.835970 -83.384732 5.535318 6.749090 -78.694557 1.552536 4.360280 -39.183938 0.000002 0.000002 0.000002 8.077819 -0.486886 -3.806305 10.148459 7.303609 -83.373981 5.544911 2.664444 -78.811347 1.552533 4.360283 -39.183941 0.000003 0.000001 0.000000 -8.207801 -6.751705 -1.599543 -68.754863 -3.940445 -3.626139 48.243136 -0.394365 -0.099913 36.680179 3.533559 12.581003 -0.000011 0.000003 -0.000000 0.000000 -0.000000 0.000000 8.207801 -6.751707 -1.599548 -69.952673 -0.649458 13.479559 92.581964 9.769779 0.561308 -6.013909 3.564922 5.358720 -0.075742 0.000000 -0.000005 -0.000000 -0.000002 0.000000 
-0.687959 64.108864 1.375683 -18.192853 -6.290991 -7.301080 -0.000001 10.181549 0.131523 5.588310 2.598048 3.416432 10.208159 0.244314 2.392718 10.195373 0.281108 2.436839 0.000001 16.740362 -2.049019 -3.790430 0.713215 -0.590028 0.000001 9.617828 1.684977 -10.830805 1.723487 4.142674 0.000001 22.037384 7.501075 -0.000001 0.000000 0.000000 -4.570000 11.014869 -2.160838 3.315924 13.445605 10.982596 -21.600366 26.638832 22.313279 -0.000354 82.744518 0.000376 -12.585790 5.545011 -30.920591 -2.464793 -1.573979 2.681901 7.564646 7.028702 27.703720 -9.818520 -72.226675 -19.707077 -2.646264 -1.527789 1.527818 -2.645430 -31.790026 -7.915084 -1.994579 -1.151580 1.151568 0.000004 -0.000001 0.000001 -9.108329 -0.517882 2.259790 6.036399 -6.888423 82.440971 4.121019 -6.349613 65.937861 1.115597 -3.782564 32.854573 0.000000 0.000002 0.000003 -9.532488 0.000000 -0.000011 6.036398 -6.888423 82.440971 4.121022 -6.349615 65.937868 1.115594 -3.782564 32.854573 -0.000002 -0.000001 0.000001 -9.103604 -0.043107 -1.865105 6.036399 -6.888423 82.440964 4.121023 -6.349621 65.937868 1.115596 -3.782565 32.854573 0.000005 0.000006 0.000002 -8.076700 -0.486713 -3.806315 6.036404 -6.888427 82.440971 4.121022 -6.349613 65.937861 1.115588 -3.782566 32.854600 0.000005 -0.000002 -0.000001 4.570404 11.014677 -2.160814 1.238570 0.221795 -11.223940 -32.828102 -43.477805 -49.281106 -0.000006 -81.042927 0.000001 0.809994 1.081565 26.570360 2.466108 -1.576204 2.681714 18.241728 -23.305282 -17.628944 53.671613 63.248460 -40.439522 2.647904 -1.528747 1.528750 10.741891 32.760811 -5.296235 1.998917 -1.154083 1.154080 0.000000 0.000003 -0.000000 9.109303 -0.517998 2.259902 6.090337 6.835967 -83.384725 5.535316 6.749092 -78.694557 1.552536 4.360282 -39.183945 -0.000003 -0.000001 -0.000002 9.533415 -0.000002 0.000002 6.088417 6.835751 -83.368517 5.537221 6.749458 -78.710779 1.552546 4.360281 -39.183928 -0.000000 0.000003 -0.000001 9.104497 -0.043002 -1.865097 6.090336 6.835967 -83.384732 5.535321 6.749091 -78.694550 1.552533 4.360278 -39.183938 -0.000000 0.000000 0.000001 8.077804 -0.486888 -3.806299 10.148456 7.303608 -83.373981 5.544912 2.664451 -78.811347 1.552535 4.360284 -39.183938 0.000002 0.000001 0.000001 -8.207800 -6.751706 -1.599532 -68.738716 -3.941299 -3.622328 48.247695 -0.391917 -0.100147 36.682839 3.533043 12.581895 -0.000013 0.000003 0.000001 -0.000000 0.000001 -0.000000 8.207799 -6.751703 -1.599544 -69.932558 -0.625067 13.507881 92.587265 9.769735 0.560545 -6.013029 3.547047 5.362681 -0.077889 -0.000012 0.000002 -0.000000 0.000002 0.000000 
-0.695373 64.103294 1.366123 -18.220185 -6.315338 -7.279570 0.000000 10.181543 0.131520 5.570557 2.589370 3.436449 10.183358 0.232217 2.411264 10.171134 0.268606 2.452982 -0.000000 16.740364 -2.049018 -3.858694 0.676290 -0.565753 0.000002 9.617838 1.684979 -10.713701 1.583743 4.115060 0.000001 22.037384 7.501073 -0.000002 0.000000 -0.000000 -4.569998 11.014862 -2.160841 3.321743 13.439141 10.975094 -21.572558 26.971655 22.138692 -0.000359 83.006223 0.000386 -11.996687 5.465607 -30.786145 -2.464801 -1.573998 2.681906 7.564649 7.028702 27.703722 -9.818511 -72.226675 -19.707068 -2.646262 -1.527815 1.527801 -2.645434 -31.790026 -7.915086 -1.994583 -1.151587 1.151575 -0.000001 0.000003 -0.000000 -9.108315 -0.517882 2.259810 6.036401 -6.888424 82.440971 4.121020 -6.349616 65.937868 1.115594 -3.782570 32.854573 -0.000001 -0.000002 0.000000 -9.532505 0.000009 0.000001 6.036397 -6.888421 82.440971 4.121023 -6.349617 65.937861 1.115597 -3.782566 32.854569 0.000001 0.000002 0.000001 -9.103588 -0.043099 -1.865098 6.036401 -6.888422 82.440964 4.121023 -6.349615 65.937861 1.115600 -3.782563 32.854573 0.000000 -0.000001 -0.000003 -8.076703 -0.486714 -3.806297 6.036402 -6.888425 82.440971 4.121022 -6.349612 65.937854 1.115587 -3.782569 32.854596 -0.000005 0.000002 0.000004 4.570403 11.014673 -2.160816 1.239171 0.232064 -11.187810 -32.620413 -43.046653 -49.121153 0.000088 -81.208067 0.000091 0.173172 0.698920 25.940241 2.466104 -1.576212 2.681701 18.241724 -23.305280 -17.628947 53.671609 63.248453 -40.439522 2.647887 -1.528767 1.528756 10.741891 32.760804 -5.296235 1.998929 -1.154081 1.154081 0.000001 0.000006 -0.000002 9.109291 -0.518004 2.259896 6.090336 6.835971 -83.384725 5.535319 6.749093 -78.694550 1.552538 4.360279 -39.183945 -0.000001 0.000001 -0.000003 9.533415 -0.000014 -0.000005 6.088413 6.835753 -83.368517 5.537224 6.749458 -78.710772 1.552542 4.360281 -39.183931 0.000001 -0.000002 -0.000001 9.104516 -0.043000 -1.865104 6.090336 6.835973 -83.384725 5.535321 6.749088 -78.694550 1.552539 4.360282 -39.183945 -0.000003 0.000000 -0.000001 8.077803 -0.486899 -3.806307 10.148458 7.303613 -83.373981 5.544910 2.664448 -78.811354 1.552533 4.360286 -39.183941 -0.000002 -0.000002 -0.000001 -8.207801 -6.751699 -1.599548 -68.715774 -3.944440 -3.618449 48.229820 -0.392571 -0.100449 36.683249 3.534026 12.599250 -0.000011 0.000002 0.000000 0.000000 -0.000000 -0.000000 8.207801 -6.751703 -1.599549 -69.912034 -0.596875 13.526748 92.589853 9.769767 0.559822 -6.002818 3.545961 5.367146 -0.080570 0.000007 -0.000001 0.000000 0.000002 -0.000000 
-0.702841 64.098351 1.359232 -18.251621 -6.343808 -7.264116 0.000001 10.181536 0.131522 5.553877 2.569433 3.441075 10.153547 0.194307 2.420717 10.141303 0.230482 2.462865 -0.000001 16.740362 -2.049018 -3.872152 0.657187 -0.535178 0.000000 9.617856 1.684973 -10.878978 1.514379 4.161167 -0.000001 22.037384 7.501071 -0.000000 -0.000000 0.000000 -4.569997 11.014890 -2.160838 3.321480 13.457535 10.973991 -21.565103 27.240464 22.057630 -0.000476 83.334195 0.000512 -11.544128 4.983006 -30.209476 -2.464793 -1.573979 2.681909 7.564653 7.028702 27.703719 -9.818507 -72.226675 -19.707073 -2.646266 -1.527826 1.527809 -2.645425 -31.790023 -7.915084 -1.994590 -1.151606 1.151570 0.000002 -0.000002 -0.000004 -9.108299 -0.517895 2.259801 6.036401 -6.888420 82.440971 4.121026 -6.349613 65.937868 1.115595 -3.782565 32.854573 0.000005 0.000004 0.000001 -9.532505 0.000006 0.000001 6.036403 -6.888420 82.440971 4.121022 -6.349618 65.937868 1.115597 -3.782566 32.854569 0.000005 -0.000001 -0.000001 -9.103603 -0.043112 -1.865101 6.036401 -6.888420 82.440964 4.121022 -6.349615 65.937868 1.115597 -3.782563 32.854573 0.000001 -0.000001 -0.000001 -8.076700 -0.486721 -3.806298 6.036405 -6.888425 82.440971 4.121027 -6.349617 65.937861 1.115589 -3.782564 32.854596 0.000003 0.000003 -0.000001 4.570395 11.014683 -2.160813 1.237992 0.229855 -11.204490 -32.283610 -42.741217 -48.828705 -0.000018 -81.250988 -0.000038 -0.702304 0.475804 26.366144 2.466100 -1.576203 2.681703 18.241726 -23.305282 -17.628945 53.671613 63.248453 -40.439518 2.647896 -1.528783 1.528744 10.741891 32.760811 -5.296232 1.998929 -1.154088 1.154083 0.000001 0.000001 -0.000002 9.109277 -0.518000 2.259910 6.090339 6.835965 -83.384725 5.535318 6.749087 -78.694550 1.552537 4.360284 -39.183941 -0.000002 0.000002 -0.000000 9.533406 -0.000006 0.000010 6.088416 6.835749 -83.368510 5.537225 6.749464 -78.710779 1.552541 4.360283 -39.183928 -0.000000 -0.000001 0.000001 9.104488 -0.042999 -1.865092 6.090341 6.835964 -83.384725 5.535318 6.749087 -78.694557 1.552537 4.360284 -39.183945 0.000000 0.000001 0.000001 8.077823 -0.486899 -3.806293 10.148462 7.303608 -83.373975 5.544911 2.664450 -78.811347 1.552532 4.360285 -39.183945 0.000001 0.000000 0.000001 -8.207801 -6.751718 -1.599540 -68.689648 -3.949636 -3.613176 48.216938 -0.392658 -0.100737 36.681831 3.536274 12.612367 -0.000016 0.000003 0.000002 0.000000 0.000001 -0.000001 8.207799 -6.751705 -1.599560 -69.887500 -0.572629 13.552684 92.590085 9.769985 0.559130 -5.993174 3.544874 5.370366 -0.083696 0.000002 0.000003 -0.000000 0.000000 0.000000 
-0.704446 64.093750 1.353022 -18.279219 -6.380723 -7.252751 -0.000001 10.181560 0.131524 5.549972 2.547645 3.459457 10.143855 0.152529 2.448843 10.132044 0.188029 2.489528 0.000000 16.740383 -2.049021 -3.911657 0.651425 -0.535422 0.000001 9.617842 1.684976 -11.093465 1.464290 4.231375 0.000001 22.037369 7.501071 -0.000001 0.000000 -0.000000 -4.569997 11.014891 -2.160841 3.323714 13.465726 10.969391 -21.570234 27.683643 21.995195 -0.000470 83.507594 0.000513 -10.903104 5.006661 -30.136810 -2.464793 -1.574002 2.681908 7.564648 7.028701 27.703727 -9.818499 -72.226669 -19.707085 -2.646269 -1.527815 1.527822 -2.645430 -31.790019 -7.915083 -1.994586 -1.151593 1.151565 0.000001 0.000005 -0.000002 -9.108283 -0.517876 2.259809 6.036401 -6.888419 82.440971 4.121017 -6.349610 65.937868 1.115599 -3.782565 32.854576 -0.000000 0.000001 0.000003 -9.532488 0.000001 0.000007 6.036403 -6.888421 82.440971 4.121024 -6.349618 65.937861 1.115598 -3.782565 32.854576 -0.000003 -0.000002 -0.000001 -9.103574 -0.043104 -1.865095 6.036402 -6.888419 82.440964 4.121022 -6.349611 65.937868 1.115597 -3.782565 32.854573 0.000000 0.000001 0.000003 -8.076699 -0.486715 -3.806296 6.036403 -6.888424 82.440971 4.121023 -6.349624 65.937861 1.115592 -3.782566 32.854593 0.000002 0.000005 0.000006 4.570403 11.014701 -2.160816 1.240049 0.241518 -11.257483 -31.859001 -42.453683 -48.473156 -0.000018 -81.267387 -0.000055 -1.108735 0.616425 27.053657 2.466093 -1.576200 2.681699 18.241731 -23.305280 -17.628945 53.671609 63.248460 -40.439511 2.647884 -1.528766 1.528748 10.741892 32.760811 -5.296234 1.998929 -1.154067 1.154088 0.000004 0.000005 -0.000002 9.109289 -0.518004 2.259892 6.090335 6.835970 -83.384725 5.535315 6.749098 -78.694557 1.552534 4.360279 -39.183945 0.000001 -0.000003 0.000001 9.533385 -0.000006 -0.000016 6.088416 6.835756 -83.368517 5.537221 6.749462 -78.710779 1.552546 4.360278 -39.183931 0.000002 -0.000001 0.000001 9.104483 -0.043007 -1.865110 6.090335 6.835972 -83.384725 5.535316 6.749093 -78.694557 1.552537 4.360281 -39.183941 0.000001 -0.000004 0.000000 8.077806 -0.486914 -3.806308 10.148462 7.303615 -83.373975 5.544911 2.664448 -78.811347 1.552535 4.360286 -39.183938 -0.000001 0.000002 0.000000 -8.207804 -6.751707 -1.599541 -68.663571 -3.953293 -3.600073 48.195215 -0.391140 -0.101022 36.689099 3.538088 12.637553 -0.000011 0.000002 0.000001 0.000000 -0.000000 0.000002 8.207799 -6.751694 -1.599544 -69.865288 -0.547750 13.583026 92.589969 9.770110 0.558447 -5.986817 3.543487 5.373635 -0.085442 0.000011 -0.000001 -0.000000 -0.000001 0.000000 
-0.698901 64.089462 1.346079 -18.304752 -6.418667 -7.247899 0.000000 10.181560 0.131520 5.550031 2.524264 3.470842 10.143727 0.105783 2.468398 10.132034 0.141035 2.509021 -0.000000 16.740377 -2.049023 -3.983937 0.660581 -0.548414 0.000001 9.617843 1.684983 -11.289804 1.464478 4.336293 -0.000002 22.037384 7.501067 -0.000000 -0.000000 0.000001 -4.569999 11.014883 -2.160842 3.326096 13.470607 10.964883 -21.615208 28.125271 21.961666 -0.000391 83.562276 0.000401 -10.040476 5.216442 -29.675311 -2.464793 -1.573991 2.681907 7.564645 7.028703 27.703719 -9.818509 -72.226669 -19.707080 -2.646266 -1.527822 1.527823 -2.645427 -31.790023 -7.915084 -1.994584 -1.151584 1.151576 0.000002 0.000001 0.000003 -9.108299 -0.517880 2.259796 6.036398 -6.888420 82.440971 4.121021 -6.349614 65.937868 1.115595 -3.782569 32.854566 -0.000000 0.000004 0.000002 -9.532490 0.000000 -0.000003 6.036399 -6.888423 82.440971 4.121021 -6.349620 65.937861 1.115600 -3.782568 32.854569 0.000001 -0.000001 -0.000000 -9.103603 -0.043113 -1.865105 6.036397 -6.888418 82.440964 4.121025 -6.349613 65.937861 1.115596 -3.782567 32.854573 0.000003 0.000001 0.000000 -8.076703 -0.486716 -3.806306 6.036402 -6.888424 82.440971 4.121025 -6.349614 65.937861 1.115588 -3.782566 32.854600 0.000001 0.000002 0.000003 4.570402 11.014705 -2.160818 1.242472 0.253980 -11.311084 -31.430826 -42.077660 -48.139730 -0.000085 -81.239486 -0.000099 -1.711624 0.326789 27.776841 2.466109 -1.576208 2.681684 18.241726 -23.305288 -17.628945 53.671613 63.248453 -40.439508 2.647877 -1.528766 1.528750 10.741890 32.760811 -5.296229 1.998920 -1.154099 1.154078 -0.000001 -0.000001 0.000002 9.109320 -0.517998 2.259896 6.090337 6.835967 -83.384725 5.535319 6.749088 -78.694557 1.552532 4.360279 -39.183945 0.000002 -0.000001 0.000001 9.533434 -0.000014 -0.000006 6.088413 6.835750 -83.368510 5.537225 6.749459 -78.710772 1.552542 4.360279 -39.183928 0.000004 -0.000001 -0.000001 9.104516 -0.043002 -1.865105 6.090335 6.835968 -83.384725 5.535316 6.749085 -78.694550 1.552533 4.360281 -39.183945 0.000003 -0.000004 -0.000000 8.077808 -0.486887 -3.806312 10.148461 7.303611 -83.373975 5.544913 2.664448 -78.811347 1.552534 4.360285 -39.183938 0.000002 0.000002 0.000002 -8.207801 -6.751706 -1.599541 -68.638094 -3.958606 -3.585381 48.172908 -0.390476 -0.101296 36.701506 3.539330 12.640595 -0.000012 0.000003 0.000001 0.000000 0.000000 -0.000000 8.207801 -6.751704 -1.599551 -69.847195 -0.526880 13.610598 92.591854 9.770142 0.557763 -5.984093 3.541082 5.378367 -0.086644 0.000012 0.000003 -0.000000 0.000000 0.000000 
-0.689436 64.087639 1.345003 -18.316493 -6.447712 -7.253432 0.000000 10.181548 0.131525 5.541694 2.513256 3.478875 10.131804 0.081715 2.474544 10.120430 0.116825 2.513967 -0.000000 16.740379 -2.049018 -4.059411 0.662913 -0.557468 0.000001 9.617851 1.684974 -11.599828 1.442450 4.404790 0.000001 22.037369 7.501074 -0.000000 -0.000001 0.000001 -4.569999 11.014897 -2.160841 3.329612 13.466498 10.959703 -21.616603 28.495150 21.999419 -0.000427 83.641841 0.000483 -9.029136 5.331483 -29.265697 -2.464801 -1.573991 2.681925 7.564648 7.028703 27.703720 -9.818516 -72.226675 -19.707071 -2.646264 -1.527805 1.527812 -2.645434 -31.790023 -7.915081 -1.994587 -1.151582 1.151564 0.000003 -0.000004 0.000002 -9.108298 -0.517910 2.259814 6.036405 -6.888423 82.440971 4.121022 -6.349616 65.937868 1.115599 -3.782565 32.854569 -0.000000 0.000003 0.000002 -9.532503 -0.000007 0.000013 6.036402 -6.888424 82.440971 4.121022 -6.349615 65.937861 1.115604 -3.782566 32.854569 0.000001 0.000003 0.000004 -9.103602 -0.043119 -1.865090 6.036404 -6.888420 82.440964 4.121023 -6.349620 65.937868 1.115597 -3.782568 32.854573 -0.000001 0.000002 0.000005 -8.076715 -0.486714 -3.806287 6.036409 -6.888424 82.440971 4.121025 -6.349618 65.937861 1.115588 -3.782567 32.854596 -0.000003 0.000001 -0.000000 4.570401 11.014693 -2.160816 1.243332 0.258677 -11.347590 -31.031445 -41.535442 -47.874760 -0.000045 -81.131268 -0.000059 -2.174219 -0.109810 27.595692 2.466093 -1.576203 2.681703 18.241726 -23.305285 -17.628944 53.671616 63.248460 -40.439525 2.647889 -1.528768 1.528754 10.741896 32.760811 -5.296232 1.998929 -1.154069 1.154083 -0.000001 0.000005 -0.000002 9.109289 -0.518016 2.259906 6.090336 6.835968 -83.384725 5.535316 6.749091 -78.694557 1.552535 4.360281 -39.183941 0.000001 -0.000000 0.000003 9.533421 0.000015 0.000001 6.088413 6.835749 -83.368510 5.537223 6.749458 -78.710772 1.552544 4.360281 -39.183928 -0.000000 -0.000001 0.000003 9.104486 -0.043002 -1.865097 6.090334 6.835966 -83.384725 5.535319 6.749092 -78.694557 1.552535 4.360282 -39.183938 0.000002 -0.000001 -0.000003 8.077789 -0.486890 -3.806302 10.148460 7.303610 -83.373981 5.544909 2.664442 -78.811347 1.552529 4.360286 -39.183935 0.000003 -0.000003 0.000002 -8.207800 -6.751705 -1.599540 -68.625800 -3.970293 -3.571780 48.158175 -0.393456 -0.101613 36.707407 3.539923 12.611017 -0.000011 0.000003 0.000000 0.000000 0.000001 -0.000001 8.207799 -6.751701 -1.599552 -69.843308 -0.511977 13.636405 92.598719 9.769694 0.557056 -5.989314 3.537349 5.395219 -0.087441 -0.000001 -0.000000 0.000000 -0.000001 0.000000 
-0.678028 64.085732 1.349733 -18.321607 -6.471576 -7.270392 -0.000001 10.181550 0.131524 5.527215 2.506093 3.492631 10.106517 0.061655 2.477818 10.095402 0.096582 2.516580 0.000000 16.740368 -2.049019 -4.129009 0.673372 -0.600469 0.000001 9.617857 1.684984 -11.836245 1.444435 4.368976 -0.000002 22.037354 7.501069 0.000002 -0.000001 0.000000 -4.570002 11.014868 -2.160839 3.332429 13.460501 10.954844 -21.497920 29.018083 22.077975 -0.000502 83.799277 0.000537 -8.083039 5.017906 -28.653904 -2.464801 -1.573990 2.681901 7.564652 7.028703 27.703720 -9.818523 -72.226669 -19.707077 -2.646260 -1.527828 1.527807 -2.645433 -31.790019 -7.915083 -1.994571 -1.151580 1.151572 0.000004 0.000003 -0.000002 -9.108298 -0.517887 2.259801 6.036403 -6.888421 82.440971 4.121023 -6.349613 65.937861 1.115601 -3.782567 32.854573 0.000002 0.000002 0.000004 -9.532488 0.000004 -0.000004 6.036400 -6.888421 82.440971 4.121021 -6.349609 65.937861 1.115597 -3.782567 32.854573 0.000001 0.000000 0.000000 -9.103589 -0.043114 -1.865110 6.036400 -6.888420 82.440964 4.121025 -6.349613 65.937861 1.115597 -3.782567 32.854573 0.000003 0.000000 -0.000001 -8.076699 -0.486715 -3.806304 6.036405 -6.888423 82.440971 4.121027 -6.349617 65.937861 1.115590 -3.782569 32.854600 -0.000000 0.000002 0.000003 4.570400 11.014688 -2.160815 1.243241 0.258724 -11.374872 -30.383192 -40.903479 -47.533394 -0.000034 -80.986837 -0.000042 -3.328859 -0.565408 27.718998 2.466104 -1.576203 2.681706 18.241724 -23.305282 -17.628942 53.671609 63.248453 -40.439528 2.647891 -1.528783 1.528746 10.741893 32.760811 -5.296229 1.998920 -1.154067 1.154083 -0.000000 -0.000001 0.000002 9.109318 -0.518019 2.259901 6.090339 6.835968 -83.384725 5.535318 6.749093 -78.694557 1.552538 4.360282 -39.183938 -0.000001 0.000004 0.000001 9.533400 -0.000000 0.000001 6.088413 6.835753 -83.368517 5.537224 6.749458 -78.710772 1.552542 4.360284 -39.183928 -0.000001 0.000003 0.000001 9.104496 -0.043002 -1.865099 6.090336 6.835969 -83.384732 5.535321 6.749095 -78.694557 1.552541 4.360282 -39.183945 0.000005 -0.000002 0.000001 8.077829 -0.486910 -3.806309 10.148461 7.303612 -83.373981 5.544910 2.664447 -78.811347 1.552534 4.360282 -39.183941 0.000001 -0.000000 -0.000000 -8.207801 -6.751704 -1.599540 -68.618369 -3.981001 -3.553119 48.151819 -0.406523 -0.102133 36.707370 3.540873 12.610012 -0.000011 0.000003 0.000000 0.000000 0.000001 -0.000000 8.207799 -6.751698 -1.599544 -69.845398 -0.505344 13.669589 92.612523 9.769024 0.556335 -6.005211 3.528907 5.415695 -0.087934 0.000004 0.000001 0.000000 0.000002 0.000000 
-0.669128 64.085587 1.358732 -18.318683 -6.478871 -7.294302 -0.000001 10.181555 0.131524 5.515133 2.495404 3.499623 10.080564 0.032370 2.483719 10.069534 0.067097 2.522427 -0.000001 16.740355 -2.049020 -4.203792 0.696182 -0.657302 0.000001 9.617882 1.684976 -11.962599 1.507915 4.273353 -0.000002 22.037354 7.501066 -0.000000 -0.000000 0.000000 -4.569996 11.014878 -2.160839 3.332606 13.458607 10.952846 -21.362170 29.665598 22.276044 -0.000604 83.960462 0.000643 -7.062845 4.749409 -28.101510 -2.464793 -1.573991 2.681902 7.564651 7.028697 27.703722 -9.818506 -72.226669 -19.707083 -2.646267 -1.527810 1.527815 -2.645432 -31.790016 -7.915084 -1.994583 -1.151587 1.151563 -0.000002 0.000002 -0.000000 -9.108298 -0.517895 2.259800 6.036404 -6.888421 82.440971 4.121026 -6.349620 65.937868 1.115599 -3.782566 32.854573 0.000002 0.000002 0.000002 -9.532503 0.000008 -0.000004 6.036403 -6.888421 82.440971 4.121019 -6.349614 65.937868 1.115601 -3.782569 32.854573 0.000001 0.000000 0.000001 -9.103602 -0.043096 -1.865102 6.036405 -6.888421 82.440964 4.121021 -6.349615 65.937868 1.115602 -3.782567 32.854569 -0.000001 0.000002 0.000003 -8.076712 -0.486717 -3.806304 6.036404 -6.888428 82.440971 4.121028 -6.349616 65.937861 1.115588 -3.782568 32.854600 -0.000004 0.000003 0.000004 4.570406 11.014663 -2.160814 1.244917 0.267805 -11.391284 -29.574210 -40.213575 -47.174938 0.000047 -80.725746 0.000044 -4.248019 -1.003554 28.651902 2.466112 -1.576208 2.681703 18.241726 -23.305283 -17.628947 53.671616 63.248453 -40.439525 2.647889 -1.528767 1.528752 10.741891 32.760804 -5.296236 1.998932 -1.154081 1.154082 0.000002 0.000003 -0.000000 9.109287 -0.518002 2.259895 6.090339 6.835970 -83.384725 5.535320 6.749094 -78.694550 1.552540 4.360281 -39.183941 -0.000005 -0.000002 -0.000002 9.533433 0.000007 0.000002 6.088414 6.835754 -83.368510 5.537224 6.749457 -78.710772 1.552541 4.360281 -39.183931 0.000002 -0.000001 0.000001 9.104496 -0.042994 -1.865101 6.090336 6.835970 -83.384732 5.535320 6.749096 -78.694550 1.552540 4.360279 -39.183941 -0.000000 0.000000 0.000000 8.077806 -0.486886 -3.806313 10.148457 7.303611 -83.373975 5.544912 2.664450 -78.811347 1.552534 4.360279 -39.183938 0.000006 -0.000000 0.000003 -8.207800 -6.751713 -1.599535 -68.615773 -3.987964 -3.536965 48.149320 -0.426967 -0.102809 36.705273 3.541985 12.618964 -0.000013 0.000001 0.000001 0.000000 -0.000001 0.000001 8.207798 -6.751700 -1.599544 -69.856907 -0.501666 13.706993 92.628423 9.768377 0.555645 -6.023608 3.506003 5.439835 -0.088276 -0.000002 0.000001 0.000000 -0.000001 -0.000000 
-0.662985 64.089729 1.368803 -18.280240 -6.475340 -7.320738 0.000001 10.181541 0.131525 5.487546 2.484505 3.499509 10.030650 0.007142 2.473976 10.019969 0.041431 2.511725 -0.000000 16.740353 -2.049018 -4.259491 0.733472 -0.702308 0.000002 9.617857 1.684975 -12.170345 1.670953 4.122707 0.000002 22.037415 7.501074 0.000003 0.000000 -0.000000 -4.569998 11.014897 -2.160838 3.327544 13.470187 10.956336 -21.297886 30.265101 22.635839 -0.000485 84.106171 0.000486 -5.871144 4.715884 -27.054825 -2.464786 -1.573991 2.681901 7.564648 7.028706 27.703715 -9.818516 -72.226669 -19.707082 -2.646252 -1.527813 1.527816 -2.645428 -31.790019 -7.915083 -1.994580 -1.151575 1.151577 -0.000002 -0.000000 0.000002 -9.108301 -0.517880 2.259800 6.036399 -6.888416 82.440971 4.121026 -6.349620 65.937868 1.115593 -3.782564 32.854573 0.000001 0.000001 0.000002 -9.532492 0.000004 0.000002 6.036401 -6.888416 82.440971 4.121021 -6.349614 65.937868 1.115598 -3.782562 32.854573 0.000003 0.000001 -0.000003 -9.103593 -0.043097 -1.865102 6.036399 -6.888414 82.440957 4.121026 -6.349614 65.937861 1.115598 -3.782566 32.854569 0.000003 0.000001 -0.000001 -8.076705 -0.486719 -3.806302 6.036403 -6.888418 82.440971 4.121030 -6.349618 65.937861 1.115587 -3.782566 32.854596 -0.000002 0.000003 0.000002 4.570399 11.014676 -2.160813 1.243575 0.262658 -11.390311 -28.720618 -39.366297 -46.874509 -0.000053 -80.538633 -0.000071 -5.062987 -1.183546 29.067041 2.466100 -1.576209 2.681714 18.241723 -23.305280 -17.628947 53.671613 63.248453 -40.439522 2.647892 -1.528749 1.528752 10.741892 32.760811 -5.296237 1.998917 -1.154071 1.154080 0.000000 0.000005 -0.000000 9.109276 -0.517996 2.259912 6.090337 6.835967 -83.384725 5.535318 6.749092 -78.694557 1.552538 4.360280 -39.183938 -0.000003 -0.000001 0.000001 9.533419 -0.000000 0.000008 6.088413 6.835749 -83.368510 5.537225 6.749463 -78.710772 1.552542 4.360285 -39.183928 0.000003 -0.000001 0.000001 9.104517 -0.043002 -1.865089 6.090336 6.835968 -83.384725 5.535320 6.749092 -78.694557 1.552533 4.360278 -39.183938 -0.000001 -0.000001 0.000001 8.077809 -0.486890 -3.806299 10.148458 7.303608 -83.373975 5.544911 2.664448 -78.811347 1.552537 4.360282 -39.183945 -0.000003 -0.000001 -0.000000 -8.207801 -6.751700 -1.599539 -68.639242 -3.989548 -3.521832 48.140181 -0.463154 -0.103767 36.702247 3.543470 12.634137 -0.000010 0.000002 0.000000 0.000000 0.000000 -0.000001 8.207800 -6.751699 -1.599542 -69.899664 -0.509603 13.733567 92.635158 9.767793 0.554965 -6.035654 3.479969 5.462993 -0.088602 -0.000002 -0.000002 -0.000000 0.000001 0.000000 
-0.660261 64.097946 1.379929 -18.206019 -6.474604 -7.358236 0.000000 10.181538 0.131523 5.445674 2.483770 3.510853 9.955476 0.009283 2.470589 9.945150 0.042884 2.506772 -0.000000 16.740364 -2.049020 -4.330141 0.765301 -0.743614 0.000000 9.617846 1.684978 -12.232575 1.804827 4.011200 -0.000001 22.037369 7.501072 0.000001 0.000000 0.000001 -4.569996 11.014869 -2.160841 3.319778 13.462712 10.970512 -21.142390 30.858668 22.981058 -0.000587 84.351013 0.000672 -4.790657 4.430258 -26.419860 -2.464793 -1.573991 2.681917 7.564643 7.028701 27.703712 -9.818518 -72.226669 -19.707082 -2.646264 -1.527816 1.527815 -2.645437 -31.790016 -7.915084 -1.994586 -1.151583 1.151580 0.000006 0.000004 -0.000002 -9.108279 -0.517876 2.259811 6.036404 -6.888420 82.440971 4.121024 -6.349618 65.937868 1.115599 -3.782565 32.854573 -0.000000 0.000002 0.000001 -9.532490 0.000005 0.000007 6.036404 -6.888419 82.440971 4.121023 -6.349618 65.937868 1.115597 -3.782568 32.854569 0.000002 0.000003 0.000003 -9.103602 -0.043114 -1.865097 6.036400 -6.888422 82.440964 4.121023 -6.349616 65.937868 1.115598 -3.782570 32.854573 -0.000001 0.000001 0.000005 -8.076714 -0.486713 -3.806291 6.036403 -6.888424 82.440971 4.121026 -6.349617 65.937861 1.115589 -3.782565 32.854600 -0.000002 0.000003 0.000001 4.570401 11.014685 -2.160815 1.242051 0.256007 -11.408886 -27.835403 -38.566113 -46.594331 0.000050 -80.336712 0.000042 -6.052757 -1.405565 29.517223 2.466093 -1.576203 2.681699 18.241726 -23.305280 -17.628944 53.671609 63.248453 -40.439528 2.647890 -1.528766 1.528752 10.741895 32.760815 -5.296237 1.998917 -1.154101 1.154082 0.000000 0.000006 0.000003 9.109275 -0.518010 2.259898 6.090337 6.835964 -83.384725 5.535319 6.749086 -78.694557 1.552539 4.360276 -39.183941 0.000002 0.000002 0.000001 9.533390 0.000005 0.000005 6.088410 6.835750 -83.368510 5.537223 6.749463 -78.710779 1.552546 4.360282 -39.183931 -0.000002 0.000001 0.000002 9.104487 -0.043004 -1.865103 6.090335 6.835970 -83.384725 5.535318 6.749093 -78.694550 1.552540 4.360278 -39.183945 -0.000001 0.000002 0.000001 8.077807 -0.486891 -3.806300 10.148458 7.303608 -83.373975 5.544913 2.664448 -78.811347 1.552535 4.360283 -39.183941 -0.000002 -0.000002 0.000001 -8.207802 -6.751706 -1.599539 -68.687217 -3.988530 -3.486725 48.116449 -0.511761 -0.104952 36.698350 3.546376 12.653137 -0.000014 0.000002 0.000002 0.000000 -0.000000 0.000001 8.207799 -6.751702 -1.599549 -69.976886 -0.525930 13.777680 92.636674 9.767239 0.554296 -6.050861 3.440338 5.490984 -0.089035 -0.000001 -0.000002 0.000000 0.000002 0.000000 
-0.664065 64.105736 1.386095 -18.150581 -6.471068 -7.388993 -0.000001 10.181538 0.131525 5.415491 2.487090 3.526044 9.906121 0.021462 2.483456 9.896050 0.054496 2.518217 0.000000 16.740370 -2.049021 -4.431816 0.797732 -0.810553 -0.000000 9.617855 1.684978 -12.265135 1.907916 3.902224 -0.000001 22.037369 7.501073 0.000001 0.000000 -0.000001 -4.570000 11.014888 -2.160839 3.312478 13.427960 10.991482 -21.016898 31.478160 23.238848 -0.000582 84.639813 0.000603 -3.751644 4.068661 -25.536378 -2.464793 -1.574002 2.681910 7.564652 7.028702 27.703720 -9.818516 -72.226675 -19.707070 -2.646260 -1.527798 1.527803 -2.645428 -31.790023 -7.915086 -1.994586 -1.151597 1.151559 0.000004 -0.000001 0.000001 -9.108296 -0.517889 2.259804 6.036403 -6.888416 82.440971 4.121020 -6.349620 65.937868 1.115595 -3.782566 32.854569 0.000000 -0.000003 -0.000001 -9.532501 0.000008 -0.000003 6.036404 -6.888418 82.440971 4.121023 -6.349615 65.937868 1.115597 -3.782566 32.854576 0.000004 0.000001 -0.000000 -9.103585 -0.043099 -1.865104 6.036403 -6.888416 82.440964 4.121022 -6.349619 65.937868 1.115597 -3.782565 32.854573 0.000003 0.000002 0.000004 -8.076698 -0.486719 -3.806296 6.036406 -6.888423 82.440971 4.121027 -6.349617 65.937861 1.115587 -3.782565 32.854600 -0.000000 0.000000 0.000002 4.570403 11.014688 -2.160815 1.247527 0.281282 -11.494832 -27.001756 -37.887814 -46.266643 -0.000056 -80.135208 -0.000039 -7.041315 -1.723509 29.946415 2.466104 -1.576200 2.681690 18.241729 -23.305282 -17.628944 53.671613 63.248453 -40.439528 2.647887 -1.528751 1.528744 10.741891 32.760811 -5.296231 1.998930 -1.154071 1.154083 0.000003 0.000005 -0.000006 9.109291 -0.518015 2.259898 6.090339 6.835968 -83.384725 5.535318 6.749091 -78.694550 1.552533 4.360276 -39.183941 -0.000003 0.000002 0.000000 9.533419 -0.000000 0.000001 6.088414 6.835749 -83.368510 5.537225 6.749462 -78.710779 1.552545 4.360282 -39.183928 -0.000001 -0.000001 0.000002 9.104502 -0.042997 -1.865103 6.090341 6.835968 -83.384725 5.535318 6.749090 -78.694550 1.552533 4.360277 -39.183941 -0.000001 0.000001 0.000001 8.077805 -0.486889 -3.806293 10.148462 7.303609 -83.373981 5.544909 2.664445 -78.811347 1.552529 4.360280 -39.183941 -0.000006 -0.000000 0.000001 -8.207801 -6.751705 -1.599550 -68.718540 -3.978070 -3.448129 48.094019 -0.563740 -0.106219 36.696421 3.549388 12.663704 -0.000017 0.000002 -0.000000 0.000000 -0.000001 -0.000000 8.207801 -6.751706 -1.599548 -70.037053 -0.533321 13.830589 92.637289 9.767001 0.553656 -6.055408 3.389568 5.516281 -0.089722 -0.000007 -0.000001 0.000000 -0.000002 -0.000000 
-0.667732 64.111954 1.392595 -18.125702 -6.461704 -7.415852 -0.000001 10.181541 0.131523 5.377267 2.491866 3.543144 9.839843 0.011447 2.507463 9.829767 0.043925 2.541840 -0.000001 16.740368 -2.049020 -4.428748 0.833422 -0.902785 0.000000 9.617842 1.684979 -12.327038 1.972556 3.864869 -0.000000 22.037369 7.501071 0.000001 0.000000 -0.000000 -4.569997 11.014876 -2.160841 3.306001 13.411555 11.000295 -20.827762 32.090698 23.398792 -0.000481 84.793500 0.000546 -2.828964 3.798672 -24.573236 -2.464793 -1.573979 2.681913 7.564647 7.028705 27.703719 -9.818511 -72.226669 -19.707059 -2.646254 -1.527797 1.527804 -2.645428 -31.790016 -7.915078 -1.994579 -1.151586 1.151566 0.000003 0.000000 -0.000002 -9.108295 -0.517880 2.259799 6.036400 -6.888417 82.440971 4.121024 -6.349617 65.937861 1.115596 -3.782563 32.854576 -0.000000 -0.000001 0.000002 -9.532501 0.000004 -0.000005 6.036399 -6.888419 82.440971 4.121023 -6.349614 65.937868 1.115594 -3.782568 32.854573 0.000003 -0.000003 -0.000002 -9.103603 -0.043106 -1.865101 6.036402 -6.888414 82.440964 4.121024 -6.349612 65.937868 1.115598 -3.782565 32.854576 -0.000001 0.000001 0.000003 -8.076700 -0.486713 -3.806298 6.036406 -6.888416 82.440971 4.121028 -6.349619 65.937861 1.115588 -3.782565 32.854596 -0.000002 -0.000003 0.000003 4.570404 11.014688 -2.160814 1.254088 0.309956 -11.626474 -26.153156 -37.296801 -45.890043 0.000055 -79.925494 0.000031 -7.857621 -2.087797 30.490938 2.466101 -1.576199 2.681699 18.241726 -23.305287 -17.628937 53.671603 63.248453 -40.439515 2.647892 -1.528751 1.528748 10.741897 32.760811 -5.296239 1.998909 -1.154083 1.154079 -0.000003 -0.000003 -0.000000 9.109286 -0.518008 2.259896 6.090334 6.835968 -83.384732 5.535317 6.749093 -78.694557 1.552536 4.360282 -39.183935 0.000004 -0.000001 0.000003 9.533418 -0.000003 -0.000000 6.088408 6.835750 -83.368510 5.537222 6.749461 -78.710772 1.552543 4.360282 -39.183931 0.000001 -0.000001 0.000003 9.104500 -0.043005 -1.865099 6.090335 6.835969 -83.384725 5.535316 6.749093 -78.694550 1.552536 4.360279 -39.183941 -0.000003 0.000003 0.000001 8.077806 -0.486886 -3.806299 10.148457 7.303608 -83.373981 5.544911 2.664449 -78.811347 1.552529 4.360283 -39.183938 0.000000 0.000003 0.000001 -8.207801 -6.751704 -1.599542 -68.725507 -3.975673 -3.424745 48.085987 -0.604875 -0.107282 36.696697 3.550921 12.657165 -0.000012 0.000003 0.000002 -0.000000 0.000001 -0.000000 8.207801 -6.751698 -1.599560 -70.064545 -0.541883 13.870110 92.638190 9.766794 0.553035 -6.060198 3.349017 5.535045 -0.090728 0.000007 0.000001 0.000000 0.000000 0.000000 
-0.667501 64.114120 1.398535 -18.121849 -6.453176 -7.440905 -0.000000 10.181550 0.131521 5.340238 2.496642 3.564311 9.773924 0.022220 2.534011 9.763841 0.054179 2.567695 0.000000 16.740389 -2.049019 -4.371573 0.847699 -0.959704 0.000001 9.617864 1.684974 -12.362532 1.983181 3.803449 -0.000001 22.037354 7.501076 -0.000000 -0.000000 -0.000000 -4.569998 11.014891 -2.160840 3.308421 13.395570 11.010316 -20.577210 32.594523 23.430904 -0.000578 84.949050 0.000645 -2.146242 3.679817 -24.216265 -2.464793 -1.573991 2.681912 7.564650 7.028702 27.703717 -9.818506 -72.226669 -19.707078 -2.646262 -1.527800 1.527810 -2.645430 -31.790012 -7.915078 -1.994587 -1.151599 1.151568 0.000005 -0.000003 0.000001 -9.108294 -0.517887 2.259808 6.036400 -6.888419 82.440978 4.121020 -6.349620 65.937868 1.115596 -3.782566 32.854569 -0.000002 -0.000000 0.000004 -9.532498 0.000005 0.000004 6.036395 -6.888418 82.440978 4.121023 -6.349614 65.937868 1.115598 -3.782566 32.854573 -0.000002 -0.000001 0.000005 -9.103584 -0.043105 -1.865100 6.036401 -6.888419 82.440964 4.121025 -6.349615 65.937868 1.115597 -3.782565 32.854573 -0.000004 0.000002 0.000003 -8.076700 -0.486714 -3.806295 6.036400 -6.888424 82.440971 4.121025 -6.349616 65.937861 1.115588 -3.782564 32.854596 0.000001 0.000000 -0.000000 4.570403 11.014682 -2.160814 1.258226 0.327515 -11.727610 -25.521268 -36.812394 -45.684502 -0.000040 -79.821996 -0.000023 -8.697838 -2.298144 30.865277 2.466101 -1.576203 2.681699 18.241726 -23.305290 -17.628942 53.671606 63.248460 -40.439522 2.647876 -1.528753 1.528750 10.741893 32.760811 -5.296234 1.998921 -1.154066 1.154081 -0.000002 0.000003 -0.000002 9.109304 -0.518017 2.259895 6.090335 6.835965 -83.384725 5.535317 6.749093 -78.694550 1.552533 4.360279 -39.183938 -0.000000 -0.000003 0.000002 9.533388 -0.000001 -0.000005 6.088411 6.835752 -83.368510 5.537222 6.749461 -78.710772 1.552548 4.360284 -39.183928 -0.000001 -0.000001 0.000001 9.104487 -0.042992 -1.865100 6.090336 6.835968 -83.384725 5.535317 6.749093 -78.694557 1.552538 4.360280 -39.183945 0.000002 -0.000000 0.000001 8.077805 -0.486895 -3.806305 10.148461 7.303609 -83.373975 5.544912 2.664447 -78.811347 1.552532 4.360280 -39.183938 0.000001 -0.000005 0.000000 -8.207801 -6.751701 -1.599547 -68.722713 -3.977482 -3.413604 48.087428 -0.635972 -0.108171 36.701711 3.549341 12.640238 -0.000016 0.000003 -0.000000 -0.000000 0.000000 0.000000 8.207796 -6.751701 -1.599551 -70.072987 -0.557265 13.886046 92.640861 9.766609 0.552425 -6.069237 3.329499 5.543201 -0.091942 -0.000003 0.000002 -0.000000 -0.000001 0.000000 
-0.663842 64.114136 1.399187 -18.135436 -6.451178 -7.460867 -0.000001 10.181546 0.131523 5.305130 2.505956 3.569714 9.716243 0.041958 2.527588 9.705965 0.074114 2.561603 -0.000001 16.740360 -2.049020 -4.321611 0.847127 -0.944861 0.000001 9.617869 1.684971 -12.291871 2.012999 3.761154 -0.000001 22.037354 7.501071 -0.000000 -0.000000 -0.000000 -4.569998 11.014878 -2.160839 3.311392 13.418865 10.994485 -20.494333 32.873294 23.504064 -0.000723 85.098604 0.000779 -1.744734 3.582811 -24.067983 -2.464808 -1.573983 2.681908 7.564650 7.028702 27.703715 -9.818525 -72.226675 -19.707073 -2.646254 -1.527788 1.527820 -2.645433 -31.790016 -7.915079 -1.994586 -1.151586 1.151569 0.000002 0.000005 0.000001 -9.108298 -0.517880 2.259802 6.036403 -6.888418 82.440971 4.121020 -6.349619 65.937861 1.115600 -3.782564 32.854576 0.000003 -0.000005 0.000001 -9.532503 0.000003 -0.000004 6.036404 -6.888421 82.440971 4.121022 -6.349617 65.937868 1.115596 -3.782563 32.854573 -0.000002 -0.000005 0.000002 -9.103600 -0.043100 -1.865105 6.036403 -6.888418 82.440964 4.121021 -6.349613 65.937868 1.115594 -3.782560 32.854576 -0.000002 0.000001 0.000003 -8.076711 -0.486722 -3.806302 6.036407 -6.888423 82.440971 4.121030 -6.349615 65.937861 1.115590 -3.782566 32.854600 -0.000003 0.000000 0.000003 4.570401 11.014687 -2.160815 1.257096 0.321542 -11.749440 -25.065367 -36.499035 -45.457856 0.000006 -79.738313 0.000020 -9.243473 -2.572044 31.212431 2.466100 -1.576210 2.681699 18.241729 -23.305282 -17.628940 53.671613 63.248460 -40.439508 2.647884 -1.528751 1.528750 10.741897 32.760811 -5.296232 1.998921 -1.154081 1.154091 0.000001 0.000003 -0.000002 9.109291 -0.518015 2.259898 6.090340 6.835966 -83.384725 5.535322 6.749091 -78.694550 1.552537 4.360280 -39.183935 0.000001 -0.000001 -0.000003 9.533405 -0.000006 -0.000001 6.088414 6.835749 -83.368510 5.537222 6.749458 -78.710779 1.552536 4.360283 -39.183928 0.000000 0.000002 -0.000000 9.104501 -0.042997 -1.865110 6.090338 6.835968 -83.384725 5.535321 6.749091 -78.694550 1.552537 4.360280 -39.183945 0.000006 -0.000001 -0.000000 8.077808 -0.486893 -3.806303 10.148462 7.303611 -83.373975 5.544909 2.664444 -78.811347 1.552535 4.360286 -39.183938 0.000004 -0.000001 0.000001 -8.207802 -6.751715 -1.599546 -68.698541 -3.981794 -3.389589 48.073651 -0.660253 -0.108901 36.727071 3.539765 12.596134 -0.000015 0.000003 -0.000000 0.000000 0.000001 -0.000001 8.207799 -6.751705 -1.599548 -70.065501 -0.554092 13.923769 92.647971 9.766106 0.551809 -6.076092 3.304660 5.563061 -0.093260 -0.000008 0.000004 -0.000000 0.000000 0.000000 
-0.657721 64.109291 1.395760 -18.184199 -6.448430 -7.480974 0.000001 10.181542 0.131525 5.276662 2.520336 3.567349 9.670613 0.069433 2.505333 9.660056 0.102190 2.540073 0.000000 16.740362 -2.049022 -4.278486 0.855349 -0.912802 0.000000 9.617875 1.684980 -12.258043 2.097184 3.748221 -0.000002 22.037384 7.501075 0.000001 -0.000000 0.000000 -4.569995 11.014877 -2.160842 3.314416 13.443432 10.978251 -20.534947 32.956544 23.596477 -0.000664 85.254080 0.000697 -1.431896 3.547345 -23.523407 -2.464801 -1.573998 2.681904 7.564650 7.028704 27.703725 -9.818511 -72.226669 -19.707078 -2.646273 -1.527807 1.527822 -2.645432 -31.790023 -7.915079 -1.994571 -1.151569 1.151573 0.000001 0.000000 -0.000002 -9.108320 -0.517887 2.259791 6.036403 -6.888419 82.440978 4.121020 -6.349617 65.937868 1.115596 -3.782563 32.854573 0.000004 -0.000000 0.000002 -9.532497 0.000005 -0.000004 6.036404 -6.888421 82.440978 4.121022 -6.349618 65.937868 1.115592 -3.782567 32.854569 -0.000000 -0.000001 -0.000000 -9.103601 -0.043100 -1.865105 6.036404 -6.888419 82.440964 4.121022 -6.349615 65.937868 1.115594 -3.782565 32.854573 0.000000 0.000001 0.000005 -8.076715 -0.486728 -3.806305 6.036408 -6.888421 82.440971 4.121025 -6.349617 65.937854 1.115586 -3.782561 32.854600 0.000006 0.000003 0.000003 4.570403 11.014706 -2.160815 1.257623 0.310974 -11.703230 -24.760351 -36.285629 -45.279776 0.000059 -79.711689 0.000040 -9.403982 -2.494691 31.274429 2.466116 -1.576208 2.681710 18.241723 -23.305283 -17.628944 53.671616 63.248453 -40.439515 2.647891 -1.528743 1.528750 10.741890 32.760811 -5.296233 1.998917 -1.154087 1.154092 -0.000000 0.000000 -0.000000 9.109303 -0.518015 2.259905 6.090336 6.835968 -83.384725 5.535321 6.749088 -78.694557 1.552537 4.360280 -39.183941 0.000004 0.000002 -0.000001 9.533407 0.000003 0.000002 6.088411 6.835752 -83.368510 5.537223 6.749459 -78.710772 1.552543 4.360285 -39.183928 -0.000003 -0.000002 -0.000000 9.104517 -0.042994 -1.865095 6.090336 6.835970 -83.384725 5.535319 6.749093 -78.694550 1.552534 4.360283 -39.183941 -0.000002 0.000001 0.000001 8.077806 -0.486885 -3.806304 10.148461 7.303611 -83.373981 5.544911 2.664447 -78.811347 1.552530 4.360288 -39.183938 -0.000003 0.000000 -0.000000 -8.207800 -6.751711 -1.599540 -68.646161 -3.983401 -3.364517 48.067764 -0.673750 -0.109436 36.760286 3.522806 12.534586 -0.000012 0.000002 -0.000001 0.000000 0.000000 0.000000 8.207802 -6.751706 -1.599551 -70.027956 -0.555661 13.948506 92.658387 9.765664 0.551319 -6.078913 3.293936 5.574504 -0.094628 -0.000004 0.000000 -0.000000 -0.000000 0.000000 
-0.653177 64.101646 1.397509 -18.237295 -6.444936 -7.490929 0.000001 10.181541 0.131521 5.247168 2.542924 3.590353 9.616647 0.114634 2.523355 9.605834 0.147447 2.557944 0.000000 16.740366 -2.049018 -4.214143 0.871760 -0.927771 -0.000000 9.617874 1.684974 -12.171895 2.172201 3.698639 -0.000000 22.037369 7.501076 0.000002 -0.000000 -0.000000 -4.570001 11.014855 -2.160841 3.316617 13.434699 10.984511 -20.442124 33.064191 23.508131 -0.000549 85.394105 0.000590 -1.161410 3.508560 -23.459654 -2.464794 -1.574002 2.681898 7.564649 7.028709 27.703725 -9.818516 -72.226675 -19.707078 -2.646269 -1.527797 1.527813 -2.645432 -31.790023 -7.915080 -1.994583 -1.151586 1.151573 0.000003 0.000003 -0.000000 -9.108307 -0.517887 2.259789 6.036405 -6.888419 82.440978 4.121019 -6.349616 65.937868 1.115598 -3.782563 32.854576 -0.000001 -0.000001 -0.000000 -9.532482 0.000004 -0.000011 6.036399 -6.888419 82.440978 4.121023 -6.349614 65.937861 1.115600 -3.782565 32.854576 -0.000001 -0.000003 0.000001 -9.103583 -0.043098 -1.865109 6.036405 -6.888419 82.440964 4.121017 -6.349620 65.937868 1.115601 -3.782566 32.854576 0.000002 0.000002 0.000005 -8.076698 -0.486715 -3.806308 6.036406 -6.888422 82.440971 4.121027 -6.349614 65.937861 1.115592 -3.782566 32.854596 0.000004 0.000000 0.000002 4.570399 11.014677 -2.160816 1.260882 0.293349 -11.629615 -24.554737 -36.106514 -45.233638 -0.000018 -79.737630 -0.000018 -9.763147 -2.494549 31.223100 2.466108 -1.576203 2.681705 18.241723 -23.305282 -17.628942 53.671609 63.248453 -40.439515 2.647898 -1.528756 1.528754 10.741894 32.760815 -5.296236 1.998929 -1.154050 1.154076 0.000001 0.000003 -0.000002 9.109303 -0.518000 2.259892 6.090336 6.835969 -83.384725 5.535319 6.749094 -78.694550 1.552537 4.360278 -39.183945 -0.000000 -0.000002 -0.000002 9.533417 0.000002 -0.000006 6.088412 6.835750 -83.368510 5.537223 6.749459 -78.710772 1.552545 4.360283 -39.183928 0.000001 0.000003 0.000001 9.104500 -0.043005 -1.865109 6.090335 6.835970 -83.384725 5.535320 6.749088 -78.694557 1.552535 4.360278 -39.183941 -0.000005 -0.000000 0.000001 8.077805 -0.486896 -3.806306 10.148457 7.303612 -83.373981 5.544913 2.664446 -78.811347 1.552536 4.360285 -39.183945 -0.000001 0.000003 0.000001 -8.207800 -6.751707 -1.599542 -68.602072 -3.975787 -3.352566 48.085727 -0.677231 -0.109807 36.784479 3.502527 12.467307 -0.000015 0.000002 0.000000 0.000000 0.000000 -0.000000 8.207801 -6.751710 -1.599549 -69.984181 -0.553670 13.957650 92.674937 9.765273 0.550888 -6.079020 3.293406 5.581256 -0.095971 0.000010 0.000001 -0.000000 -0.000001 0.000000 
-0.650236 64.095215 1.394156 -18.291183 -6.440311 -7.499781 0.000001 10.181549 0.131524 5.223744 2.559633 3.597504 9.578238 0.150110 2.508816 9.567683 0.183137 2.542025 -0.000000 16.740379 -2.049021 -4.185624 0.865936 -0.862854 0.000000 9.617858 1.684977 -12.087058 2.261159 3.675441 -0.000001 22.037369 7.501070 -0.000000 -0.000000 0.000001 -4.569999 11.014875 -2.160841 3.316688 13.452720 10.973242 -20.499681 33.042949 23.554635 -0.000809 85.499372 0.000838 -0.991370 3.509230 -23.306789 -2.464793 -1.573983 2.681911 7.564650 7.028699 27.703720 -9.818515 -72.226669 -19.707077 -2.646275 -1.527807 1.527818 -2.645437 -31.790016 -7.915083 -1.994572 -1.151596 1.151573 0.000005 -0.000000 0.000002 -9.108294 -0.517879 2.259802 6.036404 -6.888428 82.440971 4.121024 -6.349616 65.937868 1.115594 -3.782563 32.854576 0.000002 -0.000002 0.000003 -9.532502 0.000008 0.000005 6.036403 -6.888424 82.440971 4.121021 -6.349614 65.937868 1.115595 -3.782566 32.854573 0.000001 -0.000001 0.000002 -9.103600 -0.043112 -1.865096 6.036404 -6.888428 82.440964 4.121024 -6.349615 65.937861 1.115595 -3.782564 32.854573 0.000002 0.000002 0.000005 -8.076696 -0.486727 -3.806298 6.036405 -6.888429 82.440971 4.121028 -6.349617 65.937861 1.115588 -3.782564 32.854593 -0.000000 0.000006 0.000002 4.570402 11.014676 -2.160816 1.259434 0.268440 -11.570258 -24.523024 -36.026369 -45.178546 -0.000135 -79.739938 -0.000104 -9.773737 -2.577633 31.230524 2.466100 -1.576208 2.681707 18.241729 -23.305282 -17.628942 53.671613 63.248453 -40.439518 2.647887 -1.528752 1.528754 10.741895 32.760811 -5.296239 1.998925 -1.154070 1.154086 0.000002 0.000000 -0.000000 9.109289 -0.518000 2.259897 6.090335 6.835967 -83.384725 5.535318 6.749089 -78.694557 1.552535 4.360281 -39.183945 0.000000 -0.000001 -0.000002 9.533417 0.000017 -0.000003 6.088412 6.835751 -83.368517 5.537224 6.749463 -78.710779 1.552544 4.360278 -39.183931 -0.000001 0.000002 0.000001 9.104500 -0.042983 -1.865101 6.090335 6.835968 -83.384725 5.535319 6.749090 -78.694550 1.552537 4.360279 -39.183945 -0.000000 0.000003 -0.000000 8.077821 -0.486878 -3.806303 10.148460 7.303608 -83.373981 5.544912 2.664444 -78.811347 1.552534 4.360281 -39.183945 -0.000002 0.000000 0.000001 -8.207800 -6.751697 -1.599540 -68.552689 -3.971045 -3.348837 48.090635 -0.678462 -0.110154 36.811848 3.485543 12.412473 -0.000012 0.000003 0.000000 0.000000 0.000000 0.000001 8.207800 -6.751700 -1.599550 -69.940557 -0.550338 13.961817 92.686091 9.764736 0.550473 -6.078114 3.284369 5.592727 -0.097224 -0.000007 -0.000003 0.000000 0.000001 0.000000 
-0.646729 64.088280 1.388027 -18.336411 -6.432952 -7.505691 -0.000001 10.181564 0.131526 5.203960 2.568045 3.609323 9.541089 0.157710 2.513670 9.529825 0.191514 2.548998 -0.000000 16.740376 -2.049020 -4.145873 0.866111 -0.862033 0.000001 9.617853 1.684980 -12.080162 2.261504 3.695569 -0.000000 22.037399 7.501074 0.000002 0.000000 -0.000000 -4.569999 11.014867 -2.160840 3.316954 13.464296 10.963949 -20.610437 33.023241 23.614846 -0.000637 85.494741 0.000682 -0.968545 3.620172 -22.744229 -2.464793 -1.573991 2.681912 7.564651 7.028706 27.703719 -9.818528 -72.226669 -19.707070 -2.646273 -1.527810 1.527819 -2.645432 -31.790019 -7.915084 -1.994603 -1.151586 1.151561 -0.000001 0.000002 0.000005 -9.108295 -0.517884 2.259805 6.036402 -6.888418 82.440971 4.121021 -6.349612 65.937861 1.115592 -3.782564 32.854573 0.000002 -0.000005 0.000002 -9.532516 0.000008 0.000001 6.036399 -6.888419 82.440971 4.121023 -6.349611 65.937868 1.115594 -3.782566 32.854569 0.000001 -0.000005 0.000001 -9.103586 -0.043104 -1.865093 6.036402 -6.888418 82.440964 4.121023 -6.349614 65.937868 1.115594 -3.782566 32.854569 0.000002 -0.000001 0.000005 -8.076699 -0.486713 -3.806299 6.036407 -6.888425 82.440971 4.121023 -6.349615 65.937854 1.115591 -3.782563 32.854596 0.000001 0.000001 0.000003 4.570400 11.014703 -2.160816 1.260876 0.267359 -11.553513 -24.451821 -35.966393 -45.089084 -0.000056 -79.823676 -0.000042 -9.787505 -2.651728 31.341061 2.466108 -1.576203 2.681695 18.241726 -23.305285 -17.628944 53.671620 63.248453 -40.439515 2.647885 -1.528765 1.528754 10.741891 32.760811 -5.296237 1.998914 -1.154071 1.154086 0.000000 0.000001 -0.000002 9.109289 -0.518015 2.259901 6.090337 6.835967 -83.384725 5.535320 6.749091 -78.694557 1.552537 4.360284 -39.183941 0.000001 -0.000000 -0.000001 9.533415 0.000002 0.000004 6.088414 6.835755 -83.368517 5.537224 6.749456 -78.710779 1.552544 4.360281 -39.183931 -0.000002 0.000002 0.000001 9.104500 -0.042998 -1.865093 6.090336 6.835969 -83.384725 5.535321 6.749093 -78.694557 1.552536 4.360281 -39.183935 0.000001 0.000001 0.000002 8.077819 -0.486889 -3.806296 10.148459 7.303610 -83.373981 5.544913 2.664447 -78.811347 1.552531 4.360286 -39.183938 -0.000003 0.000001 0.000001 -8.207801 -6.751701 -1.599543 -68.512296 -3.972615 -3.350499 48.092950 -0.678798 -0.110519 36.831170 3.475662 12.383627 -0.000011 0.000003 0.000001 -0.000000 -0.000000 -0.000000 8.207800 -6.751690 -1.599549 -69.905094 -0.546829 13.964087 92.693583 9.764234 0.550085 -6.077137 3.277553 5.602723 -0.098310 0.000001 0.000000 -0.000000 0.000001 0.000000 
-0.648337 64.083885 1.385874 -18.362916 -6.421760 -7.507075 -0.000000 10.181552 0.131524 5.192685 2.583977 3.627680 9.517724 0.185209 2.525086 9.506427 0.219192 2.559824 0.000000 16.740377 -2.049022 -4.152135 0.880915 -0.879657 -0.000000 9.617838 1.684979 -12.098668 2.282405 3.693318 0.000001 22.037384 7.501074 0.000001 0.000000 0.000000 -4.570001 11.014840 -2.160840 3.317058 13.455418 10.971676 -20.623900 33.018497 23.614194 -0.000763 85.545660 0.000753 -1.162498 3.593474 -23.265658 -2.464793 -1.573995 2.681906 7.564645 7.028702 27.703720 -9.818519 -72.226669 -19.707073 -2.646262 -1.527803 1.527826 -2.645433 -31.790016 -7.915073 -1.994574 -1.151586 1.151571 0.000003 0.000000 -0.000004 -9.108284 -0.517874 2.259803 6.036398 -6.888417 82.440971 4.121025 -6.349620 65.937861 1.115596 -3.782565 32.854569 -0.000001 0.000002 -0.000002 -9.532489 -0.000003 0.000000 6.036403 -6.888416 82.440971 4.121025 -6.349617 65.937861 1.115596 -3.782566 32.854573 -0.000003 0.000002 0.000002 -9.103575 -0.043107 -1.865098 6.036398 -6.888417 82.440964 4.121025 -6.349616 65.937861 1.115600 -3.782566 32.854573 -0.000002 -0.000001 0.000001 -8.076698 -0.486715 -3.806300 6.036404 -6.888417 82.440971 4.121029 -6.349620 65.937861 1.115589 -3.782565 32.854600 0.000001 0.000004 0.000005 4.570404 11.014679 -2.160815 1.262927 0.273599 -11.578467 -24.423180 -36.001125 -44.911007 -0.000087 -79.991282 -0.000053 -9.726222 -2.543735 31.187842 2.466100 -1.576208 2.681705 18.241724 -23.305278 -17.628947 53.671620 63.248453 -40.439528 2.647885 -1.528737 1.528758 10.741890 32.760808 -5.296238 1.998918 -1.154082 1.154073 0.000004 0.000003 -0.000004 9.109287 -0.518000 2.259903 6.090335 6.835965 -83.384725 5.535320 6.749093 -78.694557 1.552536 4.360282 -39.183945 0.000002 0.000001 -0.000001 9.533404 0.000001 -0.000002 6.088408 6.835752 -83.368510 5.537224 6.749461 -78.710772 1.552543 4.360282 -39.183928 0.000001 0.000000 -0.000000 9.104497 -0.042992 -1.865094 6.090336 6.835967 -83.384732 5.535321 6.749095 -78.694557 1.552537 4.360279 -39.183945 -0.000001 0.000003 0.000002 8.077806 -0.486896 -3.806294 10.148456 7.303611 -83.373975 5.544913 2.664444 -78.811347 1.552535 4.360285 -39.183941 -0.000006 0.000000 0.000001 -8.207802 -6.751703 -1.599538 -68.493690 -3.975179 -3.358417 48.105036 -0.678957 -0.110901 36.830385 3.470490 12.371663 -0.000014 0.000003 0.000001 0.000000 0.000001 -0.000001 8.207799 -6.751697 -1.599551 -69.884303 -0.543489 13.964421 92.699218 9.763930 0.549730 -6.076744 3.269910 5.609633 -0.099000 0.000005 -0.000003 -0.000000 -0.000000 0.000000 
-0.648473 64.080040 1.384806 -18.386502 -6.409844 -7.506888 -0.000001 10.181548 0.131520 5.190934 2.593144 3.646667 9.503297 0.199173 2.549849 9.491711 0.233253 2.585010 -0.000001 16.740381 -2.049021 -4.161127 0.902233 -0.952426 0.000001 9.617864 1.684976 -12.244532 2.302153 3.654183 -0.000000 22.037369 7.501075 -0.000000 0.000000 0.000001 -4.569997 11.014854 -2.160838 3.317937 13.439828 10.982340 -20.601428 32.960826 23.531677 -0.000493 85.489448 0.000565 -1.334973 3.772685 -23.303834 -2.464808 -1.573987 2.681904 7.564646 7.028700 27.703722 -9.818517 -72.226669 -19.707092 -2.646252 -1.527804 1.527819 -2.645435 -31.790016 -7.915079 -1.994590 -1.151589 1.151567 0.000004 -0.000003 -0.000000 -9.108312 -0.517882 2.259797 6.036400 -6.888423 82.440971 4.121026 -6.349614 65.937861 1.115601 -3.782566 32.854569 -0.000004 0.000002 0.000002 -9.532502 -0.000001 -0.000005 6.036402 -6.888421 82.440971 4.121026 -6.349616 65.937868 1.115600 -3.782568 32.854569 0.000001 -0.000001 0.000003 -9.103601 -0.043104 -1.865108 6.036402 -6.888421 82.440964 4.121024 -6.349617 65.937861 1.115598 -3.782565 32.854569 0.000001 -0.000001 -0.000001 -8.076713 -0.486719 -3.806312 6.036402 -6.888428 82.440971 4.121025 -6.349615 65.937861 1.115589 -3.782567 32.854596 -0.000002 0.000000 0.000002 4.570400 11.014694 -2.160814 1.266686 0.291017 -11.621657 -24.444810 -36.133938 -44.735024 -0.000078 -80.064119 -0.000073 -9.624616 -2.548815 31.235179 2.466100 -1.576208 2.681722 18.241726 -23.305283 -17.628942 53.671609 63.248460 -40.439518 2.647883 -1.528750 1.528752 10.741892 32.760804 -5.296236 1.998921 -1.154086 1.154086 0.000004 0.000003 -0.000002 9.109304 -0.518008 2.259912 6.090335 6.835967 -83.384725 5.535317 6.749091 -78.694557 1.552534 4.360284 -39.183945 -0.000000 0.000002 0.000001 9.533433 0.000006 0.000002 6.088414 6.835749 -83.368517 5.537219 6.749463 -78.710772 1.552541 4.360284 -39.183931 -0.000001 -0.000001 0.000000 9.104501 -0.042992 -1.865092 6.090337 6.835967 -83.384725 5.535318 6.749086 -78.694557 1.552531 4.360280 -39.183938 -0.000001 0.000000 0.000002 8.077820 -0.486889 -3.806289 10.148458 7.303611 -83.373981 5.544910 2.664447 -78.811347 1.552534 4.360284 -39.183941 -0.000002 -0.000002 -0.000001 -8.207800 -6.751713 -1.599535 -68.478063 -3.975621 -3.368700 48.118409 -0.679476 -0.111301 36.826413 3.467731 12.364239 -0.000010 0.000002 0.000000 0.000000 0.000001 -0.000000 8.207800 -6.751699 -1.599547 -69.866265 -0.539652 13.962808 92.705529 9.763661 0.549389 -6.078044 3.262084 5.616085 -0.099599 -0.000011 0.000002 -0.000000 0.000001 0.000000 
-0.645686 64.074928 1.382889 -18.416591 -6.400874 -7.507688 0.000000 10.181552 0.131521 5.189416 2.603889 3.658145 9.494277 0.213561 2.553925 9.482618 0.247929 2.589705 -0.000001 16.740368 -2.049020 -4.157067 0.914377 -0.987610 0.000002 9.617846 1.684977 -12.434209 2.326780 3.609661 -0.000000 22.037369 7.501077 0.000001 -0.000000 -0.000000 -4.570001 11.014878 -2.160840 3.317474 13.446685 10.982134 -20.581508 32.785806 23.482243 -0.000723 85.370282 0.000807 -1.607547 4.046806 -23.112711 -2.464793 -1.573987 2.681915 7.564647 7.028700 27.703720 -9.818506 -72.226669 -19.707058 -2.646266 -1.527799 1.527818 -2.645431 -31.790019 -7.915080 -1.994582 -1.151583 1.151560 0.000003 0.000005 -0.000000 -9.108292 -0.517903 2.259810 6.036400 -6.888420 82.440978 4.121021 -6.349618 65.937868 1.115601 -3.782568 32.854573 -0.000005 -0.000000 0.000002 -9.532513 0.000008 0.000009 6.036400 -6.888420 82.440978 4.121025 -6.349615 65.937868 1.115601 -3.782569 32.854573 -0.000000 0.000000 0.000002 -9.103601 -0.043118 -1.865093 6.036401 -6.888420 82.440964 4.121027 -6.349618 65.937861 1.115603 -3.782568 32.854569 -0.000002 0.000003 0.000003 -8.076712 -0.486718 -3.806293 6.036401 -6.888428 82.440971 4.121028 -6.349616 65.937861 1.115594 -3.782568 32.854596 0.000003 -0.000002 0.000001 4.570403 11.014688 -2.160815 1.266035 0.288689 -11.654185 -24.580526 -36.273526 -44.651214 -0.000065 -80.083845 -0.000048 -9.445716 -2.490910 30.978702 2.466101 -1.576204 2.681705 18.241726 -23.305282 -17.628945 53.671609 63.248446 -40.439528 2.647883 -1.528743 1.528752 10.741895 32.760811 -5.296233 1.998929 -1.154080 1.154082 -0.000001 0.000003 -0.000002 9.109289 -0.518006 2.259900 6.090338 6.835965 -83.384725 5.535318 6.749090 -78.694557 1.552534 4.360281 -39.183938 0.000000 -0.000002 -0.000002 9.533388 0.000006 -0.000000 6.088414 6.835751 -83.368517 5.537224 6.749458 -78.710779 1.552545 4.360282 -39.183928 0.000003 0.000001 0.000001 9.104486 -0.043013 -1.865102 6.090338 6.835966 -83.384725 5.535318 6.749090 -78.694550 1.552530 4.360282 -39.183941 0.000004 0.000001 0.000002 8.077806 -0.486889 -3.806296 10.148461 7.303610 -83.373975 5.544913 2.664448 -78.811347 1.552529 4.360283 -39.183941 0.000002 0.000000 0.000001 -8.207799 -6.751700 -1.599537 -68.455482 -3.975900 -3.374132 48.128508 -0.681043 -0.111757 36.825682 3.464634 12.362729 -0.000016 0.000003 -0.000001 0.000000 0.000001 0.000000 8.207798 -6.751702 -1.599547 -69.843909 -0.535800 13.959566 92.715037 9.763292 0.549059 -6.081781 3.252808 5.621069 -0.100188 -0.000002 0.000002 0.000000 0.000002 0.000000 
-0.640331 64.070694 1.386978 -18.429222 -6.393389 -7.505687 -0.000000 10.181552 0.131526 5.189564 2.614734 3.666267 9.493280 0.228080 2.556621 9.481360 0.262825 2.592658 -0.000000 16.740362 -2.049018 -4.185349 0.932930 -1.011958 0.000000 9.617857 1.684974 -12.544357 2.406959 3.533363 -0.000000 22.037369 7.501071 0.000001 -0.000000 -0.000000 -4.570001 11.014879 -2.160839 3.319587 13.448222 10.978685 -20.549171 32.583923 23.473193 -0.000605 85.251320 0.000614 -2.159240 4.170449 -23.041001 -2.464793 -1.573991 2.681905 7.564648 7.028708 27.703722 -9.818518 -72.226675 -19.707073 -2.646266 -1.527820 1.527810 -2.645432 -31.790023 -7.915083 -1.994590 -1.151572 1.151564 0.000002 0.000001 -0.000000 -9.108292 -0.517891 2.259804 6.036401 -6.888417 82.440978 4.121022 -6.349615 65.937868 1.115595 -3.782563 32.854576 -0.000002 -0.000005 0.000003 -9.532513 0.000008 -0.000001 6.036401 -6.888416 82.440978 4.121022 -6.349617 65.937861 1.115599 -3.782561 32.854576 -0.000003 0.000002 0.000002 -9.103611 -0.043105 -1.865097 6.036399 -6.888418 82.440971 4.121020 -6.349620 65.937861 1.115598 -3.782563 32.854576 -0.000001 0.000001 0.000003 -8.076711 -0.486726 -3.806295 6.036400 -6.888420 82.440978 4.121026 -6.349616 65.937861 1.115590 -3.782566 32.854600 0.000003 -0.000001 -0.000000 4.570403 11.014657 -2.160813 1.264460 0.281918 -11.665003 -24.735935 -36.456538 -44.627633 0.000036 -80.121247 0.000071 -9.225060 -2.301135 30.701045 2.466108 -1.576204 2.681699 18.241728 -23.305278 -17.628945 53.671613 63.248453 -40.439518 2.647891 -1.528755 1.528754 10.741895 32.760811 -5.296234 1.998922 -1.154099 1.154078 0.000003 0.000000 -0.000005 9.109288 -0.518000 2.259902 6.090335 6.835968 -83.384725 5.535318 6.749092 -78.694557 1.552537 4.360278 -39.183945 0.000003 -0.000002 0.000003 9.533421 -0.000000 0.000003 6.088411 6.835749 -83.368510 5.537223 6.749461 -78.710779 1.552541 4.360280 -39.183928 -0.000001 -0.000002 0.000001 9.104501 -0.043005 -1.865099 6.090337 6.835968 -83.384725 5.535316 6.749090 -78.694550 1.552535 4.360279 -39.183941 -0.000003 -0.000002 0.000002 8.077806 -0.486894 -3.806297 10.148456 7.303608 -83.373975 5.544914 2.664447 -78.811347 1.552528 4.360288 -39.183935 0.000004 0.000001 0.000000 -8.207801 -6.751709 -1.599541 -68.453665 -3.975124 -3.382294 48.143066 -0.690309 -0.112359 36.827410 3.461110 12.361844 -0.000013 0.000002 0.000001 0.000000 -0.000000 -0.000000 8.207801 -6.751702 -1.599545 -69.837639 -0.528433 13.954693 92.728246 9.762766 0.548721 -6.093052 3.247009 5.625060 -0.100763 -0.000000 -0.000002 0.000000 -0.000000 -0.000000 
-0.637145 64.067139 1.389534 -18.439887 -6.382065 -7.501230 -0.000000 10.181552 0.131524 5.192580 2.621189 3.661411 9.497723 0.234175 2.546604 9.485482 0.272839 2.583363 -0.000001 16.740353 -2.049019 -4.190264 0.947368 -1.042415 -0.000000 9.617837 1.684973 -12.721682 2.454860 3.470543 0.000000 22.037399 7.501072 -0.000002 -0.000000 0.000000 -4.570001 11.014887 -2.160841 3.321298 13.468084 10.967063 -20.485727 32.316063 23.443933 -0.000571 85.011936 0.000631 -2.745334 4.442416 -22.984312 -2.464793 -1.573991 2.681914 7.564650 7.028699 27.703719 -9.818514 -72.226675 -19.707070 -2.646271 -1.527788 1.527815 -2.645433 -31.790016 -7.915081 -1.994579 -1.151582 1.151572 -0.000001 0.000005 0.000001 -9.108294 -0.517895 2.259802 6.036402 -6.888426 82.440978 4.121023 -6.349613 65.937868 1.115601 -3.782561 32.854576 -0.000001 0.000002 -0.000001 -9.532531 0.000008 0.000003 6.036403 -6.888423 82.440971 4.121020 -6.349618 65.937868 1.115596 -3.782564 32.854573 -0.000002 0.000001 -0.000002 -9.103601 -0.043102 -1.865106 6.036403 -6.888420 82.440964 4.121021 -6.349616 65.937868 1.115598 -3.782562 32.854573 -0.000001 0.000001 0.000003 -8.076714 -0.486721 -3.806300 6.036405 -6.888426 82.440971 4.121027 -6.349611 65.937861 1.115590 -3.782565 32.854600 -0.000005 -0.000001 -0.000001 4.570398 11.014707 -2.160816 1.262871 0.272468 -11.655576 -24.952419 -36.739936 -44.678446 -0.000060 -80.079337 -0.000053 -9.056500 -2.252218 30.471287 2.466096 -1.576208 2.681701 18.241723 -23.305278 -17.628944 53.671616 63.248460 -40.439511 2.647880 -1.528784 1.528754 10.741893 32.760808 -5.296229 1.998930 -1.154088 1.154080 0.000003 0.000003 -0.000005 9.109291 -0.518000 2.259904 6.090336 6.835970 -83.384725 5.535316 6.749092 -78.694550 1.552531 4.360278 -39.183941 -0.000001 -0.000003 -0.000000 9.533421 0.000006 -0.000001 6.088414 6.835753 -83.368510 5.537223 6.749458 -78.710772 1.552541 4.360282 -39.183928 -0.000000 -0.000002 0.000002 9.104502 -0.043002 -1.865100 6.090336 6.835970 -83.384725 5.535317 6.749091 -78.694557 1.552534 4.360280 -39.183941 0.000002 0.000001 0.000001 8.077820 -0.486896 -3.806300 10.148458 7.303613 -83.373981 5.544917 2.664450 -78.811347 1.552532 4.360281 -39.183935 0.000002 0.000002 0.000001 -8.207801 -6.751714 -1.599538 -68.448871 -3.972535 -3.395863 48.157755 -0.698513 -0.112971 36.830009 3.458446 12.360568 -0.000017 0.000002 -0.000000 0.000000 0.000000 0.000001 8.207801 -6.751709 -1.599550 -69.828801 -0.515442 13.945561 92.735630 9.762259 0.548401 -6.101913 3.244509 5.629061 -0.101293 -0.000003 -0.000001 0.000000 0.000000 -0.000000 
-0.633644 64.064987 1.388731 -18.441571 -6.365086 -7.493078 0.000001 10.181544 0.131524 5.202691 2.626491 3.645937 9.513740 0.236375 2.514943 9.501276 0.275867 2.552901 -0.000000 16.740343 -2.049020 -4.186149 0.948913 -1.053614 0.000002 9.617865 1.684971 -12.848007 2.471380 3.452005 0.000001 22.037369 7.501066 -0.000001 -0.000000 -0.000000 -4.569999 11.014868 -2.160840 3.326404 13.477493 10.961704 -20.448299 32.009712 23.447309 -0.000514 84.702323 0.000562 -3.371817 4.447608 -23.140988 -2.464793 -1.574010 2.681915 7.564651 7.028707 27.703720 -9.818511 -72.226675 -19.707075 -2.646262 -1.527811 1.527806 -2.645430 -31.790023 -7.915082 -1.994580 -1.151599 1.151563 0.000001 -0.000002 0.000005 -9.108294 -0.517899 2.259799 6.036402 -6.888419 82.440971 4.121022 -6.349612 65.937861 1.115597 -3.782564 32.854573 -0.000004 -0.000000 -0.000000 -9.532499 -0.000007 -0.000003 6.036404 -6.888418 82.440971 4.121022 -6.349617 65.937868 1.115599 -3.782563 32.854576 -0.000004 0.000002 0.000001 -9.103596 -0.043125 -1.865100 6.036403 -6.888418 82.440964 4.121022 -6.349616 65.937861 1.115600 -3.782566 32.854573 -0.000002 -0.000002 0.000002 -8.076713 -0.486735 -3.806304 6.036403 -6.888423 82.440971 4.121026 -6.349618 65.937861 1.115588 -3.782565 32.854600 -0.000001 -0.000003 0.000004 4.570399 11.014683 -2.160815 1.261878 0.258972 -11.631641 -25.254432 -37.072464 -44.793303 -0.000026 -80.073771 -0.000058 -8.500649 -1.961332 29.920334 2.466104 -1.576208 2.681703 18.241724 -23.305283 -17.628942 53.671616 63.248460 -40.439525 2.647883 -1.528768 1.528746 10.741893 32.760815 -5.296234 1.998918 -1.154079 1.154085 0.000000 0.000006 -0.000000 9.109303 -0.518010 2.259904 6.090338 6.835968 -83.384725 5.535319 6.749089 -78.694550 1.552538 4.360280 -39.183938 0.000003 0.000002 0.000002 9.533405 0.000005 0.000000 6.088413 6.835752 -83.368510 5.537221 6.749458 -78.710772 1.552546 4.360281 -39.183931 0.000001 0.000001 -0.000000 9.104486 -0.043001 -1.865096 6.090337 6.835969 -83.384725 5.535318 6.749090 -78.694557 1.552543 4.360279 -39.183945 0.000004 0.000001 0.000001 8.077789 -0.486889 -3.806295 10.148461 7.303608 -83.373975 5.544911 2.664451 -78.811347 1.552534 4.360280 -39.183938 0.000004 0.000006 0.000001 -8.207801 -6.751703 -1.599539 -68.448345 -3.965054 -3.416633 48.160886 -0.705534 -0.113590 36.831628 3.456638 12.357321 -0.000014 0.000002 0.000001 0.000000 -0.000001 -0.000000 8.207799 -6.751701 -1.599556 -69.829511 -0.505910 13.925823 92.740541 9.761920 0.548097 -6.106805 3.243247 5.633020 -0.101830 -0.000008 0.000002 0.000000 -0.000001 0.000000 
-0.634249 64.062767 1.394304 -18.424734 -6.346844 -7.481046 -0.000001 10.181551 0.131524 5.209818 2.628770 3.625617 9.522231 0.236469 2.471114 9.509780 0.274987 2.509622 0.000000 16.740368 -2.049023 -4.174983 0.947028 -1.044981 -0.000000 9.617861 1.684979 -13.004211 2.457993 3.451751 0.000002 22.037369 7.501070 -0.000000 -0.000000 -0.000000 -4.569996 11.014891 -2.160841 3.330175 13.495305 10.950966 -20.385760 31.619726 23.506868 -0.000528 84.420844 0.000570 -3.965654 4.441109 -23.508017 -2.464786 -1.573998 2.681911 7.564648 7.028709 27.703719 -9.818511 -72.226669 -19.707071 -2.646256 -1.527797 1.527821 -2.645427 -31.790023 -7.915080 -1.994588 -1.151577 1.151571 0.000004 0.000001 0.000005 -9.108299 -0.517874 2.259808 6.036399 -6.888417 82.440971 4.121026 -6.349612 65.937868 1.115599 -3.782564 32.854573 0.000000 -0.000001 0.000002 -9.532488 0.000001 0.000007 6.036403 -6.888420 82.440971 4.121024 -6.349615 65.937868 1.115598 -3.782564 32.854573 -0.000000 -0.000001 0.000003 -9.103588 -0.043105 -1.865099 6.036400 -6.888417 82.440964 4.121024 -6.349616 65.937861 1.115599 -3.782566 32.854573 -0.000001 0.000003 0.000002 -8.076714 -0.486719 -3.806294 6.036404 -6.888423 82.440971 4.121030 -6.349617 65.937861 1.115590 -3.782567 32.854600 0.000001 0.000003 0.000002 4.570400 11.014697 -2.160817 1.262018 0.244831 -11.596731 -25.581656 -37.510262 -44.957343 0.000009 -80.109499 0.000036 -8.094387 -1.523691 29.517670 2.466104 -1.576203 2.681689 18.241723 -23.305278 -17.628949 53.671620 63.248453 -40.439522 2.647888 -1.528764 1.528764 10.741891 32.760811 -5.296235 1.998920 -1.154068 1.154084 0.000003 -0.000001 0.000002 9.109317 -0.518004 2.259904 6.090335 6.835969 -83.384725 5.535320 6.749093 -78.694557 1.552538 4.360278 -39.183945 -0.000005 -0.000002 0.000003 9.533402 0.000005 0.000000 6.088413 6.835750 -83.368517 5.537224 6.749464 -78.710772 1.552541 4.360281 -39.183928 -0.000001 -0.000001 0.000004 9.104496 -0.043001 -1.865102 6.090338 6.835972 -83.384732 5.535319 6.749093 -78.694550 1.552541 4.360278 -39.183938 -0.000002 0.000002 0.000001 8.077833 -0.486880 -3.806301 10.148461 7.303612 -83.373981 5.544912 2.664448 -78.811347 1.552534 4.360288 -39.183938 -0.000003 -0.000000 0.000001 -8.207801 -6.751705 -1.599542 -68.473493 -3.955967 -3.440258 48.178481 -0.715136 -0.114281 36.833472 3.455169 12.353062 -0.000014 0.000001 0.000000 0.000000 -0.000001 -0.000000 8.207799 -6.751695 -1.599545 -69.846163 -0.493333 13.905573 92.746203 9.761392 0.547780 -6.109388 3.237757 5.637151 -0.102352 0.000010 0.000001 -0.000000 -0.000000 -0.000000 
-0.632064 64.061188 1.401892 -18.397649 -6.330335 -7.467500 -0.000000 10.181558 0.131525 5.217085 2.629663 3.620013 9.531702 0.234766 2.441867 9.519008 0.272444 2.481650 -0.000000 16.740368 -2.049019 -4.123765 0.943429 -1.084383 0.000000 9.617847 1.684976 -13.174613 2.372940 3.491702 0.000001 22.037369 7.501072 0.000000 -0.000000 -0.000000 -4.570001 11.014872 -2.160839 3.329801 13.508606 10.942501 -20.270849 31.203839 23.477114 -0.000552 84.083699 0.000567 -4.704591 4.420221 -24.100128 -2.464800 -1.573984 2.681908 7.564643 7.028699 27.703720 -9.818492 -72.226669 -19.707077 -2.646260 -1.527802 1.527817 -2.645434 -31.790016 -7.915084 -1.994583 -1.151585 1.151577 0.000000 -0.000000 -0.000000 -9.108294 -0.517890 2.259800 6.036396 -6.888418 82.440971 4.121020 -6.349615 65.937868 1.115606 -3.782563 32.854576 -0.000002 -0.000001 -0.000000 -9.532485 0.000006 0.000001 6.036398 -6.888419 82.440971 4.121020 -6.349618 65.937868 1.115600 -3.782563 32.854576 0.000002 0.000003 0.000002 -9.103582 -0.043098 -1.865102 6.036395 -6.888418 82.440964 4.121021 -6.349611 65.937868 1.115599 -3.782563 32.854573 0.000004 0.000003 0.000005 -8.076685 -0.486717 -3.806298 6.036402 -6.888421 82.440971 4.121023 -6.349623 65.937861 1.115589 -3.782566 32.854596 -0.000001 -0.000001 0.000007 4.570401 11.014672 -2.160815 1.263608 0.236603 -11.543927 -25.935523 -38.028362 -45.240294 -0.000001 -80.063163 0.000036 -7.497675 -1.484915 29.236673 2.466116 -1.576204 2.681705 18.241728 -23.305283 -17.628942 53.671620 63.248453 -40.439511 2.647890 -1.528765 1.528752 10.741895 32.760811 -5.296237 1.998926 -1.154085 1.154089 0.000001 0.000003 -0.000004 9.109289 -0.518008 2.259902 6.090337 6.835969 -83.384725 5.535320 6.749093 -78.694550 1.552536 4.360278 -39.183941 0.000004 -0.000001 0.000003 9.533416 -0.000006 0.000001 6.088416 6.835752 -83.368517 5.537222 6.749455 -78.710772 1.552537 4.360279 -39.183928 0.000002 -0.000001 0.000001 9.104500 -0.043013 -1.865102 6.090338 6.835974 -83.384725 5.535320 6.749093 -78.694550 1.552535 4.360274 -39.183941 -0.000003 0.000003 0.000002 8.077807 -0.486896 -3.806295 10.148465 7.303612 -83.373975 5.544908 2.664446 -78.811347 1.552530 4.360287 -39.183941 -0.000001 -0.000001 0.000001 -8.207802 -6.751699 -1.599542 -68.505868 -3.953150 -3.461026 48.193818 -0.727525 -0.115065 36.833052 3.454081 12.351004 -0.000013 0.000002 0.000001 0.000000 0.000001 0.000001 8.207802 -6.751697 -1.599550 -69.874065 -0.489565 13.887953 92.748423 9.760841 0.547463 -6.108991 3.232999 5.643812 -0.102864 0.000000 -0.000000 -0.000000 0.000000 0.000000 
-0.628145 64.062225 1.412453 -18.337642 -6.303444 -7.443008 0.000001 10.181548 0.131524 5.207704 2.628698 3.592996 9.508194 0.220506 2.363867 9.496119 0.258972 2.402598 -0.000000 16.740362 -2.049020 -4.065240 0.928043 -1.021331 -0.000000 9.617846 1.684981 -13.111906 2.354356 3.578789 0.000001 22.037399 7.501079 0.000003 -0.000000 -0.000000 -4.569999 11.014877 -2.160838 3.337248 13.537770 10.925042 -20.136175 30.700881 23.577994 -0.000605 83.689516 0.000628 -5.531645 4.777769 -24.621630 -2.464793 -1.573983 2.681904 7.564650 7.028705 27.703715 -9.818527 -72.226669 -19.707063 -2.646277 -1.527801 1.527813 -2.645435 -31.790023 -7.915081 -1.994578 -1.151577 1.151576 0.000005 0.000003 -0.000002 -9.108296 -0.517881 2.259799 6.036405 -6.888419 82.440971 4.121023 -6.349613 65.937868 1.115596 -3.782561 32.854569 0.000000 0.000003 -0.000000 -9.532503 0.000006 -0.000007 6.036401 -6.888417 82.440971 4.121021 -6.349616 65.937868 1.115595 -3.782560 32.854573 -0.000007 0.000001 -0.000001 -9.103589 -0.043110 -1.865102 6.036405 -6.888419 82.440964 4.121025 -6.349613 65.937868 1.115594 -3.782562 32.854576 -0.000002 0.000002 0.000002 -8.076701 -0.486719 -3.806308 6.036405 -6.888420 82.440971 4.121027 -6.349615 65.937861 1.115593 -3.782567 32.854603 0.000001 -0.000003 -0.000000 4.570403 11.014680 -2.160814 1.260877 0.205339 -11.475122 -26.282793 -38.556056 -45.503994 0.000002 -80.012504 -0.000023 -7.018098 -1.532558 28.802839 2.466112 -1.576195 2.681699 18.241731 -23.305282 -17.628945 53.671620 63.248453 -40.439511 2.647886 -1.528750 1.528748 10.741891 32.760815 -5.296234 1.998926 -1.154066 1.154086 0.000001 0.000008 -0.000001 9.109319 -0.518016 2.259901 6.090335 6.835968 -83.384725 5.535321 6.749092 -78.694550 1.552536 4.360276 -39.183941 -0.000004 -0.000003 0.000002 9.533416 0.000006 0.000003 6.088414 6.835752 -83.368517 5.537222 6.749460 -78.710772 1.552542 4.360280 -39.183928 0.000001 0.000000 -0.000000 9.104498 -0.043001 -1.865096 6.090338 6.835967 -83.384732 5.535318 6.749091 -78.694550 1.552536 4.360276 -39.183945 0.000002 0.000003 0.000003 8.077804 -0.486894 -3.806294 10.148463 7.303609 -83.373981 5.544912 2.664451 -78.811347 1.552531 4.360284 -39.183938 -0.000002 0.000002 -0.000000 -8.207799 -6.751715 -1.599536 -68.569717 -3.944160 -3.498865 48.211232 -0.744100 -0.115956 36.828493 3.453579 12.355814 -0.000013 0.000003 0.000001 -0.000000 0.000000 -0.000001 8.207800 -6.751709 -1.599555 -69.929294 -0.486233 13.845638 92.741750 9.760206 0.547138 -6.103650 3.241935 5.650119 -0.103367 0.000003 0.000002 -0.000000 -0.000001 0.000000 
-0.625296 64.064034 1.423330 -18.258190 -6.263250 -7.407142 0.000000 10.181551 0.131519 5.193041 2.627011 3.576879 9.473786 0.203427 2.312354 9.462037 0.242668 2.350765 0.000001 16.740374 -2.049020 -3.955116 0.917906 -1.026266 -0.000000 9.617833 1.684973 -13.097981 2.277446 3.650547 -0.000000 22.037354 7.501073 0.000000 -0.000000 -0.000000 -4.569996 11.014886 -2.160841 3.342235 13.552279 10.916307 -19.930444 30.244385 23.595860 -0.000348 83.357001 0.000449 -6.671695 4.859178 -25.575508 -2.464794 -1.573983 2.681899 7.564651 7.028712 27.703719 -9.818516 -72.226669 -19.707078 -2.646258 -1.527800 1.527807 -2.645433 -31.790023 -7.915080 -1.994571 -1.151599 1.151563 0.000001 -0.000005 -0.000005 -9.108295 -0.517860 2.259795 6.036406 -6.888419 82.440971 4.121023 -6.349616 65.937868 1.115597 -3.782563 32.854573 0.000000 0.000002 -0.000001 -9.532488 0.000003 -0.000008 6.036406 -6.888417 82.440971 4.121024 -6.349614 65.937861 1.115595 -3.782563 32.854573 0.000002 0.000001 0.000003 -9.103590 -0.043091 -1.865108 6.036404 -6.888418 82.440964 4.121025 -6.349613 65.937868 1.115595 -3.782560 32.854576 0.000005 0.000002 0.000004 -8.076702 -0.486706 -3.806305 6.036410 -6.888422 82.440971 4.121026 -6.349620 65.937861 1.115589 -3.782565 32.854600 0.000003 -0.000001 -0.000003 4.570402 11.014699 -2.160817 1.264639 0.175789 -11.419200 -26.609095 -39.148295 -45.787577 -0.000089 -79.925405 -0.000111 -6.207753 -1.367614 28.238835 2.466116 -1.576210 2.681703 18.241729 -23.305283 -17.628945 53.671616 63.248453 -40.439518 2.647890 -1.528763 1.528754 10.741892 32.760808 -5.296233 1.998917 -1.154083 1.154081 0.000004 0.000003 0.000003 9.109318 -0.518004 2.259902 6.090337 6.835968 -83.384725 5.535317 6.749090 -78.694557 1.552534 4.360275 -39.183938 -0.000002 -0.000003 0.000002 9.533417 -0.000002 0.000000 6.088415 6.835752 -83.368517 5.537220 6.749464 -78.710772 1.552541 4.360284 -39.183931 0.000002 0.000001 -0.000000 9.104512 -0.043001 -1.865091 6.090339 6.835970 -83.384725 5.535318 6.749090 -78.694557 1.552537 4.360280 -39.183945 -0.000000 0.000005 0.000000 8.077821 -0.486897 -3.806300 10.148460 7.303611 -83.373981 5.544912 2.664445 -78.811347 1.552531 4.360287 -39.183941 0.000002 -0.000006 0.000004 -8.207801 -6.751701 -1.599538 -68.653940 -3.926239 -3.557322 48.232006 -0.765376 -0.116978 36.822308 3.453851 12.368047 -0.000012 0.000003 -0.000001 0.000000 -0.000000 0.000000 8.207801 -6.751699 -1.599553 -69.999672 -0.478743 13.774921 92.733219 9.759463 0.546787 -6.096928 3.256234 5.651878 -0.103862 0.000002 0.000002 -0.000000 0.000000 0.000000 
-0.620190 64.065971 1.428123 -18.189414 -6.222777 -7.383168 -0.000001 10.181542 0.131522 5.200245 2.625652 3.542828 9.486200 0.182024 2.236073 9.475023 0.222316 2.273828 -0.000000 16.740379 -2.049019 -3.952270 0.905517 -0.978990 -0.000000 9.617874 1.684974 -13.027445 2.254245 3.734194 0.000000 22.037384 7.501072 0.000001 0.000000 0.000000 -4.570000 11.014861 -2.160839 3.341760 13.559312 10.918463 -19.910971 29.748643 23.710472 -0.000323 82.924917 0.000365 -7.632117 5.296467 -26.049044 -2.464793 -1.573998 2.681903 7.564649 7.028705 27.703720 -9.818513 -72.226675 -19.707075 -2.646260 -1.527819 1.527816 -2.645432 -31.790023 -7.915084 -1.994589 -1.151587 1.151562 0.000000 0.000003 -0.000001 -9.108280 -0.517887 2.259804 6.036403 -6.888418 82.440971 4.121023 -6.349616 65.937868 1.115595 -3.782563 32.854569 0.000000 0.000002 -0.000002 -9.532488 0.000008 -0.000002 6.036404 -6.888419 82.440971 4.121024 -6.349620 65.937868 1.115598 -3.782565 32.854576 0.000004 0.000000 -0.000001 -9.103588 -0.043101 -1.865103 6.036400 -6.888417 82.440964 4.121025 -6.349618 65.937861 1.115595 -3.782566 32.854569 0.000003 0.000001 0.000004 -8.076698 -0.486719 -3.806302 6.036403 -6.888421 82.440971 4.121026 -6.349622 65.937861 1.115587 -3.782562 32.854600 0.000002 0.000003 -0.000001 4.570398 11.014689 -2.160813 1.266068 0.171606 -11.391714 -26.991594 -39.826160 -45.985096 0.000024 -79.935971 0.000031 -5.415770 -1.067576 27.522585 2.466104 -1.576195 2.681689 18.241728 -23.305280 -17.628940 53.671620 63.248460 -40.439518 2.647889 -1.528764 1.528748 10.741891 32.760811 -5.296229 1.998917 -1.154086 1.154073 0.000001 0.000005 -0.000000 9.109292 -0.518017 2.259895 6.090340 6.835968 -83.384725 5.535319 6.749096 -78.694557 1.552535 4.360281 -39.183941 -0.000001 -0.000000 0.000002 9.533404 -0.000004 -0.000009 6.088412 6.835751 -83.368510 5.537221 6.749461 -78.710772 1.552541 4.360278 -39.183928 0.000000 -0.000002 0.000001 9.104503 -0.042997 -1.865105 6.090338 6.835967 -83.384725 5.535321 6.749094 -78.694550 1.552532 4.360282 -39.183941 -0.000001 0.000003 -0.000001 8.077806 -0.486897 -3.806307 10.148458 7.303613 -83.373981 5.544913 2.664450 -78.811347 1.552530 4.360282 -39.183945 -0.000001 -0.000002 0.000003 -8.207800 -6.751713 -1.599540 -68.717345 -3.912124 -3.607081 48.235363 -0.794647 -0.118243 36.831621 3.454839 12.383263 -0.000011 0.000003 0.000001 -0.000000 -0.000000 -0.000000 8.207800 -6.751703 -1.599543 -70.062906 -0.477234 13.713673 92.721252 9.758856 0.546444 -6.086353 3.266009 5.654755 -0.104367 0.000006 0.000003 -0.000000 -0.000001 0.000000 
-0.613582 64.064842 1.427895 -18.155411 -6.188601 -7.373764 -0.000000 10.181546 0.131519 5.211833 2.625522 3.519154 9.503333 0.158224 2.183883 9.492484 0.199393 2.221597 0.000000 16.740368 -2.049019 -3.895860 0.896063 -0.975820 0.000001 9.617843 1.684970 -13.048581 2.197570 3.781058 0.000001 22.037354 7.501077 -0.000000 -0.000000 -0.000000 -4.569999 11.014864 -2.160839 3.338852 13.573100 10.917363 -19.818957 29.307310 23.703010 -0.000348 82.585197 0.000407 -8.738561 5.102080 -26.864172 -2.464793 -1.573998 2.681915 7.564648 7.028707 27.703719 -9.818512 -72.226669 -19.707092 -2.646264 -1.527822 1.527814 -2.645432 -31.790016 -7.915081 -1.994583 -1.151587 1.151566 -0.000002 -0.000000 -0.000000 -9.108301 -0.517874 2.259809 6.036406 -6.888411 82.440971 4.121023 -6.349620 65.937868 1.115598 -3.782564 32.854569 0.000001 -0.000004 0.000001 -9.532492 0.000006 0.000006 6.036404 -6.888415 82.440971 4.121022 -6.349617 65.937868 1.115596 -3.782562 32.854573 -0.000003 -0.000000 -0.000001 -9.103576 -0.043116 -1.865097 6.036403 -6.888411 82.440964 4.121021 -6.349619 65.937868 1.115596 -3.782563 32.854569 -0.000003 0.000003 0.000001 -8.076717 -0.486724 -3.806290 6.036405 -6.888418 82.440971 4.121024 -6.349620 65.937854 1.115589 -3.782567 32.854600 -0.000002 0.000000 -0.000000 4.570399 11.014668 -2.160814 1.268138 0.170963 -11.370630 -27.410657 -40.488354 -46.243417 -0.000006 -79.856960 -0.000023 -4.403866 -0.628225 26.926272 2.466120 -1.576203 2.681701 18.241724 -23.305283 -17.628950 53.671616 63.248453 -40.439522 2.647896 -1.528737 1.528750 10.741895 32.760811 -5.296236 1.998929 -1.154051 1.154081 0.000001 0.000001 -0.000002 9.109303 -0.518017 2.259899 6.090338 6.835968 -83.384725 5.535321 6.749092 -78.694550 1.552535 4.360280 -39.183941 0.000000 0.000002 0.000000 9.533416 -0.000003 0.000001 6.088410 6.835753 -83.368517 5.537223 6.749462 -78.710772 1.552542 4.360275 -39.183928 -0.000000 -0.000001 -0.000000 9.104498 -0.043002 -1.865103 6.090336 6.835968 -83.384725 5.535322 6.749091 -78.694557 1.552533 4.360280 -39.183941 0.000002 -0.000001 -0.000001 8.077802 -0.486899 -3.806304 10.148461 7.303610 -83.373981 5.544909 2.664449 -78.811347 1.552530 4.360281 -39.183941 0.000002 -0.000006 -0.000001 -8.207802 -6.751702 -1.599536 -68.746107 -3.910239 -3.644011 48.226081 -0.819067 -0.119572 36.843403 3.457062 12.398777 -0.000012 0.000002 0.000000 0.000000 0.000000 -0.000000 8.207799 -6.751705 -1.599554 -70.099024 -0.477113 13.676630 92.717707 9.758190 0.546088 -6.081447 3.264352 5.666604 -0.104867 0.000002 0.000004 -0.000000 0.000000 0.000000 
-0.602215 64.062164 1.428806 -18.140757 -6.172838 -7.391971 -0.000001 10.181550 0.131522 5.236876 2.627644 3.499919 9.540440 0.141011 2.145787 9.529060 0.183505 2.186697 -0.000000 16.740360 -2.049018 -3.890786 0.891955 -0.974859 0.000000 9.617861 1.684979 -12.940163 2.166711 3.827043 0.000001 22.037369 7.501071 -0.000000 -0.000000 0.000000 -4.570000 11.014877 -2.160840 3.337428 13.577729 10.914687 -19.850949 28.774470 23.788000 -0.000366 82.140074 0.000392 -9.528637 5.302912 -27.175649 -2.464785 -1.573987 2.681906 7.564653 7.028702 27.703719 -9.818516 -72.226669 -19.707068 -2.646269 -1.527827 1.527814 -2.645430 -31.790023 -7.915080 -1.994578 -1.151584 1.151568 0.000001 -0.000000 -0.000002 -9.108298 -0.517895 2.259802 6.036401 -6.888424 82.440971 4.121021 -6.349616 65.937861 1.115598 -3.782563 32.854569 0.000004 -0.000001 -0.000002 -9.532491 0.000010 -0.000004 6.036402 -6.888422 82.440971 4.121024 -6.349616 65.937868 1.115598 -3.782559 32.854573 0.000001 0.000000 -0.000000 -9.103584 -0.043107 -1.865098 6.036398 -6.888423 82.440964 4.121022 -6.349617 65.937868 1.115598 -3.782562 32.854573 0.000002 0.000003 0.000003 -8.076698 -0.486713 -3.806299 6.036405 -6.888427 82.440971 4.121023 -6.349617 65.937861 1.115588 -3.782566 32.854596 -0.000002 0.000003 0.000003 4.570395 11.014685 -2.160815 1.264876 0.144640 -11.337971 -27.900618 -41.168115 -46.594540 -0.000064 -79.817898 -0.000066 -3.551990 -0.097567 26.772362 2.466101 -1.576208 2.681695 18.241726 -23.305283 -17.628944 53.671613 63.248453 -40.439518 2.647887 -1.528763 1.528750 10.741893 32.760811 -5.296231 1.998922 -1.154083 1.154090 0.000001 0.000001 -0.000002 9.109291 -0.517985 2.259894 6.090335 6.835967 -83.384725 5.535317 6.749093 -78.694550 1.552535 4.360279 -39.183938 -0.000002 0.000002 0.000000 9.533401 -0.000014 -0.000009 6.088413 6.835749 -83.368517 5.537222 6.749464 -78.710772 1.552540 4.360278 -39.183928 0.000000 0.000000 -0.000000 9.104503 -0.043002 -1.865107 6.090335 6.835967 -83.384725 5.535320 6.749091 -78.694557 1.552538 4.360277 -39.183941 -0.000001 0.000001 0.000000 8.077788 -0.486897 -3.806309 10.148458 7.303612 -83.373981 5.544912 2.664450 -78.811347 1.552529 4.360283 -39.183941 0.000004 -0.000001 -0.000000 -8.207801 -6.751707 -1.599540 -68.752862 -3.899000 -3.645144 48.217775 -0.853534 -0.121186 36.853594 3.461500 12.432019 -0.000013 0.000003 0.000000 0.000000 -0.000000 -0.000001 8.207798 -6.751700 -1.599545 -70.123496 -0.479406 13.680695 92.720064 9.757568 0.545722 -6.081704 3.249244 5.686567 -0.105370 0.000005 0.000002 -0.000000 -0.000000 0.000001 
-0.589478 64.057114 1.429991 -18.149491 -6.162545 -7.419823 -0.000000 10.181555 0.131524 5.271870 2.632264 3.481936 9.601693 0.140600 2.104326 9.590332 0.184203 2.146103 -0.000000 16.740366 -2.049021 -3.890157 0.885038 -0.964639 0.000000 9.617857 1.684979 -12.915696 2.131704 3.852256 -0.000001 22.037384 7.501072 0.000000 -0.000000 0.000000 -4.570004 11.014880 -2.160840 3.340231 13.562985 10.912370 -19.850229 28.288801 23.796864 -0.000365 81.769652 0.000399 -10.482780 5.344989 -27.645479 -2.464793 -1.573991 2.681910 7.564650 7.028702 27.703720 -9.818510 -72.226662 -19.707080 -2.646258 -1.527805 1.527811 -2.645436 -31.790016 -7.915077 -1.994570 -1.151584 1.151561 0.000002 0.000002 -0.000002 -9.108314 -0.517882 2.259808 6.036400 -6.888420 82.440971 4.121024 -6.349619 65.937861 1.115593 -3.782566 32.854576 0.000003 -0.000001 -0.000001 -9.532503 0.000004 0.000003 6.036398 -6.888421 82.440971 4.121023 -6.349616 65.937868 1.115595 -3.782565 32.854576 0.000001 0.000001 0.000001 -9.103588 -0.043112 -1.865098 6.036401 -6.888420 82.440964 4.121022 -6.349616 65.937868 1.115597 -3.782566 32.854576 0.000001 0.000001 -0.000000 -8.076714 -0.486722 -3.806294 6.036400 -6.888427 82.440971 4.121022 -6.349616 65.937861 1.115586 -3.782566 32.854596 -0.000002 -0.000000 0.000003 4.570403 11.014689 -2.160816 1.264081 0.130896 -11.318394 -28.423190 -41.847271 -46.917720 -0.000049 -79.683842 -0.000085 -2.250987 0.096736 26.152403 2.466112 -1.576195 2.681712 18.241728 -23.305287 -17.628944 53.671613 63.248460 -40.439525 2.647883 -1.528763 1.528756 10.741894 32.760811 -5.296233 1.998925 -1.154070 1.154079 0.000001 0.000002 -0.000000 9.109288 -0.518006 2.259907 6.090336 6.835968 -83.384725 5.535316 6.749096 -78.694557 1.552539 4.360280 -39.183938 -0.000003 -0.000001 0.000003 9.533419 -0.000012 0.000006 6.088413 6.835750 -83.368510 5.537222 6.749461 -78.710779 1.552546 4.360283 -39.183928 -0.000001 -0.000001 0.000001 9.104502 -0.043013 -1.865097 6.090337 6.835969 -83.384725 5.535316 6.749093 -78.694557 1.552539 4.360278 -39.183938 -0.000003 0.000006 0.000001 8.077834 -0.486899 -3.806297 10.148459 7.303612 -83.373981 5.544911 2.664450 -78.811347 1.552537 4.360285 -39.183941 -0.000003 0.000000 0.000001 -8.207800 -6.751715 -1.599539 -68.741544 -3.878898 -3.630015 48.215688 -0.894926 -0.122988 36.854055 3.465016 12.486136 -0.000015 0.000004 -0.000001 0.000000 -0.000000 -0.000000 8.207798 -6.751709 -1.599546 -70.131556 -0.474171 13.711273 92.733567 9.756567 0.545301 -6.094045 3.218532 5.719229 -0.105885 0.000010 0.000002 -0.000000 -0.000001 0.000000 
-0.578638 64.049156 1.425247 -18.194516 -6.158910 -7.449732 -0.000000 10.181546 0.131523 5.315763 2.644119 3.476160 9.678546 0.160831 2.086040 9.666910 0.205513 2.129084 0.000000 16.740360 -2.049019 -3.912334 0.888517 -0.977253 0.000001 9.617852 1.684979 -12.781207 2.165436 3.763321 -0.000001 22.037369 7.501073 0.000001 -0.000000 0.000000 -4.569998 11.014876 -2.160841 3.331675 13.526111 10.937274 -19.793813 27.854848 23.727408 -0.000445 81.415971 0.000486 -11.625962 5.366742 -28.252275 -2.464786 -1.573999 2.681908 7.564646 7.028704 27.703720 -9.818515 -72.226669 -19.707077 -2.646264 -1.527822 1.527820 -2.645433 -31.790019 -7.915088 -1.994587 -1.151579 1.151568 0.000003 0.000002 0.000005 -9.108285 -0.517874 2.259802 6.036400 -6.888423 82.440971 4.121022 -6.349615 65.937861 1.115595 -3.782563 32.854573 -0.000002 -0.000001 -0.000002 -9.532491 -0.000004 -0.000007 6.036397 -6.888422 82.440971 4.121022 -6.349616 65.937868 1.115596 -3.782566 32.854573 -0.000001 0.000000 0.000001 -9.103574 -0.043105 -1.865107 6.036400 -6.888420 82.440964 4.121022 -6.349614 65.937868 1.115595 -3.782563 32.854573 0.000000 0.000004 0.000002 -8.076716 -0.486716 -3.806300 6.036398 -6.888424 82.440971 4.121027 -6.349614 65.937861 1.115589 -3.782566 32.854603 0.000002 0.000003 0.000003 4.570405 11.014690 -2.160815 1.268629 0.140524 -11.335863 -28.987442 -42.520376 -47.255063 0.000056 -79.570024 0.000034 -1.381083 0.202173 25.018008 2.466101 -1.576212 2.681695 18.241724 -23.305285 -17.628947 53.671609 63.248453 -40.439515 2.647894 -1.528751 1.528750 10.741895 32.760811 -5.296234 1.998925 -1.154065 1.154079 0.000002 0.000002 -0.000000 9.109303 -0.518004 2.259894 6.090336 6.835969 -83.384725 5.535320 6.749094 -78.694557 1.552540 4.360280 -39.183941 -0.000001 0.000002 -0.000003 9.533405 -0.000002 0.000004 6.088411 6.835751 -83.368510 5.537220 6.749459 -78.710779 1.552546 4.360286 -39.183928 -0.000000 0.000004 -0.000000 9.104500 -0.042997 -1.865099 6.090338 6.835970 -83.384725 5.535320 6.749089 -78.694550 1.552541 4.360283 -39.183945 -0.000000 -0.000004 0.000001 8.077819 -0.486893 -3.806304 10.148461 7.303610 -83.373981 5.544912 2.664445 -78.811354 1.552531 4.360284 -39.183938 -0.000004 -0.000004 0.000001 -8.207800 -6.751701 -1.599540 -68.696943 -3.864165 -3.602921 48.216580 -0.925989 -0.124618 36.851637 3.468475 12.531602 -0.000012 0.000002 0.000000 -0.000000 0.000000 0.000000 8.207798 -6.751694 -1.599552 -70.108907 -0.458860 13.766813 92.749878 9.755523 0.544876 -6.108715 3.177269 5.757535 -0.106402 0.000018 0.000004 -0.000000 0.000001 0.000000 
-0.569232 64.038910 1.423021 -18.257475 -6.157644 -7.495012 -0.000000 10.181545 0.131523 5.362748 2.656240 3.478739 9.752999 0.176260 2.083362 9.740884 0.221880 2.128384 -0.000000 16.740358 -2.049020 -3.893786 0.906957 -1.015502 0.000001 9.617848 1.684976 -12.605610 2.228548 3.692545 0.000001 22.037399 7.501069 -0.000000 -0.000000 0.000001 -4.569999 11.014877 -2.160840 3.317441 13.473528 10.972175 -19.662376 27.547249 23.635158 -0.000383 80.978224 0.000417 -12.727949 5.698964 -29.124449 -2.464793 -1.573972 2.681911 7.564648 7.028702 27.703722 -9.818508 -72.226669 -19.707075 -2.646260 -1.527808 1.527816 -2.645439 -31.790016 -7.915079 -1.994583 -1.151567 1.151582 -0.000000 0.000005 0.000003 -9.108298 -0.517867 2.259815 6.036398 -6.888425 82.440971 4.121022 -6.349618 65.937868 1.115597 -3.782566 32.854573 -0.000000 0.000001 0.000003 -9.532488 0.000000 0.000009 6.036398 -6.888425 82.440971 4.121019 -6.349615 65.937861 1.115596 -3.782563 32.854576 0.000003 0.000002 0.000000 -9.103584 -0.043107 -1.865098 6.036398 -6.888424 82.440964 4.121022 -6.349614 65.937861 1.115596 -3.782564 32.854576 0.000004 0.000000 0.000001 -8.076714 -0.486702 -3.806299 6.036402 -6.888427 82.440971 4.121023 -6.349614 65.937861 1.115590 -3.782567 32.854600 0.000001 0.000001 0.000004 4.570397 11.014673 -2.160814 1.273117 0.141622 -11.359358 -29.409145 -43.368221 -47.466092 0.000018 -79.436746 0.000001 -0.711766 0.656208 24.948246 2.466101 -1.576205 2.681707 18.241726 -23.305285 -17.628947 53.671613 63.248453 -40.439518 2.647891 -1.528756 1.528746 10.741897 32.760811 -5.296234 1.998912 -1.154067 1.154085 0.000000 -0.000003 0.000002 9.109277 -0.518004 2.259894 6.090333 6.835966 -83.384725 5.535321 6.749095 -78.694557 1.552539 4.360280 -39.183941 -0.000003 -0.000003 -0.000001 9.533417 0.000002 0.000000 6.088414 6.835751 -83.368510 5.537223 6.749458 -78.710779 1.552543 4.360285 -39.183931 -0.000001 0.000001 -0.000000 9.104501 -0.043002 -1.865101 6.090335 6.835968 -83.384725 5.535320 6.749092 -78.694557 1.552540 4.360279 -39.183938 -0.000001 0.000001 0.000002 8.077806 -0.486896 -3.806310 10.148458 7.303610 -83.373975 5.544913 2.664446 -78.811354 1.552533 4.360281 -39.183941 -0.000000 -0.000001 0.000001 -8.207799 -6.751698 -1.599545 -68.638962 -3.869104 -3.576226 48.219278 -0.948754 -0.126064 36.851715 3.471495 12.563598 -0.000014 0.000004 0.000000 -0.000000 0.000001 -0.000002 8.207797 -6.751701 -1.599549 -70.070637 -0.463350 13.823317 92.775402 9.754933 0.544451 -6.126792 3.135850 5.784906 -0.106951 0.000005 0.000002 0.000000 -0.000002 -0.000000 
-0.558174 64.032387 1.423204 -18.292900 -6.160570 -7.527347 0.000001 10.181543 0.131527 5.390671 2.671699 3.464951 9.795696 0.198678 2.053033 9.783179 0.245229 2.100049 -0.000000 16.740366 -2.049019 -3.808797 0.913848 -0.996536 0.000000 9.617848 1.684973 -12.495656 2.293414 3.650891 0.000001 22.037399 7.501075 0.000003 -0.000000 0.000000 -4.570001 11.014852 -2.160841 3.312671 13.468618 10.968875 -19.577892 27.028524 23.596540 -0.000298 80.634276 0.000295 -13.759257 5.881898 -29.262573 -2.464808 -1.573987 2.681914 7.564646 7.028702 27.703720 -9.818520 -72.226669 -19.707068 -2.646250 -1.527801 1.527820 -2.645436 -31.790012 -7.915084 -1.994586 -1.151576 1.151565 0.000002 0.000006 -0.000002 -9.108318 -0.517884 2.259807 6.036398 -6.888421 82.440971 4.121025 -6.349613 65.937861 1.115603 -3.782565 32.854573 -0.000002 -0.000000 -0.000002 -9.532509 0.000004 0.000006 6.036400 -6.888423 82.440971 4.121025 -6.349612 65.937861 1.115607 -3.782565 32.854576 -0.000002 0.000001 0.000000 -9.103607 -0.043105 -1.865094 6.036398 -6.888420 82.440957 4.121024 -6.349616 65.937861 1.115605 -3.782565 32.854573 -0.000002 0.000002 0.000002 -8.076704 -0.486725 -3.806288 6.036402 -6.888422 82.440971 4.121024 -6.349616 65.937861 1.115590 -3.782566 32.854596 0.000004 0.000002 -0.000000 4.570399 11.014693 -2.160816 1.269313 0.101117 -11.349745 -29.812297 -44.090234 -47.658178 -0.000024 -79.271681 -0.000045 0.145503 0.857421 24.558848 2.466093 -1.576203 2.681707 18.241724 -23.305278 -17.628947 53.671609 63.248453 -40.439528 2.647877 -1.528772 1.528750 10.741891 32.760804 -5.296234 1.998925 -1.154068 1.154084 0.000003 0.000003 -0.000000 9.109273 -0.518008 2.259907 6.090337 6.835967 -83.384725 5.535318 6.749093 -78.694557 1.552537 4.360281 -39.183938 -0.000002 0.000002 -0.000001 9.533419 0.000002 0.000005 6.088415 6.835750 -83.368510 5.537225 6.749459 -78.710772 1.552541 4.360284 -39.183928 -0.000002 0.000002 -0.000001 9.104501 -0.043013 -1.865093 6.090339 6.835965 -83.384725 5.535317 6.749093 -78.694557 1.552540 4.360282 -39.183945 0.000000 -0.000002 0.000001 8.077818 -0.486888 -3.806293 10.148457 7.303611 -83.373981 5.544914 2.664447 -78.811347 1.552536 4.360284 -39.183945 0.000001 -0.000003 0.000001 -8.207801 -6.751708 -1.599533 -68.606491 -3.883105 -3.560642 48.220903 -0.953155 -0.127103 36.861937 3.473214 12.565480 -0.000014 0.000004 0.000001 0.000000 0.000000 0.000000 8.207802 -6.751698 -1.599546 -70.051923 -0.460864 13.860806 92.793652 9.754560 0.544016 -6.137975 3.111780 5.800351 -0.107493 -0.000000 -0.000003 0.000000 -0.000001 -0.000000 
-0.544921 64.029716 1.423826 -18.323704 -6.181042 -7.542096 -0.000001 10.181553 0.131527 5.409956 2.693862 3.443178 9.824416 0.246786 2.020625 9.811589 0.293779 2.068705 -0.000000 16.740376 -2.049019 -3.707786 0.918301 -1.000817 0.000001 9.617836 1.684979 -12.351332 2.327663 3.608817 -0.000000 22.037384 7.501072 -0.000000 -0.000000 -0.000000 -4.569996 11.014889 -2.160841 3.307368 13.490065 10.963616 -19.471853 26.548877 23.573701 -0.000259 80.141683 0.000290 -14.478925 6.412845 -29.932887 -2.464808 -1.574014 2.681921 7.564643 7.028700 27.703724 -9.818522 -72.226669 -19.707088 -2.646264 -1.527821 1.527808 -2.645431 -31.790023 -7.915084 -1.994582 -1.151585 1.151567 -0.000001 0.000001 -0.000000 -9.108329 -0.517901 2.259809 6.036400 -6.888425 82.440971 4.121022 -6.349616 65.937868 1.115598 -3.782571 32.854573 -0.000003 -0.000002 -0.000002 -9.532507 -0.000009 0.000010 6.036401 -6.888425 82.440971 4.121027 -6.349616 65.937861 1.115598 -3.782563 32.854576 -0.000003 0.000001 -0.000000 -9.103618 -0.043113 -1.865092 6.036396 -6.888422 82.440964 4.121024 -6.349613 65.937861 1.115600 -3.782566 32.854576 -0.000002 0.000001 0.000001 -8.076714 -0.486733 -3.806292 6.036401 -6.888427 82.440971 4.121027 -6.349616 65.937861 1.115588 -3.782563 32.854603 -0.000001 0.000005 0.000001 4.570398 11.014701 -2.160816 1.271130 0.089382 -11.321910 -30.195781 -44.747230 -47.857185 -0.000042 -79.139476 -0.000049 0.889719 0.985492 23.460902 2.466100 -1.576212 2.681707 18.241726 -23.305282 -17.628947 53.671606 63.248453 -40.439522 2.647882 -1.528761 1.528752 10.741886 32.760811 -5.296233 1.998933 -1.154085 1.154084 0.000000 0.000006 -0.000001 9.109286 -0.518015 2.259902 6.090338 6.835968 -83.384725 5.535318 6.749093 -78.694557 1.552537 4.360282 -39.183945 -0.000003 0.000001 -0.000001 9.533403 -0.000004 0.000006 6.088412 6.835748 -83.368510 5.537222 6.749463 -78.710779 1.552550 4.360284 -39.183931 -0.000002 -0.000001 0.000000 9.104497 -0.043004 -1.865094 6.090335 6.835967 -83.384725 5.535319 6.749094 -78.694557 1.552534 4.360281 -39.183938 0.000001 0.000000 -0.000000 8.077805 -0.486889 -3.806296 10.148460 7.303608 -83.373981 5.544913 2.664449 -78.811347 1.552533 4.360286 -39.183945 0.000001 0.000001 -0.000001 -8.207803 -6.751694 -1.599534 -68.578747 -3.887423 -3.542426 48.221047 -0.954797 -0.127978 36.872817 3.474326 12.563859 -0.000012 0.000003 -0.000001 0.000000 0.000001 0.000001 8.207800 -6.751696 -1.599556 -70.027361 -0.452532 13.886704 92.804786 9.754517 0.543576 -6.148968 3.111368 5.801377 -0.108090 0.000000 0.000002 0.000000 0.000000 0.000000 
-0.536832 64.030106 1.427744 -18.322047 -6.210499 -7.558572 -0.000002 10.181553 0.131526 5.426646 2.710228 3.425432 9.850822 0.278874 2.004817 9.837398 0.326299 2.055234 -0.000000 16.740360 -2.049016 -3.615913 0.926402 -1.047367 0.000001 9.617872 1.684979 -12.282153 2.324662 3.548216 0.000000 22.037369 7.501071 0.000002 0.000000 -0.000000 -4.569997 11.014857 -2.160837 3.304247 13.504640 10.968001 -19.468250 26.127171 23.614506 -0.000345 79.692571 0.000379 -14.937683 6.919548 -30.104059 -2.464809 -1.573991 2.681907 7.564652 7.028707 27.703719 -9.818497 -72.226669 -19.707087 -2.646271 -1.527808 1.527819 -2.645431 -31.790019 -7.915086 -1.994583 -1.151588 1.151576 0.000001 -0.000000 -0.000000 -9.108315 -0.517874 2.259804 6.036400 -6.888420 82.440971 4.121024 -6.349618 65.937868 1.115597 -3.782567 32.854576 -0.000000 -0.000002 0.000002 -9.532505 -0.000002 -0.000001 6.036401 -6.888422 82.440971 4.121018 -6.349616 65.937868 1.115594 -3.782567 32.854573 0.000005 0.000003 0.000003 -9.103602 -0.043103 -1.865106 6.036401 -6.888420 82.440964 4.121025 -6.349616 65.937861 1.115597 -3.782568 32.854569 -0.000003 0.000006 0.000002 -8.076714 -0.486714 -3.806303 6.036403 -6.888425 82.440971 4.121024 -6.349612 65.937861 1.115591 -3.782565 32.854603 -0.000005 0.000001 0.000001 4.570403 11.014673 -2.160812 1.270863 0.077829 -11.302792 -30.545504 -45.316635 -48.041051 0.000058 -79.059494 0.000033 1.578701 1.068728 23.130270 2.466100 -1.576203 2.681705 18.241726 -23.305280 -17.628945 53.671613 63.248453 -40.439511 2.647894 -1.528756 1.528752 10.741897 32.760811 -5.296233 1.998925 -1.154058 1.154082 0.000004 0.000001 -0.000004 9.109302 -0.518018 2.259906 6.090333 6.835968 -83.384725 5.535319 6.749093 -78.694557 1.552536 4.360280 -39.183945 -0.000004 0.000002 -0.000000 9.533415 -0.000013 0.000000 6.088414 6.835751 -83.368517 5.537223 6.749462 -78.710779 1.552546 4.360283 -39.183928 -0.000002 -0.000000 -0.000002 9.104498 -0.043000 -1.865101 6.090335 6.835970 -83.384725 5.535319 6.749089 -78.694550 1.552536 4.360279 -39.183945 -0.000004 0.000004 -0.000002 8.077802 -0.486890 -3.806305 10.148456 7.303610 -83.373981 5.544911 2.664445 -78.811347 1.552533 4.360285 -39.183941 -0.000005 -0.000001 -0.000000 -8.207801 -6.751703 -1.599536 -68.580277 -3.893093 -3.514380 48.211621 -0.957718 -0.128703 36.884924 3.474894 12.552159 -0.000017 0.000003 0.000001 0.000000 0.000000 -0.000001 8.207800 -6.751698 -1.599544 -70.031733 -0.455559 13.917798 92.813057 9.754830 0.543128 -6.160058 3.113625 5.797030 -0.108567 -0.000000 -0.000000 0.000000 -0.000001 0.000000 
-0.533528 64.032028 1.435163 -18.289563 -6.240144 -7.578717 -0.000001 10.181540 0.131521 5.439290 2.736304 3.412538 9.871173 0.329434 1.996949 9.857047 0.377082 2.051471 0.000000 16.740372 -2.049024 -3.555040 0.933352 -1.091714 -0.000000 9.617859 1.684972 -12.176615 2.318045 3.481893 -0.000000 22.037369 7.501070 -0.000000 -0.000000 0.000000 -4.569998 11.014891 -2.160841 3.310900 13.480486 10.970545 -19.410013 25.768644 23.578906 -0.000256 79.452626 0.000297 -15.464651 7.050818 -30.488083 -2.464808 -1.573991 2.681899 7.564651 7.028705 27.703724 -9.818522 -72.226669 -19.707083 -2.646260 -1.527790 1.527820 -2.645433 -31.790019 -7.915082 -1.994583 -1.151585 1.151571 0.000004 -0.000004 -0.000000 -9.108298 -0.517882 2.259800 6.036398 -6.888421 82.440971 4.121021 -6.349620 65.937861 1.115597 -3.782566 32.854569 0.000001 0.000001 0.000001 -9.532506 0.000010 -0.000010 6.036398 -6.888423 82.440971 4.121020 -6.349618 65.937861 1.115597 -3.782568 32.854573 0.000004 0.000001 0.000003 -9.103603 -0.043097 -1.865116 6.036398 -6.888421 82.440964 4.121023 -6.349615 65.937868 1.115597 -3.782563 32.854573 0.000002 -0.000000 -0.000001 -8.076700 -0.486728 -3.806308 6.036397 -6.888426 82.440971 4.121028 -6.349617 65.937861 1.115589 -3.782563 32.854596 -0.000002 0.000001 0.000001 4.570400 11.014714 -2.160816 1.271187 0.071375 -11.297010 -30.896859 -45.853594 -48.206734 0.000008 -79.023595 0.000019 2.148863 1.055828 22.950653 2.466089 -1.576208 2.681701 18.241726 -23.305278 -17.628944 53.671616 63.248453 -40.439515 2.647883 -1.528754 1.528752 10.741891 32.760808 -5.296237 1.998925 -1.154100 1.154084 0.000001 0.000000 -0.000000 9.109276 -0.518019 2.259899 6.090339 6.835965 -83.384725 5.535318 6.749091 -78.694557 1.552538 4.360282 -39.183938 -0.000001 -0.000000 -0.000000 9.533388 -0.000006 0.000000 6.088414 6.835751 -83.368510 5.537224 6.749459 -78.710779 1.552544 4.360282 -39.183924 -0.000001 0.000002 -0.000003 9.104487 -0.042991 -1.865101 6.090339 6.835962 -83.384725 5.535319 6.749092 -78.694557 1.552536 4.360280 -39.183938 0.000000 -0.000000 -0.000003 8.077819 -0.486893 -3.806301 10.148462 7.303613 -83.373981 5.544914 2.664449 -78.811347 1.552534 4.360284 -39.183941 0.000002 0.000001 -0.000001 -8.207802 -6.751714 -1.599527 -68.610384 -3.905976 -3.481689 48.209172 -0.971077 -0.129498 36.896863 3.475529 12.532514 -0.000010 0.000001 0.000001 0.000000 0.000000 -0.000000 8.207797 -6.751710 -1.599547 -70.066410 -0.465366 13.951542 92.820830 9.755127 0.542647 -6.167012 3.112885 5.792209 -0.109036 0.000002 -0.000001 -0.000000 0.000001 0.000000 
-0.535131 64.034615 1.442215 -18.259812 -6.253511 -7.603107 -0.000001 10.181552 0.131521 5.453830 2.753992 3.399573 9.896818 0.364458 1.993876 9.882098 0.412308 2.048531 -0.000000 16.740370 -2.049018 -3.553227 0.939967 -1.130249 0.000001 9.617863 1.684979 -11.962220 2.309001 3.475535 -0.000000 22.037369 7.501075 -0.000000 0.000000 0.000000 -4.569999 11.014867 -2.160840 3.314970 13.484540 10.965550 -19.498148 25.310007 23.642165 -0.000188 79.426870 0.000263 -16.076363 6.823563 -30.025150 -2.464801 -1.573990 2.681911 7.564652 7.028703 27.703724 -9.818516 -72.226669 -19.707078 -2.646273 -1.527829 1.527808 -2.645435 -31.790023 -7.915084 -1.994574 -1.151586 1.151563 0.000003 0.000001 -0.000000 -9.108299 -0.517882 2.259801 6.036400 -6.888422 82.440971 4.121021 -6.349616 65.937861 1.115599 -3.782563 32.854569 0.000002 -0.000000 0.000002 -9.532490 0.000008 -0.000003 6.036400 -6.888424 82.440971 4.121021 -6.349615 65.937868 1.115602 -3.782569 32.854573 0.000001 0.000000 -0.000001 -9.103604 -0.043114 -1.865101 6.036400 -6.888423 82.440964 4.121023 -6.349617 65.937868 1.115601 -3.782569 32.854576 -0.000002 -0.000001 -0.000003 -8.076701 -0.486715 -3.806303 6.036404 -6.888425 82.440971 4.121024 -6.349616 65.937861 1.115591 -3.782569 32.854607 -0.000001 -0.000002 -0.000001 4.570399 11.014689 -2.160813 1.272474 0.072011 -11.295039 -31.254621 -46.266359 -48.343013 0.000004 -79.025186 0.000001 2.610594 1.038246 22.863469 2.466104 -1.576203 2.681701 18.241726 -23.305283 -17.628942 53.671609 63.248453 -40.439528 2.647880 -1.528769 1.528752 10.741892 32.760811 -5.296231 1.998925 -1.154070 1.154082 0.000001 0.000000 -0.000000 9.109286 -0.518013 2.259902 6.090339 6.835965 -83.384732 5.535321 6.749093 -78.694557 1.552533 4.360278 -39.183941 -0.000001 -0.000000 -0.000003 9.533419 -0.000000 -0.000005 6.088411 6.835749 -83.368510 5.537228 6.749457 -78.710779 1.552542 4.360280 -39.183931 0.000000 -0.000003 -0.000002 9.104498 -0.043005 -1.865102 6.090336 6.835966 -83.384732 5.535320 6.749093 -78.694557 1.552534 4.360278 -39.183938 -0.000002 -0.000004 -0.000001 8.077805 -0.486886 -3.806303 10.148460 7.303610 -83.373981 5.544909 2.664451 -78.811347 1.552530 4.360282 -39.183945 -0.000003 0.000002 -0.000002 -8.207801 -6.751704 -1.599546 -68.637998 -3.925728 -3.456205 48.212403 -0.994789 -0.130438 36.907381 3.476548 12.489378 -0.000017 0.000002 0.000000 -0.000000 0.000000 -0.000001 8.207801 -6.751702 -1.599553 -70.098477 -0.485661 13.982114 92.828719 9.755394 0.542122 -6.174483 3.100870 5.788506 -0.109517 -0.000001 -0.000005 -0.000000 0.000000 0.000000 
-0.550396 64.048851 1.459555 -18.139939 -6.284475 -7.648679 -0.000001 10.181556 0.131522 5.445859 2.781651 3.394090 9.884259 0.422924 2.005042 9.869266 0.469781 2.059402 -0.000000 16.740368 -2.049022 -3.586021 0.944160 -1.166055 0.000001 9.617839 1.684981 -11.696928 2.246188 3.525291 -0.000000 22.037354 7.501069 -0.000001 0.000000 0.000000 -4.570001 11.014874 -2.160842 3.316576 13.496916 10.964944 -19.388378 25.037841 23.599905 -0.000261 79.464900 0.000291 -16.807134 6.941203 -31.050880 -2.464816 -1.573995 2.681906 7.564645 7.028702 27.703719 -9.818522 -72.226669 -19.707061 -2.646252 -1.527816 1.527815 -2.645430 -31.790023 -7.915081 -1.994583 -1.151582 1.151566 0.000003 -0.000005 -0.000003 -9.108299 -0.517876 2.259804 6.036401 -6.888424 82.440971 4.121019 -6.349616 65.937868 1.115599 -3.782564 32.854573 0.000003 -0.000001 0.000001 -9.532520 -0.000002 0.000002 6.036398 -6.888423 82.440971 4.121021 -6.349615 65.937861 1.115599 -3.782568 32.854573 0.000004 0.000000 -0.000002 -9.103603 -0.043112 -1.865102 6.036400 -6.888420 82.440964 4.121020 -6.349618 65.937868 1.115601 -3.782566 32.854573 0.000005 0.000004 0.000002 -8.076702 -0.486723 -3.806292 6.036400 -6.888428 82.440971 4.121025 -6.349615 65.937861 1.115589 -3.782565 32.854600 0.000003 -0.000001 -0.000001 4.570399 11.014718 -2.160817 1.274625 0.079413 -11.277091 -31.564046 -46.570948 -48.491328 -0.000074 -79.179070 -0.000058 2.925992 1.268278 22.781165 2.466104 -1.576200 2.681701 18.241731 -23.305278 -17.628944 53.671613 63.248453 -40.439518 2.647886 -1.528756 1.528752 10.741892 32.760811 -5.296231 1.998928 -1.154066 1.154076 0.000001 0.000004 0.000001 9.109293 -0.518000 2.259899 6.090337 6.835969 -83.384725 5.535318 6.749093 -78.694557 1.552534 4.360279 -39.183941 0.000001 -0.000004 -0.000000 9.533420 -0.000001 0.000003 6.088419 6.835751 -83.368510 5.537223 6.749460 -78.710779 1.552542 4.360282 -39.183928 0.000000 -0.000003 -0.000001 9.104489 -0.042992 -1.865102 6.090337 6.835969 -83.384725 5.535319 6.749096 -78.694557 1.552535 4.360278 -39.183938 -0.000002 0.000005 -0.000002 8.077789 -0.486887 -3.806300 10.148461 7.303610 -83.373981 5.544913 2.664449 -78.811347 1.552532 4.360285 -39.183938 0.000001 0.000000 0.000001 -8.207801 -6.751703 -1.599541 -68.735397 -3.946209 -3.388082 48.196694 -1.059647 -0.132063 36.915960 3.478502 12.452195 -0.000014 0.000003 0.000001 0.000000 0.000001 0.000000 8.207796 -6.751696 -1.599543 -70.213839 -0.533316 14.051882 92.827954 9.756278 0.541600 -6.177729 3.062875 5.783027 -0.109966 -0.000006 -0.000002 0.000000 0.000001 0.000000 
-0.569547 64.063942 1.485456 -18.020544 -6.312787 -7.683851 -0.000000 10.181561 0.131524 5.413803 2.803654 3.388856 9.822012 0.473017 2.022921 9.806573 0.518401 2.077662 -0.000000 16.740364 -2.049017 -3.480036 0.942330 -1.197286 0.000000 9.617854 1.684975 -11.565047 2.215505 3.542710 -0.000000 22.037369 7.501070 -0.000000 -0.000000 -0.000000 -4.570000 11.014848 -2.160840 3.321147 13.486203 10.966531 -19.271363 24.826174 23.625341 -0.000273 79.444437 0.000308 -17.510882 7.289349 -31.189308 -2.464808 -1.573991 2.681915 7.564651 7.028700 27.703719 -9.818518 -72.226669 -19.707066 -2.646262 -1.527800 1.527816 -2.645430 -31.790023 -7.915082 -1.994578 -1.151597 1.151574 -0.000001 -0.000002 -0.000005 -9.108298 -0.517874 2.259800 6.036401 -6.888423 82.440971 4.121020 -6.349613 65.937868 1.115599 -3.782569 32.854576 -0.000000 0.000000 -0.000002 -9.532487 0.000006 0.000000 6.036398 -6.888426 82.440971 4.121021 -6.349612 65.937874 1.115599 -3.782567 32.854576 0.000001 0.000001 -0.000001 -9.103602 -0.043106 -1.865098 6.036401 -6.888422 82.440964 4.121021 -6.349615 65.937861 1.115600 -3.782568 32.854573 0.000005 0.000003 0.000000 -8.076700 -0.486723 -3.806297 6.036402 -6.888427 82.440971 4.121027 -6.349613 65.937861 1.115591 -3.782567 32.854596 0.000003 0.000000 0.000001 4.570398 11.014674 -2.160814 1.270788 0.059325 -11.221518 -31.730132 -46.705769 -48.644341 -0.000042 -79.232933 -0.000054 3.305913 1.285658 22.724065 2.466108 -1.576212 2.681710 18.241728 -23.305280 -17.628945 53.671613 63.248460 -40.439522 2.647886 -1.528751 1.528754 10.741891 32.760808 -5.296231 1.998913 -1.154082 1.154082 0.000001 -0.000000 -0.000002 9.109288 -0.518014 2.259897 6.090337 6.835966 -83.384725 5.535319 6.749092 -78.694557 1.552536 4.360278 -39.183941 0.000002 -0.000002 -0.000002 9.533419 -0.000006 -0.000001 6.088416 6.835751 -83.368510 5.537221 6.749459 -78.710779 1.552542 4.360278 -39.183928 0.000002 0.000002 -0.000000 9.104486 -0.043000 -1.865106 6.090337 6.835970 -83.384725 5.535320 6.749086 -78.694557 1.552538 4.360279 -39.183935 -0.000002 0.000006 -0.000004 8.077792 -0.486897 -3.806302 10.148461 7.303609 -83.373975 5.544907 2.664445 -78.811347 1.552527 4.360282 -39.183938 0.000002 -0.000000 -0.000001 -8.207801 -6.751686 -1.599545 -68.842863 -3.969773 -3.331090 48.205699 -1.110369 -0.133441 36.909977 3.483487 12.407743 -0.000013 0.000001 0.000001 -0.000000 -0.000001 0.000001 8.207799 -6.751694 -1.599548 -70.323402 -0.574597 14.115702 92.829682 9.757005 0.541015 -6.192330 3.028094 5.774395 -0.110427 0.000008 -0.000003 -0.000000 0.000001 0.000000 
-0.588145 64.071083 1.504673 -17.962878 -6.328716 -7.719523 0.000000 10.181538 0.131528 5.400364 2.814599 3.368373 9.797742 0.518190 2.011214 9.782596 0.562175 2.064199 0.000000 16.740360 -2.049022 -3.373492 0.930806 -1.137505 0.000002 9.617847 1.684979 -11.513252 2.225116 3.582462 0.000000 22.037384 7.501075 0.000001 0.000000 -0.000000 -4.569999 11.014888 -2.160841 3.330127 13.528932 10.940533 -19.314752 24.608910 23.752285 -0.000212 79.534056 0.000262 -18.199293 7.478599 -30.752387 -2.464801 -1.573987 2.681910 7.564648 7.028703 27.703717 -9.818514 -72.226669 -19.707075 -2.646260 -1.527807 1.527820 -2.645431 -31.790023 -7.915078 -1.994587 -1.151579 1.151572 0.000003 0.000004 0.000005 -9.108312 -0.517889 2.259805 6.036402 -6.888422 82.440971 4.121022 -6.349615 65.937868 1.115600 -3.782564 32.854573 -0.000000 0.000001 0.000003 -9.532502 0.000000 0.000006 6.036400 -6.888422 82.440971 4.121021 -6.349612 65.937861 1.115601 -3.782569 32.854576 0.000004 -0.000000 -0.000001 -9.103592 -0.043103 -1.865102 6.036399 -6.888421 82.440957 4.121021 -6.349615 65.937868 1.115603 -3.782563 32.854576 0.000000 -0.000000 -0.000000 -8.076700 -0.486725 -3.806307 6.036403 -6.888427 82.440971 4.121024 -6.349615 65.937861 1.115588 -3.782569 32.854593 0.000002 0.000003 0.000000 4.570400 11.014690 -2.160815 1.266346 0.037789 -11.141481 -31.960214 -46.679678 -48.785487 -0.000080 -79.374878 -0.000073 3.330531 1.369137 22.299470 2.466100 -1.576203 2.681695 18.241723 -23.305280 -17.628945 53.671609 63.248453 -40.439518 2.647879 -1.528769 1.528750 10.741892 32.760811 -5.296232 1.998917 -1.154068 1.154085 -0.000001 -0.000001 -0.000000 9.109303 -0.517996 2.259901 6.090337 6.835965 -83.384725 5.535317 6.749088 -78.694557 1.552534 4.360280 -39.183945 -0.000002 -0.000001 -0.000001 9.533418 -0.000012 -0.000002 6.088415 6.835754 -83.368510 5.537222 6.749463 -78.710779 1.552542 4.360279 -39.183935 -0.000003 -0.000000 0.000001 9.104501 -0.043018 -1.865102 6.090338 6.835965 -83.384725 5.535315 6.749087 -78.694550 1.552535 4.360279 -39.183941 0.000000 -0.000000 0.000001 8.077789 -0.486914 -3.806304 10.148462 7.303608 -83.373981 5.544911 2.664446 -78.811347 1.552525 4.360282 -39.183938 -0.000001 0.000002 0.000000 -8.207802 -6.751700 -1.599543 -68.902224 -4.019637 -3.297496 48.229554 -1.142548 -0.134525 36.898963 3.495142 12.358886 -0.000013 0.000003 -0.000000 0.000000 -0.000001 -0.000000 8.207801 -6.751713 -1.599552 -70.380530 -0.607331 14.179328 92.842809 9.757446 0.540665 -6.209048 2.986025 5.771585 -0.110871 0.000002 0.000001 -0.000000 -0.000000 0.000000 
-0.603750 64.069832 1.514118 -17.970696 -6.323902 -7.760536 0.000000 10.181553 0.131529 5.423951 2.823105 3.359695 9.842318 0.549291 2.018786 9.826993 0.593016 2.072093 -0.000000 16.740372 -2.049019 -3.391004 0.908180 -1.101357 0.000000 9.617818 1.684978 -11.348271 2.147381 3.628270 0.000000 22.037384 7.501076 -0.000001 0.000000 0.000000 -4.569999 11.014874 -2.160840 3.339462 13.551491 10.927910 -19.466435 24.532313 23.773255 -0.000230 79.588595 0.000272 -18.445836 7.618629 -30.396066 -2.464785 -1.573991 2.681904 7.564649 7.028700 27.703725 -9.818516 -72.226675 -19.707063 -2.646262 -1.527820 1.527815 -2.645436 -31.790023 -7.915081 -1.994583 -1.151584 1.151569 0.000002 -0.000002 0.000003 -9.108316 -0.517884 2.259804 6.036399 -6.888419 82.440971 4.121023 -6.349616 65.937868 1.115599 -3.782564 32.854569 0.000001 0.000002 0.000002 -9.532492 0.000009 -0.000007 6.036394 -6.888423 82.440971 4.121023 -6.349619 65.937868 1.115599 -3.782566 32.854576 -0.000003 0.000001 -0.000000 -9.103591 -0.043107 -1.865102 6.036399 -6.888417 82.440964 4.121024 -6.349617 65.937868 1.115599 -3.782566 32.854569 -0.000004 0.000000 0.000000 -8.076703 -0.486727 -3.806302 6.036399 -6.888424 82.440971 4.121023 -6.349611 65.937861 1.115593 -3.782568 32.854596 -0.000002 0.000000 0.000003 4.570399 11.014684 -2.160815 1.266629 0.040383 -11.081870 -32.196354 -46.667865 -48.848748 -0.000005 -79.461813 -0.000022 3.201625 1.199136 21.971800 2.466085 -1.576207 2.681705 18.241724 -23.305278 -17.628944 53.671606 63.248453 -40.439528 2.647887 -1.528770 1.528748 10.741891 32.760811 -5.296230 1.998925 -1.154067 1.154083 0.000001 0.000000 -0.000000 9.109273 -0.518000 2.259898 6.090343 6.835970 -83.384725 5.535320 6.749092 -78.694557 1.552534 4.360280 -39.183941 0.000002 0.000003 -0.000000 9.533385 0.000006 -0.000001 6.088417 6.835752 -83.368517 5.537222 6.749460 -78.710772 1.552549 4.360283 -39.183924 -0.000001 -0.000004 0.000003 9.104486 -0.042993 -1.865100 6.090343 6.835970 -83.384725 5.535321 6.749090 -78.694550 1.552537 4.360280 -39.183938 -0.000001 -0.000000 0.000000 8.077787 -0.486898 -3.806302 10.148464 7.303608 -83.373981 5.544911 2.664449 -78.811347 1.552534 4.360286 -39.183941 0.000000 0.000003 0.000000 -8.207800 -6.751703 -1.599537 -68.906008 -4.069393 -3.277681 48.266283 -1.171671 -0.135551 36.881881 3.504451 12.323657 -0.000014 0.000004 -0.000000 -0.000000 0.000001 0.000000 8.207801 -6.751702 -1.599541 -70.381917 -0.641351 14.231319 92.863313 9.757731 0.540349 -6.222161 2.943873 5.770928 -0.111311 -0.000007 0.000000 -0.000000 0.000000 0.000000 
-0.610855 64.064247 1.518188 -18.000878 -6.309156 -7.780951 -0.000001 10.181552 0.131522 5.460987 2.827347 3.367081 9.909723 0.560498 2.041358 9.893713 0.604740 2.097117 -0.000000 16.740368 -2.049023 -3.419002 0.888054 -1.091258 0.000000 9.617833 1.684976 -11.244015 2.060540 3.628545 0.000000 22.037369 7.501075 -0.000000 0.000000 0.000000 -4.570000 11.014880 -2.160840 3.345680 13.543952 10.932179 -19.676412 24.597839 23.759055 -0.000286 79.623688 0.000322 -18.249243 7.560608 -30.267990 -2.464808 -1.573983 2.681923 7.564647 7.028701 27.703719 -9.818522 -72.226669 -19.707080 -2.646254 -1.527799 1.527814 -2.645434 -31.790016 -7.915080 -1.994586 -1.151590 1.151571 -0.000001 -0.000000 -0.000002 -9.108295 -0.517878 2.259807 6.036396 -6.888423 82.440971 4.121023 -6.349617 65.937868 1.115600 -3.782566 32.854573 0.000005 0.000000 0.000000 -9.532532 0.000004 0.000008 6.036396 -6.888425 82.440971 4.121025 -6.349622 65.937868 1.115601 -3.782566 32.854573 -0.000003 0.000001 0.000001 -9.103600 -0.043105 -1.865093 6.036397 -6.888423 82.440964 4.121021 -6.349617 65.937861 1.115599 -3.782567 32.854569 0.000005 0.000002 0.000000 -8.076715 -0.486725 -3.806289 6.036400 -6.888426 82.440971 4.121023 -6.349614 65.937861 1.115591 -3.782566 32.854596 0.000001 -0.000001 -0.000000 4.570397 11.014691 -2.160815 1.267927 0.047890 -11.057819 -32.387138 -46.641473 -48.883186 -0.000024 -79.515205 -0.000027 2.999745 1.126490 22.148625 2.466101 -1.576203 2.681690 18.241726 -23.305285 -17.628945 53.671613 63.248453 -40.439518 2.647882 -1.528752 1.528748 10.741891 32.760811 -5.296229 1.998917 -1.154086 1.154083 -0.000001 0.000008 0.000003 9.109302 -0.518004 2.259886 6.090339 6.835965 -83.384725 5.535318 6.749091 -78.694557 1.552540 4.360282 -39.183938 0.000000 0.000005 -0.000002 9.533401 0.000000 -0.000009 6.088418 6.835751 -83.368517 5.537223 6.749460 -78.710779 1.552544 4.360282 -39.183928 -0.000000 -0.000001 0.000001 9.104498 -0.043005 -1.865111 6.090340 6.835969 -83.384725 5.535318 6.749091 -78.694557 1.552540 4.360282 -39.183945 -0.000001 0.000001 -0.000001 8.077804 -0.486887 -3.806311 10.148466 7.303609 -83.373981 5.544912 2.664444 -78.811347 1.552531 4.360285 -39.183941 0.000002 0.000001 0.000001 -8.207801 -6.751710 -1.599537 -68.892799 -4.103891 -3.281045 48.302387 -1.184211 -0.136338 36.869129 3.507451 12.300080 -0.000012 0.000002 -0.000001 -0.000000 0.000000 -0.000001 8.207799 -6.751713 -1.599544 -70.361597 -0.655968 14.252259 92.881168 9.757595 0.540066 -6.230323 2.918580 5.771868 -0.111726 -0.000007 0.000001 -0.000000 0.000000 -0.000000 
-0.613029 64.056374 1.516691 -18.052277 -6.305456 -7.799415 0.000001 10.181557 0.131524 5.502528 2.833088 3.371753 9.982496 0.572102 2.061399 9.965744 0.617067 2.119839 -0.000000 16.740364 -2.049018 -3.405776 0.870589 -1.065446 0.000001 9.617858 1.684976 -11.263801 2.012526 3.606283 -0.000001 22.037384 7.501075 -0.000000 0.000000 -0.000000 -4.569996 11.014867 -2.160839 3.348952 13.545335 10.936156 -19.865090 24.733928 23.688703 -0.000252 79.664704 0.000289 -17.766230 7.544551 -29.964525 -2.464808 -1.573999 2.681905 7.564645 7.028696 27.703724 -9.818503 -72.226669 -19.707082 -2.646258 -1.527801 1.527810 -2.645430 -31.790023 -7.915084 -1.994579 -1.151583 1.151579 0.000003 0.000004 0.000005 -9.108314 -0.517874 2.259800 6.036399 -6.888424 82.440971 4.121022 -6.349620 65.937868 1.115595 -3.782566 32.854569 0.000005 0.000001 0.000000 -9.532502 0.000007 0.000001 6.036395 -6.888429 82.440971 4.121022 -6.349620 65.937868 1.115598 -3.782563 32.854573 0.000004 0.000001 0.000002 -9.103618 -0.043095 -1.865110 6.036399 -6.888422 82.440964 4.121022 -6.349614 65.937861 1.115597 -3.782563 32.854569 0.000004 0.000001 -0.000001 -8.076714 -0.486720 -3.806301 6.036399 -6.888429 82.440971 4.121021 -6.349615 65.937861 1.115591 -3.782563 32.854600 -0.000001 -0.000001 -0.000001 4.570403 11.014669 -2.160815 1.267723 0.047588 -11.038958 -32.519658 -46.593327 -48.870683 0.000032 -79.572373 0.000015 2.550525 1.041031 22.529275 2.466116 -1.576208 2.681707 18.241726 -23.305285 -17.628947 53.671613 63.248453 -40.439515 2.647884 -1.528782 1.528748 10.741891 32.760811 -5.296234 1.998921 -1.154068 1.154082 0.000000 -0.000000 -0.000002 9.109288 -0.517997 2.259897 6.090333 6.835964 -83.384725 5.535321 6.749092 -78.694557 1.552535 4.360281 -39.183945 0.000003 0.000002 -0.000002 9.533419 -0.000002 0.000001 6.088416 6.835749 -83.368510 5.537222 6.749460 -78.710779 1.552544 4.360281 -39.183931 -0.000000 0.000002 0.000001 9.104515 -0.043006 -1.865103 6.090334 6.835968 -83.384725 5.535320 6.749088 -78.694557 1.552533 4.360278 -39.183941 0.000000 0.000003 -0.000002 8.077807 -0.486886 -3.806300 10.148457 7.303608 -83.373975 5.544914 2.664449 -78.811347 1.552536 4.360283 -39.183941 0.000004 0.000000 0.000002 -8.207800 -6.751703 -1.599534 -68.855765 -4.123728 -3.274490 48.323342 -1.191840 -0.137049 36.865929 3.508757 12.291004 -0.000011 0.000003 -0.000001 0.000000 0.000000 0.000000 8.207802 -6.751698 -1.599554 -70.323054 -0.663383 14.281151 92.898981 9.757646 0.539834 -6.237312 2.900820 5.774238 -0.112154 -0.000008 -0.000003 0.000000 -0.000001 0.000000 
-0.616036 64.042358 1.513203 -18.147486 -6.303247 -7.827590 0.000001 10.181547 0.131524 5.546564 2.843289 3.388573 10.057197 0.590516 2.084678 10.040029 0.636018 2.144176 -0.000000 16.740389 -2.049021 -3.385399 0.843993 -1.041889 0.000001 9.617864 1.684978 -11.182589 1.902510 3.637320 0.000001 22.037369 7.501075 -0.000001 -0.000000 -0.000000 -4.570003 11.014873 -2.160840 3.350479 13.550505 10.939336 -19.999108 24.907246 23.598396 -0.000283 79.819196 0.000328 -17.428479 7.410369 -29.932184 -2.464801 -1.573983 2.681897 7.564645 7.028705 27.703719 -9.818521 -72.226675 -19.707077 -2.646273 -1.527811 1.527802 -2.645437 -31.790012 -7.915088 -1.994591 -1.151601 1.151578 0.000003 0.000000 -0.000000 -9.108298 -0.517882 2.259792 6.036398 -6.888421 82.440971 4.121022 -6.349614 65.937868 1.115597 -3.782566 32.854576 -0.000003 -0.000001 0.000001 -9.532491 -0.000001 -0.000011 6.036392 -6.888423 82.440971 4.121022 -6.349617 65.937861 1.115598 -3.782565 32.854573 0.000001 0.000002 -0.000000 -9.103587 -0.043111 -1.865111 6.036395 -6.888420 82.440964 4.121023 -6.349612 65.937861 1.115600 -3.782566 32.854573 0.000001 -0.000000 0.000001 -8.076701 -0.486728 -3.806309 6.036397 -6.888425 82.440971 4.121027 -6.349616 65.937854 1.115589 -3.782562 32.854600 -0.000004 0.000001 0.000001 4.570398 11.014675 -2.160816 1.264631 0.032687 -11.005368 -32.604127 -46.499832 -48.821256 -0.000015 -79.571437 -0.000032 2.184919 0.914303 22.847604 2.466112 -1.576193 2.681702 18.241721 -23.305278 -17.628944 53.671620 63.248453 -40.439528 2.647890 -1.528765 1.528750 10.741890 32.760808 -5.296233 1.998925 -1.154052 1.154083 0.000000 0.000002 -0.000000 9.109292 -0.518000 2.259900 6.090333 6.835967 -83.384725 5.535315 6.749093 -78.694557 1.552537 4.360277 -39.183941 0.000003 0.000002 -0.000000 9.533432 -0.000004 -0.000004 6.088410 6.835752 -83.368517 5.537224 6.749460 -78.710779 1.552541 4.360280 -39.183928 0.000004 0.000001 -0.000001 9.104501 -0.042998 -1.865107 6.090333 6.835969 -83.384725 5.535319 6.749091 -78.694557 1.552541 4.360280 -39.183945 0.000001 0.000005 -0.000001 8.077789 -0.486890 -3.806305 10.148456 7.303612 -83.373981 5.544915 2.664450 -78.811347 1.552532 4.360284 -39.183941 0.000001 0.000003 0.000002 -8.207799 -6.751706 -1.599539 -68.783652 -4.145546 -3.265263 48.357114 -1.197901 -0.137751 36.868859 3.508819 12.283865 -0.000012 0.000001 -0.000000 0.000000 0.000000 -0.000002 8.207801 -6.751695 -1.599553 -70.248578 -0.671452 14.315760 92.928453 9.757406 0.539638 -6.249345 2.877705 5.778678 -0.112569 -0.000004 -0.000001 -0.000000 -0.000000 -0.000000 
-0.618758 64.022125 1.506241 -18.293391 -6.309827 -7.874348 0.000000 10.181553 0.131526 5.597834 2.851201 3.409628 10.144436 0.601543 2.108996 10.126772 0.647795 2.170048 -0.000000 16.740391 -2.049020 -3.355547 0.818327 -1.007837 -0.000001 9.617853 1.684979 -11.109410 1.812815 3.660368 0.000000 22.037354 7.501074 -0.000000 0.000000 0.000000 -4.569999 11.014901 -2.160841 3.350445 13.559401 10.941429 -20.154879 25.123413 23.478985 -0.000303 79.959863 0.000357 -17.143141 7.189178 -29.615068 -2.464801 -1.573998 2.681906 7.564648 7.028702 27.703724 -9.818527 -72.226669 -19.707077 -2.646270 -1.527817 1.527809 -2.645433 -31.790012 -7.915087 -1.994590 -1.151582 1.151568 0.000003 -0.000003 -0.000003 -9.108315 -0.517882 2.259800 6.036399 -6.888425 82.440971 4.121019 -6.349613 65.937868 1.115599 -3.782564 32.854576 -0.000003 0.000003 0.000001 -9.532506 -0.000002 -0.000002 6.036399 -6.888425 82.440971 4.121021 -6.349612 65.937868 1.115598 -3.782565 32.854569 0.000001 0.000003 0.000001 -9.103601 -0.043116 -1.865099 6.036398 -6.888423 82.440964 4.121022 -6.349614 65.937868 1.115602 -3.782565 32.854573 -0.000002 0.000001 -0.000001 -8.076698 -0.486718 -3.806306 6.036400 -6.888425 82.440971 4.121023 -6.349614 65.937861 1.115593 -3.782563 32.854596 0.000002 -0.000000 -0.000001 4.570401 11.014695 -2.160816 1.262562 0.022227 -10.973185 -32.667671 -46.343657 -48.781085 0.000032 -79.518647 0.000015 2.007851 0.705356 23.321380 2.466100 -1.576209 2.681707 18.241723 -23.305282 -17.628947 53.671616 63.248460 -40.439528 2.647887 -1.528766 1.528752 10.741892 32.760811 -5.296232 1.998925 -1.154084 1.154078 0.000003 0.000004 -0.000000 9.109271 -0.518006 2.259903 6.090333 6.835969 -83.384725 5.535319 6.749096 -78.694557 1.552532 4.360279 -39.183941 -0.000004 -0.000000 0.000001 9.533419 -0.000006 -0.000000 6.088410 6.835752 -83.368510 5.537219 6.749461 -78.710772 1.552546 4.360281 -39.183928 0.000001 0.000003 -0.000001 9.104499 -0.043011 -1.865101 6.090334 6.835974 -83.384725 5.535321 6.749097 -78.694557 1.552535 4.360278 -39.183938 0.000004 0.000001 0.000002 8.077824 -0.486888 -3.806306 10.148460 7.303608 -83.373975 5.544912 2.664447 -78.811347 1.552525 4.360281 -39.183938 0.000002 0.000001 0.000002 -8.207802 -6.751703 -1.599540 -68.666678 -4.175056 -3.233205 48.394472 -1.202542 -0.138410 36.874545 3.507826 12.274355 -0.000015 0.000001 -0.000000 0.000000 0.000001 -0.000001 8.207801 -6.751698 -1.599546 -70.133462 -0.684813 14.378392 92.972719 9.757186 0.539486 -6.268730 2.849301 5.786529 -0.112960 -0.000002 0.000003 -0.000000 -0.000001 0.000000 
-0.620333 64.004120 1.496565 -18.432261 -6.321575 -7.913240 -0.000001 10.181549 0.131526 5.649766 2.859975 3.424344 10.235458 0.615269 2.122234 10.217480 0.662324 2.184364 -0.000000 16.740368 -2.049019 -3.334801 0.788599 -0.946830 0.000002 9.617861 1.684973 -11.073164 1.741022 3.670121 0.000000 22.037384 7.501073 -0.000001 -0.000000 0.000000 -4.570000 11.014888 -2.160839 3.349479 13.569780 10.942003 -20.311309 25.385293 23.344272 -0.000282 80.011711 0.000343 -16.561834 7.342130 -29.197679 -2.464816 -1.573991 2.681907 7.564648 7.028698 27.703720 -9.818517 -72.226675 -19.707068 -2.646258 -1.527798 1.527809 -2.645430 -31.790019 -7.915084 -1.994583 -1.151564 1.151581 0.000003 0.000003 -0.000000 -9.108311 -0.517882 2.259803 6.036400 -6.888425 82.440971 4.121017 -6.349612 65.937861 1.115598 -3.782563 32.854576 -0.000001 0.000002 0.000000 -9.532516 -0.000002 -0.000006 6.036397 -6.888426 82.440971 4.121021 -6.349615 65.937868 1.115598 -3.782566 32.854573 -0.000003 -0.000003 -0.000002 -9.103598 -0.043107 -1.865102 6.036399 -6.888425 82.440964 4.121021 -6.349616 65.937868 1.115596 -3.782564 32.854573 -0.000002 -0.000000 0.000002 -8.076698 -0.486722 -3.806305 6.036399 -6.888430 82.440971 4.121023 -6.349614 65.937861 1.115587 -3.782565 32.854596 -0.000002 0.000001 0.000004 4.570403 11.014687 -2.160814 1.261355 0.014735 -10.959734 -32.760073 -46.109484 -48.753747 0.000032 -79.535736 0.000020 1.774567 0.623863 23.528321 2.466104 -1.576208 2.681680 18.241726 -23.305283 -17.628942 53.671613 63.248453 -40.439522 2.647887 -1.528753 1.528754 10.741895 32.760808 -5.296235 1.998921 -1.154086 1.154087 0.000001 0.000004 0.000001 9.109304 -0.518012 2.259893 6.090334 6.835967 -83.384725 5.535319 6.749091 -78.694557 1.552538 4.360283 -39.183941 -0.000001 0.000000 -0.000002 9.533419 0.000007 -0.000010 6.088409 6.835753 -83.368510 5.537225 6.749461 -78.710772 1.552541 4.360279 -39.183924 -0.000000 0.000002 0.000000 9.104498 -0.043009 -1.865115 6.090338 6.835968 -83.384725 5.535319 6.749091 -78.694557 1.552536 4.360284 -39.183941 -0.000002 -0.000001 0.000001 8.077805 -0.486897 -3.806312 10.148462 7.303608 -83.373981 5.544909 2.664445 -78.811347 1.552532 4.360284 -39.183938 -0.000002 0.000000 -0.000001 -8.207801 -6.751714 -1.599541 -68.552963 -4.196707 -3.201708 48.422025 -1.211209 -0.139130 36.881454 3.506188 12.267967 -0.000012 0.000001 -0.000001 0.000000 0.000000 0.000001 8.207800 -6.751706 -1.599553 -70.022136 -0.695393 14.435634 93.008414 9.757128 0.539393 -6.280132 2.825836 5.791586 -0.113372 -0.000005 -0.000002 -0.000000 -0.000001 -0.000000 
-0.622110 63.992302 1.489449 -18.516723 -6.337539 -7.929296 0.000001 10.181539 0.131522 5.684454 2.864771 3.440215 10.297093 0.631351 2.140908 10.278759 0.678973 2.203897 0.000000 16.740364 -2.049022 -3.308523 0.758043 -0.911363 0.000000 9.617841 1.684978 -11.069431 1.630498 3.683807 0.000000 22.037384 7.501073 -0.000001 0.000000 0.000000 -4.570002 11.014879 -2.160839 3.350441 13.568102 10.940104 -20.411078 25.632054 23.175844 -0.000292 80.256130 0.000343 -16.065122 7.030986 -28.955812 -2.464801 -1.573998 2.681913 7.564648 7.028701 27.703720 -9.818514 -72.226669 -19.707094 -2.646271 -1.527828 1.527813 -2.645438 -31.790016 -7.915084 -1.994591 -1.151587 1.151571 0.000002 -0.000004 -0.000000 -9.108314 -0.517874 2.259801 6.036396 -6.888423 82.440971 4.121022 -6.349617 65.937861 1.115597 -3.782567 32.854573 -0.000001 -0.000000 -0.000002 -9.532503 0.000005 -0.000001 6.036397 -6.888424 82.440971 4.121020 -6.349616 65.937861 1.115596 -3.782566 32.854576 0.000005 0.000001 -0.000002 -9.103603 -0.043107 -1.865102 6.036396 -6.888423 82.440964 4.121022 -6.349612 65.937861 1.115595 -3.782565 32.854573 0.000000 0.000002 0.000003 -8.076713 -0.486722 -3.806300 6.036400 -6.888424 82.440971 4.121027 -6.349616 65.937861 1.115588 -3.782567 32.854596 0.000001 0.000003 0.000001 4.570399 11.014685 -2.160815 1.260164 0.005660 -10.951641 -32.797827 -45.845493 -48.723387 -0.000025 -79.617138 -0.000032 1.211745 0.606749 23.774345 2.466108 -1.576212 2.681699 18.241726 -23.305288 -17.628945 53.671613 63.248453 -40.439515 2.647891 -1.528771 1.528748 10.741895 32.760811 -5.296229 1.998921 -1.154085 1.154082 0.000001 0.000006 0.000001 9.109303 -0.518017 2.259898 6.090335 6.835965 -83.384725 5.535317 6.749093 -78.694557 1.552539 4.360280 -39.183941 0.000000 0.000000 -0.000001 9.533404 -0.000006 -0.000005 6.088411 6.835749 -83.368510 5.537222 6.749462 -78.710772 1.552541 4.360284 -39.183931 -0.000002 0.000004 -0.000000 9.104500 -0.043001 -1.865100 6.090338 6.835968 -83.384725 5.535320 6.749092 -78.694557 1.552535 4.360278 -39.183945 -0.000000 0.000002 0.000000 8.077804 -0.486890 -3.806303 10.148456 7.303609 -83.373981 5.544908 2.664447 -78.811347 1.552529 4.360283 -39.183941 0.000000 0.000002 -0.000001 -8.207800 -6.751708 -1.599547 -68.488069 -4.204840 -3.181636 48.439527 -1.216390 -0.139792 36.891505 3.504365 12.262875 -0.000016 0.000002 0.000001 0.000000 -0.000000 0.000001 8.207802 -6.751709 -1.599551 -69.953479 -0.691840 14.474096 93.027941 9.756960 0.539318 -6.293788 2.813421 5.794748 -0.113747 0.000011 -0.000002 -0.000000 0.000001 -0.000000 
-0.624728 63.986343 1.482748 -18.547674 -6.341298 -7.919574 0.000001 10.181541 0.131525 5.706356 2.864720 3.450508 10.337522 0.619982 2.155304 10.318927 0.668208 2.219375 -0.000000 16.740358 -2.049017 -3.296428 0.742402 -0.890384 0.000002 9.617846 1.684979 -11.074526 1.571421 3.713623 -0.000001 22.037369 7.501070 -0.000000 -0.000000 0.000000 -4.569997 11.014873 -2.160839 3.353265 13.555580 10.935620 -20.508475 25.935200 22.999895 -0.000258 80.467811 0.000334 -15.380454 6.894718 -28.507118 -2.464793 -1.573991 2.681898 7.564650 7.028706 27.703720 -9.818515 -72.226669 -19.707066 -2.646258 -1.527811 1.527812 -2.645431 -31.790023 -7.915080 -1.994586 -1.151580 1.151572 0.000002 -0.000000 -0.000002 -9.108288 -0.517884 2.259800 6.036398 -6.888420 82.440971 4.121024 -6.349614 65.937861 1.115597 -3.782565 32.854573 -0.000000 0.000003 0.000002 -9.532495 0.000004 -0.000009 6.036399 -6.888420 82.440971 4.121017 -6.349614 65.937861 1.115596 -3.782565 32.854573 0.000002 0.000001 -0.000000 -9.103589 -0.043113 -1.865107 6.036398 -6.888418 82.440964 4.121022 -6.349613 65.937868 1.115598 -3.782560 32.854576 -0.000001 0.000003 0.000003 -8.076701 -0.486713 -3.806306 6.036403 -6.888423 82.440971 4.121023 -6.349616 65.937861 1.115591 -3.782562 32.854600 -0.000002 0.000002 0.000001 4.570403 11.014670 -2.160813 1.259135 -0.003688 -10.924764 -32.743657 -45.545638 -48.633498 -0.000077 -79.661828 -0.000061 0.793585 0.303879 24.405296 2.466108 -1.576205 2.681706 18.241724 -23.305278 -17.628944 53.671613 63.248460 -40.439515 2.647882 -1.528765 1.528752 10.741890 32.760808 -5.296233 1.998921 -1.154072 1.154084 0.000003 0.000004 0.000001 9.109303 -0.518014 2.259906 6.090336 6.835969 -83.384725 5.535321 6.749093 -78.694550 1.552541 4.360283 -39.183938 -0.000003 -0.000001 -0.000003 9.533416 -0.000006 0.000004 6.088412 6.835753 -83.368517 5.537221 6.749456 -78.710779 1.552544 4.360278 -39.183928 -0.000000 0.000002 -0.000000 9.104498 -0.042992 -1.865090 6.090336 6.835969 -83.384725 5.535322 6.749089 -78.694550 1.552541 4.360278 -39.183945 0.000000 -0.000001 -0.000002 8.077806 -0.486886 -3.806294 10.148457 7.303608 -83.373975 5.544913 2.664452 -78.811347 1.552534 4.360282 -39.183941 -0.000002 -0.000004 -0.000001 -8.207800 -6.751705 -1.599542 -68.469921 -4.207722 -3.179799 48.447515 -1.219568 -0.140407 36.903963 3.501915 12.260177 -0.000011 0.000002 -0.000000 -0.000000 -0.000000 -0.000001 8.207800 -6.751698 -1.599552 -69.929102 -0.680002 14.476588 93.031882 9.756539 0.539257 -6.295713 2.810168 5.795676 -0.114110 -0.000005 -0.000000 -0.000000 0.000000 -0.000000 
-0.628786 63.982521 1.476746 -18.581764 -6.349854 -7.921828 0.000001 10.181545 0.131524 5.721444 2.862007 3.451929 10.365538 0.603081 2.150626 10.347062 0.651664 2.214701 -0.000000 16.740370 -2.049019 -3.237955 0.741940 -0.804048 0.000001 9.617845 1.684977 -11.125973 1.695122 3.653738 -0.000001 22.037369 7.501071 0.000000 -0.000000 0.000000 -4.570001 11.014865 -2.160841 3.351085 13.578945 10.920275 -20.699865 26.130709 22.976586 -0.000363 80.751346 0.000376 -14.765305 6.728164 -27.973837 -2.464793 -1.573991 2.681911 7.564650 7.028703 27.703722 -9.818516 -72.226669 -19.707075 -2.646275 -1.527808 1.527816 -2.645433 -31.790023 -7.915079 -1.994579 -1.151584 1.151570 0.000002 0.000007 0.000001 -9.108295 -0.517889 2.259806 6.036400 -6.888422 82.440971 4.121020 -6.349612 65.937868 1.115600 -3.782567 32.854573 0.000001 0.000003 0.000001 -9.532488 0.000008 -0.000002 6.036400 -6.888422 82.440971 4.121019 -6.349617 65.937868 1.115598 -3.782563 32.854569 0.000002 0.000001 0.000002 -9.103587 -0.043104 -1.865097 6.036401 -6.888422 82.440964 4.121018 -6.349613 65.937861 1.115597 -3.782563 32.854576 0.000003 0.000002 0.000002 -8.076700 -0.486717 -3.806296 6.036402 -6.888427 82.440971 4.121028 -6.349611 65.937861 1.115592 -3.782565 32.854596 0.000001 0.000003 0.000003 4.570401 11.014688 -2.160817 1.256095 -0.024287 -10.882011 -32.617401 -45.203408 -48.456910 -0.000034 -79.738360 -0.000023 0.362348 0.093515 24.801506 2.466085 -1.576204 2.681697 18.241728 -23.305282 -17.628945 53.671609 63.248460 -40.439525 2.647879 -1.528783 1.528750 10.741891 32.760808 -5.296235 1.998921 -1.154068 1.154076 -0.000001 -0.000000 -0.000002 9.109289 -0.518010 2.259910 6.090335 6.835966 -83.384725 5.535320 6.749093 -78.694557 1.552537 4.360279 -39.183938 0.000001 0.000002 -0.000001 9.533405 -0.000002 0.000006 6.088411 6.835749 -83.368510 5.537222 6.749463 -78.710772 1.552547 4.360281 -39.183928 0.000002 -0.000005 -0.000001 9.104486 -0.043001 -1.865099 6.090338 6.835971 -83.384725 5.535323 6.749095 -78.694557 1.552537 4.360280 -39.183945 0.000004 -0.000003 -0.000000 8.077791 -0.486897 -3.806295 10.148457 7.303611 -83.373975 5.544907 2.664449 -78.811347 1.552533 4.360285 -39.183945 0.000001 -0.000004 0.000001 -8.207802 -6.751713 -1.599550 -68.447621 -4.208522 -3.179505 48.456627 -1.222186 -0.141001 36.909796 3.497597 12.247178 -0.000014 0.000001 -0.000000 0.000000 -0.000000 0.000000 8.207801 -6.751700 -1.599550 -69.898585 -0.680632 14.486894 93.032040 9.756676 0.539277 -6.292080 2.808717 5.794801 -0.114472 0.000018 -0.000001 -0.000000 0.000001 0.000000 
-0.632991 63.981987 1.474728 -18.613737 -6.353943 -7.915680 0.000000 10.181544 0.131524 5.735518 2.854328 3.465120 10.388323 0.580750 2.170775 10.369820 0.629380 2.235041 -0.000000 16.740385 -2.049021 -3.197835 0.732318 -0.764166 0.000000 9.617846 1.684978 -11.094657 1.698953 3.650932 0.000000 22.037384 7.501071 -0.000001 -0.000000 -0.000000 -4.569998 11.014865 -2.160842 3.349332 13.577639 10.921251 -20.839588 26.427981 22.913871 -0.000378 81.049026 0.000416 -14.168904 6.531441 -27.766351 -2.464808 -1.574002 2.681902 7.564652 7.028702 27.703724 -9.818500 -72.226675 -19.707073 -2.646254 -1.527831 1.527822 -2.645437 -31.790012 -7.915083 -1.994575 -1.151578 1.151564 -0.000001 -0.000003 -0.000003 -9.108326 -0.517895 2.259810 6.036403 -6.888425 82.440971 4.121021 -6.349612 65.937868 1.115596 -3.782565 32.854573 -0.000002 0.000003 0.000000 -9.532503 0.000004 -0.000004 6.036403 -6.888425 82.440971 4.121021 -6.349616 65.937868 1.115595 -3.782564 32.854569 0.000001 0.000003 0.000002 -9.103601 -0.043101 -1.865099 6.036400 -6.888425 82.440964 4.121021 -6.349617 65.937868 1.115593 -3.782561 32.854573 -0.000003 0.000002 0.000003 -8.076714 -0.486714 -3.806296 6.036403 -6.888428 82.440971 4.121026 -6.349618 65.937854 1.115584 -3.782567 32.854600 -0.000003 0.000003 0.000004 4.570400 11.014699 -2.160815 1.255973 -0.030578 -10.845154 -32.438570 -44.911089 -48.259648 -0.000054 -79.802619 -0.000052 -0.034863 0.239339 25.541405 2.466101 -1.576204 2.681694 18.241728 -23.305285 -17.628945 53.671613 63.248453 -40.439515 2.647887 -1.528766 1.528752 10.741891 32.760811 -5.296232 1.998918 -1.154079 1.154080 0.000001 0.000001 -0.000004 9.109302 -0.518004 2.259895 6.090342 6.835966 -83.384732 5.535316 6.749090 -78.694557 1.552532 4.360280 -39.183945 -0.000002 0.000002 0.000001 9.533420 -0.000002 -0.000010 6.088415 6.835749 -83.368510 5.537225 6.749458 -78.710779 1.552541 4.360282 -39.183935 -0.000003 0.000000 0.000001 9.104497 -0.043012 -1.865110 6.090340 6.835969 -83.384732 5.535318 6.749091 -78.694557 1.552533 4.360279 -39.183938 -0.000001 -0.000000 0.000002 8.077804 -0.486889 -3.806312 10.148462 7.303609 -83.373981 5.544911 2.664445 -78.811347 1.552530 4.360285 -39.183941 -0.000002 -0.000004 0.000001 -8.207802 -6.751712 -1.599544 -68.426427 -4.206136 -3.176715 48.472442 -1.224124 -0.141579 36.913508 3.492997 12.245722 -0.000013 0.000003 0.000000 -0.000000 0.000000 0.000000 8.207797 -6.751706 -1.599545 -69.864011 -0.676733 14.492219 93.030032 9.756745 0.539310 -6.286013 2.808786 5.789175 -0.114816 0.000007 -0.000000 0.000000 0.000000 0.000000 
-0.637833 63.981682 1.470055 -18.637264 -6.357607 -7.906441 -0.000000 10.181556 0.131523 5.743659 2.845289 3.477664 10.407374 0.567712 2.189668 10.389139 0.616148 2.252785 0.000000 16.740414 -2.049021 -3.209079 0.726679 -0.737502 0.000000 9.617865 1.684978 -11.003489 1.735725 3.632455 0.000001 22.037369 7.501078 -0.000000 -0.000000 0.000000 -4.569997 11.014878 -2.160841 3.346967 13.582454 10.917794 -20.968519 26.702380 22.793419 -0.000315 81.301340 0.000347 -13.303861 6.547356 -27.600950 -2.464793 -1.573991 2.681910 7.564648 7.028701 27.703720 -9.818508 -72.226675 -19.707070 -2.646275 -1.527805 1.527812 -2.645433 -31.790019 -7.915083 -1.994591 -1.151580 1.151566 0.000002 0.000000 -0.000000 -9.108296 -0.517885 2.259810 6.036400 -6.888421 82.440971 4.121022 -6.349616 65.937868 1.115593 -3.782564 32.854569 0.000001 -0.000000 0.000004 -9.532533 -0.000003 0.000003 6.036400 -6.888422 82.440971 4.121024 -6.349617 65.937861 1.115597 -3.782566 32.854573 -0.000003 -0.000000 0.000002 -9.103585 -0.043103 -1.865097 6.036397 -6.888419 82.440964 4.121025 -6.349614 65.937861 1.115594 -3.782565 32.854569 0.000003 0.000001 0.000002 -8.076714 -0.486725 -3.806296 6.036401 -6.888425 82.440971 4.121025 -6.349614 65.937861 1.115590 -3.782561 32.854600 -0.000003 0.000001 0.000002 4.570397 11.014695 -2.160816 1.255915 -0.036967 -10.819488 -32.301894 -44.535743 -48.054482 -0.000001 -79.826887 -0.000023 -0.513725 -0.339254 25.573934 2.466089 -1.576200 2.681706 18.241728 -23.305280 -17.628949 53.671620 63.248453 -40.439525 2.647887 -1.528783 1.528750 10.741897 32.760815 -5.296231 1.998917 -1.154081 1.154080 -0.000002 -0.000003 -0.000000 9.109288 -0.518006 2.259911 6.090338 6.835971 -83.384725 5.535318 6.749092 -78.694550 1.552535 4.360279 -39.183941 -0.000003 0.000005 -0.000001 9.533418 0.000004 0.000004 6.088415 6.835757 -83.368510 5.537219 6.749459 -78.710772 1.552548 4.360284 -39.183931 -0.000002 -0.000003 0.000002 9.104485 -0.043001 -1.865101 6.090336 6.835969 -83.384725 5.535323 6.749096 -78.694557 1.552540 4.360280 -39.183941 0.000002 0.000003 0.000001 8.077804 -0.486888 -3.806301 10.148458 7.303609 -83.373981 5.544910 2.664450 -78.811347 1.552531 4.360281 -39.183941 -0.000001 0.000001 -0.000000 -8.207800 -6.751692 -1.599547 -68.412165 -4.197370 -3.174168 48.483644 -1.225355 -0.142121 36.914488 3.488062 12.242808 -0.000013 0.000003 0.000000 0.000000 0.000001 0.000001 8.207797 -6.751696 -1.599550 -69.838992 -0.667626 14.493101 93.024595 9.756866 0.539383 -6.280724 2.811478 5.782459 -0.115136 -0.000002 0.000002 0.000000 0.000001 0.000000 
-0.640455 63.979195 1.469555 -18.647912 -6.368114 -7.877915 0.000000 10.181555 0.131521 5.750601 2.833189 3.481317 10.418407 0.546644 2.202178 10.400344 0.594827 2.264823 0.000000 16.740395 -2.049020 -3.216669 0.727929 -0.711084 0.000002 9.617856 1.684980 -10.953550 1.745351 3.631288 -0.000002 22.037354 7.501073 -0.000001 -0.000000 0.000001 -4.570002 11.014907 -2.160839 3.344580 13.581179 10.918073 -21.153803 26.939176 22.709428 -0.000383 81.519988 0.000406 -12.268259 6.689250 -26.963939 -2.464801 -1.574002 2.681907 7.564650 7.028700 27.703722 -9.818521 -72.226669 -19.707071 -2.646267 -1.527805 1.527827 -2.645433 -31.790019 -7.915087 -1.994586 -1.151585 1.151561 0.000004 0.000005 -0.000002 -9.108298 -0.517895 2.259792 6.036404 -6.888420 82.440971 4.121021 -6.349618 65.937868 1.115597 -3.782562 32.854573 -0.000000 -0.000001 -0.000001 -9.532491 0.000004 -0.000004 6.036402 -6.888423 82.440971 4.121019 -6.349614 65.937868 1.115598 -3.782566 32.854576 0.000001 0.000001 -0.000001 -9.103589 -0.043105 -1.865110 6.036401 -6.888420 82.440964 4.121022 -6.349612 65.937868 1.115601 -3.782560 32.854573 0.000000 -0.000000 0.000004 -8.076699 -0.486724 -3.806308 6.036405 -6.888424 82.440971 4.121025 -6.349617 65.937861 1.115588 -3.782565 32.854600 0.000001 0.000001 0.000002 4.570404 11.014706 -2.160814 1.255886 -0.043010 -10.797568 -32.135842 -44.243886 -47.809490 -0.000006 -79.917100 -0.000013 -0.980313 -0.331219 26.171448 2.466100 -1.576208 2.681690 18.241724 -23.305283 -17.628945 53.671623 63.248460 -40.439525 2.647887 -1.528791 1.528750 10.741892 32.760808 -5.296235 1.998921 -1.154084 1.154079 0.000002 0.000002 0.000001 9.109303 -0.518012 2.259895 6.090335 6.835969 -83.384725 5.535318 6.749088 -78.694550 1.552536 4.360278 -39.183945 -0.000002 -0.000000 -0.000002 9.533397 0.000004 -0.000005 6.088414 6.835752 -83.368517 5.537217 6.749457 -78.710772 1.552544 4.360280 -39.183928 0.000000 0.000000 -0.000002 9.104500 -0.043002 -1.865105 6.090335 6.835969 -83.384725 5.535319 6.749089 -78.694550 1.552535 4.360278 -39.183941 0.000000 -0.000000 -0.000000 8.077818 -0.486897 -3.806310 10.148459 7.303613 -83.373981 5.544909 2.664450 -78.811347 1.552531 4.360283 -39.183938 -0.000003 -0.000003 -0.000000 -8.207800 -6.751702 -1.599545 -68.415498 -4.175363 -3.182691 48.505350 -1.225961 -0.142646 36.914246 3.483824 12.239815 -0.000013 0.000001 0.000000 0.000000 -0.000001 0.000001 8.207801 -6.751700 -1.599545 -69.826253 -0.643104 14.482960 93.023092 9.756836 0.539464 -6.276267 2.824934 5.774350 -0.115472 0.000003 -0.000000 0.000000 -0.000001 -0.000000 
-0.642301 63.976517 1.470951 -18.651256 -6.368952 -7.846080 -0.000001 10.181548 0.131525 5.753400 2.820695 3.492498 10.426858 0.526463 2.230922 10.408854 0.574271 2.293149 -0.000000 16.740381 -2.049020 -3.209267 0.725975 -0.696219 0.000001 9.617847 1.684976 -10.931042 1.782035 3.585174 0.000001 22.037384 7.501078 0.000000 0.000000 -0.000000 -4.569997 11.014872 -2.160839 3.342726 13.560527 10.931172 -21.330597 27.213740 22.634058 -0.000338 81.856450 0.000340 -11.556272 6.447244 -26.707886 -2.464793 -1.573983 2.681906 7.564647 7.028702 27.703717 -9.818537 -72.226669 -19.707070 -2.646275 -1.527799 1.527816 -2.645433 -31.790019 -7.915082 -1.994598 -1.151601 1.151568 0.000003 -0.000000 -0.000000 -9.108298 -0.517880 2.259792 6.036398 -6.888420 82.440971 4.121020 -6.349616 65.937861 1.115594 -3.782563 32.854569 -0.000002 0.000003 0.000005 -9.532506 -0.000004 -0.000007 6.036401 -6.888421 82.440971 4.121022 -6.349611 65.937861 1.115599 -3.782560 32.854573 0.000005 -0.000001 0.000001 -9.103590 -0.043101 -1.865102 6.036398 -6.888419 82.440964 4.121021 -6.349612 65.937861 1.115598 -3.782561 32.854576 -0.000001 -0.000002 -0.000002 -8.076728 -0.486715 -3.806305 6.036397 -6.888424 82.440971 4.121026 -6.349616 65.937854 1.115588 -3.782564 32.854600 0.000001 0.000000 0.000002 4.570398 11.014703 -2.160815 1.256179 -0.046807 -10.777192 -32.020606 -43.912318 -47.648663 -0.000075 -80.035337 -0.000078 -1.526901 -0.544483 26.644360 2.466100 -1.576208 2.681707 18.241728 -23.305277 -17.628945 53.671613 63.248453 -40.439522 2.647882 -1.528764 1.528750 10.741891 32.760811 -5.296236 1.998925 -1.154100 1.154081 0.000001 0.000004 -0.000000 9.109291 -0.518008 2.259904 6.090337 6.835969 -83.384725 5.535317 6.749094 -78.694557 1.552537 4.360280 -39.183941 -0.000003 0.000001 -0.000002 9.533405 -0.000000 0.000004 6.088411 6.835749 -83.368510 5.537219 6.749460 -78.710772 1.552547 4.360283 -39.183928 0.000001 0.000004 -0.000002 9.104502 -0.043013 -1.865089 6.090337 6.835969 -83.384725 5.535319 6.749091 -78.694557 1.552535 4.360280 -39.183945 -0.000000 0.000005 -0.000002 8.077791 -0.486887 -3.806294 10.148461 7.303608 -83.373981 5.544909 2.664451 -78.811354 1.552530 4.360279 -39.183945 -0.000001 -0.000004 0.000001 -8.207801 -6.751710 -1.599539 -68.428223 -4.153691 -3.196159 48.529628 -1.226003 -0.143145 36.912115 3.479385 12.238709 -0.000014 0.000002 -0.000001 -0.000000 0.000000 -0.000000 8.207799 -6.751704 -1.599549 -69.813303 -0.617308 14.470680 93.024308 9.756788 0.539563 -6.275765 2.837127 5.766085 -0.115766 0.000009 -0.000002 -0.000000 0.000001 0.000000 
-0.646135 63.975548 1.480486 -18.650945 -6.370848 -7.812075 -0.000001 10.181552 0.131526 5.741803 2.801286 3.491968 10.405667 0.499229 2.240419 10.387807 0.546457 2.302445 -0.000001 16.740381 -2.049019 -3.145434 0.720826 -0.642496 0.000002 9.617835 1.684978 -10.979913 1.820767 3.541163 -0.000000 22.037354 7.501075 0.000002 0.000000 0.000000 -4.570000 11.014888 -2.160839 3.337613 13.568123 10.934574 -21.534128 27.389134 22.643902 -0.000361 82.196546 0.000387 -10.962530 6.218483 -26.504339 -2.464793 -1.573991 2.681904 7.564649 7.028706 27.703724 -9.818506 -72.226669 -19.707077 -2.646256 -1.527815 1.527819 -2.645430 -31.790023 -7.915080 -1.994590 -1.151602 1.151575 0.000003 -0.000003 -0.000000 -9.108298 -0.517879 2.259804 6.036405 -6.888418 82.440971 4.121023 -6.349617 65.937861 1.115592 -3.782566 32.854573 0.000002 0.000002 0.000004 -9.532506 0.000001 -0.000003 6.036402 -6.888420 82.440971 4.121023 -6.349616 65.937868 1.115597 -3.782566 32.854573 -0.000000 0.000000 0.000003 -9.103590 -0.043104 -1.865102 6.036404 -6.888418 82.440964 4.121022 -6.349613 65.937861 1.115592 -3.782563 32.854573 0.000001 -0.000000 0.000002 -8.076701 -0.486717 -3.806302 6.036406 -6.888422 82.440971 4.121025 -6.349614 65.937861 1.115591 -3.782566 32.854600 0.000002 0.000001 0.000003 4.570402 11.014688 -2.160815 1.257030 -0.046583 -10.761766 -31.780768 -43.781318 -47.363967 0.000014 -80.007736 0.000011 -1.794735 -0.853826 27.685596 2.466116 -1.576201 2.681706 18.241721 -23.305283 -17.628945 53.671616 63.248460 -40.439528 2.647884 -1.528782 1.528748 10.741891 32.760811 -5.296234 1.998925 -1.154066 1.154079 0.000002 -0.000002 -0.000004 9.109289 -0.518015 2.259902 6.090336 6.835963 -83.384725 5.535316 6.749094 -78.694557 1.552535 4.360278 -39.183935 0.000001 0.000002 0.000001 9.533434 -0.000014 -0.000001 6.088408 6.835751 -83.368510 5.537222 6.749461 -78.710779 1.552541 4.360281 -39.183928 -0.000002 0.000002 0.000002 9.104516 -0.042998 -1.865100 6.090334 6.835967 -83.384725 5.535314 6.749093 -78.694550 1.552533 4.360278 -39.183935 -0.000001 0.000001 -0.000003 8.077825 -0.486886 -3.806303 10.148456 7.303609 -83.373975 5.544914 2.664447 -78.811347 1.552532 4.360280 -39.183941 -0.000001 -0.000001 -0.000001 -8.207801 -6.751705 -1.599543 -68.454485 -4.124326 -3.216862 48.572279 -1.225510 -0.143619 36.903113 3.473625 12.241071 -0.000014 0.000003 0.000000 0.000000 0.000000 -0.000001 8.207800 -6.751708 -1.599541 -69.809642 -0.587968 14.452503 93.025551 9.756540 0.539659 -6.277589 2.844469 5.757376 -0.116052 0.000008 -0.000005 0.000000 -0.000000 0.000000 
-0.649194 63.975914 1.486794 -18.648506 -6.372385 -7.781719 0.000001 10.181555 0.131523 5.727126 2.778905 3.496043 10.380952 0.463935 2.273227 10.362951 0.510512 2.335686 -0.000000 16.740368 -2.049019 -3.136754 0.717941 -0.624971 0.000001 9.617847 1.684981 -10.912868 1.841606 3.512162 -0.000001 22.037369 7.501072 -0.000001 0.000000 0.000001 -4.569998 11.014897 -2.160841 3.337535 13.554488 10.933215 -21.737975 27.564750 22.577694 -0.000288 82.533889 0.000332 -10.350224 5.923756 -25.760979 -2.464801 -1.573991 2.681903 7.564648 7.028701 27.703720 -9.818514 -72.226675 -19.707088 -2.646269 -1.527819 1.527818 -2.645433 -31.790023 -7.915083 -1.994571 -1.151587 1.151566 0.000001 0.000000 -0.000002 -9.108298 -0.517880 2.259794 6.036402 -6.888420 82.440971 4.121024 -6.349620 65.937868 1.115598 -3.782564 32.854573 -0.000003 0.000002 0.000001 -9.532488 -0.000002 -0.000008 6.036399 -6.888421 82.440971 4.121022 -6.349616 65.937861 1.115597 -3.782560 32.854576 -0.000000 0.000001 0.000001 -9.103589 -0.043104 -1.865109 6.036402 -6.888420 82.440964 4.121018 -6.349615 65.937868 1.115599 -3.782562 32.854573 0.000004 0.000001 0.000002 -8.076704 -0.486717 -3.806307 6.036406 -6.888423 82.440971 4.121030 -6.349622 65.937861 1.115590 -3.782561 32.854596 -0.000002 0.000001 0.000000 4.570400 11.014708 -2.160815 1.258696 -0.040421 -10.746706 -31.711008 -43.537033 -47.290874 0.000024 -80.053137 0.000016 -1.885765 -0.695074 28.486048 2.466100 -1.576204 2.681697 18.241726 -23.305278 -17.628945 53.671606 63.248453 -40.439515 2.647886 -1.528764 1.528750 10.741893 32.760811 -5.296230 1.998922 -1.154063 1.154087 0.000002 0.000003 -0.000002 9.109303 -0.518016 2.259902 6.090335 6.835968 -83.384725 5.535321 6.749096 -78.694550 1.552529 4.360280 -39.183941 -0.000001 -0.000001 0.000002 9.533419 -0.000000 -0.000004 6.088414 6.835751 -83.368510 5.537221 6.749464 -78.710779 1.552541 4.360280 -39.183931 -0.000001 -0.000001 0.000000 9.104502 -0.042997 -1.865104 6.090338 6.835969 -83.384725 5.535316 6.749093 -78.694550 1.552533 4.360281 -39.183941 -0.000002 -0.000001 -0.000001 8.077806 -0.486896 -3.806304 10.148458 7.303609 -83.373975 5.544914 2.664448 -78.811347 1.552530 4.360283 -39.183941 0.000000 -0.000000 0.000002 -8.207802 -6.751707 -1.599552 -68.476417 -4.095523 -3.232919 48.603780 -1.224337 -0.144061 36.898089 3.471117 12.248933 -0.000013 0.000001 0.000001 -0.000000 0.000001 -0.000003 8.207800 -6.751703 -1.599554 -69.807245 -0.560016 14.437280 93.022969 9.756160 0.539768 -6.279354 2.849461 5.754883 -0.116338 0.000013 -0.000002 -0.000000 -0.000001 0.000000 
-0.651113 63.979454 1.486143 -18.645484 -6.371354 -7.752701 0.000001 10.181543 0.131525 5.705206 2.766350 3.514113 10.353228 0.457670 2.304113 10.336168 0.502909 2.362281 -0.000000 16.740366 -2.049021 -3.134923 0.715734 -0.577176 -0.000000 9.617846 1.684977 -10.936986 1.895961 3.442662 0.000000 22.037384 7.501078 -0.000000 0.000000 -0.000000 -4.569997 11.014862 -2.160840 3.335782 13.548213 10.933637 -21.830751 27.737185 22.494473 -0.000371 82.768376 0.000421 -9.735852 5.909507 -25.984594 -2.464793 -1.573995 2.681907 7.564646 7.028706 27.703722 -9.818516 -72.226675 -19.707059 -2.646260 -1.527827 1.527812 -2.645431 -31.790023 -7.915087 -1.994578 -1.151586 1.151572 0.000004 -0.000002 -0.000002 -9.108316 -0.517881 2.259797 6.036403 -6.888417 82.440971 4.121022 -6.349609 65.937868 1.115595 -3.782564 32.854569 -0.000002 -0.000002 -0.000001 -9.532491 0.000006 -0.000002 6.036398 -6.888420 82.440971 4.121022 -6.349610 65.937868 1.115598 -3.782566 32.854569 -0.000002 0.000000 0.000003 -9.103588 -0.043100 -1.865101 6.036403 -6.888417 82.440964 4.121019 -6.349615 65.937868 1.115596 -3.782562 32.854569 -0.000001 0.000005 0.000002 -8.076715 -0.486713 -3.806300 6.036405 -6.888422 82.440971 4.121027 -6.349616 65.937861 1.115586 -3.782565 32.854600 -0.000002 0.000002 0.000002 4.570400 11.014695 -2.160816 1.258650 -0.041058 -10.716425 -31.863416 -43.061549 -47.374161 -0.000021 -80.344567 -0.000009 -2.721749 -0.788072 27.483004 2.466108 -1.576203 2.681703 18.241724 -23.305282 -17.628949 53.671613 63.248460 -40.439528 2.647884 -1.528769 1.528752 10.741894 32.760808 -5.296229 1.998925 -1.154085 1.154081 0.000001 -0.000002 -0.000004 9.109318 -0.518016 2.259906 6.090335 6.835967 -83.384725 5.535318 6.749089 -78.694550 1.552536 4.360279 -39.183941 -0.000004 0.000002 -0.000002 9.533417 -0.000002 -0.000000 6.088411 6.835753 -83.368517 5.537224 6.749458 -78.710772 1.552541 4.360282 -39.183928 -0.000002 0.000002 -0.000002 9.104498 -0.043001 -1.865095 6.090340 6.835968 -83.384725 5.535318 6.749093 -78.694557 1.552540 4.360279 -39.183941 -0.000000 0.000007 -0.000001 8.077819 -0.486897 -3.806301 10.148459 7.303612 -83.373981 5.544911 2.664445 -78.811354 1.552531 4.360285 -39.183945 -0.000001 0.000005 0.000002 -8.207800 -6.751709 -1.599549 -68.488691 -4.070561 -3.248403 48.611594 -1.222435 -0.144469 36.906569 3.469092 12.250558 -0.000015 0.000002 0.000001 0.000000 -0.000001 -0.000001 8.207799 -6.751706 -1.599549 -69.803222 -0.530234 14.422902 93.012198 9.755803 0.539887 -6.279645 2.852222 5.754881 -0.116603 0.000008 -0.000003 0.000000 0.000001 -0.000000 
-0.650407 63.982178 1.483282 -18.634235 -6.363854 -7.726774 -0.000001 10.181549 0.131520 5.682383 2.750331 3.535041 10.321393 0.434730 2.336360 10.305097 0.478865 2.391174 -0.000000 16.740366 -2.049018 -3.140084 0.714892 -0.534572 0.000001 9.617851 1.684976 -10.963158 1.966395 3.391766 -0.000000 22.037384 7.501071 -0.000001 0.000000 0.000000 -4.570002 11.014871 -2.160840 3.330924 13.553952 10.938648 -21.906442 27.736471 22.440971 -0.000384 82.871197 0.000398 -9.484435 5.892255 -25.716840 -2.464786 -1.573976 2.681905 7.564647 7.028706 27.703715 -9.818522 -72.226669 -19.707075 -2.646269 -1.527802 1.527815 -2.645426 -31.790023 -7.915085 -1.994580 -1.151603 1.151579 -0.000002 -0.000000 0.000002 -9.108301 -0.517859 2.259798 6.036402 -6.888417 82.440971 4.121024 -6.349617 65.937861 1.115595 -3.782560 32.854573 -0.000004 0.000000 0.000001 -9.532491 0.000019 -0.000008 6.036400 -6.888420 82.440971 4.121024 -6.349619 65.937868 1.115596 -3.782561 32.854569 -0.000000 0.000003 -0.000002 -9.103590 -0.043101 -1.865098 6.036403 -6.888417 82.440964 4.121026 -6.349620 65.937868 1.115599 -3.782561 32.854569 0.000001 0.000001 0.000003 -8.076720 -0.486710 -3.806300 6.036403 -6.888420 82.440971 4.121025 -6.349615 65.937861 1.115589 -3.782565 32.854596 0.000004 0.000002 0.000004 4.570400 11.014685 -2.160816 1.258304 -0.040424 -10.670433 -32.073493 -42.816919 -47.594469 -0.000062 -80.318387 -0.000080 -2.604307 -0.971988 27.177604 2.466108 -1.576208 2.681703 18.241723 -23.305278 -17.628944 53.671616 63.248453 -40.439525 2.647891 -1.528768 1.528746 10.741890 32.760811 -5.296234 1.998925 -1.154067 1.154081 0.000000 0.000003 -0.000004 9.109291 -0.517998 2.259896 6.090335 6.835971 -83.384725 5.535319 6.749085 -78.694550 1.552534 4.360279 -39.183941 -0.000000 0.000003 -0.000002 9.533416 -0.000002 0.000005 6.088415 6.835750 -83.368517 5.537219 6.749461 -78.710772 1.552541 4.360282 -39.183931 0.000003 0.000005 -0.000002 9.104500 -0.043006 -1.865096 6.090333 6.835969 -83.384725 5.535318 6.749088 -78.694550 1.552533 4.360279 -39.183938 -0.000002 -0.000003 -0.000002 8.077803 -0.486888 -3.806305 10.148455 7.303614 -83.373981 5.544914 2.664448 -78.811354 1.552528 4.360283 -39.183935 -0.000002 0.000005 -0.000001 -8.207802 -6.751705 -1.599554 -68.503150 -4.049194 -3.266516 48.610132 -1.219886 -0.144840 36.917210 3.467664 12.254299 -0.000013 0.000002 0.000000 0.000000 0.000001 -0.000000 8.207800 -6.751701 -1.599545 -69.810428 -0.505668 14.402299 93.001577 9.755473 0.540023 -6.270598 2.859707 5.757871 -0.116835 0.000000 0.000001 -0.000000 0.000000 0.000000 
-0.645469 63.986740 1.479969 -18.597977 -6.347527 -7.695546 -0.000000 10.181552 0.131527 5.657611 2.729687 3.562268 10.281678 0.391288 2.380694 10.265671 0.434828 2.434112 -0.000000 16.740381 -2.049019 -3.149469 0.716927 -0.498205 0.000000 9.617854 1.684980 -10.997606 2.053550 3.340659 0.000001 22.037369 7.501070 -0.000000 0.000000 -0.000000 -4.570000 11.014849 -2.160838 3.330769 13.555613 10.927527 -21.838630 27.734791 22.423147 -0.000509 82.998417 0.000533 -9.887931 5.652023 -26.050698 -2.464793 -1.573991 2.681909 7.564648 7.028706 27.703722 -9.818512 -72.226669 -19.707080 -2.646267 -1.527830 1.527804 -2.645433 -31.790019 -7.915084 -1.994580 -1.151582 1.151560 -0.000001 -0.000000 0.000002 -9.108281 -0.517891 2.259802 6.036403 -6.888424 82.440971 4.121022 -6.349614 65.937861 1.115596 -3.782560 32.854576 -0.000001 -0.000000 0.000002 -9.532487 0.000010 -0.000003 6.036402 -6.888422 82.440971 4.121022 -6.349612 65.937861 1.115598 -3.782562 32.854573 -0.000001 0.000000 0.000001 -9.103586 -0.043116 -1.865104 6.036401 -6.888423 82.440964 4.121020 -6.349612 65.937861 1.115597 -3.782563 32.854573 0.000000 0.000005 0.000003 -8.076699 -0.486713 -3.806302 6.036404 -6.888426 82.440971 4.121026 -6.349622 65.937861 1.115591 -3.782563 32.854590 0.000002 0.000000 0.000002 4.570402 11.014668 -2.160814 1.255926 -0.047775 -10.629731 -32.129206 -42.813166 -47.693114 0.000065 -80.317444 0.000047 -2.516984 -0.755380 27.206699 2.466100 -1.576208 2.681712 18.241724 -23.305278 -17.628945 53.671616 63.248460 -40.439518 2.647897 -1.528765 1.528758 10.741891 32.760811 -5.296236 1.998921 -1.154084 1.154078 -0.000001 0.000004 0.000001 9.109302 -0.518004 2.259908 6.090334 6.835969 -83.384732 5.535316 6.749096 -78.694550 1.552535 4.360280 -39.183941 -0.000003 0.000002 -0.000000 9.533403 -0.000014 0.000007 6.088411 6.835753 -83.368510 5.537225 6.749462 -78.710779 1.552546 4.360280 -39.183928 -0.000001 -0.000002 -0.000001 9.104501 -0.042994 -1.865099 6.090336 6.835965 -83.384725 5.535316 6.749087 -78.694550 1.552534 4.360278 -39.183941 0.000002 0.000001 0.000000 8.077819 -0.486896 -3.806293 10.148454 7.303608 -83.373981 5.544911 2.664448 -78.811354 1.552534 4.360285 -39.183945 -0.000002 0.000006 0.000002 -8.207802 -6.751706 -1.599536 -68.537000 -4.031433 -3.301068 48.604774 -1.216763 -0.145180 36.932452 3.466816 12.259694 -0.000016 0.000002 0.000000 -0.000000 0.000000 -0.000000 8.207800 -6.751701 -1.599547 -69.836143 -0.481173 14.360126 92.983736 9.754759 0.540125 -6.267583 2.878041 5.763641 -0.117074 0.000015 0.000003 0.000000 0.000001 0.000000 
-0.638387 63.995590 1.479624 -18.502909 -6.314648 -7.639005 -0.000001 10.181543 0.131522 5.628092 2.718170 3.602361 10.232341 0.363623 2.437623 10.217161 0.406033 2.487099 -0.000000 16.740376 -2.049020 -3.201984 0.725816 -0.496315 0.000001 9.617849 1.684977 -11.162226 2.105964 3.297099 0.000000 22.037369 7.501075 -0.000000 -0.000000 0.000000 -4.569996 11.014899 -2.160839 3.330199 13.532026 10.941399 -21.693652 27.771064 22.331968 -0.000406 83.064396 0.000457 -10.136397 6.259203 -26.952999 -2.464793 -1.573983 2.681901 7.564649 7.028702 27.703720 -9.818514 -72.226669 -19.707070 -2.646264 -1.527804 1.527805 -2.645437 -31.790016 -7.915079 -1.994579 -1.151590 1.151566 0.000003 0.000001 0.000001 -9.108300 -0.517895 2.259796 6.036401 -6.888420 82.440971 4.121022 -6.349615 65.937861 1.115598 -3.782561 32.854573 0.000003 -0.000001 0.000001 -9.532491 0.000008 -0.000006 6.036399 -6.888422 82.440971 4.121020 -6.349614 65.937868 1.115599 -3.782562 32.854573 0.000001 0.000000 0.000001 -9.103588 -0.043112 -1.865110 6.036402 -6.888420 82.440964 4.121019 -6.349617 65.937868 1.115596 -3.782566 32.854573 0.000003 0.000003 0.000002 -8.076704 -0.486713 -3.806308 6.036402 -6.888424 82.440971 4.121027 -6.349620 65.937861 1.115591 -3.782562 32.854600 0.000002 0.000004 0.000005 4.570401 11.014686 -2.160815 1.253725 -0.051307 -10.610102 -32.144803 -42.792576 -47.775800 -0.000078 -80.398717 -0.000081 -2.563786 -0.802200 27.057829 2.466112 -1.576203 2.681701 18.241724 -23.305280 -17.628944 53.671620 63.248453 -40.439525 2.647891 -1.528728 1.528752 10.741892 32.760811 -5.296233 1.998917 -1.154081 1.154086 0.000002 0.000003 -0.000000 9.109303 -0.518004 2.259896 6.090337 6.835968 -83.384725 5.535316 6.749092 -78.694550 1.552534 4.360280 -39.183935 -0.000001 -0.000000 0.000000 9.533419 0.000009 -0.000006 6.088415 6.835753 -83.368510 5.537221 6.749457 -78.710779 1.552546 4.360284 -39.183931 -0.000003 -0.000003 -0.000001 9.104515 -0.042992 -1.865104 6.090337 6.835968 -83.384725 5.535319 6.749091 -78.694557 1.552535 4.360281 -39.183938 0.000001 0.000003 -0.000002 8.077806 -0.486894 -3.806304 10.148458 7.303613 -83.373975 5.544912 2.664448 -78.811347 1.552529 4.360284 -39.183941 -0.000004 0.000002 0.000001 -8.207801 -6.751712 -1.599534 -68.625930 -4.006028 -3.368815 48.595334 -1.213103 -0.145481 36.945897 3.466509 12.268475 -0.000010 0.000002 -0.000001 -0.000000 -0.000000 0.000000 8.207798 -6.751706 -1.599548 -69.911890 -0.452176 14.275833 92.951682 9.753980 0.540224 -6.250581 2.902861 5.766149 -0.117283 -0.000011 0.000003 0.000000 -0.000001 -0.000000 
-0.630714 64.003304 1.475714 -18.421541 -6.290196 -7.588233 -0.000001 10.181556 0.131527 5.602493 2.700176 3.631146 10.188964 0.317665 2.480009 10.174212 0.359533 2.527683 0.000001 16.740376 -2.049021 -3.315341 0.731902 -0.474730 0.000001 9.617841 1.684978 -11.175016 2.167792 3.293250 -0.000000 22.037354 7.501076 -0.000001 0.000000 -0.000000 -4.569999 11.014882 -2.160843 3.327714 13.515131 10.950140 -21.672644 27.767898 22.406111 -0.000420 83.205337 0.000446 -10.438524 6.277094 -27.610712 -2.464801 -1.573998 2.681914 7.564650 7.028701 27.703717 -9.818532 -72.226669 -19.707068 -2.646260 -1.527815 1.527814 -2.645432 -31.790019 -7.915082 -1.994591 -1.151596 1.151574 0.000005 0.000003 0.000003 -9.108284 -0.517882 2.259803 6.036403 -6.888419 82.440971 4.121021 -6.349616 65.937868 1.115597 -3.782562 32.854573 0.000001 0.000002 0.000002 -9.532492 0.000000 -0.000002 6.036399 -6.888419 82.440971 4.121023 -6.349619 65.937861 1.115592 -3.782561 32.854566 -0.000001 0.000002 -0.000000 -9.103590 -0.043104 -1.865100 6.036403 -6.888417 82.440957 4.121022 -6.349612 65.937868 1.115594 -3.782562 32.854573 -0.000001 -0.000000 -0.000001 -8.076686 -0.486715 -3.806300 6.036405 -6.888424 82.440971 4.121023 -6.349617 65.937861 1.115584 -3.782564 32.854600 -0.000002 0.000002 -0.000001 4.570402 11.014686 -2.160816 1.254139 -0.037180 -10.608724 -32.084752 -42.866247 -47.763810 -0.000063 -80.475106 -0.000055 -2.423296 -0.588621 27.316918 2.466109 -1.576208 2.681699 18.241723 -23.305288 -17.628945 53.671613 63.248453 -40.439525 2.647874 -1.528780 1.528750 10.741892 32.760815 -5.296229 1.998910 -1.154067 1.154080 0.000000 0.000000 -0.000000 9.109295 -0.518008 2.259908 6.090331 6.835967 -83.384725 5.535313 6.749096 -78.694557 1.552533 4.360278 -39.183941 -0.000000 -0.000002 -0.000000 9.533422 -0.000004 0.000002 6.088412 6.835749 -83.368510 5.537220 6.749461 -78.710772 1.552540 4.360283 -39.183928 0.000000 -0.000007 -0.000000 9.104504 -0.042994 -1.865101 6.090334 6.835965 -83.384725 5.535313 6.749094 -78.694550 1.552535 4.360276 -39.183938 -0.000002 -0.000003 -0.000001 8.077808 -0.486894 -3.806309 10.148458 7.303611 -83.373975 5.544911 2.664451 -78.811347 1.552531 4.360284 -39.183938 0.000001 0.000003 0.000001 -8.207801 -6.751698 -1.599543 -68.700392 -3.980947 -3.425618 48.578583 -1.206277 -0.145722 36.961282 3.466668 12.284998 -0.000014 -0.000000 -0.000001 0.000000 0.000000 -0.000001 8.207798 -6.751703 -1.599541 -69.977535 -0.424551 14.203152 92.918686 9.753526 0.540351 -6.227210 2.927682 5.766554 -0.117481 -0.000002 -0.000001 0.000000 -0.000000 0.000000 
-0.626039 64.007370 1.469095 -18.365197 -6.275897 -7.545109 0.000000 10.181549 0.131523 5.568605 2.684606 3.666095 10.128416 0.277160 2.533243 10.113945 0.318227 2.579425 0.000000 16.740379 -2.049021 -3.403463 0.718166 -0.475273 0.000002 9.617831 1.684978 -11.162459 2.132390 3.173514 -0.000000 22.037354 7.501077 -0.000000 0.000000 -0.000000 -4.569999 11.014891 -2.160841 3.323680 13.496494 10.960133 -21.672766 27.731186 22.497584 -0.000577 83.215043 0.000599 -10.428662 6.259528 -27.468473 -2.464801 -1.574006 2.681916 7.564645 7.028709 27.703720 -9.818515 -72.226669 -19.707066 -2.646254 -1.527826 1.527817 -2.645435 -31.790023 -7.915086 -1.994584 -1.151589 1.151567 0.000003 -0.000007 0.000000 -9.108317 -0.517902 2.259809 6.036402 -6.888415 82.440971 4.121021 -6.349611 65.937861 1.115595 -3.782561 32.854569 -0.000000 -0.000001 0.000000 -9.532507 -0.000003 0.000000 6.036403 -6.888418 82.440971 4.121024 -6.349614 65.937861 1.115593 -3.782562 32.854569 0.000001 0.000000 0.000000 -9.103591 -0.043116 -1.865092 6.036403 -6.888415 82.440957 4.121018 -6.349616 65.937868 1.115598 -3.782566 32.854573 0.000002 0.000002 0.000003 -8.076704 -0.486733 -3.806299 6.036401 -6.888418 82.440971 4.121020 -6.349614 65.937854 1.115588 -3.782564 32.854596 0.000001 0.000002 -0.000000 4.570400 11.014699 -2.160815 1.252937 -0.020261 -10.623390 -31.968680 -42.889094 -47.746943 -0.000074 -80.534870 -0.000056 -2.385924 -0.458897 27.061867 2.466097 -1.576191 2.681705 18.241724 -23.305283 -17.628947 53.671613 63.248453 -40.439522 2.647887 -1.528769 1.528756 10.741892 32.760811 -5.296231 1.998933 -1.154078 1.154082 0.000001 0.000003 -0.000004 9.109272 -0.517989 2.259905 6.090335 6.835966 -83.384725 5.535315 6.749090 -78.694557 1.552532 4.360278 -39.183941 -0.000002 -0.000000 -0.000000 9.533388 0.000009 -0.000001 6.088410 6.835751 -83.368510 5.537220 6.749463 -78.710772 1.552540 4.360279 -39.183928 -0.000001 0.000000 -0.000001 9.104498 -0.042987 -1.865099 6.090332 6.835969 -83.384725 5.535316 6.749092 -78.694557 1.552534 4.360279 -39.183941 0.000000 0.000001 -0.000001 8.077790 -0.486894 -3.806307 10.148457 7.303608 -83.373981 5.544909 2.664451 -78.811347 1.552528 4.360285 -39.183941 -0.000004 0.000001 0.000001 -8.207800 -6.751715 -1.599538 -68.755150 -3.953948 -3.465131 48.565794 -1.203106 -0.145983 36.972842 3.467156 12.306193 -0.000016 0.000002 0.000001 0.000000 0.000001 0.000000 8.207800 -6.751707 -1.599553 -70.024711 -0.398855 14.150780 92.890860 9.753220 0.540483 -6.201810 2.946217 5.765997 -0.117645 0.000006 0.000002 0.000000 -0.000000 -0.000000 
-0.627984 64.008759 1.458464 -18.348152 -6.288572 -7.524074 0.000000 10.181550 0.131525 5.554580 2.669477 3.699225 10.111388 0.241204 2.590028 10.096986 0.281753 2.635540 0.000000 16.740358 -2.049020 -3.512687 0.727438 -0.510579 0.000000 9.617846 1.684980 -11.424249 2.130457 3.178420 -0.000002 22.037369 7.501073 -0.000001 0.000000 0.000000 -4.569998 11.014866 -2.160841 3.320758 13.482148 10.967240 -21.628841 27.813369 22.456742 -0.000432 83.143606 0.000464 -10.363642 6.281869 -27.591273 -2.464793 -1.573991 2.681906 7.564651 7.028702 27.703725 -9.818522 -72.226669 -19.707087 -2.646264 -1.527829 1.527822 -2.645429 -31.790023 -7.915080 -1.994579 -1.151589 1.151574 -0.000001 -0.000001 0.000001 -9.108298 -0.517884 2.259802 6.036395 -6.888420 82.440971 4.121019 -6.349614 65.937861 1.115600 -3.782564 32.854576 -0.000001 -0.000001 -0.000000 -9.532503 0.000008 -0.000007 6.036398 -6.888420 82.440971 4.121022 -6.349618 65.937868 1.115597 -3.782565 32.854573 -0.000000 0.000002 0.000001 -9.103603 -0.043096 -1.865105 6.036395 -6.888417 82.440964 4.121021 -6.349615 65.937868 1.115596 -3.782562 32.854573 0.000002 0.000004 0.000002 -8.076701 -0.486718 -3.806306 6.036397 -6.888423 82.440971 4.121027 -6.349616 65.937861 1.115588 -3.782562 32.854600 -0.000001 0.000002 0.000001 4.570403 11.014684 -2.160816 1.252714 -0.011061 -10.671623 -31.907198 -42.892587 -47.701635 -0.000059 -80.639030 -0.000093 -2.352805 -0.061004 27.095079 2.466108 -1.576201 2.681703 18.241724 -23.305285 -17.628945 53.671616 63.248460 -40.439511 2.647887 -1.528766 1.528754 10.741893 32.760811 -5.296231 1.998932 -1.154070 1.154078 0.000001 0.000006 -0.000000 9.109303 -0.518015 2.259896 6.090341 6.835966 -83.384725 5.535314 6.749090 -78.694550 1.552534 4.360278 -39.183941 -0.000004 -0.000001 -0.000002 9.533406 0.000006 0.000001 6.088416 6.835750 -83.368510 5.537221 6.749461 -78.710772 1.552540 4.360282 -39.183928 0.000001 0.000000 0.000002 9.104486 -0.043001 -1.865103 6.090342 6.835970 -83.384725 5.535318 6.749093 -78.694550 1.552537 4.360280 -39.183945 0.000001 -0.000002 -0.000000 8.077806 -0.486895 -3.806301 10.148459 7.303613 -83.373981 5.544911 2.664448 -78.811347 1.552531 4.360284 -39.183941 -0.000002 -0.000003 -0.000001 -8.207801 -6.751705 -1.599546 -68.768981 -3.934010 -3.463086 48.541232 -1.201452 -0.146237 36.996215 3.467684 12.320683 -0.000014 0.000002 0.000001 0.000000 0.000000 -0.000001 8.207802 -6.751703 -1.599542 -70.040359 -0.379570 14.149380 92.870813 9.753410 0.540638 -6.182560 2.951901 5.765306 -0.117590 0.000012 0.000006 -0.000000 0.000000 0.000000 
-0.634817 64.009827 1.446119 -18.365518 -6.297813 -7.514561 0.000000 10.181560 0.131525 5.557114 2.645484 3.739649 10.122244 0.189448 2.663558 10.107801 0.229581 2.708886 0.000000 16.740368 -2.049022 -3.609975 0.755147 -0.592688 -0.000001 9.617834 1.684981 -11.764076 2.161357 3.173408 0.000002 22.037369 7.501072 0.000001 0.000000 0.000000 -4.569999 11.014877 -2.160841 3.320866 13.478914 10.966246 -21.419883 28.084985 22.103520 -0.000385 82.985699 0.000439 -10.396572 6.336389 -27.859003 -2.464793 -1.573990 2.681907 7.564652 7.028705 27.703720 -9.818527 -72.226669 -19.707073 -2.646277 -1.527828 1.527812 -2.645434 -31.790023 -7.915086 -1.994587 -1.151600 1.151566 0.000001 -0.000005 0.000001 -9.108300 -0.517895 2.259802 6.036399 -6.888421 82.440971 4.121017 -6.349616 65.937868 1.115599 -3.782563 32.854576 -0.000003 0.000003 -0.000001 -9.532506 -0.000003 0.000000 6.036403 -6.888423 82.440971 4.121016 -6.349613 65.937868 1.115595 -3.782561 32.854573 0.000001 0.000002 0.000000 -9.103603 -0.043109 -1.865101 6.036397 -6.888419 82.440964 4.121021 -6.349609 65.937861 1.115599 -3.782560 32.854573 0.000002 0.000002 0.000001 -8.076699 -0.486718 -3.806296 6.036401 -6.888423 82.440971 4.121025 -6.349618 65.937861 1.115591 -3.782558 32.854596 -0.000000 0.000003 -0.000000 4.570400 11.014684 -2.160817 1.254532 0.007748 -10.767296 -31.842950 -42.909813 -47.609540 0.000110 -80.692388 0.000049 -2.318687 0.007078 27.290617 2.466100 -1.576208 2.681697 18.241728 -23.305280 -17.628947 53.671613 63.248453 -40.439528 2.647882 -1.528761 1.528752 10.741893 32.760808 -5.296232 1.998917 -1.154065 1.154079 -0.000000 -0.000005 -0.000000 9.109287 -0.518002 2.259892 6.090337 6.835970 -83.384725 5.535315 6.749090 -78.694550 1.552537 4.360280 -39.183941 0.000001 0.000002 -0.000001 9.533388 -0.000000 -0.000003 6.088414 6.835751 -83.368510 5.537221 6.749460 -78.710779 1.552548 4.360282 -39.183928 -0.000002 -0.000001 -0.000000 9.104483 -0.043005 -1.865109 6.090334 6.835970 -83.384725 5.535318 6.749088 -78.694557 1.552537 4.360280 -39.183941 0.000002 -0.000001 -0.000001 8.077789 -0.486881 -3.806301 10.148462 7.303610 -83.373981 5.544909 2.664448 -78.811347 1.552534 4.360281 -39.183945 -0.000001 -0.000004 0.000002 -8.207799 -6.751704 -1.599540 -68.750423 -3.926964 -3.454286 48.523658 -1.200664 -0.146480 37.010097 3.468463 12.340950 -0.000013 0.000002 0.000001 -0.000000 0.000000 0.000000 8.207800 -6.751702 -1.599540 -70.025340 -0.368559 14.161217 92.855670 9.753760 0.540805 -6.154015 2.953679 5.764165 -0.117374 -0.000007 0.000002 0.000000 0.000000 0.000000 
-0.641454 64.009300 1.434738 -18.380101 -6.313138 -7.502354 -0.000000 10.181553 0.131527 5.563267 2.625661 3.773261 10.137580 0.153310 2.721231 10.123680 0.192785 2.764408 -0.000000 16.740366 -2.049023 -3.761194 0.811876 -0.635468 -0.000000 9.617821 1.684977 -11.819049 2.412636 3.090535 -0.000000 22.037369 7.501073 0.000001 -0.000000 0.000000 -4.570000 11.014877 -2.160841 3.319626 13.477491 10.963352 -21.179677 28.288716 21.816382 -0.000453 83.093418 0.000466 -10.844314 5.795807 -28.309756 -2.464801 -1.573998 2.681910 7.564649 7.028701 27.703720 -9.818519 -72.226669 -19.707078 -2.646264 -1.527800 1.527815 -2.645435 -31.790016 -7.915078 -1.994587 -1.151588 1.151558 0.000001 -0.000001 0.000001 -9.108300 -0.517895 2.259808 6.036399 -6.888423 82.440971 4.121026 -6.349615 65.937861 1.115595 -3.782566 32.854569 -0.000003 0.000000 0.000004 -9.532506 0.000004 0.000002 6.036398 -6.888421 82.440971 4.121023 -6.349616 65.937868 1.115593 -3.782567 32.854573 -0.000001 0.000001 0.000003 -9.103589 -0.043108 -1.865104 6.036400 -6.888420 82.440964 4.121022 -6.349613 65.937861 1.115598 -3.782565 32.854573 0.000000 -0.000000 0.000001 -8.076701 -0.486723 -3.806303 6.036404 -6.888424 82.440971 4.121026 -6.349614 65.937854 1.115591 -3.782564 32.854600 -0.000006 0.000002 0.000004 4.570401 11.014692 -2.160816 1.257419 0.044182 -10.882744 -31.850606 -42.839752 -47.582468 -0.000006 -80.770368 0.000001 -2.139190 0.054932 26.766811 2.466093 -1.576208 2.681703 18.241728 -23.305282 -17.628945 53.671603 63.248453 -40.439532 2.647889 -1.528766 1.528758 10.741890 32.760811 -5.296232 1.998925 -1.154072 1.154088 0.000002 0.000004 -0.000000 9.109292 -0.518019 2.259901 6.090339 6.835967 -83.384725 5.535318 6.749092 -78.694550 1.552536 4.360279 -39.183941 -0.000001 0.000004 -0.000001 9.533420 -0.000002 -0.000000 6.088415 6.835748 -83.368510 5.537223 6.749459 -78.710779 1.552541 4.360280 -39.183928 -0.000003 0.000000 0.000001 9.104487 -0.043002 -1.865100 6.090335 6.835968 -83.384725 5.535312 6.749095 -78.694550 1.552538 4.360282 -39.183941 -0.000002 -0.000001 -0.000002 8.077806 -0.486880 -3.806297 10.148460 7.303609 -83.373981 5.544908 2.664449 -78.811347 1.552530 4.360283 -39.183945 -0.000002 0.000004 -0.000003 -8.207800 -6.751705 -1.599540 -68.739932 -3.926127 -3.448699 48.512272 -1.200575 -0.146699 37.018608 3.469419 12.363979 -0.000011 0.000001 0.000001 -0.000000 0.000001 0.000001 8.207800 -6.751700 -1.599561 -70.013271 -0.354631 14.173824 92.842475 9.754013 0.540947 -6.131603 2.952804 5.763084 -0.116959 0.000003 -0.000004 0.000000 0.000001 0.000000 
-0.644561 64.009346 1.421564 -18.404553 -6.326128 -7.507116 0.000001 10.181548 0.131525 5.568671 2.615083 3.802795 10.149763 0.129097 2.763550 10.136179 0.168229 2.805410 0.000001 16.740374 -2.049020 -3.850237 0.830762 -0.659591 0.000000 9.617855 1.684978 -12.152417 2.498530 2.996749 -0.000000 22.037369 7.501076 -0.000000 -0.000000 0.000000 -4.569998 11.014875 -2.160841 3.317473 13.477476 10.960208 -21.025002 28.369399 21.624364 -0.000493 82.960796 0.000501 -10.766277 6.172808 -28.084671 -2.464793 -1.573983 2.681909 7.564646 7.028707 27.703717 -9.818523 -72.226675 -19.707068 -2.646264 -1.527804 1.527813 -2.645430 -31.790023 -7.915084 -1.994577 -1.151584 1.151570 0.000001 0.000000 -0.000006 -9.108320 -0.517889 2.259801 6.036400 -6.888418 82.440964 4.121022 -6.349613 65.937861 1.115596 -3.782563 32.854573 0.000001 -0.000001 -0.000000 -9.532495 -0.000004 0.000001 6.036397 -6.888418 82.440964 4.121024 -6.349620 65.937861 1.115594 -3.782563 32.854569 -0.000004 0.000003 0.000002 -9.103594 -0.043105 -1.865095 6.036400 -6.888418 82.440957 4.121023 -6.349617 65.937868 1.115595 -3.782561 32.854566 0.000001 0.000005 0.000003 -8.076720 -0.486725 -3.806299 6.036400 -6.888420 82.440971 4.121026 -6.349616 65.937861 1.115593 -3.782567 32.854593 -0.000000 0.000003 0.000006 4.570400 11.014686 -2.160816 1.257025 0.060467 -10.962262 -31.841782 -42.799226 -47.564648 0.000021 -80.854454 0.000001 -2.160926 0.109070 26.410175 2.466104 -1.576208 2.681710 18.241724 -23.305283 -17.628940 53.671609 63.248453 -40.439522 2.647895 -1.528752 1.528752 10.741892 32.760808 -5.296234 1.998921 -1.154086 1.154079 0.000000 0.000003 -0.000002 9.109288 -0.518004 2.259912 6.090335 6.835967 -83.384725 5.535315 6.749096 -78.694557 1.552539 4.360279 -39.183941 -0.000002 0.000003 0.000001 9.533419 -0.000004 0.000008 6.088411 6.835749 -83.368510 5.537221 6.749465 -78.710779 1.552541 4.360281 -39.183928 -0.000001 -0.000001 0.000001 9.104486 -0.042994 -1.865092 6.090335 6.835969 -83.384725 5.535322 6.749095 -78.694557 1.552537 4.360280 -39.183935 -0.000002 -0.000002 -0.000002 8.077806 -0.486899 -3.806295 10.148457 7.303608 -83.373975 5.544911 2.664452 -78.811354 1.552534 4.360284 -39.183941 -0.000000 0.000001 0.000000 -8.207799 -6.751702 -1.599545 -68.715241 -3.929165 -3.439752 48.495617 -1.200792 -0.146859 37.033040 3.470067 12.366961 -0.000014 0.000004 -0.000002 0.000000 0.000001 -0.000001 8.207801 -6.751703 -1.599551 -69.990192 -0.353760 14.185079 92.830918 9.754261 0.541076 -6.117030 2.950714 5.762640 -0.116373 0.000010 0.000003 0.000000 0.000001 0.000000 
-0.645285 64.010963 1.411190 -18.442708 -6.328917 -7.517158 -0.000000 10.181546 0.131524 5.569622 2.608840 3.827594 10.150936 0.113709 2.790326 10.137714 0.152475 2.830459 0.000000 16.740370 -2.049024 -3.936662 0.841997 -0.680613 0.000000 9.617847 1.684980 -12.305856 2.536202 2.961690 0.000002 22.037384 7.501078 0.000001 0.000000 -0.000000 -4.570000 11.014893 -2.160844 3.314732 13.478024 10.959027 -20.938667 28.364833 21.621874 -0.000432 82.938605 0.000440 -10.780470 6.152891 -28.021379 -2.464793 -1.573991 2.681910 7.564643 7.028704 27.703715 -9.818505 -72.226662 -19.707073 -2.646260 -1.527837 1.527812 -2.645431 -31.790019 -7.915083 -1.994587 -1.151584 1.151574 0.000006 0.000000 -0.000002 -9.108301 -0.517884 2.259801 6.036395 -6.888416 82.440971 4.121020 -6.349609 65.937868 1.115599 -3.782564 32.854573 0.000000 0.000003 -0.000000 -9.532506 -0.000002 0.000002 6.036396 -6.888420 82.440971 4.121024 -6.349616 65.937868 1.115599 -3.782563 32.854569 0.000003 0.000001 0.000002 -9.103576 -0.043104 -1.865099 6.036393 -6.888417 82.440957 4.121022 -6.349611 65.937861 1.115597 -3.782566 32.854576 0.000002 -0.000001 0.000002 -8.076706 -0.486728 -3.806304 6.036397 -6.888420 82.440971 4.121026 -6.349615 65.937861 1.115589 -3.782567 32.854596 -0.000001 0.000005 0.000000 4.570402 11.014687 -2.160818 1.255270 0.062271 -10.977333 -31.873382 -42.714176 -47.642728 -0.000028 -80.823514 -0.000041 -2.140415 -0.156727 25.942833 2.466101 -1.576193 2.681699 18.241724 -23.305287 -17.628944 53.671599 63.248453 -40.439528 2.647876 -1.528767 1.528748 10.741891 32.760811 -5.296234 1.998929 -1.154068 1.154082 -0.000001 0.000005 -0.000002 9.109293 -0.518004 2.259900 6.090335 6.835968 -83.384725 5.535322 6.749091 -78.694557 1.552538 4.360277 -39.183945 0.000000 -0.000002 -0.000001 9.533401 -0.000006 0.000004 6.088409 6.835749 -83.368517 5.537221 6.749463 -78.710772 1.552541 4.360283 -39.183931 0.000002 0.000004 -0.000002 9.104505 -0.043004 -1.865104 6.090335 6.835968 -83.384725 5.535319 6.749094 -78.694557 1.552535 4.360280 -39.183941 0.000000 -0.000000 0.000000 8.077807 -0.486897 -3.806303 10.148461 7.303608 -83.373975 5.544911 2.664448 -78.811347 1.552531 4.360279 -39.183938 -0.000000 -0.000002 0.000001 -8.207801 -6.751705 -1.599542 -68.672409 -3.936190 -3.429885 48.482230 -1.201211 -0.147010 37.047998 3.470783 12.376312 -0.000012 0.000002 -0.000001 0.000000 -0.000001 -0.000002 8.207799 -6.751708 -1.599555 -69.951792 -0.363228 14.192916 92.826335 9.754374 0.541178 -6.108389 2.948912 5.762581 -0.115705 -0.000001 -0.000002 0.000000 -0.000001 -0.000000 
-0.642860 64.012482 1.406025 -18.475583 -6.328488 -7.527847 -0.000000 10.181544 0.131521 5.570157 2.601219 3.847511 10.155243 0.091455 2.815776 10.142179 0.130110 2.855653 -0.000000 16.740355 -2.049021 -4.016610 0.856000 -0.683747 0.000001 9.617862 1.684974 -12.334400 2.621925 2.887714 0.000000 22.037369 7.501078 -0.000002 0.000000 -0.000000 -4.570000 11.014863 -2.160840 3.311783 13.478303 10.961818 -21.029461 28.324467 21.827150 -0.000463 83.034821 0.000485 -10.807252 5.875000 -27.929113 -2.464793 -1.573991 2.681904 7.564648 7.028704 27.703722 -9.818521 -72.226675 -19.707070 -2.646262 -1.527797 1.527819 -2.645427 -31.790023 -7.915083 -1.994586 -1.151587 1.151576 0.000001 0.000000 -0.000002 -9.108300 -0.517886 2.259798 6.036400 -6.888419 82.440971 4.121020 -6.349614 65.937861 1.115598 -3.782561 32.854576 -0.000004 -0.000001 0.000003 -9.532491 0.000009 0.000000 6.036398 -6.888424 82.440971 4.121024 -6.349619 65.937868 1.115599 -3.782560 32.854569 -0.000000 0.000000 0.000001 -9.103592 -0.043107 -1.865106 6.036400 -6.888419 82.440957 4.121024 -6.349616 65.937861 1.115597 -3.782558 32.854573 0.000003 0.000004 0.000003 -8.076702 -0.486722 -3.806304 6.036406 -6.888420 82.440971 4.121022 -6.349617 65.937861 1.115591 -3.782566 32.854596 0.000003 0.000002 0.000003 4.570402 11.014676 -2.160815 1.253586 0.062543 -10.950890 -31.865353 -42.719907 -47.734044 -0.000022 -80.796131 -0.000052 -2.340858 -0.338725 26.292103 2.466093 -1.576208 2.681707 18.241728 -23.305283 -17.628944 53.671613 63.248460 -40.439522 2.647888 -1.528767 1.528758 10.741891 32.760811 -5.296235 1.998936 -1.154080 1.154083 0.000003 -0.000003 -0.000002 9.109274 -0.518006 2.259906 6.090339 6.835970 -83.384725 5.535319 6.749088 -78.694557 1.552535 4.360280 -39.183938 -0.000002 -0.000000 -0.000002 9.533420 0.000006 0.000005 6.088417 6.835754 -83.368510 5.537225 6.749459 -78.710779 1.552539 4.360279 -39.183928 0.000001 0.000001 -0.000001 9.104500 -0.043001 -1.865089 6.090337 6.835971 -83.384725 5.535320 6.749091 -78.694557 1.552534 4.360280 -39.183941 0.000003 0.000000 -0.000001 8.077787 -0.486899 -3.806293 10.148457 7.303612 -83.373981 5.544906 2.664443 -78.811347 1.552527 4.360289 -39.183938 -0.000001 0.000000 -0.000002 -8.207802 -6.751699 -1.599535 -68.638757 -3.946888 -3.428348 48.478716 -1.203515 -0.147116 37.056679 3.471218 12.372009 -0.000016 0.000001 0.000001 -0.000000 0.000001 -0.000001 8.207798 -6.751697 -1.599555 -69.917839 -0.371900 14.193796 92.825112 9.754341 0.541243 -6.106289 2.948826 5.762698 -0.114990 0.000011 -0.000001 0.000000 0.000001 0.000000 
-0.637539 64.014275 1.400888 -18.497269 -6.326296 -7.541013 0.000001 10.181560 0.131522 5.573465 2.594771 3.876988 10.161284 0.075854 2.860320 10.148374 0.114094 2.899361 -0.000001 16.740364 -2.049019 -4.029604 0.873215 -0.742408 -0.000000 9.617858 1.684979 -12.684082 2.644255 2.833319 0.000001 22.037354 7.501070 -0.000001 -0.000000 -0.000001 -4.570000 11.014872 -2.160839 3.310617 13.465108 10.973794 -21.116857 28.304555 21.973753 -0.000500 83.103117 0.000539 -10.717439 5.700974 -28.007338 -2.464793 -1.574006 2.681899 7.564651 7.028706 27.703724 -9.818531 -72.226669 -19.707071 -2.646264 -1.527828 1.527801 -2.645433 -31.790019 -7.915082 -1.994583 -1.151585 1.151561 0.000004 -0.000003 -0.000003 -9.108315 -0.517906 2.259792 6.036401 -6.888419 82.440971 4.121020 -6.349614 65.937868 1.115596 -3.782560 32.854573 -0.000000 0.000002 -0.000001 -9.532494 -0.000003 -0.000007 6.036405 -6.888421 82.440971 4.121021 -6.349611 65.937868 1.115594 -3.782565 32.854573 -0.000002 -0.000000 0.000002 -9.103593 -0.043127 -1.865105 6.036402 -6.888419 82.440957 4.121019 -6.349609 65.937861 1.115595 -3.782563 32.854566 0.000000 0.000002 0.000003 -8.076703 -0.486713 -3.806304 6.036406 -6.888423 82.440971 4.121026 -6.349619 65.937861 1.115587 -3.782565 32.854596 0.000001 0.000001 -0.000001 4.570399 11.014680 -2.160813 1.252664 0.063961 -10.923558 -31.875769 -42.667198 -47.869978 0.000036 -80.791138 -0.000004 -2.419842 -0.419250 26.309402 2.466085 -1.576203 2.681710 18.241724 -23.305287 -17.628942 53.671613 63.248453 -40.439511 2.647892 -1.528760 1.528748 10.741891 32.760811 -5.296236 1.998921 -1.154085 1.154082 0.000000 0.000001 -0.000002 9.109293 -0.518016 2.259908 6.090330 6.835961 -83.384725 5.535318 6.749090 -78.694557 1.552536 4.360278 -39.183941 0.000000 0.000001 -0.000000 9.533390 -0.000003 0.000001 6.088407 6.835749 -83.368510 5.537225 6.749458 -78.710772 1.552539 4.360283 -39.183931 -0.000003 -0.000001 0.000002 9.104488 -0.043000 -1.865092 6.090333 6.835963 -83.384725 5.535317 6.749095 -78.694557 1.552534 4.360281 -39.183941 0.000000 -0.000000 0.000002 8.077808 -0.486885 -3.806299 10.148455 7.303609 -83.373975 5.544913 2.664447 -78.811354 1.552532 4.360283 -39.183941 0.000002 0.000001 -0.000001 -8.207801 -6.751701 -1.599550 -68.613499 -3.955903 -3.428954 48.474665 -1.203571 -0.147127 37.078232 3.471130 12.342143 -0.000013 0.000003 0.000000 0.000000 -0.000000 -0.000000 8.207801 -6.751701 -1.599558 -69.895409 -0.379118 14.192597 92.825481 9.754258 0.541285 -6.107415 2.951479 5.762763 -0.114220 0.000009 -0.000003 -0.000000 0.000001 0.000000 
-0.631654 64.014740 1.399176 -18.512466 -6.323434 -7.545481 -0.000000 10.181538 0.131527 5.586369 2.592279 3.901804 10.184821 0.072542 2.897180 10.172293 0.110263 2.934500 -0.000000 16.740376 -2.049019 -4.133188 0.891150 -0.778470 0.000001 9.617841 1.684980 -12.857394 2.686852 2.831728 0.000003 22.037399 7.501071 0.000001 0.000000 -0.000000 -4.570002 11.014883 -2.160842 3.312044 13.450369 10.984315 -21.264597 28.223223 22.151489 -0.000343 83.168700 0.000397 -10.577972 5.748538 -28.221107 -2.464801 -1.573990 2.681919 7.564652 7.028710 27.703720 -9.818510 -72.226675 -19.707083 -2.646269 -1.527790 1.527809 -2.645433 -31.790016 -7.915086 -1.994586 -1.151591 1.151563 -0.000001 0.000005 -0.000002 -9.108299 -0.517895 2.259813 6.036406 -6.888417 82.440971 4.121020 -6.349617 65.937868 1.115596 -3.782564 32.854576 -0.000000 0.000000 -0.000001 -9.532520 0.000008 0.000013 6.036401 -6.888419 82.440971 4.121023 -6.349617 65.937861 1.115597 -3.782561 32.854569 -0.000000 -0.000000 -0.000001 -9.103603 -0.043104 -1.865088 6.036406 -6.888417 82.440964 4.121024 -6.349617 65.937861 1.115597 -3.782564 32.854573 0.000001 -0.000001 -0.000001 -8.076704 -0.486726 -3.806290 6.036407 -6.888421 82.440971 4.121024 -6.349617 65.937861 1.115589 -3.782563 32.854596 -0.000002 0.000003 -0.000001 4.570400 11.014668 -2.160815 1.253444 0.071519 -10.902514 -31.890488 -42.669602 -47.960250 0.000031 -80.784964 -0.000004 -2.424248 -0.520389 26.225748 2.466081 -1.576209 2.681701 18.241723 -23.305283 -17.628947 53.671613 63.248453 -40.439518 2.647882 -1.528768 1.528746 10.741894 32.760808 -5.296233 1.998928 -1.154067 1.154083 0.000003 0.000006 0.000001 9.109292 -0.518016 2.259912 6.090334 6.835967 -83.384725 5.535316 6.749088 -78.694550 1.552534 4.360278 -39.183938 0.000001 0.000003 -0.000003 9.533390 -0.000002 0.000004 6.088414 6.835750 -83.368510 5.537226 6.749462 -78.710779 1.552541 4.360285 -39.183924 0.000001 0.000001 -0.000001 9.104487 -0.042999 -1.865092 6.090338 6.835970 -83.384725 5.535319 6.749090 -78.694557 1.552533 4.360280 -39.183938 -0.000002 0.000003 -0.000002 8.077787 -0.486889 -3.806295 10.148462 7.303610 -83.373981 5.544912 2.664448 -78.811347 1.552531 4.360278 -39.183941 0.000001 -0.000001 0.000001 -8.207800 -6.751714 -1.599546 -68.601225 -3.970711 -3.432244 48.480990 -1.192758 -0.146914 37.092678 3.470856 12.312508 -0.000011 0.000003 0.000001 -0.000000 0.000001 0.000000 8.207799 -6.751704 -1.599539 -69.879782 -0.380437 14.191637 92.826157 9.754056 0.541292 -6.109634 2.955395 5.762446 -0.113448 0.000001 0.000001 -0.000000 -0.000000 0.000000 
-0.626144 64.015068 1.397573 -18.527264 -6.320925 -7.546952 -0.000000 10.181547 0.131525 5.592500 2.593520 3.914740 10.191820 0.077312 2.913767 10.179683 0.114544 2.949583 -0.000000 16.740377 -2.049019 -4.212957 0.917272 -0.752029 0.000001 9.617833 1.684971 -12.829643 2.857714 2.809756 0.000003 22.037399 7.501067 -0.000001 -0.000000 -0.000001 -4.570003 11.014870 -2.160842 3.316860 13.462767 10.977655 -21.383792 28.047523 22.357448 -0.000426 83.258360 0.000481 -10.744933 5.528624 -28.252915 -2.464786 -1.573983 2.681910 7.564645 7.028707 27.703715 -9.818523 -72.226675 -19.707077 -2.646264 -1.527801 1.527810 -2.645432 -31.790019 -7.915083 -1.994579 -1.151586 1.151571 0.000003 0.000003 0.000001 -9.108288 -0.517891 2.259801 6.036398 -6.888418 82.440971 4.121025 -6.349614 65.937861 1.115595 -3.782567 32.854573 -0.000000 -0.000002 0.000001 -9.532494 -0.000004 0.000001 6.036397 -6.888418 82.440971 4.121021 -6.349620 65.937868 1.115597 -3.782567 32.854576 0.000001 -0.000002 -0.000000 -9.103592 -0.043105 -1.865099 6.036398 -6.888418 82.440957 4.121022 -6.349618 65.937861 1.115597 -3.782565 32.854573 0.000003 0.000002 0.000005 -8.076704 -0.486722 -3.806295 6.036399 -6.888423 82.440971 4.121028 -6.349616 65.937861 1.115586 -3.782566 32.854596 0.000002 0.000004 0.000001 4.570398 11.014701 -2.160816 1.253880 0.075946 -10.859602 -31.867870 -42.666529 -48.026373 -0.000060 -80.771918 -0.000025 -2.330242 -0.529386 25.963885 2.466108 -1.576203 2.681714 18.241726 -23.305287 -17.628945 53.671613 63.248453 -40.439525 2.647882 -1.528764 1.528748 10.741891 32.760804 -5.296233 1.998930 -1.154056 1.154076 0.000003 0.000003 -0.000005 9.109288 -0.517996 2.259909 6.090336 6.835966 -83.384725 5.535318 6.749093 -78.694557 1.552536 4.360283 -39.183945 0.000001 -0.000003 -0.000000 9.533421 0.000005 0.000008 6.088413 6.835748 -83.368510 5.537222 6.749460 -78.710779 1.552541 4.360279 -39.183928 -0.000003 -0.000001 -0.000001 9.104502 -0.043001 -1.865092 6.090338 6.835966 -83.384725 5.535319 6.749092 -78.694557 1.552532 4.360277 -39.183938 0.000001 0.000000 0.000002 8.077820 -0.486895 -3.806293 10.148458 7.303609 -83.373981 5.544914 2.664450 -78.811347 1.552531 4.360282 -39.183938 0.000001 0.000000 -0.000000 -8.207801 -6.751702 -1.599539 -68.590317 -3.977151 -3.438669 48.486710 -1.176715 -0.146584 37.105634 3.470409 12.293490 -0.000011 0.000002 0.000001 0.000000 0.000001 -0.000001 8.207801 -6.751698 -1.599537 -69.864605 -0.377600 14.190381 92.826034 9.754009 0.541273 -6.111505 2.958848 5.761630 -0.112771 0.000009 0.000001 0.000000 -0.000003 0.000000 
-0.622113 64.014229 1.397137 -18.535247 -6.320404 -7.545672 -0.000001 10.181548 0.131525 5.592173 2.602870 3.917409 10.185648 0.095916 2.898669 10.173843 0.132897 2.933477 -0.000000 16.740370 -2.049015 -4.252292 0.906673 -0.651581 0.000000 9.617817 1.684977 -12.886817 2.949362 2.757984 0.000000 22.037384 7.501068 -0.000000 0.000000 -0.000001 -4.570001 11.014891 -2.160838 3.324125 13.498043 10.956671 -21.443929 27.785835 22.515625 -0.000384 83.137746 0.000453 -10.604504 6.109317 -27.993272 -2.464808 -1.573979 2.681911 7.564646 7.028696 27.703724 -9.818511 -72.226669 -19.707087 -2.646273 -1.527795 1.527809 -2.645426 -31.790023 -7.915084 -1.994593 -1.151588 1.151568 -0.000000 -0.000000 -0.000002 -9.108329 -0.517876 2.259807 6.036397 -6.888424 82.440971 4.121020 -6.349614 65.937868 1.115595 -3.782563 32.854573 -0.000002 0.000001 0.000003 -9.532503 0.000004 0.000007 6.036400 -6.888424 82.440971 4.121025 -6.349619 65.937861 1.115596 -3.782565 32.854569 -0.000001 0.000000 0.000000 -9.103600 -0.043113 -1.865098 6.036397 -6.888422 82.440964 4.121022 -6.349615 65.937868 1.115595 -3.782562 32.854573 0.000000 -0.000000 -0.000000 -8.076727 -0.486714 -3.806295 6.036397 -6.888429 82.440971 4.121027 -6.349616 65.937861 1.115587 -3.782566 32.854593 0.000001 -0.000000 -0.000000 4.570401 11.014679 -2.160813 1.248312 0.047707 -10.792415 -31.884607 -42.667276 -48.111982 -0.000059 -80.741975 -0.000078 -2.189691 -0.370453 25.683132 2.466101 -1.576204 2.681704 18.241726 -23.305288 -17.628940 53.671613 63.248460 -40.439522 2.647896 -1.528749 1.528752 10.741892 32.760811 -5.296235 1.998925 -1.154095 1.154081 -0.000000 0.000000 -0.000000 9.109287 -0.518006 2.259901 6.090336 6.835963 -83.384725 5.535318 6.749088 -78.694557 1.552534 4.360275 -39.183938 -0.000003 0.000002 -0.000002 9.533404 -0.000006 0.000004 6.088415 6.835749 -83.368510 5.537219 6.749464 -78.710779 1.552544 4.360280 -39.183931 -0.000001 0.000004 -0.000002 9.104501 -0.043001 -1.865100 6.090337 6.835969 -83.384725 5.535319 6.749090 -78.694550 1.552534 4.360275 -39.183938 -0.000001 -0.000001 0.000001 8.077807 -0.486887 -3.806307 10.148460 7.303607 -83.373975 5.544907 2.664446 -78.811347 1.552532 4.360282 -39.183938 0.000000 -0.000006 -0.000000 -8.207801 -6.751713 -1.599537 -68.586574 -3.981242 -3.446792 48.489285 -1.157332 -0.146157 37.117410 3.469646 12.281680 -0.000016 0.000002 -0.000000 -0.000000 0.000000 0.000001 8.207798 -6.751698 -1.599548 -69.859100 -0.367940 14.189225 92.823910 9.753995 0.541228 -6.111299 2.960926 5.759868 -0.112150 0.000008 0.000002 0.000000 -0.000001 0.000000 
-0.619674 64.014053 1.393627 -18.537835 -6.322674 -7.540190 0.000001 10.181557 0.131523 5.598154 2.614287 3.919436 10.200297 0.113446 2.905483 10.188094 0.150704 2.941292 -0.000001 16.740374 -2.049018 -4.325019 0.900047 -0.627587 0.000001 9.617848 1.684976 -12.925587 2.944068 2.768535 -0.000001 22.037384 7.501070 -0.000002 -0.000000 0.000000 -4.569999 11.014870 -2.160841 3.326806 13.510674 10.948881 -21.443512 27.626671 22.532014 -0.000423 83.124024 0.000459 -10.685189 6.096002 -27.881008 -2.464793 -1.573987 2.681912 7.564645 7.028704 27.703719 -9.818528 -72.226675 -19.707088 -2.646264 -1.527826 1.527824 -2.645431 -31.790019 -7.915081 -1.994582 -1.151584 1.151571 0.000001 0.000001 -0.000000 -9.108301 -0.517882 2.259803 6.036399 -6.888421 82.440971 4.121021 -6.349613 65.937868 1.115600 -3.782567 32.854573 0.000005 -0.000001 0.000001 -9.532495 0.000008 -0.000003 6.036399 -6.888419 82.440964 4.121022 -6.349612 65.937861 1.115597 -3.782562 32.854573 -0.000000 0.000003 0.000003 -9.103590 -0.043105 -1.865096 6.036397 -6.888421 82.440957 4.121026 -6.349613 65.937868 1.115599 -3.782563 32.854569 0.000003 0.000001 0.000002 -8.076703 -0.486714 -3.806297 6.036402 -6.888425 82.440971 4.121026 -6.349616 65.937861 1.115591 -3.782563 32.854600 0.000001 0.000000 0.000003 4.570398 11.014678 -2.160815 1.246955 0.039349 -10.749477 -31.947879 -42.657380 -48.212308 -0.000101 -80.716170 -0.000120 -2.054607 -0.336808 25.524487 2.466100 -1.576203 2.681710 18.241726 -23.305282 -17.628945 53.671613 63.248453 -40.439522 2.647872 -1.528750 1.528750 10.741893 32.760811 -5.296232 1.998925 -1.154070 1.154083 -0.000000 0.000000 -0.000000 9.109289 -0.517992 2.259910 6.090338 6.835970 -83.384725 5.535322 6.749093 -78.694550 1.552532 4.360280 -39.183941 0.000001 0.000004 -0.000002 9.533419 0.000009 0.000012 6.088414 6.835753 -83.368510 5.537220 6.749460 -78.710779 1.552541 4.360284 -39.183928 -0.000001 0.000000 -0.000000 9.104503 -0.042986 -1.865092 6.090336 6.835966 -83.384725 5.535318 6.749093 -78.694557 1.552529 4.360279 -39.183938 0.000003 0.000005 -0.000001 8.077789 -0.486896 -3.806298 10.148458 7.303610 -83.373981 5.544907 2.664447 -78.811347 1.552530 4.360283 -39.183941 -0.000002 0.000001 0.000001 -8.207801 -6.751708 -1.599539 -68.586608 -3.983314 -3.450030 48.489101 -1.142427 -0.145761 37.141957 3.468034 12.268096 -0.000014 0.000003 0.000000 0.000000 0.000001 0.000001 8.207797 -6.751689 -1.599552 -69.856470 -0.357895 14.188758 92.818419 9.753891 0.541147 -6.107497 2.962443 5.756926 -0.111672 -0.000009 -0.000002 0.000000 0.000001 -0.000000 
-0.613668 64.015282 1.388342 -18.527894 -6.351191 -7.539079 -0.000000 10.181554 0.131527 5.633017 2.640259 3.913023 10.257949 0.137171 2.888466 10.245244 0.176026 2.925929 -0.000001 16.740368 -2.049020 -4.355464 0.888256 -0.644589 0.000001 9.617854 1.684977 -12.921584 2.860008 2.832141 0.000002 22.037399 7.501070 -0.000002 -0.000000 0.000000 -4.570001 11.014891 -2.160842 3.329010 13.521541 10.945762 -21.411897 27.565201 22.422208 -0.000422 83.151023 0.000506 -10.625865 5.973285 -27.782122 -2.464793 -1.573983 2.681908 7.564650 7.028705 27.703715 -9.818513 -72.226669 -19.707068 -2.646254 -1.527796 1.527818 -2.645422 -31.790023 -7.915086 -1.994591 -1.151583 1.151579 0.000005 -0.000004 -0.000000 -9.108298 -0.517880 2.259799 6.036397 -6.888417 82.440971 4.121022 -6.349618 65.937868 1.115592 -3.782566 32.854576 0.000002 0.000005 0.000002 -9.532503 0.000002 -0.000002 6.036399 -6.888423 82.440971 4.121021 -6.349615 65.937868 1.115596 -3.782566 32.854569 -0.000000 0.000000 -0.000000 -9.103574 -0.043096 -1.865099 6.036396 -6.888419 82.440964 4.121022 -6.349614 65.937861 1.115595 -3.782566 32.854573 -0.000001 0.000003 0.000002 -8.076699 -0.486719 -3.806303 6.036397 -6.888424 82.440971 4.121027 -6.349615 65.937861 1.115588 -3.782565 32.854600 0.000002 -0.000001 -0.000000 4.570400 11.014694 -2.160815 1.248833 0.052158 -10.758610 -32.011403 -42.571008 -48.274083 -0.000060 -80.790606 -0.000041 -1.994427 -0.281844 25.558337 2.466101 -1.576208 2.681685 18.241723 -23.305283 -17.628945 53.671616 63.248453 -40.439525 2.647889 -1.528753 1.528752 10.741893 32.760811 -5.296232 1.998936 -1.154072 1.154079 0.000002 -0.000004 -0.000002 9.109303 -0.518006 2.259893 6.090337 6.835967 -83.384725 5.535318 6.749092 -78.694557 1.552537 4.360280 -39.183945 -0.000004 0.000005 -0.000001 9.533401 -0.000010 -0.000011 6.088414 6.835749 -83.368517 5.537223 6.749458 -78.710779 1.552541 4.360278 -39.183928 0.000002 0.000003 0.000002 9.104500 -0.043001 -1.865107 6.090337 6.835967 -83.384725 5.535320 6.749091 -78.694557 1.552535 4.360280 -39.183941 -0.000002 0.000005 0.000003 8.077818 -0.486899 -3.806314 10.148463 7.303608 -83.373981 5.544909 2.664447 -78.811347 1.552528 4.360281 -39.183941 0.000000 0.000002 -0.000004 -8.207801 -6.751705 -1.599541 -68.660975 -3.982271 -3.447192 48.588149 -1.074662 -0.142535 37.113107 3.469756 12.296388 -0.000015 0.000001 0.000001 0.000000 -0.000000 -0.000000 8.207801 -6.751701 -1.599546 -69.864803 -0.355807 14.197150 92.811588 9.753352 0.541411 -6.099336 2.979098 5.754572 -0.109318 -0.000009 -0.000001 0.000000 -0.000002 0.000000 
-0.604765 64.018867 1.379984 -18.493553 -6.410089 -7.547398 0.000000 10.181547 0.131531 5.686548 2.689823 3.897904 10.347700 0.184682 2.828861 10.334569 0.226490 2.867954 -0.000001 16.740349 -2.049020 -4.352914 0.866311 -0.669524 0.000001 9.617846 1.684973 -12.869098 2.697158 2.967881 -0.000001 22.037369 7.501073 -0.000000 -0.000000 0.000000 -4.569997 11.014869 -2.160841 3.331931 13.537346 10.940693 -21.382505 27.540076 22.255908 -0.000446 83.197865 0.000522 -10.475097 5.753607 -28.207868 -2.464786 -1.573999 2.681907 7.564647 7.028707 27.703719 -9.818515 -72.226669 -19.707082 -2.646262 -1.527815 1.527819 -2.645428 -31.790019 -7.915078 -1.994577 -1.151588 1.151577 0.000001 0.000003 -0.000006 -9.108315 -0.517876 2.259798 6.036394 -6.888419 82.440971 4.121026 -6.349617 65.937861 1.115597 -3.782562 32.854573 -0.000000 0.000002 0.000001 -9.532506 0.000004 -0.000009 6.036397 -6.888419 82.440971 4.121021 -6.349614 65.937861 1.115597 -3.782563 32.854576 -0.000003 -0.000001 -0.000000 -9.103590 -0.043113 -1.865109 6.036394 -6.888417 82.440964 4.121022 -6.349614 65.937861 1.115597 -3.782561 32.854573 0.000001 0.000001 0.000005 -8.076704 -0.486724 -3.806301 6.036394 -6.888422 82.440971 4.121025 -6.349617 65.937854 1.115587 -3.782567 32.854596 0.000003 -0.000001 0.000001 4.570404 11.014705 -2.160815 1.250865 0.071398 -10.790321 -32.092443 -42.447372 -48.322519 -0.000023 -80.925065 -0.000047 -1.922487 -0.216994 25.748220 2.466101 -1.576203 2.681705 18.241726 -23.305285 -17.628945 53.671616 63.248460 -40.439515 2.647886 -1.528767 1.528752 10.741891 32.760811 -5.296231 1.998924 -1.154063 1.154079 0.000000 -0.000001 -0.000000 9.109278 -0.518004 2.259908 6.090335 6.835962 -83.384725 5.535315 6.749093 -78.694557 1.552534 4.360279 -39.183945 0.000002 0.000003 -0.000003 9.533393 -0.000006 0.000004 6.088414 6.835747 -83.368510 5.537218 6.749461 -78.710779 1.552539 4.360282 -39.183931 0.000001 0.000003 -0.000002 9.104490 -0.043009 -1.865100 6.090338 6.835965 -83.384725 5.535318 6.749097 -78.694550 1.552538 4.360283 -39.183941 -0.000001 0.000000 0.000000 8.077809 -0.486888 -3.806297 10.148456 7.303606 -83.373975 5.544913 2.664447 -78.811347 1.552530 4.360283 -39.183941 -0.000001 -0.000000 0.000000 -8.207800 -6.751709 -1.599540 -68.815372 -3.974066 -3.431994 48.781214 -0.957151 -0.136567 37.037251 3.478579 12.372947 -0.000014 0.000002 0.000001 0.000000 -0.000000 0.000001 8.207802 -6.751710 -1.599549 -69.895682 -0.363079 14.220119 92.798959 9.752327 0.542040 -6.100530 3.010115 5.751436 -0.105130 0.000008 -0.000002 -0.000000 0.000001 0.000000 
-0.596641 64.023872 1.370655 -18.453856 -6.470052 -7.562142 -0.000000 10.181557 0.131523 5.735901 2.742698 3.871718 10.427744 0.241108 2.748038 10.414346 0.285778 2.788372 0.000001 16.740366 -2.049022 -4.339953 0.842788 -0.662300 0.000000 9.617835 1.684974 -12.818784 2.528228 3.123189 -0.000001 22.037384 7.501073 -0.000000 -0.000000 0.000001 -4.569998 11.014886 -2.160840 3.335436 13.551334 10.932031 -21.474668 27.403351 22.186845 -0.000453 83.081820 0.000515 -10.007166 5.983606 -28.451242 -2.464801 -1.573987 2.681906 7.564651 7.028706 27.703725 -9.818510 -72.226675 -19.707070 -2.646269 -1.527808 1.527810 -2.645427 -31.790023 -7.915081 -1.994598 -1.151578 1.151566 0.000003 -0.000006 -0.000000 -9.108299 -0.517880 2.259800 6.036401 -6.888420 82.440971 4.121022 -6.349617 65.937868 1.115603 -3.782563 32.854576 0.000000 -0.000002 -0.000000 -9.532493 -0.000003 -0.000002 6.036403 -6.888417 82.440971 4.121022 -6.349612 65.937861 1.115600 -3.782562 32.854576 0.000001 -0.000002 -0.000002 -9.103592 -0.043106 -1.865109 6.036401 -6.888419 82.440957 4.121022 -6.349611 65.937861 1.115600 -3.782560 32.854569 0.000002 0.000003 0.000001 -8.076703 -0.486725 -3.806304 6.036404 -6.888425 82.440971 4.121026 -6.349622 65.937861 1.115595 -3.782567 32.854600 -0.000000 0.000001 0.000002 4.570402 11.014688 -2.160816 1.250010 0.076254 -10.802560 -32.164068 -42.340162 -48.353979 -0.000001 -81.056539 -0.000021 -1.918044 -0.176158 25.828579 2.466100 -1.576208 2.681705 18.241728 -23.305280 -17.628945 53.671616 63.248453 -40.439528 2.647876 -1.528785 1.528750 10.741893 32.760815 -5.296233 1.998921 -1.154082 1.154079 0.000001 -0.000003 -0.000002 9.109289 -0.518000 2.259902 6.090335 6.835967 -83.384725 5.535319 6.749090 -78.694550 1.552535 4.360278 -39.183945 -0.000004 -0.000003 0.000000 9.533414 -0.000002 -0.000000 6.088413 6.835752 -83.368517 5.537221 6.749464 -78.710772 1.552541 4.360278 -39.183931 0.000000 0.000001 -0.000001 9.104501 -0.042994 -1.865102 6.090335 6.835970 -83.384725 5.535319 6.749088 -78.694557 1.552533 4.360279 -39.183938 0.000001 0.000004 0.000002 8.077805 -0.486889 -3.806308 10.148461 7.303608 -83.373981 5.544909 2.664448 -78.811347 1.552533 4.360281 -39.183945 -0.000002 -0.000003 -0.000002 -8.207802 -6.751703 -1.599541 -68.968238 -3.969592 -3.408107 48.963345 -0.849838 -0.130745 36.969225 3.484780 12.437800 -0.000011 0.000002 -0.000001 0.000000 -0.000000 -0.000001 8.207800 -6.751703 -1.599544 -69.931623 -0.378883 14.244605 92.784848 9.751278 0.542658 -6.098956 3.041792 5.749936 -0.101135 0.000002 0.000004 0.000000 0.000000 0.000000 
-0.591477 64.033539 1.367441 -18.398402 -6.539351 -7.574955 0.000002 10.181555 0.131522 5.773938 2.798006 3.838311 10.491157 0.313043 2.664337 10.477703 0.360036 2.705064 -0.000000 16.740358 -2.049019 -4.296361 0.814433 -0.666083 0.000000 9.617817 1.684981 -12.776790 2.347208 3.255365 -0.000001 22.037369 7.501077 -0.000001 -0.000000 0.000001 -4.569996 11.014870 -2.160839 3.338729 13.576410 10.913620 -21.670553 27.201367 22.168228 -0.000420 83.014167 0.000432 -9.685329 5.866062 -28.542162 -2.464785 -1.574002 2.681909 7.564651 7.028700 27.703720 -9.818516 -72.226675 -19.707077 -2.646264 -1.527807 1.527815 -2.645426 -31.790023 -7.915084 -1.994572 -1.151585 1.151573 0.000000 0.000004 0.000005 -9.108299 -0.517891 2.259804 6.036402 -6.888419 82.440971 4.121026 -6.349616 65.937861 1.115598 -3.782565 32.854569 -0.000004 -0.000004 0.000000 -9.532505 -0.000003 -0.000005 6.036402 -6.888421 82.440971 4.121026 -6.349616 65.937868 1.115601 -3.782565 32.854573 -0.000003 -0.000001 0.000002 -9.103575 -0.043104 -1.865101 6.036402 -6.888417 82.440964 4.121025 -6.349613 65.937861 1.115597 -3.782566 32.854576 0.000004 0.000001 0.000001 -8.076716 -0.486713 -3.806302 6.036403 -6.888423 82.440971 4.121027 -6.349616 65.937861 1.115590 -3.782566 32.854600 -0.000004 -0.000003 -0.000001 4.570398 11.014665 -2.160813 1.246887 0.070491 -10.785309 -32.222326 -42.198586 -48.428466 -0.000074 -81.207363 -0.000082 -1.887317 -0.125176 25.743644 2.466093 -1.576197 2.681710 18.241724 -23.305282 -17.628944 53.671616 63.248453 -40.439525 2.647872 -1.528767 1.528756 10.741892 32.760811 -5.296232 1.998921 -1.154100 1.154081 -0.000003 -0.000001 -0.000002 9.109286 -0.518000 2.259902 6.090337 6.835965 -83.384732 5.535318 6.749091 -78.694550 1.552537 4.360278 -39.183938 -0.000002 0.000001 -0.000001 9.533430 -0.000014 0.000001 6.088411 6.835751 -83.368517 5.537223 6.749467 -78.710779 1.552539 4.360280 -39.183928 0.000002 0.000000 -0.000000 9.104512 -0.043005 -1.865102 6.090339 6.835966 -83.384732 5.535315 6.749093 -78.694557 1.552534 4.360278 -39.183941 -0.000000 0.000001 -0.000000 8.077819 -0.486895 -3.806297 10.148457 7.303608 -83.373981 5.544910 2.664447 -78.811347 1.552531 4.360284 -39.183941 -0.000001 -0.000000 -0.000002 -8.207798 -6.751707 -1.599545 -69.134785 -3.965916 -3.378304 49.150390 -0.758597 -0.125123 36.908997 3.481421 12.449705 -0.000014 0.000002 -0.000000 0.000000 0.000000 -0.000000 8.207802 -6.751700 -1.599548 -69.975896 -0.394585 14.275156 92.770594 9.750402 0.543276 -6.107231 3.076485 5.741519 -0.097355 0.000007 0.000003 0.000000 0.000000 0.000000 
-0.575816 64.040024 1.363935 -18.359468 -6.610295 -7.600092 -0.000000 10.181561 0.131524 5.818713 2.858386 3.811704 10.565854 0.396272 2.582848 10.552878 0.445223 2.622117 -0.000000 16.740372 -2.049020 -4.261533 0.786514 -0.670539 -0.000000 9.617850 1.684975 -12.725270 2.172166 3.370383 -0.000002 22.037369 7.501073 -0.000001 0.000000 -0.000000 -4.570000 11.014872 -2.160843 3.341122 13.596324 10.903014 -22.015913 26.972345 22.196114 -0.000421 83.032820 0.000446 -9.388035 5.440711 -28.562681 -2.464793 -1.573991 2.681906 7.564651 7.028704 27.703720 -9.818522 -72.226669 -19.707059 -2.646267 -1.527817 1.527804 -2.645437 -31.790019 -7.915083 -1.994586 -1.151582 1.151570 0.000002 0.000002 0.000001 -9.108300 -0.517889 2.259804 6.036402 -6.888421 82.440971 4.121022 -6.349612 65.937861 1.115597 -3.782566 32.854576 -0.000000 0.000001 0.000002 -9.532494 0.000000 0.000003 6.036400 -6.888421 82.440971 4.121021 -6.349614 65.937861 1.115595 -3.782565 32.854573 -0.000000 0.000000 -0.000002 -9.103589 -0.043099 -1.865097 6.036403 -6.888421 82.440964 4.121020 -6.349614 65.937861 1.115597 -3.782566 32.854576 -0.000002 0.000002 0.000003 -8.076699 -0.486725 -3.806292 6.036401 -6.888424 82.440971 4.121025 -6.349614 65.937861 1.115587 -3.782571 32.854596 -0.000005 0.000000 0.000003 4.570401 11.014694 -2.160815 1.244216 0.068395 -10.756261 -32.280089 -42.032243 -48.538528 -0.000041 -81.448920 -0.000062 -1.752734 0.106155 25.544136 2.466085 -1.576210 2.681714 18.241729 -23.305280 -17.628940 53.671613 63.248453 -40.439522 2.647887 -1.528783 1.528754 10.741891 32.760808 -5.296235 1.998921 -1.154084 1.154081 -0.000002 -0.000001 -0.000002 9.109286 -0.518012 2.259910 6.090337 6.835969 -83.384732 5.535321 6.749092 -78.694557 1.552535 4.360284 -39.183941 -0.000004 -0.000003 -0.000002 9.533420 0.000004 0.000009 6.088414 6.835752 -83.368510 5.537225 6.749457 -78.710772 1.552541 4.360280 -39.183928 0.000004 0.000000 0.000000 9.104500 -0.042983 -1.865093 6.090334 6.835968 -83.384725 5.535322 6.749094 -78.694557 1.552532 4.360283 -39.183935 -0.000004 0.000000 -0.000001 8.077791 -0.486887 -3.806301 10.148460 7.303612 -83.373981 5.544911 2.664447 -78.811347 1.552533 4.360283 -39.183941 -0.000002 0.000000 -0.000000 -8.207800 -6.751700 -1.599543 -69.286047 -3.974059 -3.355842 49.339005 -0.673935 -0.119675 36.834695 3.493427 12.515589 -0.000015 0.000001 0.000002 -0.000000 -0.000001 -0.000000 8.207801 -6.751706 -1.599553 -70.009132 -0.413981 14.305026 92.764925 9.749229 0.543864 -6.117666 3.119107 5.740624 -0.093760 0.000000 0.000001 0.000000 -0.000001 0.000000 
-0.562457 64.050949 1.361490 -18.300044 -6.659490 -7.648964 -0.000001 10.181557 0.131523 5.857303 2.918520 3.792136 10.631738 0.469097 2.513313 10.618538 0.520503 2.553356 -0.000000 16.740377 -2.049023 -4.237840 0.752925 -0.674503 0.000001 9.617860 1.684977 -12.674976 1.963925 3.488916 0.000000 22.037369 7.501072 -0.000000 -0.000000 0.000000 -4.570002 11.014870 -2.160843 3.343391 13.610745 10.897624 -22.327822 26.872143 22.044692 -0.000409 82.841240 0.000403 -8.473032 5.455324 -28.788332 -2.464793 -1.574002 2.681916 7.564648 7.028705 27.703719 -9.818511 -72.226669 -19.707078 -2.646258 -1.527816 1.527806 -2.645431 -31.790023 -7.915081 -1.994586 -1.151595 1.151575 0.000002 -0.000000 -0.000002 -9.108296 -0.517893 2.259808 6.036401 -6.888419 82.440971 4.121026 -6.349615 65.937861 1.115597 -3.782566 32.854569 0.000001 0.000003 0.000002 -9.532517 -0.000012 0.000003 6.036397 -6.888424 82.440971 4.121024 -6.349616 65.937868 1.115598 -3.782564 32.854569 -0.000002 0.000002 0.000000 -9.103601 -0.043112 -1.865091 6.036399 -6.888419 82.440964 4.121024 -6.349614 65.937868 1.115602 -3.782566 32.854573 0.000002 0.000001 0.000002 -8.076700 -0.486740 -3.806295 6.036403 -6.888423 82.440971 4.121026 -6.349614 65.937854 1.115589 -3.782571 32.854600 0.000001 -0.000000 -0.000000 4.570400 11.014690 -2.160817 1.244013 0.066702 -10.738726 -32.256378 -41.973090 -48.594330 -0.000089 -81.666598 -0.000105 -1.479286 0.395343 25.869299 2.466089 -1.576220 2.681697 18.241729 -23.305282 -17.628942 53.671613 63.248460 -40.439522 2.647887 -1.528782 1.528752 10.741891 32.760808 -5.296235 1.998928 -1.154083 1.154080 0.000003 0.000002 0.000001 9.109291 -0.518015 2.259904 6.090341 6.835967 -83.384725 5.535319 6.749089 -78.694550 1.552533 4.360276 -39.183941 -0.000000 -0.000003 -0.000001 9.533387 -0.000013 -0.000000 6.088415 6.835754 -83.368517 5.537226 6.749462 -78.710772 1.552540 4.360283 -39.183928 0.000001 -0.000006 0.000004 9.104471 -0.043018 -1.865105 6.090339 6.835970 -83.384725 5.535320 6.749090 -78.694550 1.552534 4.360279 -39.183941 -0.000002 -0.000006 0.000001 8.077787 -0.486906 -3.806307 10.148462 7.303613 -83.373981 5.544910 2.664444 -78.811347 1.552534 4.360286 -39.183941 0.000001 0.000002 -0.000000 -8.207802 -6.751702 -1.599543 -69.446290 -3.992606 -3.335818 49.524486 -0.624183 -0.114891 36.729578 3.525090 12.655710 -0.000014 0.000002 0.000001 0.000000 -0.000000 0.000001 8.207800 -6.751701 -1.599562 -70.062769 -0.461433 14.334414 92.758866 9.747971 0.544467 -6.129115 3.147058 5.748338 -0.090271 0.000007 0.000002 0.000000 0.000002 0.000000 
-0.543077 64.058823 1.355867 -18.263856 -6.693493 -7.698630 -0.000001 10.181546 0.131527 5.885823 2.975488 3.773887 10.679109 0.533206 2.447626 10.665093 0.587701 2.490310 0.000000 16.740358 -2.049017 -4.166932 0.715577 -0.676874 0.000001 9.617851 1.684976 -12.614265 1.734729 3.620398 0.000001 22.037369 7.501070 -0.000001 0.000000 -0.000000 -4.570000 11.014885 -2.160838 3.346045 13.628954 10.887952 -22.620072 26.920210 21.875419 -0.000391 82.880049 0.000404 -7.670581 4.450696 -29.564897 -2.464801 -1.573991 2.681915 7.564647 7.028700 27.703720 -9.818510 -72.226669 -19.707085 -2.646269 -1.527819 1.527817 -2.645429 -31.790023 -7.915082 -1.994594 -1.151587 1.151576 -0.000002 -0.000003 -0.000002 -9.108314 -0.517884 2.259812 6.036400 -6.888422 82.440971 4.121022 -6.349611 65.937868 1.115599 -3.782566 32.854573 0.000002 -0.000001 0.000002 -9.532506 0.000002 0.000012 6.036400 -6.888420 82.440971 4.121025 -6.349617 65.937868 1.115601 -3.782561 32.854573 -0.000000 0.000000 -0.000004 -9.103603 -0.043106 -1.865089 6.036401 -6.888422 82.440964 4.121023 -6.349616 65.937868 1.115597 -3.782564 32.854573 -0.000001 0.000003 0.000002 -8.076700 -0.486725 -3.806297 6.036404 -6.888429 82.440971 4.121024 -6.349619 65.937861 1.115589 -3.782563 32.854600 -0.000004 0.000002 -0.000000 4.570401 11.014668 -2.160814 1.244137 0.058634 -10.750273 -32.229508 -41.861287 -48.674783 0.000011 -81.827217 -0.000029 -1.348379 0.565777 25.747445 2.466100 -1.576204 2.681707 18.241728 -23.305282 -17.628942 53.671613 63.248453 -40.439515 2.647891 -1.528766 1.528750 10.741895 32.760811 -5.296233 1.998925 -1.154068 1.154087 -0.000001 0.000001 -0.000004 9.109276 -0.518011 2.259909 6.090343 6.835966 -83.384725 5.535316 6.749086 -78.694550 1.552536 4.360279 -39.183945 0.000001 0.000001 -0.000000 9.533420 0.000010 0.000011 6.088415 6.835752 -83.368510 5.537227 6.749456 -78.710779 1.552543 4.360285 -39.183924 -0.000002 0.000001 0.000002 9.104487 -0.043001 -1.865087 6.090341 6.835970 -83.384725 5.535314 6.749089 -78.694550 1.552533 4.360278 -39.183945 0.000001 -0.000002 -0.000002 8.077806 -0.486887 -3.806292 10.148460 7.303611 -83.373975 5.544912 2.664445 -78.811347 1.552534 4.360281 -39.183938 0.000002 -0.000000 0.000000 -8.207802 -6.751705 -1.599543 -69.586049 -4.001140 -3.326375 49.709584 -0.568198 -0.110072 36.605992 3.557914 12.828718 -0.000012 0.000002 0.000000 -0.000000 0.000001 0.000000 8.207797 -6.751699 -1.599549 -70.096333 -0.505581 14.351047 92.751203 9.746654 0.545070 -6.140119 3.177766 5.761169 -0.086889 -0.000005 -0.000001 -0.000000 -0.000002 0.000000 
-0.516523 64.068367 1.353670 -18.218237 -6.708780 -7.729635 0.000001 10.181540 0.131519 5.911846 3.025216 3.766260 10.720749 0.586488 2.402822 10.706152 0.643692 2.447337 -0.000000 16.740360 -2.049017 -4.085091 0.690325 -0.715833 0.000001 9.617866 1.684977 -12.557263 1.524185 3.744502 0.000001 22.037384 7.501073 0.000000 0.000000 0.000000 -4.569999 11.014856 -2.160841 3.349714 13.625703 10.892394 -22.863392 27.056130 21.646179 -0.000422 82.839594 0.000490 -6.499942 4.025220 -30.044943 -2.464786 -1.574002 2.681910 7.564649 7.028707 27.703719 -9.818517 -72.226675 -19.707070 -2.646264 -1.527813 1.527811 -2.645434 -31.790019 -7.915081 -1.994583 -1.151581 1.151563 -0.000000 0.000003 0.000006 -9.108296 -0.517881 2.259803 6.036403 -6.888418 82.440971 4.121022 -6.349619 65.937868 1.115601 -3.782566 32.854576 0.000000 -0.000000 0.000001 -9.532492 -0.000004 0.000002 6.036400 -6.888419 82.440971 4.121019 -6.349615 65.937868 1.115599 -3.782566 32.854573 0.000001 -0.000000 -0.000003 -9.103601 -0.043104 -1.865099 6.036403 -6.888416 82.440964 4.121019 -6.349615 65.937868 1.115599 -3.782567 32.854576 0.000000 0.000002 0.000001 -8.076701 -0.486713 -3.806299 6.036404 -6.888420 82.440971 4.121023 -6.349615 65.937861 1.115592 -3.782567 32.854600 -0.000000 0.000002 0.000001 4.570404 11.014690 -2.160814 1.244638 0.076117 -10.790645 -32.097159 -41.849003 -48.693942 0.000011 -81.974175 -0.000023 -1.052524 0.742346 26.301402 2.466093 -1.576189 2.681710 18.241729 -23.305282 -17.628944 53.671616 63.248460 -40.439515 2.647888 -1.528750 1.528754 10.741891 32.760815 -5.296232 1.998929 -1.154073 1.154082 0.000001 -0.000000 -0.000002 9.109306 -0.518016 2.259899 6.090335 6.835969 -83.384725 5.535319 6.749086 -78.694557 1.552537 4.360281 -39.183941 0.000001 0.000001 -0.000001 9.533393 -0.000004 0.000008 6.088415 6.835750 -83.368510 5.537222 6.749461 -78.710772 1.552547 4.360283 -39.183928 -0.000000 0.000003 0.000001 9.104502 -0.042984 -1.865096 6.090336 6.835968 -83.384725 5.535318 6.749091 -78.694550 1.552540 4.360280 -39.183945 -0.000001 -0.000002 0.000002 8.077805 -0.486897 -3.806298 10.148459 7.303610 -83.373981 5.544912 2.664448 -78.811354 1.552531 4.360283 -39.183945 -0.000002 -0.000002 -0.000000 -8.207801 -6.751703 -1.599551 -69.736587 -4.015079 -3.352907 49.900211 -0.481784 -0.104777 36.480802 3.593031 12.996150 -0.000014 0.000003 0.000000 -0.000000 0.000001 0.000000 8.207798 -6.751705 -1.599543 -70.132724 -0.535703 14.333350 92.739912 9.744970 0.545675 -6.150890 3.219349 5.773227 -0.083496 0.000009 -0.000001 0.000000 0.000000 -0.000000 
-0.516523 64.068367 1.353670 -18.218237 -6.708780 -7.729635 0.000001 10.181540 0.131519 5.911846 3.025216 3.766260 10.720749 0.586488 2.402822 10.706152 0.643692 2.447337 -0.000000 16.740360 -2.049017 -4.085091 0.690325 -0.715833 0.000001 9.617866 1.684977 -12.557263 1.524185 3.744502 0.000001 22.037384 7.501073 0.000000 0.000000 0.000000 -4.569999 11.014856 -2.160841 3.349714 13.625703 10.892394 -22.863392 27.056130 21.646179 -0.000422 82.839594 0.000490 -6.499942 4.025220 -30.044943 -2.464786 -1.574002 2.681910 7.564649 7.028707 27.703719 -9.818517 -72.226675 -19.707070 -2.646264 -1.527813 1.527811 -2.645434 -31.790019 -7.915081 -1.994583 -1.151581 1.151563 -0.000000 0.000003 0.000006 -9.108296 -0.517881 2.259803 6.036403 -6.888418 82.440971 4.121022 -6.349619 65.937868 1.115601 -3.782566 32.854576 0.000000 -0.000000 0.000001 -9.532492 -0.000004 0.000002 6.036400 -6.888419 82.440971 4.121019 -6.349615 65.937868 1.115599 -3.782566 32.854573 0.000001 -0.000000 -0.000003 -9.103601 -0.043104 -1.865099 6.036403 -6.888416 82.440964 4.121019 -6.349615 65.937868 1.115599 -3.782567 32.854576 0.000000 0.000002 0.000001 -8.076701 -0.486713 -3.806299 6.036404 -6.888420 82.440971 4.121023 -6.349615 65.937861 1.115592 -3.782567 32.854600 -0.000000 0.000002 0.000001 4.570404 11.014690 -2.160814 1.244638 0.076117 -10.790645 -32.097159 -41.849003 -48.693942 0.000011 -81.974175 -0.000023 -1.052524 0.742346 26.301402 2.466093 -1.576189 2.681710 18.241729 -23.305282 -17.628944 53.671616 63.248460 -40.439515 2.647888 -1.528750 1.528754 10.741891 32.760815 -5.296232 1.998929 -1.154073 1.154082 0.000001 -0.000000 -0.000002 9.109306 -0.518016 2.259899 6.090335 6.835969 -83.384725 5.535319 6.749086 -78.694557 1.552537 4.360281 -39.183941 0.000001 0.000001 -0.000001 9.533393 -0.000004 0.000008 6.088415 6.835750 -83.368510 5.537222 6.749461 -78.710772 1.552547 4.360283 -39.183928 -0.000000 0.000003 0.000001 9.104502 -0.042984 -1.865096 6.090336 6.835968 -83.384725 5.535318 6.749091 -78.694550 1.552540 4.360280 -39.183945 -0.000001 -0.000002 0.000002 8.077805 -0.486897 -3.806298 10.148459 7.303610 -83.373981 5.544912 2.664448 -78.811354 1.552531 4.360283 -39.183945 -0.000002 -0.000002 -0.000000 -8.207801 -6.751703 -1.599551 -69.736587 -4.015079 -3.352907 49.900211 -0.481784 -0.104777 36.480802 3.593031 12.996150 -0.000014 0.000003 0.000000 -0.000000 0.000001 0.000000 8.207798 -6.751705 -1.599543 -70.132724 -0.535703 14.333350 92.739912 9.744970 0.545675 -6.150890 3.219349 5.773227 -0.083496 0.000009 -0.000001 0.000000 0.000000 -0.000000 
-0.516523 64.068367 1.353670 -18.218237 -6.708780 -7.729635 0.000001 10.181540 0.131519 5.911846 3.025216 3.766260 10.720749 0.586488 2.402822 10.706152 0.643692 2.447337 -0.000000 16.740360 -2.049017 -4.085091 0.690325 -0.715833 0.000001 9.617866 1.684977 -12.557263 1.524185 3.744502 0.000001 22.037384 7.501073 0.000000 0.000000 0.000000 -4.569999 11.014856 -2.160841 3.349714 13.625703 10.892394 -22.863392 27.056130 21.646179 -0.000422 82.839594 0.000490 -6.499942 4.025220 -30.044943 -2.464786 -1.574002 2.681910 7.564649 7.028707 27.703719 -9.818517 -72.226675 -19.707070 -2.646264 -1.527813 1.527811 -2.645434 -31.790019 -7.915081 -1.994583 -1.151581 1.151563 -0.000000 0.000003 0.000006 -9.108296 -0.517881 2.259803 6.036403 -6.888418 82.440971 4.121022 -6.349619 65.937868 1.115601 -3.782566 32.854576 0.000000 -0.000000 0.000001 -9.532492 -0.000004 0.000002 6.036400 -6.888419 82.440971 4.121019 -6.349615 65.937868 1.115599 -3.782566 32.854573 0.000001 -0.000000 -0.000003 -9.103601 -0.043104 -1.865099 6.036403 -6.888416 82.440964 4.121019 -6.349615 65.937868 1.115599 -3.782567 32.854576 0.000000 0.000002 0.000001 -8.076701 -0.486713 -3.806299 6.036404 -6.888420 82.440971 4.121023 -6.349615 65.937861 1.115592 -3.782567 32.854600 -0.000000 0.000002 0.000001 4.570404 11.014690 -2.160814 1.244638 0.076117 -10.790645 -32.097159 -41.849003 -48.693942 0.000011 -81.974175 -0.000023 -1.052524 0.742346 26.301402 2.466093 -1.576189 2.681710 18.241729 -23.305282 -17.628944 53.671616 63.248460 -40.439515 2.647888 -1.528750 1.528754 10.741891 32.760815 -5.296232 1.998929 -1.154073 1.154082 0.000001 -0.000000 -0.000002 9.109306 -0.518016 2.259899 6.090335 6.835969 -83.384725 5.535319 6.749086 -78.694557 1.552537 4.360281 -39.183941 0.000001 0.000001 -0.000001 9.533393 -0.000004 0.000008 6.088415 6.835750 -83.368510 5.537222 6.749461 -78.710772 1.552547 4.360283 -39.183928 -0.000000 0.000003 0.000001 9.104502 -0.042984 -1.865096 6.090336 6.835968 -83.384725 5.535318 6.749091 -78.694550 1.552540 4.360280 -39.183945 -0.000001 -0.000002 0.000002 8.077805 -0.486897 -3.806298 10.148459 7.303610 -83.373981 5.544912 2.664448 -78.811354 1.552531 4.360283 -39.183945 -0.000002 -0.000002 -0.000000 -8.207801 -6.751703 -1.599551 -69.736587 -4.015079 -3.352907 49.900211 -0.481784 -0.104777 36.480802 3.593031 12.996150 -0.000014 0.000003 0.000000 -0.000000 0.000001 0.000000 8.207798 -6.751705 -1.599543 -70.132724 -0.535703 14.333350 92.739912 9.744970 0.545675 -6.150890 3.219349 5.773227 -0.083496 0.000009 -0.000001 0.000000 0.000000 -0.000000 
-0.516523 64.068367 1.353670 -18.218237 -6.708780 -7.729635 0.000001 10.181540 0.131519 5.911846 3.025216 3.766260 10.720749 0.586488 2.402822 10.706152 0.643692 2.447337 -0.000000 16.740360 -2.049017 -4.085091 0.690325 -0.715833 0.000001 9.617866 1.684977 -12.557263 1.524185 3.744502 0.000001 22.037384 7.501073 0.000000 0.000000 0.000000 -4.569999 11.014856 -2.160841 3.349714 13.625703 10.892394 -22.863392 27.056130 21.646179 -0.000422 82.839594 0.000490 -6.499942 4.025220 -30.044943 -2.464786 -1.574002 2.681910 7.564649 7.028707 27.703719 -9.818517 -72.226675 -19.707070 -2.646264 -1.527813 1.527811 -2.645434 -31.790019 -7.915081 -1.994583 -1.151581 1.151563 -0.000000 0.000003 0.000006 -9.108296 -0.517881 2.259803 6.036403 -6.888418 82.440971 4.121022 -6.349619 65.937868 1.115601 -3.782566 32.854576 0.000000 -0.000000 0.000001 -9.532492 -0.000004 0.000002 6.036400 -6.888419 82.440971 4.121019 -6.349615 65.937868 1.115599 -3.782566 32.854573 0.000001 -0.000000 -0.000003 -9.103601 -0.043104 -1.865099 6.036403 -6.888416 82.440964 4.121019 -6.349615 65.937868 1.115599 -3.782567 32.854576 0.000000 0.000002 0.000001 -8.076701 -0.486713 -3.806299 6.036404 -6.888420 82.440971 4.121023 -6.349615 65.937861 1.115592 -3.782567 32.854600 -0.000000 0.000002 0.000001 4.570404 11.014690 -2.160814 1.244638 0.076117 -10.790645 -32.097159 -41.849003 -48.693942 0.000011 -81.974175 -0.000023 -1.052524 0.742346 26.301402 2.466093 -1.576189 2.681710 18.241729 -23.305282 -17.628944 53.671616 63.248460 -40.439515 2.647888 -1.528750 1.528754 10.741891 32.760815 -5.296232 1.998929 -1.154073 1.154082 0.000001 -0.000000 -0.000002 9.109306 -0.518016 2.259899 6.090335 6.835969 -83.384725 5.535319 6.749086 -78.694557 1.552537 4.360281 -39.183941 0.000001 0.000001 -0.000001 9.533393 -0.000004 0.000008 6.088415 6.835750 -83.368510 5.537222 6.749461 -78.710772 1.552547 4.360283 -39.183928 -0.000000 0.000003 0.000001 9.104502 -0.042984 -1.865096 6.090336 6.835968 -83.384725 5.535318 6.749091 -78.694550 1.552540 4.360280 -39.183945 -0.000001 -0.000002 0.000002 8.077805 -0.486897 -3.806298 10.148459 7.303610 -83.373981 5.544912 2.664448 -78.811354 1.552531 4.360283 -39.183945 -0.000002 -0.000002 -0.000000 -8.207801 -6.751703 -1.599551 -69.736587 -4.015079 -3.352907 49.900211 -0.481784 -0.104777 36.480802 3.593031 12.996150 -0.000014 0.000003 0.000000 -0.000000 0.000001 0.000000 8.207798 -6.751705 -1.599543 -70.132724 -0.535703 14.333350 92.739912 9.744970 0.545675 -6.150890 3.219349 5.773227 -0.083496 0.000009 -0.000001 0.000000 0.000000 -0.000000 
-0.516523 64.068367 1.353670 -18.218237 -6.708780 -7.729635 0.000001 10.181540 0.131519 5.911846 3.025216 3.766260 10.720749 0.586488 2.402822 10.706152 0.643692 2.447337 -0.000000 16.740360 -2.049017 -4.085091 0.690325 -0.715833 0.000001 9.617866 1.684977 -12.557263 1.524185 3.744502 0.000001 22.037384 7.501073 0.000000 0.000000 0.000000 -4.569999 11.014856 -2.160841 3.349714 13.625703 10.892394 -22.863392 27.056130 21.646179 -0.000422 82.839594 0.000490 -6.499942 4.025220 -30.044943 -2.464786 -1.574002 2.681910 7.564649 7.028707 27.703719 -9.818517 -72.226675 -19.707070 -2.646264 -1.527813 1.527811 -2.645434 -31.790019 -7.915081 -1.994583 -1.151581 1.151563 -0.000000 0.000003 0.000006 -9.108296 -0.517881 2.259803 6.036403 -6.888418 82.440971 4.121022 -6.349619 65.937868 1.115601 -3.782566 32.854576 0.000000 -0.000000 0.000001 -9.532492 -0.000004 0.000002 6.036400 -6.888419 82.440971 4.121019 -6.349615 65.937868 1.115599 -3.782566 32.854573 0.000001 -0.000000 -0.000003 -9.103601 -0.043104 -1.865099 6.036403 -6.888416 82.440964 4.121019 -6.349615 65.937868 1.115599 -3.782567 32.854576 0.000000 0.000002 0.000001 -8.076701 -0.486713 -3.806299 6.036404 -6.888420 82.440971 4.121023 -6.349615 65.937861 1.115592 -3.782567 32.854600 -0.000000 0.000002 0.000001 4.570404 11.014690 -2.160814 1.244638 0.076117 -10.790645 -32.097159 -41.849003 -48.693942 0.000011 -81.974175 -0.000023 -1.052524 0.742346 26.301402 2.466093 -1.576189 2.681710 18.241729 -23.305282 -17.628944 53.671616 63.248460 -40.439515 2.647888 -1.528750 1.528754 10.741891 32.760815 -5.296232 1.998929 -1.154073 1.154082 0.000001 -0.000000 -0.000002 9.109306 -0.518016 2.259899 6.090335 6.835969 -83.384725 5.535319 6.749086 -78.694557 1.552537 4.360281 -39.183941 0.000001 0.000001 -0.000001 9.533393 -0.000004 0.000008 6.088415 6.835750 -83.368510 5.537222 6.749461 -78.710772 1.552547 4.360283 -39.183928 -0.000000 0.000003 0.000001 9.104502 -0.042984 -1.865096 6.090336 6.835968 -83.384725 5.535318 6.749091 -78.694550 1.552540 4.360280 -39.183945 -0.000001 -0.000002 0.000002 8.077805 -0.486897 -3.806298 10.148459 7.303610 -83.373981 5.544912 2.664448 -78.811354 1.552531 4.360283 -39.183945 -0.000002 -0.000002 -0.000000 -8.207801 -6.751703 -1.599551 -69.736587 -4.015079 -3.352907 49.900211 -0.481784 -0.104777 36.480802 3.593031 12.996150 -0.000014 0.000003 0.000000 -0.000000 0.000001 0.000000 8.207798 -6.751705 -1.599543 -70.132724 -0.535703 14.333350 92.739912 9.744970 0.545675 -6.150890 3.219349 5.773227 -0.083496 0.000009 -0.000001 0.000000 0.000000 -0.000000 
-0.516523 64.068367 1.353670 -18.218237 -6.708780 -7.729635 0.000001 10.181540 0.131519 5.911846 3.025216 3.766260 10.720749 0.586488 2.402822 10.706152 0.643692 2.447337 -0.000000 16.740360 -2.049017 -4.085091 0.690325 -0.715833 0.000001 9.617866 1.684977 -12.557263 1.524185 3.744502 0.000001 22.037384 7.501073 0.000000 0.000000 0.000000 -4.569999 11.014856 -2.160841 3.349714 13.625703 10.892394 -22.863392 27.056130 21.646179 -0.000422 82.839594 0.000490 -6.499942 4.025220 -30.044943 -2.464786 -1.574002 2.681910 7.564649 7.028707 27.703719 -9.818517 -72.226675 -19.707070 -2.646264 -1.527813 1.527811 -2.645434 -31.790019 -7.915081 -1.994583 -1.151581 1.151563 -0.000000 0.000003 0.000006 -9.108296 -0.517881 2.259803 6.036403 -6.888418 82.440971 4.121022 -6.349619 65.937868 1.115601 -3.782566 32.854576 0.000000 -0.000000 0.000001 -9.532492 -0.000004 0.000002 6.036400 -6.888419 82.440971 4.121019 -6.349615 65.937868 1.115599 -3.782566 32.854573 0.000001 -0.000000 -0.000003 -9.103601 -0.043104 -1.865099 6.036403 -6.888416 82.440964 4.121019 -6.349615 65.937868 1.115599 -3.782567 32.854576 0.000000 0.000002 0.000001 -8.076701 -0.486713 -3.806299 6.036404 -6.888420 82.440971 4.121023 -6.349615 65.937861 1.115592 -3.782567 32.854600 -0.000000 0.000002 0.000001 4.570404 11.014690 -2.160814 1.244638 0.076117 -10.790645 -32.097159 -41.849003 -48.693942 0.000011 -81.974175 -0.000023 -1.052524 0.742346 26.301402 2.466093 -1.576189 2.681710 18.241729 -23.305282 -17.628944 53.671616 63.248460 -40.439515 2.647888 -1.528750 1.528754 10.741891 32.760815 -5.296232 1.998929 -1.154073 1.154082 0.000001 -0.000000 -0.000002 9.109306 -0.518016 2.259899 6.090335 6.835969 -83.384725 5.535319 6.749086 -78.694557 1.552537 4.360281 -39.183941 0.000001 0.000001 -0.000001 9.533393 -0.000004 0.000008 6.088415 6.835750 -83.368510 5.537222 6.749461 -78.710772 1.552547 4.360283 -39.183928 -0.000000 0.000003 0.000001 9.104502 -0.042984 -1.865096 6.090336 6.835968 -83.384725 5.535318 6.749091 -78.694550 1.552540 4.360280 -39.183945 -0.000001 -0.000002 0.000002 8.077805 -0.486897 -3.806298 10.148459 7.303610 -83.373981 5.544912 2.664448 -78.811354 1.552531 4.360283 -39.183945 -0.000002 -0.000002 -0.000000 -8.207801 -6.751703 -1.599551 -69.736587 -4.015079 -3.352907 49.900211 -0.481784 -0.104777 36.480802 3.593031 12.996150 -0.000014 0.000003 0.000000 -0.000000 0.000001 0.000000 8.207798 -6.751705 -1.599543 -70.132724 -0.535703 14.333350 92.739912 9.744970 0.545675 -6.150890 3.219349 5.773227 -0.083496 0.000009 -0.000001 0.000000 0.000000 -0.000000 
-0.516523 64.068367 1.353670 -18.218237 -6.708780 -7.729635 0.000001 10.181540 0.131519 5.911846 3.025216 3.766260 10.720749 0.586488 2.402822 10.706152 0.643692 2.447337 -0.000000 16.740360 -2.049017 -4.085091 0.690325 -0.715833 0.000001 9.617866 1.684977 -12.557263 1.524185 3.744502 0.000001 22.037384 7.501073 0.000000 0.000000 0.000000 -4.569999 11.014856 -2.160841 3.349714 13.625703 10.892394 -22.863392 27.056130 21.646179 -0.000422 82.839594 0.000490 -6.499942 4.025220 -30.044943 -2.464786 -1.574002 2.681910 7.564649 7.028707 27.703719 -9.818517 -72.226675 -19.707070 -2.646264 -1.527813 1.527811 -2.645434 -31.790019 -7.915081 -1.994583 -1.151581 1.151563 -0.000000 0.000003 0.000006 -9.108296 -0.517881 2.259803 6.036403 -6.888418 82.440971 4.121022 -6.349619 65.937868 1.115601 -3.782566 32.854576 0.000000 -0.000000 0.000001 -9.532492 -0.000004 0.000002 6.036400 -6.888419 82.440971 4.121019 -6.349615 65.937868 1.115599 -3.782566 32.854573 0.000001 -0.000000 -0.000003 -9.103601 -0.043104 -1.865099 6.036403 -6.888416 82.440964 4.121019 -6.349615 65.937868 1.115599 -3.782567 32.854576 0.000000 0.000002 0.000001 -8.076701 -0.486713 -3.806299 6.036404 -6.888420 82.440971 4.121023 -6.349615 65.937861 1.115592 -3.782567 32.854600 -0.000000 0.000002 0.000001 4.570404 11.014690 -2.160814 1.244638 0.076117 -10.790645 -32.097159 -41.849003 -48.693942 0.000011 -81.974175 -0.000023 -1.052524 0.742346 26.301402 2.466093 -1.576189 2.681710 18.241729 -23.305282 -17.628944 53.671616 63.248460 -40.439515 2.647888 -1.528750 1.528754 10.741891 32.760815 -5.296232 1.998929 -1.154073 1.154082 0.000001 -0.000000 -0.000002 9.109306 -0.518016 2.259899 6.090335 6.835969 -83.384725 5.535319 6.749086 -78.694557 1.552537 4.360281 -39.183941 0.000001 0.000001 -0.000001 9.533393 -0.000004 0.000008 6.088415 6.835750 -83.368510 5.537222 6.749461 -78.710772 1.552547 4.360283 -39.183928 -0.000000 0.000003 0.000001 9.104502 -0.042984 -1.865096 6.090336 6.835968 -83.384725 5.535318 6.749091 -78.694550 1.552540 4.360280 -39.183945 -0.000001 -0.000002 0.000002 8.077805 -0.486897 -3.806298 10.148459 7.303610 -83.373981 5.544912 2.664448 -78.811354 1.552531 4.360283 -39.183945 -0.000002 -0.000002 -0.000000 -8.207801 -6.751703 -1.599551 -69.736587 -4.015079 -3.352907 49.900211 -0.481784 -0.104777 36.480802 3.593031 12.996150 -0.000014 0.000003 0.000000 -0.000000 0.000001 0.000000 8.207798 -6.751705 -1.599543 -70.132724 -0.535703 14.333350 92.739912 9.744970 0.545675 -6.150890 3.219349 5.773227 -0.083496 0.000009 -0.000001 0.000000 0.000000 -0.000000 
-0.516523 64.068367 1.353670 -18.218237 -6.708780 -7.729635 0.000001 10.181540 0.131519 5.911846 3.025216 3.766260 10.720749 0.586488 2.402822 10.706152 0.643692 2.447337 -0.000000 16.740360 -2.049017 -4.085091 0.690325 -0.715833 0.000001 9.617866 1.684977 -12.557263 1.524185 3.744502 0.000001 22.037384 7.501073 0.000000 0.000000 0.000000 -4.569999 11.014856 -2.160841 3.349714 13.625703 10.892394 -22.863392 27.056130 21.646179 -0.000422 82.839594 0.000490 -6.499942 4.025220 -30.044943 -2.464786 -1.574002 2.681910 7.564649 7.028707 27.703719 -9.818517 -72.226675 -19.707070 -2.646264 -1.527813 1.527811 -2.645434 -31.790019 -7.915081 -1.994583 -1.151581 1.151563 -0.000000 0.000003 0.000006 -9.108296 -0.517881 2.259803 6.036403 -6.888418 82.440971 4.121022 -6.349619 65.937868 1.115601 -3.782566 32.854576 0.000000 -0.000000 0.000001 -9.532492 -0.000004 0.000002 6.036400 -6.888419 82.440971 4.121019 -6.349615 65.937868 1.115599 -3.782566 32.854573 0.000001 -0.000000 -0.000003 -9.103601 -0.043104 -1.865099 6.036403 -6.888416 82.440964 4.121019 -6.349615 65.937868 1.115599 -3.782567 32.854576 0.000000 0.000002 0.000001 -8.076701 -0.486713 -3.806299 6.036404 -6.888420 82.440971 4.121023 -6.349615 65.937861 1.115592 -3.782567 32.854600 -0.000000 0.000002 0.000001 4.570404 11.014690 -2.160814 1.244638 0.076117 -10.790645 -32.097159 -41.849003 -48.693942 0.000011 -81.974175 -0.000023 -1.052524 0.742346 26.301402 2.466093 -1.576189 2.681710 18.241729 -23.305282 -17.628944 53.671616 63.248460 -40.439515 2.647888 -1.528750 1.528754 10.741891 32.760815 -5.296232 1.998929 -1.154073 1.154082 0.000001 -0.000000 -0.000002 9.109306 -0.518016 2.259899 6.090335 6.835969 -83.384725 5.535319 6.749086 -78.694557 1.552537 4.360281 -39.183941 0.000001 0.000001 -0.000001 9.533393 -0.000004 0.000008 6.088415 6.835750 -83.368510 5.537222 6.749461 -78.710772 1.552547 4.360283 -39.183928 -0.000000 0.000003 0.000001 9.104502 -0.042984 -1.865096 6.090336 6.835968 -83.384725 5.535318 6.749091 -78.694550 1.552540 4.360280 -39.183945 -0.000001 -0.000002 0.000002 8.077805 -0.486897 -3.806298 10.148459 7.303610 -83.373981 5.544912 2.664448 -78.811354 1.552531 4.360283 -39.183945 -0.000002 -0.000002 -0.000000 -8.207801 -6.751703 -1.599551 -69.736587 -4.015079 -3.352907 49.900211 -0.481784 -0.104777 36.480802 3.593031 12.996150 -0.000014 0.000003 0.000000 -0.000000 0.000001 0.000000 8.207798 -6.751705 -1.599543 -70.132724 -0.535703 14.333350 92.739912 9.744970 0.545675 -6.150890 3.219349 5.773227 -0.083496 0.000009 -0.000001 0.000000 0.000000 -0.000000 
-0.516523 64.068367 1.353670 -18.218237 -6.708780 -7.729635 0.000001 10.181540 0.131519 5.911846 3.025216 3.766260 10.720749 0.586488 2.402822 10.706152 0.643692 2.447337 -0.000000 16.740360 -2.049017 -4.085091 0.690325 -0.715833 0.000001 9.617866 1.684977 -12.557263 1.524185 3.744502 0.000001 22.037384 7.501073 0.000000 0.000000 0.000000 -4.569999 11.014856 -2.160841 3.349714 13.625703 10.892394 -22.863392 27.056130 21.646179 -0.000422 82.839594 0.000490 -6.499942 4.025220 -30.044943 -2.464786 -1.574002 2.681910 7.564649 7.028707 27.703719 -9.818517 -72.226675 -19.707070 -2.646264 -1.527813 1.527811 -2.645434 -31.790019 -7.915081 -1.994583 -1.151581 1.151563 -0.000000 0.000003 0.000006 -9.108296 -0.517881 2.259803 6.036403 -6.888418 82.440971 4.121022 -6.349619 65.937868 1.115601 -3.782566 32.854576 0.000000 -0.000000 0.000001 -9.532492 -0.000004 0.000002 6.036400 -6.888419 82.440971 4.121019 -6.349615 65.937868 1.115599 -3.782566 32.854573 0.000001 -0.000000 -0.000003 -9.103601 -0.043104 -1.865099 6.036403 -6.888416 82.440964 4.121019 -6.349615 65.937868 1.115599 -3.782567 32.854576 0.000000 0.000002 0.000001 -8.076701 -0.486713 -3.806299 6.036404 -6.888420 82.440971 4.121023 -6.349615 65.937861 1.115592 -3.782567 32.854600 -0.000000 0.000002 0.000001 4.570404 11.014690 -2.160814 1.244638 0.076117 -10.790645 -32.097159 -41.849003 -48.693942 0.000011 -81.974175 -0.000023 -1.052524 0.742346 26.301402 2.466093 -1.576189 2.681710 18.241729 -23.305282 -17.628944 53.671616 63.248460 -40.439515 2.647888 -1.528750 1.528754 10.741891 32.760815 -5.296232 1.998929 -1.154073 1.154082 0.000001 -0.000000 -0.000002 9.109306 -0.518016 2.259899 6.090335 6.835969 -83.384725 5.535319 6.749086 -78.694557 1.552537 4.360281 -39.183941 0.000001 0.000001 -0.000001 9.533393 -0.000004 0.000008 6.088415 6.835750 -83.368510 5.537222 6.749461 -78.710772 1.552547 4.360283 -39.183928 -0.000000 0.000003 0.000001 9.104502 -0.042984 -1.865096 6.090336 6.835968 -83.384725 5.535318 6.749091 -78.694550 1.552540 4.360280 -39.183945 -0.000001 -0.000002 0.000002 8.077805 -0.486897 -3.806298 10.148459 7.303610 -83.373981 5.544912 2.664448 -78.811354 1.552531 4.360283 -39.183945 -0.000002 -0.000002 -0.000000 -8.207801 -6.751703 -1.599551 -69.736587 -4.015079 -3.352907 49.900211 -0.481784 -0.104777 36.480802 3.593031 12.996150 -0.000014 0.000003 0.000000 -0.000000 0.000001 0.000000 8.207798 -6.751705 -1.599543 -70.132724 -0.535703 14.333350 92.739912 9.744970 0.545675 -6.150890 3.219349 5.773227 -0.083496 0.000009 -0.000001 0.000000 0.000000 -0.000000 
-0.516523 64.068367 1.353670 -18.218237 -6.708780 -7.729635 0.000001 10.181540 0.131519 5.911846 3.025216 3.766260 10.720749 0.586488 2.402822 10.706152 0.643692 2.447337 -0.000000 16.740360 -2.049017 -4.085091 0.690325 -0.715833 0.000001 9.617866 1.684977 -12.557263 1.524185 3.744502 0.000001 22.037384 7.501073 0.000000 0.000000 0.000000 -4.569999 11.014856 -2.160841 3.349714 13.625703 10.892394 -22.863392 27.056130 21.646179 -0.000422 82.839594 0.000490 -6.499942 4.025220 -30.044943 -2.464786 -1.574002 2.681910 7.564649 7.028707 27.703719 -9.818517 -72.226675 -19.707070 -2.646264 -1.527813 1.527811 -2.645434 -31.790019 -7.915081 -1.994583 -1.151581 1.151563 -0.000000 0.000003 0.000006 -9.108296 -0.517881 2.259803 6.036403 -6.888418 82.440971 4.121022 -6.349619 65.937868 1.115601 -3.782566 32.854576 0.000000 -0.000000 0.000001 -9.532492 -0.000004 0.000002 6.036400 -6.888419 82.440971 4.121019 -6.349615 65.937868 1.115599 -3.782566 32.854573 0.000001 -0.000000 -0.000003 -9.103601 -0.043104 -1.865099 6.036403 -6.888416 82.440964 4.121019 -6.349615 65.937868 1.115599 -3.782567 32.854576 0.000000 0.000002 0.000001 -8.076701 -0.486713 -3.806299 6.036404 -6.888420 82.440971 4.121023 -6.349615 65.937861 1.115592 -3.782567 32.854600 -0.000000 0.000002 0.000001 4.570404 11.014690 -2.160814 1.244638 0.076117 -10.790645 -32.097159 -41.849003 -48.693942 0.000011 -81.974175 -0.000023 -1.052524 0.742346 26.301402 2.466093 -1.576189 2.681710 18.241729 -23.305282 -17.628944 53.671616 63.248460 -40.439515 2.647888 -1.528750 1.528754 10.741891 32.760815 -5.296232 1.998929 -1.154073 1.154082 0.000001 -0.000000 -0.000002 9.109306 -0.518016 2.259899 6.090335 6.835969 -83.384725 5.535319 6.749086 -78.694557 1.552537 4.360281 -39.183941 0.000001 0.000001 -0.000001 9.533393 -0.000004 0.000008 6.088415 6.835750 -83.368510 5.537222 6.749461 -78.710772 1.552547 4.360283 -39.183928 -0.000000 0.000003 0.000001 9.104502 -0.042984 -1.865096 6.090336 6.835968 -83.384725 5.535318 6.749091 -78.694550 1.552540 4.360280 -39.183945 -0.000001 -0.000002 0.000002 8.077805 -0.486897 -3.806298 10.148459 7.303610 -83.373981 5.544912 2.664448 -78.811354 1.552531 4.360283 -39.183945 -0.000002 -0.000002 -0.000000 -8.207801 -6.751703 -1.599551 -69.736587 -4.015079 -3.352907 49.900211 -0.481784 -0.104777 36.480802 3.593031 12.996150 -0.000014 0.000003 0.000000 -0.000000 0.000001 0.000000 8.207798 -6.751705 -1.599543 -70.132724 -0.535703 14.333350 92.739912 9.744970 0.545675 -6.150890 3.219349 5.773227 -0.083496 0.000009 -0.000001 0.000000 0.000000 -0.000000 
-0.516523 64.068367 1.353670 -18.218237 -6.708780 -7.729635 0.000001 10.181540 0.131519 5.911846 3.025216 3.766260 10.720749 0.586488 2.402822 10.706152 0.643692 2.447337 -0.000000 16.740360 -2.049017 -4.085091 0.690325 -0.715833 0.000001 9.617866 1.684977 -12.557263 1.524185 3.744502 0.000001 22.037384 7.501073 0.000000 0.000000 0.000000 -4.569999 11.014856 -2.160841 3.349714 13.625703 10.892394 -22.863392 27.056130 21.646179 -0.000422 82.839594 0.000490 -6.499942 4.025220 -30.044943 -2.464786 -1.574002 2.681910 7.564649 7.028707 27.703719 -9.818517 -72.226675 -19.707070 -2.646264 -1.527813 1.527811 -2.645434 -31.790019 -7.915081 -1.994583 -1.151581 1.151563 -0.000000 0.000003 0.000006 -9.108296 -0.517881 2.259803 6.036403 -6.888418 82.440971 4.121022 -6.349619 65.937868 1.115601 -3.782566 32.854576 0.000000 -0.000000 0.000001 -9.532492 -0.000004 0.000002 6.036400 -6.888419 82.440971 4.121019 -6.349615 65.937868 1.115599 -3.782566 32.854573 0.000001 -0.000000 -0.000003 -9.103601 -0.043104 -1.865099 6.036403 -6.888416 82.440964 4.121019 -6.349615 65.937868 1.115599 -3.782567 32.854576 0.000000 0.000002 0.000001 -8.076701 -0.486713 -3.806299 6.036404 -6.888420 82.440971 4.121023 -6.349615 65.937861 1.115592 -3.782567 32.854600 -0.000000 0.000002 0.000001 4.570404 11.014690 -2.160814 1.244638 0.076117 -10.790645 -32.097159 -41.849003 -48.693942 0.000011 -81.974175 -0.000023 -1.052524 0.742346 26.301402 2.466093 -1.576189 2.681710 18.241729 -23.305282 -17.628944 53.671616 63.248460 -40.439515 2.647888 -1.528750 1.528754 10.741891 32.760815 -5.296232 1.998929 -1.154073 1.154082 0.000001 -0.000000 -0.000002 9.109306 -0.518016 2.259899 6.090335 6.835969 -83.384725 5.535319 6.749086 -78.694557 1.552537 4.360281 -39.183941 0.000001 0.000001 -0.000001 9.533393 -0.000004 0.000008 6.088415 6.835750 -83.368510 5.537222 6.749461 -78.710772 1.552547 4.360283 -39.183928 -0.000000 0.000003 0.000001 9.104502 -0.042984 -1.865096 6.090336 6.835968 -83.384725 5.535318 6.749091 -78.694550 1.552540 4.360280 -39.183945 -0.000001 -0.000002 0.000002 8.077805 -0.486897 -3.806298 10.148459 7.303610 -83.373981 5.544912 2.664448 -78.811354 1.552531 4.360283 -39.183945 -0.000002 -0.000002 -0.000000 -8.207801 -6.751703 -1.599551 -69.736587 -4.015079 -3.352907 49.900211 -0.481784 -0.104777 36.480802 3.593031 12.996150 -0.000014 0.000003 0.000000 -0.000000 0.000001 0.000000 8.207798 -6.751705 -1.599543 -70.132724 -0.535703 14.333350 92.739912 9.744970 0.545675 -6.150890 3.219349 5.773227 -0.083496 0.000009 -0.000001 0.000000 0.000000 -0.000000 
-0.516523 64.068367 1.353670 -18.218237 -6.708780 -7.729635 0.000001 10.181540 0.131519 5.911846 3.025216 3.766260 10.720749 0.586488 2.402822 10.706152 0.643692 2.447337 -0.000000 16.740360 -2.049017 -4.085091 0.690325 -0.715833 0.000001 9.617866 1.684977 -12.557263 1.524185 3.744502 0.000001 22.037384 7.501073 0.000000 0.000000 0.000000 -4.569999 11.014856 -2.160841 3.349714 13.625703 10.892394 -22.863392 27.056130 21.646179 -0.000422 82.839594 0.000490 -6.499942 4.025220 -30.044943 -2.464786 -1.574002 2.681910 7.564649 7.028707 27.703719 -9.818517 -72.226675 -19.707070 -2.646264 -1.527813 1.527811 -2.645434 -31.790019 -7.915081 -1.994583 -1.151581 1.151563 -0.000000 0.000003 0.000006 -9.108296 -0.517881 2.259803 6.036403 -6.888418 82.440971 4.121022 -6.349619 65.937868 1.115601 -3.782566 32.854576 0.000000 -0.000000 0.000001 -9.532492 -0.000004 0.000002 6.036400 -6.888419 82.440971 4.121019 -6.349615 65.937868 1.115599 -3.782566 32.854573 0.000001 -0.000000 -0.000003 -9.103601 -0.043104 -1.865099 6.036403 -6.888416 82.440964 4.121019 -6.349615 65.937868 1.115599 -3.782567 32.854576 0.000000 0.000002 0.000001 -8.076701 -0.486713 -3.806299 6.036404 -6.888420 82.440971 4.121023 -6.349615 65.937861 1.115592 -3.782567 32.854600 -0.000000 0.000002 0.000001 4.570404 11.014690 -2.160814 1.244638 0.076117 -10.790645 -32.097159 -41.849003 -48.693942 0.000011 -81.974175 -0.000023 -1.052524 0.742346 26.301402 2.466093 -1.576189 2.681710 18.241729 -23.305282 -17.628944 53.671616 63.248460 -40.439515 2.647888 -1.528750 1.528754 10.741891 32.760815 -5.296232 1.998929 -1.154073 1.154082 0.000001 -0.000000 -0.000002 9.109306 -0.518016 2.259899 6.090335 6.835969 -83.384725 5.535319 6.749086 -78.694557 1.552537 4.360281 -39.183941 0.000001 0.000001 -0.000001 9.533393 -0.000004 0.000008 6.088415 6.835750 -83.368510 5.537222 6.749461 -78.710772 1.552547 4.360283 -39.183928 -0.000000 0.000003 0.000001 9.104502 -0.042984 -1.865096 6.090336 6.835968 -83.384725 5.535318 6.749091 -78.694550 1.552540 4.360280 -39.183945 -0.000001 -0.000002 0.000002 8.077805 -0.486897 -3.806298 10.148459 7.303610 -83.373981 5.544912 2.664448 -78.811354 1.552531 4.360283 -39.183945 -0.000002 -0.000002 -0.000000 -8.207801 -6.751703 -1.599551 -69.736587 -4.015079 -3.352907 49.900211 -0.481784 -0.104777 36.480802 3.593031 12.996150 -0.000014 0.000003 0.000000 -0.000000 0.000001 0.000000 8.207798 -6.751705 -1.599543 -70.132724 -0.535703 14.333350 92.739912 9.744970 0.545675 -6.150890 3.219349 5.773227 -0.083496 0.000009 -0.000001 0.000000 0.000000 -0.000000 
-0.516523 64.068367 1.353670 -18.218237 -6.708780 -7.729635 0.000001 10.181540 0.131519 5.911846 3.025216 3.766260 10.720749 0.586488 2.402822 10.706152 0.643692 2.447337 -0.000000 16.740360 -2.049017 -4.085091 0.690325 -0.715833 0.000001 9.617866 1.684977 -12.557263 1.524185 3.744502 0.000001 22.037384 7.501073 0.000000 0.000000 0.000000 -4.569999 11.014856 -2.160841 3.349714 13.625703 10.892394 -22.863392 27.056130 21.646179 -0.000422 82.839594 0.000490 -6.499942 4.025220 -30.044943 -2.464786 -1.574002 2.681910 7.564649 7.028707 27.703719 -9.818517 -72.226675 -19.707070 -2.646264 -1.527813 1.527811 -2.645434 -31.790019 -7.915081 -1.994583 -1.151581 1.151563 -0.000000 0.000003 0.000006 -9.108296 -0.517881 2.259803 6.036403 -6.888418 82.440971 4.121022 -6.349619 65.937868 1.115601 -3.782566 32.854576 0.000000 -0.000000 0.000001 -9.532492 -0.000004 0.000002 6.036400 -6.888419 82.440971 4.121019 -6.349615 65.937868 1.115599 -3.782566 32.854573 0.000001 -0.000000 -0.000003 -9.103601 -0.043104 -1.865099 6.036403 -6.888416 82.440964 4.121019 -6.349615 65.937868 1.115599 -3.782567 32.854576 0.000000 0.000002 0.000001 -8.076701 -0.486713 -3.806299 6.036404 -6.888420 82.440971 4.121023 -6.349615 65.937861 1.115592 -3.782567 32.854600 -0.000000 0.000002 0.000001 4.570404 11.014690 -2.160814 1.244638 0.076117 -10.790645 -32.097159 -41.849003 -48.693942 0.000011 -81.974175 -0.000023 -1.052524 0.742346 26.301402 2.466093 -1.576189 2.681710 18.241729 -23.305282 -17.628944 53.671616 63.248460 -40.439515 2.647888 -1.528750 1.528754 10.741891 32.760815 -5.296232 1.998929 -1.154073 1.154082 0.000001 -0.000000 -0.000002 9.109306 -0.518016 2.259899 6.090335 6.835969 -83.384725 5.535319 6.749086 -78.694557 1.552537 4.360281 -39.183941 0.000001 0.000001 -0.000001 9.533393 -0.000004 0.000008 6.088415 6.835750 -83.368510 5.537222 6.749461 -78.710772 1.552547 4.360283 -39.183928 -0.000000 0.000003 0.000001 9.104502 -0.042984 -1.865096 6.090336 6.835968 -83.384725 5.535318 6.749091 -78.694550 1.552540 4.360280 -39.183945 -0.000001 -0.000002 0.000002 8.077805 -0.486897 -3.806298 10.148459 7.303610 -83.373981 5.544912 2.664448 -78.811354 1.552531 4.360283 -39.183945 -0.000002 -0.000002 -0.000000 -8.207801 -6.751703 -1.599551 -69.736587 -4.015079 -3.352907 49.900211 -0.481784 -0.104777 36.480802 3.593031 12.996150 -0.000014 0.000003 0.000000 -0.000000 0.000001 0.000000 8.207798 -6.751705 -1.599543 -70.132724 -0.535703 14.333350 92.739912 9.744970 0.545675 -6.150890 3.219349 5.773227 -0.083496 0.000009 -0.000001 0.000000 0.000000 -0.000000 
-0.516523 64.068367 1.353670 -18.218237 -6.708780 -7.729635 0.000001 10.181540 0.131519 5.911846 3.025216 3.766260 10.720749 0.586488 2.402822 10.706152 0.643692 2.447337 -0.000000 16.740360 -2.049017 -4.085091 0.690325 -0.715833 0.000001 9.617866 1.684977 -12.557263 1.524185 3.744502 0.000001 22.037384 7.501073 0.000000 0.000000 0.000000 -4.569999 11.014856 -2.160841 3.349714 13.625703 10.892394 -22.863392 27.056130 21.646179 -0.000422 82.839594 0.000490 -6.499942 4.025220 -30.044943 -2.464786 -1.574002 2.681910 7.564649 7.028707 27.703719 -9.818517 -72.226675 -19.707070 -2.646264 -1.527813 1.527811 -2.645434 -31.790019 -7.915081 -1.994583 -1.151581 1.151563 -0.000000 0.000003 0.000006 -9.108296 -0.517881 2.259803 6.036403 -6.888418 82.440971 4.121022 -6.349619 65.937868 1.115601 -3.782566 32.854576 0.000000 -0.000000 0.000001 -9.532492 -0.000004 0.000002 6.036400 -6.888419 82.440971 4.121019 -6.349615 65.937868 1.115599 -3.782566 32.854573 0.000001 -0.000000 -0.000003 -9.103601 -0.043104 -1.865099 6.036403 -6.888416 82.440964 4.121019 -6.349615 65.937868 1.115599 -3.782567 32.854576 0.000000 0.000002 0.000001 -8.076701 -0.486713 -3.806299 6.036404 -6.888420 82.440971 4.121023 -6.349615 65.937861 1.115592 -3.782567 32.854600 -0.000000 0.000002 0.000001 4.570404 11.014690 -2.160814 1.244638 0.076117 -10.790645 -32.097159 -41.849003 -48.693942 0.000011 -81.974175 -0.000023 -1.052524 0.742346 26.301402 2.466093 -1.576189 2.681710 18.241729 -23.305282 -17.628944 53.671616 63.248460 -40.439515 2.647888 -1.528750 1.528754 10.741891 32.760815 -5.296232 1.998929 -1.154073 1.154082 0.000001 -0.000000 -0.000002 9.109306 -0.518016 2.259899 6.090335 6.835969 -83.384725 5.535319 6.749086 -78.694557 1.552537 4.360281 -39.183941 0.000001 0.000001 -0.000001 9.533393 -0.000004 0.000008 6.088415 6.835750 -83.368510 5.537222 6.749461 -78.710772 1.552547 4.360283 -39.183928 -0.000000 0.000003 0.000001 9.104502 -0.042984 -1.865096 6.090336 6.835968 -83.384725 5.535318 6.749091 -78.694550 1.552540 4.360280 -39.183945 -0.000001 -0.000002 0.000002 8.077805 -0.486897 -3.806298 10.148459 7.303610 -83.373981 5.544912 2.664448 -78.811354 1.552531 4.360283 -39.183945 -0.000002 -0.000002 -0.000000 -8.207801 -6.751703 -1.599551 -69.736587 -4.015079 -3.352907 49.900211 -0.481784 -0.104777 36.480802 3.593031 12.996150 -0.000014 0.000003 0.000000 -0.000000 0.000001 0.000000 8.207798 -6.751705 -1.599543 -70.132724 -0.535703 14.333350 92.739912 9.744970 0.545675 -6.150890 3.219349 5.773227 -0.083496 0.000009 -0.000001 0.000000 0.000000 -0.000000 
-0.516523 64.068367 1.353670 -18.218237 -6.708780 -7.729635 0.000001 10.181540 0.131519 5.911846 3.025216 3.766260 10.720749 0.586488 2.402822 10.706152 0.643692 2.447337 -0.000000 16.740360 -2.049017 -4.085091 0.690325 -0.715833 0.000001 9.617866 1.684977 -12.557263 1.524185 3.744502 0.000001 22.037384 7.501073 0.000000 0.000000 0.000000 -4.569999 11.014856 -2.160841 3.349714 13.625703 10.892394 -22.863392 27.056130 21.646179 -0.000422 82.839594 0.000490 -6.499942 4.025220 -30.044943 -2.464786 -1.574002 2.681910 7.564649 7.028707 27.703719 -9.818517 -72.226675 -19.707070 -2.646264 -1.527813 1.527811 -2.645434 -31.790019 -7.915081 -1.994583 -1.151581 1.151563 -0.000000 0.000003 0.000006 -9.108296 -0.517881 2.259803 6.036403 -6.888418 82.440971 4.121022 -6.349619 65.937868 1.115601 -3.782566 32.854576 0.000000 -0.000000 0.000001 -9.532492 -0.000004 0.000002 6.036400 -6.888419 82.440971 4.121019 -6.349615 65.937868 1.115599 -3.782566 32.854573 0.000001 -0.000000 -0.000003 -9.103601 -0.043104 -1.865099 6.036403 -6.888416 82.440964 4.121019 -6.349615 65.937868 1.115599 -3.782567 32.854576 0.000000 0.000002 0.000001 -8.076701 -0.486713 -3.806299 6.036404 -6.888420 82.440971 4.121023 -6.349615 65.937861 1.115592 -3.782567 32.854600 -0.000000 0.000002 0.000001 4.570404 11.014690 -2.160814 1.244638 0.076117 -10.790645 -32.097159 -41.849003 -48.693942 0.000011 -81.974175 -0.000023 -1.052524 0.742346 26.301402 2.466093 -1.576189 2.681710 18.241729 -23.305282 -17.628944 53.671616 63.248460 -40.439515 2.647888 -1.528750 1.528754 10.741891 32.760815 -5.296232 1.998929 -1.154073 1.154082 0.000001 -0.000000 -0.000002 9.109306 -0.518016 2.259899 6.090335 6.835969 -83.384725 5.535319 6.749086 -78.694557 1.552537 4.360281 -39.183941 0.000001 0.000001 -0.000001 9.533393 -0.000004 0.000008 6.088415 6.835750 -83.368510 5.537222 6.749461 -78.710772 1.552547 4.360283 -39.183928 -0.000000 0.000003 0.000001 9.104502 -0.042984 -1.865096 6.090336 6.835968 -83.384725 5.535318 6.749091 -78.694550 1.552540 4.360280 -39.183945 -0.000001 -0.000002 0.000002 8.077805 -0.486897 -3.806298 10.148459 7.303610 -83.373981 5.544912 2.664448 -78.811354 1.552531 4.360283 -39.183945 -0.000002 -0.000002 -0.000000 -8.207801 -6.751703 -1.599551 -69.736587 -4.015079 -3.352907 49.900211 -0.481784 -0.104777 36.480802 3.593031 12.996150 -0.000014 0.000003 0.000000 -0.000000 0.000001 0.000000 8.207798 -6.751705 -1.599543 -70.132724 -0.535703 14.333350 92.739912 9.744970 0.545675 -6.150890 3.219349 5.773227 -0.083496 0.000009 -0.000001 0.000000 0.000000 -0.000000 
-0.516523 64.068367 1.353670 -18.218237 -6.708780 -7.729635 0.000001 10.181540 0.131519 5.911846 3.025216 3.766260 10.720749 0.586488 2.402822 10.706152 0.643692 2.447337 -0.000000 16.740360 -2.049017 -4.085091 0.690325 -0.715833 0.000001 9.617866 1.684977 -12.557263 1.524185 3.744502 0.000001 22.037384 7.501073 0.000000 0.000000 0.000000 -4.569999 11.014856 -2.160841 3.349714 13.625703 10.892394 -22.863392 27.056130 21.646179 -0.000422 82.839594 0.000490 -6.499942 4.025220 -30.044943 -2.464786 -1.574002 2.681910 7.564649 7.028707 27.703719 -9.818517 -72.226675 -19.707070 -2.646264 -1.527813 1.527811 -2.645434 -31.790019 -7.915081 -1.994583 -1.151581 1.151563 -0.000000 0.000003 0.000006 -9.108296 -0.517881 2.259803 6.036403 -6.888418 82.440971 4.121022 -6.349619 65.937868 1.115601 -3.782566 32.854576 0.000000 -0.000000 0.000001 -9.532492 -0.000004 0.000002 6.036400 -6.888419 82.440971 4.121019 -6.349615 65.937868 1.115599 -3.782566 32.854573 0.000001 -0.000000 -0.000003 -9.103601 -0.043104 -1.865099 6.036403 -6.888416 82.440964 4.121019 -6.349615 65.937868 1.115599 -3.782567 32.854576 0.000000 0.000002 0.000001 -8.076701 -0.486713 -3.806299 6.036404 -6.888420 82.440971 4.121023 -6.349615 65.937861 1.115592 -3.782567 32.854600 -0.000000 0.000002 0.000001 4.570404 11.014690 -2.160814 1.244638 0.076117 -10.790645 -32.097159 -41.849003 -48.693942 0.000011 -81.974175 -0.000023 -1.052524 0.742346 26.301402 2.466093 -1.576189 2.681710 18.241729 -23.305282 -17.628944 53.671616 63.248460 -40.439515 2.647888 -1.528750 1.528754 10.741891 32.760815 -5.296232 1.998929 -1.154073 1.154082 0.000001 -0.000000 -0.000002 9.109306 -0.518016 2.259899 6.090335 6.835969 -83.384725 5.535319 6.749086 -78.694557 1.552537 4.360281 -39.183941 0.000001 0.000001 -0.000001 9.533393 -0.000004 0.000008 6.088415 6.835750 -83.368510 5.537222 6.749461 -78.710772 1.552547 4.360283 -39.183928 -0.000000 0.000003 0.000001 9.104502 -0.042984 -1.865096 6.090336 6.835968 -83.384725 5.535318 6.749091 -78.694550 1.552540 4.360280 -39.183945 -0.000001 -0.000002 0.000002 8.077805 -0.486897 -3.806298 10.148459 7.303610 -83.373981 5.544912 2.664448 -78.811354 1.552531 4.360283 -39.183945 -0.000002 -0.000002 -0.000000 -8.207801 -6.751703 -1.599551 -69.736587 -4.015079 -3.352907 49.900211 -0.481784 -0.104777 36.480802 3.593031 12.996150 -0.000014 0.000003 0.000000 -0.000000 0.000001 0.000000 8.207798 -6.751705 -1.599543 -70.132724 -0.535703 14.333350 92.739912 9.744970 0.545675 -6.150890 3.219349 5.773227 -0.083496 0.000009 -0.000001 0.000000 0.000000 -0.000000 
-0.516523 64.068367 1.353670 -18.218237 -6.708780 -7.729635 0.000001 10.181540 0.131519 5.911846 3.025216 3.766260 10.720749 0.586488 2.402822 10.706152 0.643692 2.447337 -0.000000 16.740360 -2.049017 -4.085091 0.690325 -0.715833 0.000001 9.617866 1.684977 -12.557263 1.524185 3.744502 0.000001 22.037384 7.501073 0.000000 0.000000 0.000000 -4.569999 11.014856 -2.160841 3.349714 13.625703 10.892394 -22.863392 27.056130 21.646179 -0.000422 82.839594 0.000490 -6.499942 4.025220 -30.044943 -2.464786 -1.574002 2.681910 7.564649 7.028707 27.703719 -9.818517 -72.226675 -19.707070 -2.646264 -1.527813 1.527811 -2.645434 -31.790019 -7.915081 -1.994583 -1.151581 1.151563 -0.000000 0.000003 0.000006 -9.108296 -0.517881 2.259803 6.036403 -6.888418 82.440971 4.121022 -6.349619 65.937868 1.115601 -3.782566 32.854576 0.000000 -0.000000 0.000001 -9.532492 -0.000004 0.000002 6.036400 -6.888419 82.440971 4.121019 -6.349615 65.937868 1.115599 -3.782566 32.854573 0.000001 -0.000000 -0.000003 -9.103601 -0.043104 -1.865099 6.036403 -6.888416 82.440964 4.121019 -6.349615 65.937868 1.115599 -3.782567 32.854576 0.000000 0.000002 0.000001 -8.076701 -0.486713 -3.806299 6.036404 -6.888420 82.440971 4.121023 -6.349615 65.937861 1.115592 -3.782567 32.854600 -0.000000 0.000002 0.000001 4.570404 11.014690 -2.160814 1.244638 0.076117 -10.790645 -32.097159 -41.849003 -48.693942 0.000011 -81.974175 -0.000023 -1.052524 0.742346 26.301402 2.466093 -1.576189 2.681710 18.241729 -23.305282 -17.628944 53.671616 63.248460 -40.439515 2.647888 -1.528750 1.528754 10.741891 32.760815 -5.296232 1.998929 -1.154073 1.154082 0.000001 -0.000000 -0.000002 9.109306 -0.518016 2.259899 6.090335 6.835969 -83.384725 5.535319 6.749086 -78.694557 1.552537 4.360281 -39.183941 0.000001 0.000001 -0.000001 9.533393 -0.000004 0.000008 6.088415 6.835750 -83.368510 5.537222 6.749461 -78.710772 1.552547 4.360283 -39.183928 -0.000000 0.000003 0.000001 9.104502 -0.042984 -1.865096 6.090336 6.835968 -83.384725 5.535318 6.749091 -78.694550 1.552540 4.360280 -39.183945 -0.000001 -0.000002 0.000002 8.077805 -0.486897 -3.806298 10.148459 7.303610 -83.373981 5.544912 2.664448 -78.811354 1.552531 4.360283 -39.183945 -0.000002 -0.000002 -0.000000 -8.207801 -6.751703 -1.599551 -69.736587 -4.015079 -3.352907 49.900211 -0.481784 -0.104777 36.480802 3.593031 12.996150 -0.000014 0.000003 0.000000 -0.000000 0.000001 0.000000 8.207798 -6.751705 -1.599543 -70.132724 -0.535703 14.333350 92.739912 9.744970 0.545675 -6.150890 3.219349 5.773227 -0.083496 0.000009 -0.000001 0.000000 0.000000 -0.000000 
-0.516523 64.068367 1.353670 -18.218237 -6.708780 -7.729635 0.000001 10.181540 0.131519 5.911846 3.025216 3.766260 10.720749 0.586488 2.402822 10.706152 0.643692 2.447337 -0.000000 16.740360 -2.049017 -4.085091 0.690325 -0.715833 0.000001 9.617866 1.684977 -12.557263 1.524185 3.744502 0.000001 22.037384 7.501073 0.000000 0.000000 0.000000 -4.569999 11.014856 -2.160841 3.349714 13.625703 10.892394 -22.863392 27.056130 21.646179 -0.000422 82.839594 0.000490 -6.499942 4.025220 -30.044943 -2.464786 -1.574002 2.681910 7.564649 7.028707 27.703719 -9.818517 -72.226675 -19.707070 -2.646264 -1.527813 1.527811 -2.645434 -31.790019 -7.915081 -1.994583 -1.151581 1.151563 -0.000000 0.000003 0.000006 -9.108296 -0.517881 2.259803 6.036403 -6.888418 82.440971 4.121022 -6.349619 65.937868 1.115601 -3.782566 32.854576 0.000000 -0.000000 0.000001 -9.532492 -0.000004 0.000002 6.036400 -6.888419 82.440971 4.121019 -6.349615 65.937868 1.115599 -3.782566 32.854573 0.000001 -0.000000 -0.000003 -9.103601 -0.043104 -1.865099 6.036403 -6.888416 82.440964 4.121019 -6.349615 65.937868 1.115599 -3.782567 32.854576 0.000000 0.000002 0.000001 -8.076701 -0.486713 -3.806299 6.036404 -6.888420 82.440971 4.121023 -6.349615 65.937861 1.115592 -3.782567 32.854600 -0.000000 0.000002 0.000001 4.570404 11.014690 -2.160814 1.244638 0.076117 -10.790645 -32.097159 -41.849003 -48.693942 0.000011 -81.974175 -0.000023 -1.052524 0.742346 26.301402 2.466093 -1.576189 2.681710 18.241729 -23.305282 -17.628944 53.671616 63.248460 -40.439515 2.647888 -1.528750 1.528754 10.741891 32.760815 -5.296232 1.998929 -1.154073 1.154082 0.000001 -0.000000 -0.000002 9.109306 -0.518016 2.259899 6.090335 6.835969 -83.384725 5.535319 6.749086 -78.694557 1.552537 4.360281 -39.183941 0.000001 0.000001 -0.000001 9.533393 -0.000004 0.000008 6.088415 6.835750 -83.368510 5.537222 6.749461 -78.710772 1.552547 4.360283 -39.183928 -0.000000 0.000003 0.000001 9.104502 -0.042984 -1.865096 6.090336 6.835968 -83.384725 5.535318 6.749091 -78.694550 1.552540 4.360280 -39.183945 -0.000001 -0.000002 0.000002 8.077805 -0.486897 -3.806298 10.148459 7.303610 -83.373981 5.544912 2.664448 -78.811354 1.552531 4.360283 -39.183945 -0.000002 -0.000002 -0.000000 -8.207801 -6.751703 -1.599551 -69.736587 -4.015079 -3.352907 49.900211 -0.481784 -0.104777 36.480802 3.593031 12.996150 -0.000014 0.000003 0.000000 -0.000000 0.000001 0.000000 8.207798 -6.751705 -1.599543 -70.132724 -0.535703 14.333350 92.739912 9.744970 0.545675 -6.150890 3.219349 5.773227 -0.083496 0.000009 -0.000001 0.000000 0.000000 -0.000000 
-0.516523 64.068367 1.353670 -18.218237 -6.708780 -7.729635 0.000001 10.181540 0.131519 5.911846 3.025216 3.766260 10.720749 0.586488 2.402822 10.706152 0.643692 2.447337 -0.000000 16.740360 -2.049017 -4.085091 0.690325 -0.715833 0.000001 9.617866 1.684977 -12.557263 1.524185 3.744502 0.000001 22.037384 7.501073 0.000000 0.000000 0.000000 -4.569999 11.014856 -2.160841 3.349714 13.625703 10.892394 -22.863392 27.056130 21.646179 -0.000422 82.839594 0.000490 -6.499942 4.025220 -30.044943 -2.464786 -1.574002 2.681910 7.564649 7.028707 27.703719 -9.818517 -72.226675 -19.707070 -2.646264 -1.527813 1.527811 -2.645434 -31.790019 -7.915081 -1.994583 -1.151581 1.151563 -0.000000 0.000003 0.000006 -9.108296 -0.517881 2.259803 6.036403 -6.888418 82.440971 4.121022 -6.349619 65.937868 1.115601 -3.782566 32.854576 0.000000 -0.000000 0.000001 -9.532492 -0.000004 0.000002 6.036400 -6.888419 82.440971 4.121019 -6.349615 65.937868 1.115599 -3.782566 32.854573 0.000001 -0.000000 -0.000003 -9.103601 -0.043104 -1.865099 6.036403 -6.888416 82.440964 4.121019 -6.349615 65.937868 1.115599 -3.782567 32.854576 0.000000 0.000002 0.000001 -8.076701 -0.486713 -3.806299 6.036404 -6.888420 82.440971 4.121023 -6.349615 65.937861 1.115592 -3.782567 32.854600 -0.000000 0.000002 0.000001 4.570404 11.014690 -2.160814 1.244638 0.076117 -10.790645 -32.097159 -41.849003 -48.693942 0.000011 -81.974175 -0.000023 -1.052524 0.742346 26.301402 2.466093 -1.576189 2.681710 18.241729 -23.305282 -17.628944 53.671616 63.248460 -40.439515 2.647888 -1.528750 1.528754 10.741891 32.760815 -5.296232 1.998929 -1.154073 1.154082 0.000001 -0.000000 -0.000002 9.109306 -0.518016 2.259899 6.090335 6.835969 -83.384725 5.535319 6.749086 -78.694557 1.552537 4.360281 -39.183941 0.000001 0.000001 -0.000001 9.533393 -0.000004 0.000008 6.088415 6.835750 -83.368510 5.537222 6.749461 -78.710772 1.552547 4.360283 -39.183928 -0.000000 0.000003 0.000001 9.104502 -0.042984 -1.865096 6.090336 6.835968 -83.384725 5.535318 6.749091 -78.694550 1.552540 4.360280 -39.183945 -0.000001 -0.000002 0.000002 8.077805 -0.486897 -3.806298 10.148459 7.303610 -83.373981 5.544912 2.664448 -78.811354 1.552531 4.360283 -39.183945 -0.000002 -0.000002 -0.000000 -8.207801 -6.751703 -1.599551 -69.736587 -4.015079 -3.352907 49.900211 -0.481784 -0.104777 36.480802 3.593031 12.996150 -0.000014 0.000003 0.000000 -0.000000 0.000001 0.000000 8.207798 -6.751705 -1.599543 -70.132724 -0.535703 14.333350 92.739912 9.744970 0.545675 -6.150890 3.219349 5.773227 -0.083496 0.000009 -0.000001 0.000000 0.000000 -0.000000 
-0.516523 64.068367 1.353670 -18.218237 -6.708780 -7.729635 0.000001 10.181540 0.131519 5.911846 3.025216 3.766260 10.720749 0.586488 2.402822 10.706152 0.643692 2.447337 -0.000000 16.740360 -2.049017 -4.085091 0.690325 -0.715833 0.000001 9.617866 1.684977 -12.557263 1.524185 3.744502 0.000001 22.037384 7.501073 0.000000 0.000000 0.000000 -4.569999 11.014856 -2.160841 3.349714 13.625703 10.892394 -22.863392 27.056130 21.646179 -0.000422 82.839594 0.000490 -6.499942 4.025220 -30.044943 -2.464786 -1.574002 2.681910 7.564649 7.028707 27.703719 -9.818517 -72.226675 -19.707070 -2.646264 -1.527813 1.527811 -2.645434 -31.790019 -7.915081 -1.994583 -1.151581 1.151563 -0.000000 0.000003 0.000006 -9.108296 -0.517881 2.259803 6.036403 -6.888418 82.440971 4.121022 -6.349619 65.937868 1.115601 -3.782566 32.854576 0.000000 -0.000000 0.000001 -9.532492 -0.000004 0.000002 6.036400 -6.888419 82.440971 4.121019 -6.349615 65.937868 1.115599 -3.782566 32.854573 0.000001 -0.000000 -0.000003 -9.103601 -0.043104 -1.865099 6.036403 -6.888416 82.440964 4.121019 -6.349615 65.937868 1.115599 -3.782567 32.854576 0.000000 0.000002 0.000001 -8.076701 -0.486713 -3.806299 6.036404 -6.888420 82.440971 4.121023 -6.349615 65.937861 1.115592 -3.782567 32.854600 -0.000000 0.000002 0.000001 4.570404 11.014690 -2.160814 1.244638 0.076117 -10.790645 -32.097159 -41.849003 -48.693942 0.000011 -81.974175 -0.000023 -1.052524 0.742346 26.301402 2.466093 -1.576189 2.681710 18.241729 -23.305282 -17.628944 53.671616 63.248460 -40.439515 2.647888 -1.528750 1.528754 10.741891 32.760815 -5.296232 1.998929 -1.154073 1.154082 0.000001 -0.000000 -0.000002 9.109306 -0.518016 2.259899 6.090335 6.835969 -83.384725 5.535319 6.749086 -78.694557 1.552537 4.360281 -39.183941 0.000001 0.000001 -0.000001 9.533393 -0.000004 0.000008 6.088415 6.835750 -83.368510 5.537222 6.749461 -78.710772 1.552547 4.360283 -39.183928 -0.000000 0.000003 0.000001 9.104502 -0.042984 -1.865096 6.090336 6.835968 -83.384725 5.535318 6.749091 -78.694550 1.552540 4.360280 -39.183945 -0.000001 -0.000002 0.000002 8.077805 -0.486897 -3.806298 10.148459 7.303610 -83.373981 5.544912 2.664448 -78.811354 1.552531 4.360283 -39.183945 -0.000002 -0.000002 -0.000000 -8.207801 -6.751703 -1.599551 -69.736587 -4.015079 -3.352907 49.900211 -0.481784 -0.104777 36.480802 3.593031 12.996150 -0.000014 0.000003 0.000000 -0.000000 0.000001 0.000000 8.207798 -6.751705 -1.599543 -70.132724 -0.535703 14.333350 92.739912 9.744970 0.545675 -6.150890 3.219349 5.773227 -0.083496 0.000009 -0.000001 0.000000 0.000000 -0.000000 
-0.516523 64.068367 1.353670 -18.218237 -6.708780 -7.729635 0.000001 10.181540 0.131519 5.911846 3.025216 3.766260 10.720749 0.586488 2.402822 10.706152 0.643692 2.447337 -0.000000 16.740360 -2.049017 -4.085091 0.690325 -0.715833 0.000001 9.617866 1.684977 -12.557263 1.524185 3.744502 0.000001 22.037384 7.501073 0.000000 0.000000 0.000000 -4.569999 11.014856 -2.160841 3.349714 13.625703 10.892394 -22.863392 27.056130 21.646179 -0.000422 82.839594 0.000490 -6.499942 4.025220 -30.044943 -2.464786 -1.574002 2.681910 7.564649 7.028707 27.703719 -9.818517 -72.226675 -19.707070 -2.646264 -1.527813 1.527811 -2.645434 -31.790019 -7.915081 -1.994583 -1.151581 1.151563 -0.000000 0.000003 0.000006 -9.108296 -0.517881 2.259803 6.036403 -6.888418 82.440971 4.121022 -6.349619 65.937868 1.115601 -3.782566 32.854576 0.000000 -0.000000 0.000001 -9.532492 -0.000004 0.000002 6.036400 -6.888419 82.440971 4.121019 -6.349615 65.937868 1.115599 -3.782566 32.854573 0.000001 -0.000000 -0.000003 -9.103601 -0.043104 -1.865099 6.036403 -6.888416 82.440964 4.121019 -6.349615 65.937868 1.115599 -3.782567 32.854576 0.000000 0.000002 0.000001 -8.076701 -0.486713 -3.806299 6.036404 -6.888420 82.440971 4.121023 -6.349615 65.937861 1.115592 -3.782567 32.854600 -0.000000 0.000002 0.000001 4.570404 11.014690 -2.160814 1.244638 0.076117 -10.790645 -32.097159 -41.849003 -48.693942 0.000011 -81.974175 -0.000023 -1.052524 0.742346 26.301402 2.466093 -1.576189 2.681710 18.241729 -23.305282 -17.628944 53.671616 63.248460 -40.439515 2.647888 -1.528750 1.528754 10.741891 32.760815 -5.296232 1.998929 -1.154073 1.154082 0.000001 -0.000000 -0.000002 9.109306 -0.518016 2.259899 6.090335 6.835969 -83.384725 5.535319 6.749086 -78.694557 1.552537 4.360281 -39.183941 0.000001 0.000001 -0.000001 9.533393 -0.000004 0.000008 6.088415 6.835750 -83.368510 5.537222 6.749461 -78.710772 1.552547 4.360283 -39.183928 -0.000000 0.000003 0.000001 9.104502 -0.042984 -1.865096 6.090336 6.835968 -83.384725 5.535318 6.749091 -78.694550 1.552540 4.360280 -39.183945 -0.000001 -0.000002 0.000002 8.077805 -0.486897 -3.806298 10.148459 7.303610 -83.373981 5.544912 2.664448 -78.811354 1.552531 4.360283 -39.183945 -0.000002 -0.000002 -0.000000 -8.207801 -6.751703 -1.599551 -69.736587 -4.015079 -3.352907 49.900211 -0.481784 -0.104777 36.480802 3.593031 12.996150 -0.000014 0.000003 0.000000 -0.000000 0.000001 0.000000 8.207798 -6.751705 -1.599543 -70.132724 -0.535703 14.333350 92.739912 9.744970 0.545675 -6.150890 3.219349 5.773227 -0.083496 0.000009 -0.000001 0.000000 0.000000 -0.000000 
-0.516523 64.068367 1.353670 -18.218237 -6.708780 -7.729635 0.000001 10.181540 0.131519 5.911846 3.025216 3.766260 10.720749 0.586488 2.402822 10.706152 0.643692 2.447337 -0.000000 16.740360 -2.049017 -4.085091 0.690325 -0.715833 0.000001 9.617866 1.684977 -12.557263 1.524185 3.744502 0.000001 22.037384 7.501073 0.000000 0.000000 0.000000 -4.569999 11.014856 -2.160841 3.349714 13.625703 10.892394 -22.863392 27.056130 21.646179 -0.000422 82.839594 0.000490 -6.499942 4.025220 -30.044943 -2.464786 -1.574002 2.681910 7.564649 7.028707 27.703719 -9.818517 -72.226675 -19.707070 -2.646264 -1.527813 1.527811 -2.645434 -31.790019 -7.915081 -1.994583 -1.151581 1.151563 -0.000000 0.000003 0.000006 -9.108296 -0.517881 2.259803 6.036403 -6.888418 82.440971 4.121022 -6.349619 65.937868 1.115601 -3.782566 32.854576 0.000000 -0.000000 0.000001 -9.532492 -0.000004 0.000002 6.036400 -6.888419 82.440971 4.121019 -6.349615 65.937868 1.115599 -3.782566 32.854573 0.000001 -0.000000 -0.000003 -9.103601 -0.043104 -1.865099 6.036403 -6.888416 82.440964 4.121019 -6.349615 65.937868 1.115599 -3.782567 32.854576 0.000000 0.000002 0.000001 -8.076701 -0.486713 -3.806299 6.036404 -6.888420 82.440971 4.121023 -6.349615 65.937861 1.115592 -3.782567 32.854600 -0.000000 0.000002 0.000001 4.570404 11.014690 -2.160814 1.244638 0.076117 -10.790645 -32.097159 -41.849003 -48.693942 0.000011 -81.974175 -0.000023 -1.052524 0.742346 26.301402 2.466093 -1.576189 2.681710 18.241729 -23.305282 -17.628944 53.671616 63.248460 -40.439515 2.647888 -1.528750 1.528754 10.741891 32.760815 -5.296232 1.998929 -1.154073 1.154082 0.000001 -0.000000 -0.000002 9.109306 -0.518016 2.259899 6.090335 6.835969 -83.384725 5.535319 6.749086 -78.694557 1.552537 4.360281 -39.183941 0.000001 0.000001 -0.000001 9.533393 -0.000004 0.000008 6.088415 6.835750 -83.368510 5.537222 6.749461 -78.710772 1.552547 4.360283 -39.183928 -0.000000 0.000003 0.000001 9.104502 -0.042984 -1.865096 6.090336 6.835968 -83.384725 5.535318 6.749091 -78.694550 1.552540 4.360280 -39.183945 -0.000001 -0.000002 0.000002 8.077805 -0.486897 -3.806298 10.148459 7.303610 -83.373981 5.544912 2.664448 -78.811354 1.552531 4.360283 -39.183945 -0.000002 -0.000002 -0.000000 -8.207801 -6.751703 -1.599551 -69.736587 -4.015079 -3.352907 49.900211 -0.481784 -0.104777 36.480802 3.593031 12.996150 -0.000014 0.000003 0.000000 -0.000000 0.000001 0.000000 8.207798 -6.751705 -1.599543 -70.132724 -0.535703 14.333350 92.739912 9.744970 0.545675 -6.150890 3.219349 5.773227 -0.083496 0.000009 -0.000001 0.000000 0.000000 -0.000000 
-0.516523 64.068367 1.353670 -18.218237 -6.708780 -7.729635 0.000001 10.181540 0.131519 5.911846 3.025216 3.766260 10.720749 0.586488 2.402822 10.706152 0.643692 2.447337 -0.000000 16.740360 -2.049017 -4.085091 0.690325 -0.715833 0.000001 9.617866 1.684977 -12.557263 1.524185 3.744502 0.000001 22.037384 7.501073 0.000000 0.000000 0.000000 -4.569999 11.014856 -2.160841 3.349714 13.625703 10.892394 -22.863392 27.056130 21.646179 -0.000422 82.839594 0.000490 -6.499942 4.025220 -30.044943 -2.464786 -1.574002 2.681910 7.564649 7.028707 27.703719 -9.818517 -72.226675 -19.707070 -2.646264 -1.527813 1.527811 -2.645434 -31.790019 -7.915081 -1.994583 -1.151581 1.151563 -0.000000 0.000003 0.000006 -9.108296 -0.517881 2.259803 6.036403 -6.888418 82.440971 4.121022 -6.349619 65.937868 1.115601 -3.782566 32.854576 0.000000 -0.000000 0.000001 -9.532492 -0.000004 0.000002 6.036400 -6.888419 82.440971 4.121019 -6.349615 65.937868 1.115599 -3.782566 32.854573 0.000001 -0.000000 -0.000003 -9.103601 -0.043104 -1.865099 6.036403 -6.888416 82.440964 4.121019 -6.349615 65.937868 1.115599 -3.782567 32.854576 0.000000 0.000002 0.000001 -8.076701 -0.486713 -3.806299 6.036404 -6.888420 82.440971 4.121023 -6.349615 65.937861 1.115592 -3.782567 32.854600 -0.000000 0.000002 0.000001 4.570404 11.014690 -2.160814 1.244638 0.076117 -10.790645 -32.097159 -41.849003 -48.693942 0.000011 -81.974175 -0.000023 -1.052524 0.742346 26.301402 2.466093 -1.576189 2.681710 18.241729 -23.305282 -17.628944 53.671616 63.248460 -40.439515 2.647888 -1.528750 1.528754 10.741891 32.760815 -5.296232 1.998929 -1.154073 1.154082 0.000001 -0.000000 -0.000002 9.109306 -0.518016 2.259899 6.090335 6.835969 -83.384725 5.535319 6.749086 -78.694557 1.552537 4.360281 -39.183941 0.000001 0.000001 -0.000001 9.533393 -0.000004 0.000008 6.088415 6.835750 -83.368510 5.537222 6.749461 -78.710772 1.552547 4.360283 -39.183928 -0.000000 0.000003 0.000001 9.104502 -0.042984 -1.865096 6.090336 6.835968 -83.384725 5.535318 6.749091 -78.694550 1.552540 4.360280 -39.183945 -0.000001 -0.000002 0.000002 8.077805 -0.486897 -3.806298 10.148459 7.303610 -83.373981 5.544912 2.664448 -78.811354 1.552531 4.360283 -39.183945 -0.000002 -0.000002 -0.000000 -8.207801 -6.751703 -1.599551 -69.736587 -4.015079 -3.352907 49.900211 -0.481784 -0.104777 36.480802 3.593031 12.996150 -0.000014 0.000003 0.000000 -0.000000 0.000001 0.000000 8.207798 -6.751705 -1.599543 -70.132724 -0.535703 14.333350 92.739912 9.744970 0.545675 -6.150890 3.219349 5.773227 -0.083496 0.000009 -0.000001 0.000000 0.000000 -0.000000 
-0.516523 64.068367 1.353670 -18.218237 -6.708780 -7.729635 0.000001 10.181540 0.131519 5.911846 3.025216 3.766260 10.720749 0.586488 2.402822 10.706152 0.643692 2.447337 -0.000000 16.740360 -2.049017 -4.085091 0.690325 -0.715833 0.000001 9.617866 1.684977 -12.557263 1.524185 3.744502 0.000001 22.037384 7.501073 0.000000 0.000000 0.000000 -4.569999 11.014856 -2.160841 3.349714 13.625703 10.892394 -22.863392 27.056130 21.646179 -0.000422 82.839594 0.000490 -6.499942 4.025220 -30.044943 -2.464786 -1.574002 2.681910 7.564649 7.028707 27.703719 -9.818517 -72.226675 -19.707070 -2.646264 -1.527813 1.527811 -2.645434 -31.790019 -7.915081 -1.994583 -1.151581 1.151563 -0.000000 0.000003 0.000006 -9.108296 -0.517881 2.259803 6.036403 -6.888418 82.440971 4.121022 -6.349619 65.937868 1.115601 -3.782566 32.854576 0.000000 -0.000000 0.000001 -9.532492 -0.000004 0.000002 6.036400 -6.888419 82.440971 4.121019 -6.349615 65.937868 1.115599 -3.782566 32.854573 0.000001 -0.000000 -0.000003 -9.103601 -0.043104 -1.865099 6.036403 -6.888416 82.440964 4.121019 -6.349615 65.937868 1.115599 -3.782567 32.854576 0.000000 0.000002 0.000001 -8.076701 -0.486713 -3.806299 6.036404 -6.888420 82.440971 4.121023 -6.349615 65.937861 1.115592 -3.782567 32.854600 -0.000000 0.000002 0.000001 4.570404 11.014690 -2.160814 1.244638 0.076117 -10.790645 -32.097159 -41.849003 -48.693942 0.000011 -81.974175 -0.000023 -1.052524 0.742346 26.301402 2.466093 -1.576189 2.681710 18.241729 -23.305282 -17.628944 53.671616 63.248460 -40.439515 2.647888 -1.528750 1.528754 10.741891 32.760815 -5.296232 1.998929 -1.154073 1.154082 0.000001 -0.000000 -0.000002 9.109306 -0.518016 2.259899 6.090335 6.835969 -83.384725 5.535319 6.749086 -78.694557 1.552537 4.360281 -39.183941 0.000001 0.000001 -0.000001 9.533393 -0.000004 0.000008 6.088415 6.835750 -83.368510 5.537222 6.749461 -78.710772 1.552547 4.360283 -39.183928 -0.000000 0.000003 0.000001 9.104502 -0.042984 -1.865096 6.090336 6.835968 -83.384725 5.535318 6.749091 -78.694550 1.552540 4.360280 -39.183945 -0.000001 -0.000002 0.000002 8.077805 -0.486897 -3.806298 10.148459 7.303610 -83.373981 5.544912 2.664448 -78.811354 1.552531 4.360283 -39.183945 -0.000002 -0.000002 -0.000000 -8.207801 -6.751703 -1.599551 -69.736587 -4.015079 -3.352907 49.900211 -0.481784 -0.104777 36.480802 3.593031 12.996150 -0.000014 0.000003 0.000000 -0.000000 0.000001 0.000000 8.207798 -6.751705 -1.599543 -70.132724 -0.535703 14.333350 92.739912 9.744970 0.545675 -6.150890 3.219349 5.773227 -0.083496 0.000009 -0.000001 0.000000 0.000000 -0.000000 
-0.516523 64.068367 1.353670 -18.218237 -6.708780 -7.729635 0.000001 10.181540 0.131519 5.911846 3.025216 3.766260 10.720749 0.586488 2.402822 10.706152 0.643692 2.447337 -0.000000 16.740360 -2.049017 -4.085091 0.690325 -0.715833 0.000001 9.617866 1.684977 -12.557263 1.524185 3.744502 0.000001 22.037384 7.501073 0.000000 0.000000 0.000000 -4.569999 11.014856 -2.160841 3.349714 13.625703 10.892394 -22.863392 27.056130 21.646179 -0.000422 82.839594 0.000490 -6.499942 4.025220 -30.044943 -2.464786 -1.574002 2.681910 7.564649 7.028707 27.703719 -9.818517 -72.226675 -19.707070 -2.646264 -1.527813 1.527811 -2.645434 -31.790019 -7.915081 -1.994583 -1.151581 1.151563 -0.000000 0.000003 0.000006 -9.108296 -0.517881 2.259803 6.036403 -6.888418 82.440971 4.121022 -6.349619 65.937868 1.115601 -3.782566 32.854576 0.000000 -0.000000 0.000001 -9.532492 -0.000004 0.000002 6.036400 -6.888419 82.440971 4.121019 -6.349615 65.937868 1.115599 -3.782566 32.854573 0.000001 -0.000000 -0.000003 -9.103601 -0.043104 -1.865099 6.036403 -6.888416 82.440964 4.121019 -6.349615 65.937868 1.115599 -3.782567 32.854576 0.000000 0.000002 0.000001 -8.076701 -0.486713 -3.806299 6.036404 -6.888420 82.440971 4.121023 -6.349615 65.937861 1.115592 -3.782567 32.854600 -0.000000 0.000002 0.000001 4.570404 11.014690 -2.160814 1.244638 0.076117 -10.790645 -32.097159 -41.849003 -48.693942 0.000011 -81.974175 -0.000023 -1.052524 0.742346 26.301402 2.466093 -1.576189 2.681710 18.241729 -23.305282 -17.628944 53.671616 63.248460 -40.439515 2.647888 -1.528750 1.528754 10.741891 32.760815 -5.296232 1.998929 -1.154073 1.154082 0.000001 -0.000000 -0.000002 9.109306 -0.518016 2.259899 6.090335 6.835969 -83.384725 5.535319 6.749086 -78.694557 1.552537 4.360281 -39.183941 0.000001 0.000001 -0.000001 9.533393 -0.000004 0.000008 6.088415 6.835750 -83.368510 5.537222 6.749461 -78.710772 1.552547 4.360283 -39.183928 -0.000000 0.000003 0.000001 9.104502 -0.042984 -1.865096 6.090336 6.835968 -83.384725 5.535318 6.749091 -78.694550 1.552540 4.360280 -39.183945 -0.000001 -0.000002 0.000002 8.077805 -0.486897 -3.806298 10.148459 7.303610 -83.373981 5.544912 2.664448 -78.811354 1.552531 4.360283 -39.183945 -0.000002 -0.000002 -0.000000 -8.207801 -6.751703 -1.599551 -69.736587 -4.015079 -3.352907 49.900211 -0.481784 -0.104777 36.480802 3.593031 12.996150 -0.000014 0.000003 0.000000 -0.000000 0.000001 0.000000 8.207798 -6.751705 -1.599543 -70.132724 -0.535703 14.333350 92.739912 9.744970 0.545675 -6.150890 3.219349 5.773227 -0.083496 0.000009 -0.000001 0.000000 0.000000 -0.000000 
-0.516523 64.068367 1.353670 -18.218237 -6.708780 -7.729635 0.000001 10.181540 0.131519 5.911846 3.025216 3.766260 10.720749 0.586488 2.402822 10.706152 0.643692 2.447337 -0.000000 16.740360 -2.049017 -4.085091 0.690325 -0.715833 0.000001 9.617866 1.684977 -12.557263 1.524185 3.744502 0.000001 22.037384 7.501073 0.000000 0.000000 0.000000 -4.569999 11.014856 -2.160841 3.349714 13.625703 10.892394 -22.863392 27.056130 21.646179 -0.000422 82.839594 0.000490 -6.499942 4.025220 -30.044943 -2.464786 -1.574002 2.681910 7.564649 7.028707 27.703719 -9.818517 -72.226675 -19.707070 -2.646264 -1.527813 1.527811 -2.645434 -31.790019 -7.915081 -1.994583 -1.151581 1.151563 -0.000000 0.000003 0.000006 -9.108296 -0.517881 2.259803 6.036403 -6.888418 82.440971 4.121022 -6.349619 65.937868 1.115601 -3.782566 32.854576 0.000000 -0.000000 0.000001 -9.532492 -0.000004 0.000002 6.036400 -6.888419 82.440971 4.121019 -6.349615 65.937868 1.115599 -3.782566 32.854573 0.000001 -0.000000 -0.000003 -9.103601 -0.043104 -1.865099 6.036403 -6.888416 82.440964 4.121019 -6.349615 65.937868 1.115599 -3.782567 32.854576 0.000000 0.000002 0.000001 -8.076701 -0.486713 -3.806299 6.036404 -6.888420 82.440971 4.121023 -6.349615 65.937861 1.115592 -3.782567 32.854600 -0.000000 0.000002 0.000001 4.570404 11.014690 -2.160814 1.244638 0.076117 -10.790645 -32.097159 -41.849003 -48.693942 0.000011 -81.974175 -0.000023 -1.052524 0.742346 26.301402 2.466093 -1.576189 2.681710 18.241729 -23.305282 -17.628944 53.671616 63.248460 -40.439515 2.647888 -1.528750 1.528754 10.741891 32.760815 -5.296232 1.998929 -1.154073 1.154082 0.000001 -0.000000 -0.000002 9.109306 -0.518016 2.259899 6.090335 6.835969 -83.384725 5.535319 6.749086 -78.694557 1.552537 4.360281 -39.183941 0.000001 0.000001 -0.000001 9.533393 -0.000004 0.000008 6.088415 6.835750 -83.368510 5.537222 6.749461 -78.710772 1.552547 4.360283 -39.183928 -0.000000 0.000003 0.000001 9.104502 -0.042984 -1.865096 6.090336 6.835968 -83.384725 5.535318 6.749091 -78.694550 1.552540 4.360280 -39.183945 -0.000001 -0.000002 0.000002 8.077805 -0.486897 -3.806298 10.148459 7.303610 -83.373981 5.544912 2.664448 -78.811354 1.552531 4.360283 -39.183945 -0.000002 -0.000002 -0.000000 -8.207801 -6.751703 -1.599551 -69.736587 -4.015079 -3.352907 49.900211 -0.481784 -0.104777 36.480802 3.593031 12.996150 -0.000014 0.000003 0.000000 -0.000000 0.000001 0.000000 8.207798 -6.751705 -1.599543 -70.132724 -0.535703 14.333350 92.739912 9.744970 0.545675 -6.150890 3.219349 5.773227 -0.083496 0.000009 -0.000001 0.000000 0.000000 -0.000000 
-0.516523 64.068367 1.353670 -18.218237 -6.708780 -7.729635 0.000001 10.181540 0.131519 5.911846 3.025216 3.766260 10.720749 0.586488 2.402822 10.706152 0.643692 2.447337 -0.000000 16.740360 -2.049017 -4.085091 0.690325 -0.715833 0.000001 9.617866 1.684977 -12.557263 1.524185 3.744502 0.000001 22.037384 7.501073 0.000000 0.000000 0.000000 -4.569999 11.014856 -2.160841 3.349714 13.625703 10.892394 -22.863392 27.056130 21.646179 -0.000422 82.839594 0.000490 -6.499942 4.025220 -30.044943 -2.464786 -1.574002 2.681910 7.564649 7.028707 27.703719 -9.818517 -72.226675 -19.707070 -2.646264 -1.527813 1.527811 -2.645434 -31.790019 -7.915081 -1.994583 -1.151581 1.151563 -0.000000 0.000003 0.000006 -9.108296 -0.517881 2.259803 6.036403 -6.888418 82.440971 4.121022 -6.349619 65.937868 1.115601 -3.782566 32.854576 0.000000 -0.000000 0.000001 -9.532492 -0.000004 0.000002 6.036400 -6.888419 82.440971 4.121019 -6.349615 65.937868 1.115599 -3.782566 32.854573 0.000001 -0.000000 -0.000003 -9.103601 -0.043104 -1.865099 6.036403 -6.888416 82.440964 4.121019 -6.349615 65.937868 1.115599 -3.782567 32.854576 0.000000 0.000002 0.000001 -8.076701 -0.486713 -3.806299 6.036404 -6.888420 82.440971 4.121023 -6.349615 65.937861 1.115592 -3.782567 32.854600 -0.000000 0.000002 0.000001 4.570404 11.014690 -2.160814 1.244638 0.076117 -10.790645 -32.097159 -41.849003 -48.693942 0.000011 -81.974175 -0.000023 -1.052524 0.742346 26.301402 2.466093 -1.576189 2.681710 18.241729 -23.305282 -17.628944 53.671616 63.248460 -40.439515 2.647888 -1.528750 1.528754 10.741891 32.760815 -5.296232 1.998929 -1.154073 1.154082 0.000001 -0.000000 -0.000002 9.109306 -0.518016 2.259899 6.090335 6.835969 -83.384725 5.535319 6.749086 -78.694557 1.552537 4.360281 -39.183941 0.000001 0.000001 -0.000001 9.533393 -0.000004 0.000008 6.088415 6.835750 -83.368510 5.537222 6.749461 -78.710772 1.552547 4.360283 -39.183928 -0.000000 0.000003 0.000001 9.104502 -0.042984 -1.865096 6.090336 6.835968 -83.384725 5.535318 6.749091 -78.694550 1.552540 4.360280 -39.183945 -0.000001 -0.000002 0.000002 8.077805 -0.486897 -3.806298 10.148459 7.303610 -83.373981 5.544912 2.664448 -78.811354 1.552531 4.360283 -39.183945 -0.000002 -0.000002 -0.000000 -8.207801 -6.751703 -1.599551 -69.736587 -4.015079 -3.352907 49.900211 -0.481784 -0.104777 36.480802 3.593031 12.996150 -0.000014 0.000003 0.000000 -0.000000 0.000001 0.000000 8.207798 -6.751705 -1.599543 -70.132724 -0.535703 14.333350 92.739912 9.744970 0.545675 -6.150890 3.219349 5.773227 -0.083496 0.000009 -0.000001 0.000000 0.000000 -0.000000 
-0.516523 64.068367 1.353670 -18.218237 -6.708780 -7.729635 0.000001 10.181540 0.131519 5.911846 3.025216 3.766260 10.720749 0.586488 2.402822 10.706152 0.643692 2.447337 -0.000000 16.740360 -2.049017 -4.085091 0.690325 -0.715833 0.000001 9.617866 1.684977 -12.557263 1.524185 3.744502 0.000001 22.037384 7.501073 0.000000 0.000000 0.000000 -4.569999 11.014856 -2.160841 3.349714 13.625703 10.892394 -22.863392 27.056130 21.646179 -0.000422 82.839594 0.000490 -6.499942 4.025220 -30.044943 -2.464786 -1.574002 2.681910 7.564649 7.028707 27.703719 -9.818517 -72.226675 -19.707070 -2.646264 -1.527813 1.527811 -2.645434 -31.790019 -7.915081 -1.994583 -1.151581 1.151563 -0.000000 0.000003 0.000006 -9.108296 -0.517881 2.259803 6.036403 -6.888418 82.440971 4.121022 -6.349619 65.937868 1.115601 -3.782566 32.854576 0.000000 -0.000000 0.000001 -9.532492 -0.000004 0.000002 6.036400 -6.888419 82.440971 4.121019 -6.349615 65.937868 1.115599 -3.782566 32.854573 0.000001 -0.000000 -0.000003 -9.103601 -0.043104 -1.865099 6.036403 -6.888416 82.440964 4.121019 -6.349615 65.937868 1.115599 -3.782567 32.854576 0.000000 0.000002 0.000001 -8.076701 -0.486713 -3.806299 6.036404 -6.888420 82.440971 4.121023 -6.349615 65.937861 1.115592 -3.782567 32.854600 -0.000000 0.000002 0.000001 4.570404 11.014690 -2.160814 1.244638 0.076117 -10.790645 -32.097159 -41.849003 -48.693942 0.000011 -81.974175 -0.000023 -1.052524 0.742346 26.301402 2.466093 -1.576189 2.681710 18.241729 -23.305282 -17.628944 53.671616 63.248460 -40.439515 2.647888 -1.528750 1.528754 10.741891 32.760815 -5.296232 1.998929 -1.154073 1.154082 0.000001 -0.000000 -0.000002 9.109306 -0.518016 2.259899 6.090335 6.835969 -83.384725 5.535319 6.749086 -78.694557 1.552537 4.360281 -39.183941 0.000001 0.000001 -0.000001 9.533393 -0.000004 0.000008 6.088415 6.835750 -83.368510 5.537222 6.749461 -78.710772 1.552547 4.360283 -39.183928 -0.000000 0.000003 0.000001 9.104502 -0.042984 -1.865096 6.090336 6.835968 -83.384725 5.535318 6.749091 -78.694550 1.552540 4.360280 -39.183945 -0.000001 -0.000002 0.000002 8.077805 -0.486897 -3.806298 10.148459 7.303610 -83.373981 5.544912 2.664448 -78.811354 1.552531 4.360283 -39.183945 -0.000002 -0.000002 -0.000000 -8.207801 -6.751703 -1.599551 -69.736587 -4.015079 -3.352907 49.900211 -0.481784 -0.104777 36.480802 3.593031 12.996150 -0.000014 0.000003 0.000000 -0.000000 0.000001 0.000000 8.207798 -6.751705 -1.599543 -70.132724 -0.535703 14.333350 92.739912 9.744970 0.545675 -6.150890 3.219349 5.773227 -0.083496 0.000009 -0.000001 0.000000 0.000000 -0.000000 
-0.516523 64.068367 1.353670 -18.218237 -6.708780 -7.729635 0.000001 10.181540 0.131519 5.911846 3.025216 3.766260 10.720749 0.586488 2.402822 10.706152 0.643692 2.447337 -0.000000 16.740360 -2.049017 -4.085091 0.690325 -0.715833 0.000001 9.617866 1.684977 -12.557263 1.524185 3.744502 0.000001 22.037384 7.501073 0.000000 0.000000 0.000000 -4.569999 11.014856 -2.160841 3.349714 13.625703 10.892394 -22.863392 27.056130 21.646179 -0.000422 82.839594 0.000490 -6.499942 4.025220 -30.044943 -2.464786 -1.574002 2.681910 7.564649 7.028707 27.703719 -9.818517 -72.226675 -19.707070 -2.646264 -1.527813 1.527811 -2.645434 -31.790019 -7.915081 -1.994583 -1.151581 1.151563 -0.000000 0.000003 0.000006 -9.108296 -0.517881 2.259803 6.036403 -6.888418 82.440971 4.121022 -6.349619 65.937868 1.115601 -3.782566 32.854576 0.000000 -0.000000 0.000001 -9.532492 -0.000004 0.000002 6.036400 -6.888419 82.440971 4.121019 -6.349615 65.937868 1.115599 -3.782566 32.854573 0.000001 -0.000000 -0.000003 -9.103601 -0.043104 -1.865099 6.036403 -6.888416 82.440964 4.121019 -6.349615 65.937868 1.115599 -3.782567 32.854576 0.000000 0.000002 0.000001 -8.076701 -0.486713 -3.806299 6.036404 -6.888420 82.440971 4.121023 -6.349615 65.937861 1.115592 -3.782567 32.854600 -0.000000 0.000002 0.000001 4.570404 11.014690 -2.160814 1.244638 0.076117 -10.790645 -32.097159 -41.849003 -48.693942 0.000011 -81.974175 -0.000023 -1.052524 0.742346 26.301402 2.466093 -1.576189 2.681710 18.241729 -23.305282 -17.628944 53.671616 63.248460 -40.439515 2.647888 -1.528750 1.528754 10.741891 32.760815 -5.296232 1.998929 -1.154073 1.154082 0.000001 -0.000000 -0.000002 9.109306 -0.518016 2.259899 6.090335 6.835969 -83.384725 5.535319 6.749086 -78.694557 1.552537 4.360281 -39.183941 0.000001 0.000001 -0.000001 9.533393 -0.000004 0.000008 6.088415 6.835750 -83.368510 5.537222 6.749461 -78.710772 1.552547 4.360283 -39.183928 -0.000000 0.000003 0.000001 9.104502 -0.042984 -1.865096 6.090336 6.835968 -83.384725 5.535318 6.749091 -78.694550 1.552540 4.360280 -39.183945 -0.000001 -0.000002 0.000002 8.077805 -0.486897 -3.806298 10.148459 7.303610 -83.373981 5.544912 2.664448 -78.811354 1.552531 4.360283 -39.183945 -0.000002 -0.000002 -0.000000 -8.207801 -6.751703 -1.599551 -69.736587 -4.015079 -3.352907 49.900211 -0.481784 -0.104777 36.480802 3.593031 12.996150 -0.000014 0.000003 0.000000 -0.000000 0.000001 0.000000 8.207798 -6.751705 -1.599543 -70.132724 -0.535703 14.333350 92.739912 9.744970 0.545675 -6.150890 3.219349 5.773227 -0.083496 0.000009 -0.000001 0.000000 0.000000 -0.000000 
-0.516523 64.068367 1.353670 -18.218237 -6.708780 -7.729635 0.000001 10.181540 0.131519 5.911846 3.025216 3.766260 10.720749 0.586488 2.402822 10.706152 0.643692 2.447337 -0.000000 16.740360 -2.049017 -4.085091 0.690325 -0.715833 0.000001 9.617866 1.684977 -12.557263 1.524185 3.744502 0.000001 22.037384 7.501073 0.000000 0.000000 0.000000 -4.569999 11.014856 -2.160841 3.349714 13.625703 10.892394 -22.863392 27.056130 21.646179 -0.000422 82.839594 0.000490 -6.499942 4.025220 -30.044943 -2.464786 -1.574002 2.681910 7.564649 7.028707 27.703719 -9.818517 -72.226675 -19.707070 -2.646264 -1.527813 1.527811 -2.645434 -31.790019 -7.915081 -1.994583 -1.151581 1.151563 -0.000000 0.000003 0.000006 -9.108296 -0.517881 2.259803 6.036403 -6.888418 82.440971 4.121022 -6.349619 65.937868 1.115601 -3.782566 32.854576 0.000000 -0.000000 0.000001 -9.532492 -0.000004 0.000002 6.036400 -6.888419 82.440971 4.121019 -6.349615 65.937868 1.115599 -3.782566 32.854573 0.000001 -0.000000 -0.000003 -9.103601 -0.043104 -1.865099 6.036403 -6.888416 82.440964 4.121019 -6.349615 65.937868 1.115599 -3.782567 32.854576 0.000000 0.000002 0.000001 -8.076701 -0.486713 -3.806299 6.036404 -6.888420 82.440971 4.121023 -6.349615 65.937861 1.115592 -3.782567 32.854600 -0.000000 0.000002 0.000001 4.570404 11.014690 -2.160814 1.244638 0.076117 -10.790645 -32.097159 -41.849003 -48.693942 0.000011 -81.974175 -0.000023 -1.052524 0.742346 26.301402 2.466093 -1.576189 2.681710 18.241729 -23.305282 -17.628944 53.671616 63.248460 -40.439515 2.647888 -1.528750 1.528754 10.741891 32.760815 -5.296232 1.998929 -1.154073 1.154082 0.000001 -0.000000 -0.000002 9.109306 -0.518016 2.259899 6.090335 6.835969 -83.384725 5.535319 6.749086 -78.694557 1.552537 4.360281 -39.183941 0.000001 0.000001 -0.000001 9.533393 -0.000004 0.000008 6.088415 6.835750 -83.368510 5.537222 6.749461 -78.710772 1.552547 4.360283 -39.183928 -0.000000 0.000003 0.000001 9.104502 -0.042984 -1.865096 6.090336 6.835968 -83.384725 5.535318 6.749091 -78.694550 1.552540 4.360280 -39.183945 -0.000001 -0.000002 0.000002 8.077805 -0.486897 -3.806298 10.148459 7.303610 -83.373981 5.544912 2.664448 -78.811354 1.552531 4.360283 -39.183945 -0.000002 -0.000002 -0.000000 -8.207801 -6.751703 -1.599551 -69.736587 -4.015079 -3.352907 49.900211 -0.481784 -0.104777 36.480802 3.593031 12.996150 -0.000014 0.000003 0.000000 -0.000000 0.000001 0.000000 8.207798 -6.751705 -1.599543 -70.132724 -0.535703 14.333350 92.739912 9.744970 0.545675 -6.150890 3.219349 5.773227 -0.083496 0.000009 -0.000001 0.000000 0.000000 -0.000000 
-0.516523 64.068367 1.353670 -18.218237 -6.708780 -7.729635 0.000001 10.181540 0.131519 5.911846 3.025216 3.766260 10.720749 0.586488 2.402822 10.706152 0.643692 2.447337 -0.000000 16.740360 -2.049017 -4.085091 0.690325 -0.715833 0.000001 9.617866 1.684977 -12.557263 1.524185 3.744502 0.000001 22.037384 7.501073 0.000000 0.000000 0.000000 -4.569999 11.014856 -2.160841 3.349714 13.625703 10.892394 -22.863392 27.056130 21.646179 -0.000422 82.839594 0.000490 -6.499942 4.025220 -30.044943 -2.464786 -1.574002 2.681910 7.564649 7.028707 27.703719 -9.818517 -72.226675 -19.707070 -2.646264 -1.527813 1.527811 -2.645434 -31.790019 -7.915081 -1.994583 -1.151581 1.151563 -0.000000 0.000003 0.000006 -9.108296 -0.517881 2.259803 6.036403 -6.888418 82.440971 4.121022 -6.349619 65.937868 1.115601 -3.782566 32.854576 0.000000 -0.000000 0.000001 -9.532492 -0.000004 0.000002 6.036400 -6.888419 82.440971 4.121019 -6.349615 65.937868 1.115599 -3.782566 32.854573 0.000001 -0.000000 -0.000003 -9.103601 -0.043104 -1.865099 6.036403 -6.888416 82.440964 4.121019 -6.349615 65.937868 1.115599 -3.782567 32.854576 0.000000 0.000002 0.000001 -8.076701 -0.486713 -3.806299 6.036404 -6.888420 82.440971 4.121023 -6.349615 65.937861 1.115592 -3.782567 32.854600 -0.000000 0.000002 0.000001 4.570404 11.014690 -2.160814 1.244638 0.076117 -10.790645 -32.097159 -41.849003 -48.693942 0.000011 -81.974175 -0.000023 -1.052524 0.742346 26.301402 2.466093 -1.576189 2.681710 18.241729 -23.305282 -17.628944 53.671616 63.248460 -40.439515 2.647888 -1.528750 1.528754 10.741891 32.760815 -5.296232 1.998929 -1.154073 1.154082 0.000001 -0.000000 -0.000002 9.109306 -0.518016 2.259899 6.090335 6.835969 -83.384725 5.535319 6.749086 -78.694557 1.552537 4.360281 -39.183941 0.000001 0.000001 -0.000001 9.533393 -0.000004 0.000008 6.088415 6.835750 -83.368510 5.537222 6.749461 -78.710772 1.552547 4.360283 -39.183928 -0.000000 0.000003 0.000001 9.104502 -0.042984 -1.865096 6.090336 6.835968 -83.384725 5.535318 6.749091 -78.694550 1.552540 4.360280 -39.183945 -0.000001 -0.000002 0.000002 8.077805 -0.486897 -3.806298 10.148459 7.303610 -83.373981 5.544912 2.664448 -78.811354 1.552531 4.360283 -39.183945 -0.000002 -0.000002 -0.000000 -8.207801 -6.751703 -1.599551 -69.736587 -4.015079 -3.352907 49.900211 -0.481784 -0.104777 36.480802 3.593031 12.996150 -0.000014 0.000003 0.000000 -0.000000 0.000001 0.000000 8.207798 -6.751705 -1.599543 -70.132724 -0.535703 14.333350 92.739912 9.744970 0.545675 -6.150890 3.219349 5.773227 -0.083496 0.000009 -0.000001 0.000000 0.000000 -0.000000 
-0.516523 64.068367 1.353670 -18.218237 -6.708780 -7.729635 0.000001 10.181540 0.131519 5.911846 3.025216 3.766260 10.720749 0.586488 2.402822 10.706152 0.643692 2.447337 -0.000000 16.740360 -2.049017 -4.085091 0.690325 -0.715833 0.000001 9.617866 1.684977 -12.557263 1.524185 3.744502 0.000001 22.037384 7.501073 0.000000 0.000000 0.000000 -4.569999 11.014856 -2.160841 3.349714 13.625703 10.892394 -22.863392 27.056130 21.646179 -0.000422 82.839594 0.000490 -6.499942 4.025220 -30.044943 -2.464786 -1.574002 2.681910 7.564649 7.028707 27.703719 -9.818517 -72.226675 -19.707070 -2.646264 -1.527813 1.527811 -2.645434 -31.790019 -7.915081 -1.994583 -1.151581 1.151563 -0.000000 0.000003 0.000006 -9.108296 -0.517881 2.259803 6.036403 -6.888418 82.440971 4.121022 -6.349619 65.937868 1.115601 -3.782566 32.854576 0.000000 -0.000000 0.000001 -9.532492 -0.000004 0.000002 6.036400 -6.888419 82.440971 4.121019 -6.349615 65.937868 1.115599 -3.782566 32.854573 0.000001 -0.000000 -0.000003 -9.103601 -0.043104 -1.865099 6.036403 -6.888416 82.440964 4.121019 -6.349615 65.937868 1.115599 -3.782567 32.854576 0.000000 0.000002 0.000001 -8.076701 -0.486713 -3.806299 6.036404 -6.888420 82.440971 4.121023 -6.349615 65.937861 1.115592 -3.782567 32.854600 -0.000000 0.000002 0.000001 4.570404 11.014690 -2.160814 1.244638 0.076117 -10.790645 -32.097159 -41.849003 -48.693942 0.000011 -81.974175 -0.000023 -1.052524 0.742346 26.301402 2.466093 -1.576189 2.681710 18.241729 -23.305282 -17.628944 53.671616 63.248460 -40.439515 2.647888 -1.528750 1.528754 10.741891 32.760815 -5.296232 1.998929 -1.154073 1.154082 0.000001 -0.000000 -0.000002 9.109306 -0.518016 2.259899 6.090335 6.835969 -83.384725 5.535319 6.749086 -78.694557 1.552537 4.360281 -39.183941 0.000001 0.000001 -0.000001 9.533393 -0.000004 0.000008 6.088415 6.835750 -83.368510 5.537222 6.749461 -78.710772 1.552547 4.360283 -39.183928 -0.000000 0.000003 0.000001 9.104502 -0.042984 -1.865096 6.090336 6.835968 -83.384725 5.535318 6.749091 -78.694550 1.552540 4.360280 -39.183945 -0.000001 -0.000002 0.000002 8.077805 -0.486897 -3.806298 10.148459 7.303610 -83.373981 5.544912 2.664448 -78.811354 1.552531 4.360283 -39.183945 -0.000002 -0.000002 -0.000000 -8.207801 -6.751703 -1.599551 -69.736587 -4.015079 -3.352907 49.900211 -0.481784 -0.104777 36.480802 3.593031 12.996150 -0.000014 0.000003 0.000000 -0.000000 0.000001 0.000000 8.207798 -6.751705 -1.599543 -70.132724 -0.535703 14.333350 92.739912 9.744970 0.545675 -6.150890 3.219349 5.773227 -0.083496 0.000009 -0.000001 0.000000 0.000000 -0.000000 
-0.516523 64.068367 1.353670 -18.218237 -6.708780 -7.729635 0.000001 10.181540 0.131519 5.911846 3.025216 3.766260 10.720749 0.586488 2.402822 10.706152 0.643692 2.447337 -0.000000 16.740360 -2.049017 -4.085091 0.690325 -0.715833 0.000001 9.617866 1.684977 -12.557263 1.524185 3.744502 0.000001 22.037384 7.501073 0.000000 0.000000 0.000000 -4.569999 11.014856 -2.160841 3.349714 13.625703 10.892394 -22.863392 27.056130 21.646179 -0.000422 82.839594 0.000490 -6.499942 4.025220 -30.044943 -2.464786 -1.574002 2.681910 7.564649 7.028707 27.703719 -9.818517 -72.226675 -19.707070 -2.646264 -1.527813 1.527811 -2.645434 -31.790019 -7.915081 -1.994583 -1.151581 1.151563 -0.000000 0.000003 0.000006 -9.108296 -0.517881 2.259803 6.036403 -6.888418 82.440971 4.121022 -6.349619 65.937868 1.115601 -3.782566 32.854576 0.000000 -0.000000 0.000001 -9.532492 -0.000004 0.000002 6.036400 -6.888419 82.440971 4.121019 -6.349615 65.937868 1.115599 -3.782566 32.854573 0.000001 -0.000000 -0.000003 -9.103601 -0.043104 -1.865099 6.036403 -6.888416 82.440964 4.121019 -6.349615 65.937868 1.115599 -3.782567 32.854576 0.000000 0.000002 0.000001 -8.076701 -0.486713 -3.806299 6.036404 -6.888420 82.440971 4.121023 -6.349615 65.937861 1.115592 -3.782567 32.854600 -0.000000 0.000002 0.000001 4.570404 11.014690 -2.160814 1.244638 0.076117 -10.790645 -32.097159 -41.849003 -48.693942 0.000011 -81.974175 -0.000023 -1.052524 0.742346 26.301402 2.466093 -1.576189 2.681710 18.241729 -23.305282 -17.628944 53.671616 63.248460 -40.439515 2.647888 -1.528750 1.528754 10.741891 32.760815 -5.296232 1.998929 -1.154073 1.154082 0.000001 -0.000000 -0.000002 9.109306 -0.518016 2.259899 6.090335 6.835969 -83.384725 5.535319 6.749086 -78.694557 1.552537 4.360281 -39.183941 0.000001 0.000001 -0.000001 9.533393 -0.000004 0.000008 6.088415 6.835750 -83.368510 5.537222 6.749461 -78.710772 1.552547 4.360283 -39.183928 -0.000000 0.000003 0.000001 9.104502 -0.042984 -1.865096 6.090336 6.835968 -83.384725 5.535318 6.749091 -78.694550 1.552540 4.360280 -39.183945 -0.000001 -0.000002 0.000002 8.077805 -0.486897 -3.806298 10.148459 7.303610 -83.373981 5.544912 2.664448 -78.811354 1.552531 4.360283 -39.183945 -0.000002 -0.000002 -0.000000 -8.207801 -6.751703 -1.599551 -69.736587 -4.015079 -3.352907 49.900211 -0.481784 -0.104777 36.480802 3.593031 12.996150 -0.000014 0.000003 0.000000 -0.000000 0.000001 0.000000 8.207798 -6.751705 -1.599543 -70.132724 -0.535703 14.333350 92.739912 9.744970 0.545675 -6.150890 3.219349 5.773227 -0.083496 0.000009 -0.000001 0.000000 0.000000 -0.000000 
-0.516523 64.068367 1.353670 -18.218237 -6.708780 -7.729635 0.000001 10.181540 0.131519 5.911846 3.025216 3.766260 10.720749 0.586488 2.402822 10.706152 0.643692 2.447337 -0.000000 16.740360 -2.049017 -4.085091 0.690325 -0.715833 0.000001 9.617866 1.684977 -12.557263 1.524185 3.744502 0.000001 22.037384 7.501073 0.000000 0.000000 0.000000 -4.569999 11.014856 -2.160841 3.349714 13.625703 10.892394 -22.863392 27.056130 21.646179 -0.000422 82.839594 0.000490 -6.499942 4.025220 -30.044943 -2.464786 -1.574002 2.681910 7.564649 7.028707 27.703719 -9.818517 -72.226675 -19.707070 -2.646264 -1.527813 1.527811 -2.645434 -31.790019 -7.915081 -1.994583 -1.151581 1.151563 -0.000000 0.000003 0.000006 -9.108296 -0.517881 2.259803 6.036403 -6.888418 82.440971 4.121022 -6.349619 65.937868 1.115601 -3.782566 32.854576 0.000000 -0.000000 0.000001 -9.532492 -0.000004 0.000002 6.036400 -6.888419 82.440971 4.121019 -6.349615 65.937868 1.115599 -3.782566 32.854573 0.000001 -0.000000 -0.000003 -9.103601 -0.043104 -1.865099 6.036403 -6.888416 82.440964 4.121019 -6.349615 65.937868 1.115599 -3.782567 32.854576 0.000000 0.000002 0.000001 -8.076701 -0.486713 -3.806299 6.036404 -6.888420 82.440971 4.121023 -6.349615 65.937861 1.115592 -3.782567 32.854600 -0.000000 0.000002 0.000001 4.570404 11.014690 -2.160814 1.244638 0.076117 -10.790645 -32.097159 -41.849003 -48.693942 0.000011 -81.974175 -0.000023 -1.052524 0.742346 26.301402 2.466093 -1.576189 2.681710 18.241729 -23.305282 -17.628944 53.671616 63.248460 -40.439515 2.647888 -1.528750 1.528754 10.741891 32.760815 -5.296232 1.998929 -1.154073 1.154082 0.000001 -0.000000 -0.000002 9.109306 -0.518016 2.259899 6.090335 6.835969 -83.384725 5.535319 6.749086 -78.694557 1.552537 4.360281 -39.183941 0.000001 0.000001 -0.000001 9.533393 -0.000004 0.000008 6.088415 6.835750 -83.368510 5.537222 6.749461 -78.710772 1.552547 4.360283 -39.183928 -0.000000 0.000003 0.000001 9.104502 -0.042984 -1.865096 6.090336 6.835968 -83.384725 5.535318 6.749091 -78.694550 1.552540 4.360280 -39.183945 -0.000001 -0.000002 0.000002 8.077805 -0.486897 -3.806298 10.148459 7.303610 -83.373981 5.544912 2.664448 -78.811354 1.552531 4.360283 -39.183945 -0.000002 -0.000002 -0.000000 -8.207801 -6.751703 -1.599551 -69.736587 -4.015079 -3.352907 49.900211 -0.481784 -0.104777 36.480802 3.593031 12.996150 -0.000014 0.000003 0.000000 -0.000000 0.000001 0.000000 8.207798 -6.751705 -1.599543 -70.132724 -0.535703 14.333350 92.739912 9.744970 0.545675 -6.150890 3.219349 5.773227 -0.083496 0.000009 -0.000001 0.000000 0.000000 -0.000000 
-0.516523 64.068367 1.353670 -18.218237 -6.708780 -7.729635 0.000001 10.181540 0.131519 5.911846 3.025216 3.766260 10.720749 0.586488 2.402822 10.706152 0.643692 2.447337 -0.000000 16.740360 -2.049017 -4.085091 0.690325 -0.715833 0.000001 9.617866 1.684977 -12.557263 1.524185 3.744502 0.000001 22.037384 7.501073 0.000000 0.000000 0.000000 -4.569999 11.014856 -2.160841 3.349714 13.625703 10.892394 -22.863392 27.056130 21.646179 -0.000422 82.839594 0.000490 -6.499942 4.025220 -30.044943 -2.464786 -1.574002 2.681910 7.564649 7.028707 27.703719 -9.818517 -72.226675 -19.707070 -2.646264 -1.527813 1.527811 -2.645434 -31.790019 -7.915081 -1.994583 -1.151581 1.151563 -0.000000 0.000003 0.000006 -9.108296 -0.517881 2.259803 6.036403 -6.888418 82.440971 4.121022 -6.349619 65.937868 1.115601 -3.782566 32.854576 0.000000 -0.000000 0.000001 -9.532492 -0.000004 0.000002 6.036400 -6.888419 82.440971 4.121019 -6.349615 65.937868 1.115599 -3.782566 32.854573 0.000001 -0.000000 -0.000003 -9.103601 -0.043104 -1.865099 6.036403 -6.888416 82.440964 4.121019 -6.349615 65.937868 1.115599 -3.782567 32.854576 0.000000 0.000002 0.000001 -8.076701 -0.486713 -3.806299 6.036404 -6.888420 82.440971 4.121023 -6.349615 65.937861 1.115592 -3.782567 32.854600 -0.000000 0.000002 0.000001 4.570404 11.014690 -2.160814 1.244638 0.076117 -10.790645 -32.097159 -41.849003 -48.693942 0.000011 -81.974175 -0.000023 -1.052524 0.742346 26.301402 2.466093 -1.576189 2.681710 18.241729 -23.305282 -17.628944 53.671616 63.248460 -40.439515 2.647888 -1.528750 1.528754 10.741891 32.760815 -5.296232 1.998929 -1.154073 1.154082 0.000001 -0.000000 -0.000002 9.109306 -0.518016 2.259899 6.090335 6.835969 -83.384725 5.535319 6.749086 -78.694557 1.552537 4.360281 -39.183941 0.000001 0.000001 -0.000001 9.533393 -0.000004 0.000008 6.088415 6.835750 -83.368510 5.537222 6.749461 -78.710772 1.552547 4.360283 -39.183928 -0.000000 0.000003 0.000001 9.104502 -0.042984 -1.865096 6.090336 6.835968 -83.384725 5.535318 6.749091 -78.694550 1.552540 4.360280 -39.183945 -0.000001 -0.000002 0.000002 8.077805 -0.486897 -3.806298 10.148459 7.303610 -83.373981 5.544912 2.664448 -78.811354 1.552531 4.360283 -39.183945 -0.000002 -0.000002 -0.000000 -8.207801 -6.751703 -1.599551 -69.736587 -4.015079 -3.352907 49.900211 -0.481784 -0.104777 36.480802 3.593031 12.996150 -0.000014 0.000003 0.000000 -0.000000 0.000001 0.000000 8.207798 -6.751705 -1.599543 -70.132724 -0.535703 14.333350 92.739912 9.744970 0.545675 -6.150890 3.219349 5.773227 -0.083496 0.000009 -0.000001 0.000000 0.000000 -0.000000 
-0.516523 64.068367 1.353670 -18.218237 -6.708780 -7.729635 0.000001 10.181540 0.131519 5.911846 3.025216 3.766260 10.720749 0.586488 2.402822 10.706152 0.643692 2.447337 -0.000000 16.740360 -2.049017 -4.085091 0.690325 -0.715833 0.000001 9.617866 1.684977 -12.557263 1.524185 3.744502 0.000001 22.037384 7.501073 0.000000 0.000000 0.000000 -4.569999 11.014856 -2.160841 3.349714 13.625703 10.892394 -22.863392 27.056130 21.646179 -0.000422 82.839594 0.000490 -6.499942 4.025220 -30.044943 -2.464786 -1.574002 2.681910 7.564649 7.028707 27.703719 -9.818517 -72.226675 -19.707070 -2.646264 -1.527813 1.527811 -2.645434 -31.790019 -7.915081 -1.994583 -1.151581 1.151563 -0.000000 0.000003 0.000006 -9.108296 -0.517881 2.259803 6.036403 -6.888418 82.440971 4.121022 -6.349619 65.937868 1.115601 -3.782566 32.854576 0.000000 -0.000000 0.000001 -9.532492 -0.000004 0.000002 6.036400 -6.888419 82.440971 4.121019 -6.349615 65.937868 1.115599 -3.782566 32.854573 0.000001 -0.000000 -0.000003 -9.103601 -0.043104 -1.865099 6.036403 -6.888416 82.440964 4.121019 -6.349615 65.937868 1.115599 -3.782567 32.854576 0.000000 0.000002 0.000001 -8.076701 -0.486713 -3.806299 6.036404 -6.888420 82.440971 4.121023 -6.349615 65.937861 1.115592 -3.782567 32.854600 -0.000000 0.000002 0.000001 4.570404 11.014690 -2.160814 1.244638 0.076117 -10.790645 -32.097159 -41.849003 -48.693942 0.000011 -81.974175 -0.000023 -1.052524 0.742346 26.301402 2.466093 -1.576189 2.681710 18.241729 -23.305282 -17.628944 53.671616 63.248460 -40.439515 2.647888 -1.528750 1.528754 10.741891 32.760815 -5.296232 1.998929 -1.154073 1.154082 0.000001 -0.000000 -0.000002 9.109306 -0.518016 2.259899 6.090335 6.835969 -83.384725 5.535319 6.749086 -78.694557 1.552537 4.360281 -39.183941 0.000001 0.000001 -0.000001 9.533393 -0.000004 0.000008 6.088415 6.835750 -83.368510 5.537222 6.749461 -78.710772 1.552547 4.360283 -39.183928 -0.000000 0.000003 0.000001 9.104502 -0.042984 -1.865096 6.090336 6.835968 -83.384725 5.535318 6.749091 -78.694550 1.552540 4.360280 -39.183945 -0.000001 -0.000002 0.000002 8.077805 -0.486897 -3.806298 10.148459 7.303610 -83.373981 5.544912 2.664448 -78.811354 1.552531 4.360283 -39.183945 -0.000002 -0.000002 -0.000000 -8.207801 -6.751703 -1.599551 -69.736587 -4.015079 -3.352907 49.900211 -0.481784 -0.104777 36.480802 3.593031 12.996150 -0.000014 0.000003 0.000000 -0.000000 0.000001 0.000000 8.207798 -6.751705 -1.599543 -70.132724 -0.535703 14.333350 92.739912 9.744970 0.545675 -6.150890 3.219349 5.773227 -0.083496 0.000009 -0.000001 0.000000 0.000000 -0.000000 
-0.516523 64.068367 1.353670 -18.218237 -6.708780 -7.729635 0.000001 10.181540 0.131519 5.911846 3.025216 3.766260 10.720749 0.586488 2.402822 10.706152 0.643692 2.447337 -0.000000 16.740360 -2.049017 -4.085091 0.690325 -0.715833 0.000001 9.617866 1.684977 -12.557263 1.524185 3.744502 0.000001 22.037384 7.501073 0.000000 0.000000 0.000000 -4.569999 11.014856 -2.160841 3.349714 13.625703 10.892394 -22.863392 27.056130 21.646179 -0.000422 82.839594 0.000490 -6.499942 4.025220 -30.044943 -2.464786 -1.574002 2.681910 7.564649 7.028707 27.703719 -9.818517 -72.226675 -19.707070 -2.646264 -1.527813 1.527811 -2.645434 -31.790019 -7.915081 -1.994583 -1.151581 1.151563 -0.000000 0.000003 0.000006 -9.108296 -0.517881 2.259803 6.036403 -6.888418 82.440971 4.121022 -6.349619 65.937868 1.115601 -3.782566 32.854576 0.000000 -0.000000 0.000001 -9.532492 -0.000004 0.000002 6.036400 -6.888419 82.440971 4.121019 -6.349615 65.937868 1.115599 -3.782566 32.854573 0.000001 -0.000000 -0.000003 -9.103601 -0.043104 -1.865099 6.036403 -6.888416 82.440964 4.121019 -6.349615 65.937868 1.115599 -3.782567 32.854576 0.000000 0.000002 0.000001 -8.076701 -0.486713 -3.806299 6.036404 -6.888420 82.440971 4.121023 -6.349615 65.937861 1.115592 -3.782567 32.854600 -0.000000 0.000002 0.000001 4.570404 11.014690 -2.160814 1.244638 0.076117 -10.790645 -32.097159 -41.849003 -48.693942 0.000011 -81.974175 -0.000023 -1.052524 0.742346 26.301402 2.466093 -1.576189 2.681710 18.241729 -23.305282 -17.628944 53.671616 63.248460 -40.439515 2.647888 -1.528750 1.528754 10.741891 32.760815 -5.296232 1.998929 -1.154073 1.154082 0.000001 -0.000000 -0.000002 9.109306 -0.518016 2.259899 6.090335 6.835969 -83.384725 5.535319 6.749086 -78.694557 1.552537 4.360281 -39.183941 0.000001 0.000001 -0.000001 9.533393 -0.000004 0.000008 6.088415 6.835750 -83.368510 5.537222 6.749461 -78.710772 1.552547 4.360283 -39.183928 -0.000000 0.000003 0.000001 9.104502 -0.042984 -1.865096 6.090336 6.835968 -83.384725 5.535318 6.749091 -78.694550 1.552540 4.360280 -39.183945 -0.000001 -0.000002 0.000002 8.077805 -0.486897 -3.806298 10.148459 7.303610 -83.373981 5.544912 2.664448 -78.811354 1.552531 4.360283 -39.183945 -0.000002 -0.000002 -0.000000 -8.207801 -6.751703 -1.599551 -69.736587 -4.015079 -3.352907 49.900211 -0.481784 -0.104777 36.480802 3.593031 12.996150 -0.000014 0.000003 0.000000 -0.000000 0.000001 0.000000 8.207798 -6.751705 -1.599543 -70.132724 -0.535703 14.333350 92.739912 9.744970 0.545675 -6.150890 3.219349 5.773227 -0.083496 0.000009 -0.000001 0.000000 0.000000 -0.000000 
-0.516523 64.068367 1.353670 -18.218237 -6.708780 -7.729635 0.000001 10.181540 0.131519 5.911846 3.025216 3.766260 10.720749 0.586488 2.402822 10.706152 0.643692 2.447337 -0.000000 16.740360 -2.049017 -4.085091 0.690325 -0.715833 0.000001 9.617866 1.684977 -12.557263 1.524185 3.744502 0.000001 22.037384 7.501073 0.000000 0.000000 0.000000 -4.569999 11.014856 -2.160841 3.349714 13.625703 10.892394 -22.863392 27.056130 21.646179 -0.000422 82.839594 0.000490 -6.499942 4.025220 -30.044943 -2.464786 -1.574002 2.681910 7.564649 7.028707 27.703719 -9.818517 -72.226675 -19.707070 -2.646264 -1.527813 1.527811 -2.645434 -31.790019 -7.915081 -1.994583 -1.151581 1.151563 -0.000000 0.000003 0.000006 -9.108296 -0.517881 2.259803 6.036403 -6.888418 82.440971 4.121022 -6.349619 65.937868 1.115601 -3.782566 32.854576 0.000000 -0.000000 0.000001 -9.532492 -0.000004 0.000002 6.036400 -6.888419 82.440971 4.121019 -6.349615 65.937868 1.115599 -3.782566 32.854573 0.000001 -0.000000 -0.000003 -9.103601 -0.043104 -1.865099 6.036403 -6.888416 82.440964 4.121019 -6.349615 65.937868 1.115599 -3.782567 32.854576 0.000000 0.000002 0.000001 -8.076701 -0.486713 -3.806299 6.036404 -6.888420 82.440971 4.121023 -6.349615 65.937861 1.115592 -3.782567 32.854600 -0.000000 0.000002 0.000001 4.570404 11.014690 -2.160814 1.244638 0.076117 -10.790645 -32.097159 -41.849003 -48.693942 0.000011 -81.974175 -0.000023 -1.052524 0.742346 26.301402 2.466093 -1.576189 2.681710 18.241729 -23.305282 -17.628944 53.671616 63.248460 -40.439515 2.647888 -1.528750 1.528754 10.741891 32.760815 -5.296232 1.998929 -1.154073 1.154082 0.000001 -0.000000 -0.000002 9.109306 -0.518016 2.259899 6.090335 6.835969 -83.384725 5.535319 6.749086 -78.694557 1.552537 4.360281 -39.183941 0.000001 0.000001 -0.000001 9.533393 -0.000004 0.000008 6.088415 6.835750 -83.368510 5.537222 6.749461 -78.710772 1.552547 4.360283 -39.183928 -0.000000 0.000003 0.000001 9.104502 -0.042984 -1.865096 6.090336 6.835968 -83.384725 5.535318 6.749091 -78.694550 1.552540 4.360280 -39.183945 -0.000001 -0.000002 0.000002 8.077805 -0.486897 -3.806298 10.148459 7.303610 -83.373981 5.544912 2.664448 -78.811354 1.552531 4.360283 -39.183945 -0.000002 -0.000002 -0.000000 -8.207801 -6.751703 -1.599551 -69.736587 -4.015079 -3.352907 49.900211 -0.481784 -0.104777 36.480802 3.593031 12.996150 -0.000014 0.000003 0.000000 -0.000000 0.000001 0.000000 8.207798 -6.751705 -1.599543 -70.132724 -0.535703 14.333350 92.739912 9.744970 0.545675 -6.150890 3.219349 5.773227 -0.083496 0.000009 -0.000001 0.000000 0.000000 -0.000000 
-0.516523 64.068367 1.353670 -18.218237 -6.708780 -7.729635 0.000001 10.181540 0.131519 5.911846 3.025216 3.766260 10.720749 0.586488 2.402822 10.706152 0.643692 2.447337 -0.000000 16.740360 -2.049017 -4.085091 0.690325 -0.715833 0.000001 9.617866 1.684977 -12.557263 1.524185 3.744502 0.000001 22.037384 7.501073 0.000000 0.000000 0.000000 -4.569999 11.014856 -2.160841 3.349714 13.625703 10.892394 -22.863392 27.056130 21.646179 -0.000422 82.839594 0.000490 -6.499942 4.025220 -30.044943 -2.464786 -1.574002 2.681910 7.564649 7.028707 27.703719 -9.818517 -72.226675 -19.707070 -2.646264 -1.527813 1.527811 -2.645434 -31.790019 -7.915081 -1.994583 -1.151581 1.151563 -0.000000 0.000003 0.000006 -9.108296 -0.517881 2.259803 6.036403 -6.888418 82.440971 4.121022 -6.349619 65.937868 1.115601 -3.782566 32.854576 0.000000 -0.000000 0.000001 -9.532492 -0.000004 0.000002 6.036400 -6.888419 82.440971 4.121019 -6.349615 65.937868 1.115599 -3.782566 32.854573 0.000001 -0.000000 -0.000003 -9.103601 -0.043104 -1.865099 6.036403 -6.888416 82.440964 4.121019 -6.349615 65.937868 1.115599 -3.782567 32.854576 0.000000 0.000002 0.000001 -8.076701 -0.486713 -3.806299 6.036404 -6.888420 82.440971 4.121023 -6.349615 65.937861 1.115592 -3.782567 32.854600 -0.000000 0.000002 0.000001 4.570404 11.014690 -2.160814 1.244638 0.076117 -10.790645 -32.097159 -41.849003 -48.693942 0.000011 -81.974175 -0.000023 -1.052524 0.742346 26.301402 2.466093 -1.576189 2.681710 18.241729 -23.305282 -17.628944 53.671616 63.248460 -40.439515 2.647888 -1.528750 1.528754 10.741891 32.760815 -5.296232 1.998929 -1.154073 1.154082 0.000001 -0.000000 -0.000002 9.109306 -0.518016 2.259899 6.090335 6.835969 -83.384725 5.535319 6.749086 -78.694557 1.552537 4.360281 -39.183941 0.000001 0.000001 -0.000001 9.533393 -0.000004 0.000008 6.088415 6.835750 -83.368510 5.537222 6.749461 -78.710772 1.552547 4.360283 -39.183928 -0.000000 0.000003 0.000001 9.104502 -0.042984 -1.865096 6.090336 6.835968 -83.384725 5.535318 6.749091 -78.694550 1.552540 4.360280 -39.183945 -0.000001 -0.000002 0.000002 8.077805 -0.486897 -3.806298 10.148459 7.303610 -83.373981 5.544912 2.664448 -78.811354 1.552531 4.360283 -39.183945 -0.000002 -0.000002 -0.000000 -8.207801 -6.751703 -1.599551 -69.736587 -4.015079 -3.352907 49.900211 -0.481784 -0.104777 36.480802 3.593031 12.996150 -0.000014 0.000003 0.000000 -0.000000 0.000001 0.000000 8.207798 -6.751705 -1.599543 -70.132724 -0.535703 14.333350 92.739912 9.744970 0.545675 -6.150890 3.219349 5.773227 -0.083496 0.000009 -0.000001 0.000000 0.000000 -0.000000 
-0.516523 64.068367 1.353670 -18.218237 -6.708780 -7.729635 0.000001 10.181540 0.131519 5.911846 3.025216 3.766260 10.720749 0.586488 2.402822 10.706152 0.643692 2.447337 -0.000000 16.740360 -2.049017 -4.085091 0.690325 -0.715833 0.000001 9.617866 1.684977 -12.557263 1.524185 3.744502 0.000001 22.037384 7.501073 0.000000 0.000000 0.000000 -4.569999 11.014856 -2.160841 3.349714 13.625703 10.892394 -22.863392 27.056130 21.646179 -0.000422 82.839594 0.000490 -6.499942 4.025220 -30.044943 -2.464786 -1.574002 2.681910 7.564649 7.028707 27.703719 -9.818517 -72.226675 -19.707070 -2.646264 -1.527813 1.527811 -2.645434 -31.790019 -7.915081 -1.994583 -1.151581 1.151563 -0.000000 0.000003 0.000006 -9.108296 -0.517881 2.259803 6.036403 -6.888418 82.440971 4.121022 -6.349619 65.937868 1.115601 -3.782566 32.854576 0.000000 -0.000000 0.000001 -9.532492 -0.000004 0.000002 6.036400 -6.888419 82.440971 4.121019 -6.349615 65.937868 1.115599 -3.782566 32.854573 0.000001 -0.000000 -0.000003 -9.103601 -0.043104 -1.865099 6.036403 -6.888416 82.440964 4.121019 -6.349615 65.937868 1.115599 -3.782567 32.854576 0.000000 0.000002 0.000001 -8.076701 -0.486713 -3.806299 6.036404 -6.888420 82.440971 4.121023 -6.349615 65.937861 1.115592 -3.782567 32.854600 -0.000000 0.000002 0.000001 4.570404 11.014690 -2.160814 1.244638 0.076117 -10.790645 -32.097159 -41.849003 -48.693942 0.000011 -81.974175 -0.000023 -1.052524 0.742346 26.301402 2.466093 -1.576189 2.681710 18.241729 -23.305282 -17.628944 53.671616 63.248460 -40.439515 2.647888 -1.528750 1.528754 10.741891 32.760815 -5.296232 1.998929 -1.154073 1.154082 0.000001 -0.000000 -0.000002 9.109306 -0.518016 2.259899 6.090335 6.835969 -83.384725 5.535319 6.749086 -78.694557 1.552537 4.360281 -39.183941 0.000001 0.000001 -0.000001 9.533393 -0.000004 0.000008 6.088415 6.835750 -83.368510 5.537222 6.749461 -78.710772 1.552547 4.360283 -39.183928 -0.000000 0.000003 0.000001 9.104502 -0.042984 -1.865096 6.090336 6.835968 -83.384725 5.535318 6.749091 -78.694550 1.552540 4.360280 -39.183945 -0.000001 -0.000002 0.000002 8.077805 -0.486897 -3.806298 10.148459 7.303610 -83.373981 5.544912 2.664448 -78.811354 1.552531 4.360283 -39.183945 -0.000002 -0.000002 -0.000000 -8.207801 -6.751703 -1.599551 -69.736587 -4.015079 -3.352907 49.900211 -0.481784 -0.104777 36.480802 3.593031 12.996150 -0.000014 0.000003 0.000000 -0.000000 0.000001 0.000000 8.207798 -6.751705 -1.599543 -70.132724 -0.535703 14.333350 92.739912 9.744970 0.545675 -6.150890 3.219349 5.773227 -0.083496 0.000009 -0.000001 0.000000 0.000000 -0.000000 
-0.516523 64.068367 1.353670 -18.218237 -6.708780 -7.729635 0.000001 10.181540 0.131519 5.911846 3.025216 3.766260 10.720749 0.586488 2.402822 10.706152 0.643692 2.447337 -0.000000 16.740360 -2.049017 -4.085091 0.690325 -0.715833 0.000001 9.617866 1.684977 -12.557263 1.524185 3.744502 0.000001 22.037384 7.501073 0.000000 0.000000 0.000000 -4.569999 11.014856 -2.160841 3.349714 13.625703 10.892394 -22.863392 27.056130 21.646179 -0.000422 82.839594 0.000490 -6.499942 4.025220 -30.044943 -2.464786 -1.574002 2.681910 7.564649 7.028707 27.703719 -9.818517 -72.226675 -19.707070 -2.646264 -1.527813 1.527811 -2.645434 -31.790019 -7.915081 -1.994583 -1.151581 1.151563 -0.000000 0.000003 0.000006 -9.108296 -0.517881 2.259803 6.036403 -6.888418 82.440971 4.121022 -6.349619 65.937868 1.115601 -3.782566 32.854576 0.000000 -0.000000 0.000001 -9.532492 -0.000004 0.000002 6.036400 -6.888419 82.440971 4.121019 -6.349615 65.937868 1.115599 -3.782566 32.854573 0.000001 -0.000000 -0.000003 -9.103601 -0.043104 -1.865099 6.036403 -6.888416 82.440964 4.121019 -6.349615 65.937868 1.115599 -3.782567 32.854576 0.000000 0.000002 0.000001 -8.076701 -0.486713 -3.806299 6.036404 -6.888420 82.440971 4.121023 -6.349615 65.937861 1.115592 -3.782567 32.854600 -0.000000 0.000002 0.000001 4.570404 11.014690 -2.160814 1.244638 0.076117 -10.790645 -32.097159 -41.849003 -48.693942 0.000011 -81.974175 -0.000023 -1.052524 0.742346 26.301402 2.466093 -1.576189 2.681710 18.241729 -23.305282 -17.628944 53.671616 63.248460 -40.439515 2.647888 -1.528750 1.528754 10.741891 32.760815 -5.296232 1.998929 -1.154073 1.154082 0.000001 -0.000000 -0.000002 9.109306 -0.518016 2.259899 6.090335 6.835969 -83.384725 5.535319 6.749086 -78.694557 1.552537 4.360281 -39.183941 0.000001 0.000001 -0.000001 9.533393 -0.000004 0.000008 6.088415 6.835750 -83.368510 5.537222 6.749461 -78.710772 1.552547 4.360283 -39.183928 -0.000000 0.000003 0.000001 9.104502 -0.042984 -1.865096 6.090336 6.835968 -83.384725 5.535318 6.749091 -78.694550 1.552540 4.360280 -39.183945 -0.000001 -0.000002 0.000002 8.077805 -0.486897 -3.806298 10.148459 7.303610 -83.373981 5.544912 2.664448 -78.811354 1.552531 4.360283 -39.183945 -0.000002 -0.000002 -0.000000 -8.207801 -6.751703 -1.599551 -69.736587 -4.015079 -3.352907 49.900211 -0.481784 -0.104777 36.480802 3.593031 12.996150 -0.000014 0.000003 0.000000 -0.000000 0.000001 0.000000 8.207798 -6.751705 -1.599543 -70.132724 -0.535703 14.333350 92.739912 9.744970 0.545675 -6.150890 3.219349 5.773227 -0.083496 0.000009 -0.000001 0.000000 0.000000 -0.000000 
-0.516523 64.068367 1.353670 -18.218237 -6.708780 -7.729635 0.000001 10.181540 0.131519 5.911846 3.025216 3.766260 10.720749 0.586488 2.402822 10.706152 0.643692 2.447337 -0.000000 16.740360 -2.049017 -4.085091 0.690325 -0.715833 0.000001 9.617866 1.684977 -12.557263 1.524185 3.744502 0.000001 22.037384 7.501073 0.000000 0.000000 0.000000 -4.569999 11.014856 -2.160841 3.349714 13.625703 10.892394 -22.863392 27.056130 21.646179 -0.000422 82.839594 0.000490 -6.499942 4.025220 -30.044943 -2.464786 -1.574002 2.681910 7.564649 7.028707 27.703719 -9.818517 -72.226675 -19.707070 -2.646264 -1.527813 1.527811 -2.645434 -31.790019 -7.915081 -1.994583 -1.151581 1.151563 -0.000000 0.000003 0.000006 -9.108296 -0.517881 2.259803 6.036403 -6.888418 82.440971 4.121022 -6.349619 65.937868 1.115601 -3.782566 32.854576 0.000000 -0.000000 0.000001 -9.532492 -0.000004 0.000002 6.036400 -6.888419 82.440971 4.121019 -6.349615 65.937868 1.115599 -3.782566 32.854573 0.000001 -0.000000 -0.000003 -9.103601 -0.043104 -1.865099 6.036403 -6.888416 82.440964 4.121019 -6.349615 65.937868 1.115599 -3.782567 32.854576 0.000000 0.000002 0.000001 -8.076701 -0.486713 -3.806299 6.036404 -6.888420 82.440971 4.121023 -6.349615 65.937861 1.115592 -3.782567 32.854600 -0.000000 0.000002 0.000001 4.570404 11.014690 -2.160814 1.244638 0.076117 -10.790645 -32.097159 -41.849003 -48.693942 0.000011 -81.974175 -0.000023 -1.052524 0.742346 26.301402 2.466093 -1.576189 2.681710 18.241729 -23.305282 -17.628944 53.671616 63.248460 -40.439515 2.647888 -1.528750 1.528754 10.741891 32.760815 -5.296232 1.998929 -1.154073 1.154082 0.000001 -0.000000 -0.000002 9.109306 -0.518016 2.259899 6.090335 6.835969 -83.384725 5.535319 6.749086 -78.694557 1.552537 4.360281 -39.183941 0.000001 0.000001 -0.000001 9.533393 -0.000004 0.000008 6.088415 6.835750 -83.368510 5.537222 6.749461 -78.710772 1.552547 4.360283 -39.183928 -0.000000 0.000003 0.000001 9.104502 -0.042984 -1.865096 6.090336 6.835968 -83.384725 5.535318 6.749091 -78.694550 1.552540 4.360280 -39.183945 -0.000001 -0.000002 0.000002 8.077805 -0.486897 -3.806298 10.148459 7.303610 -83.373981 5.544912 2.664448 -78.811354 1.552531 4.360283 -39.183945 -0.000002 -0.000002 -0.000000 -8.207801 -6.751703 -1.599551 -69.736587 -4.015079 -3.352907 49.900211 -0.481784 -0.104777 36.480802 3.593031 12.996150 -0.000014 0.000003 0.000000 -0.000000 0.000001 0.000000 8.207798 -6.751705 -1.599543 -70.132724 -0.535703 14.333350 92.739912 9.744970 0.545675 -6.150890 3.219349 5.773227 -0.083496 0.000009 -0.000001 0.000000 0.000000 -0.000000 
-0.516523 64.068367 1.353670 -18.218237 -6.708780 -7.729635 0.000001 10.181540 0.131519 5.911846 3.025216 3.766260 10.720749 0.586488 2.402822 10.706152 0.643692 2.447337 -0.000000 16.740360 -2.049017 -4.085091 0.690325 -0.715833 0.000001 9.617866 1.684977 -12.557263 1.524185 3.744502 0.000001 22.037384 7.501073 0.000000 0.000000 0.000000 -4.569999 11.014856 -2.160841 3.349714 13.625703 10.892394 -22.863392 27.056130 21.646179 -0.000422 82.839594 0.000490 -6.499942 4.025220 -30.044943 -2.464786 -1.574002 2.681910 7.564649 7.028707 27.703719 -9.818517 -72.226675 -19.707070 -2.646264 -1.527813 1.527811 -2.645434 -31.790019 -7.915081 -1.994583 -1.151581 1.151563 -0.000000 0.000003 0.000006 -9.108296 -0.517881 2.259803 6.036403 -6.888418 82.440971 4.121022 -6.349619 65.937868 1.115601 -3.782566 32.854576 0.000000 -0.000000 0.000001 -9.532492 -0.000004 0.000002 6.036400 -6.888419 82.440971 4.121019 -6.349615 65.937868 1.115599 -3.782566 32.854573 0.000001 -0.000000 -0.000003 -9.103601 -0.043104 -1.865099 6.036403 -6.888416 82.440964 4.121019 -6.349615 65.937868 1.115599 -3.782567 32.854576 0.000000 0.000002 0.000001 -8.076701 -0.486713 -3.806299 6.036404 -6.888420 82.440971 4.121023 -6.349615 65.937861 1.115592 -3.782567 32.854600 -0.000000 0.000002 0.000001 4.570404 11.014690 -2.160814 1.244638 0.076117 -10.790645 -32.097159 -41.849003 -48.693942 0.000011 -81.974175 -0.000023 -1.052524 0.742346 26.301402 2.466093 -1.576189 2.681710 18.241729 -23.305282 -17.628944 53.671616 63.248460 -40.439515 2.647888 -1.528750 1.528754 10.741891 32.760815 -5.296232 1.998929 -1.154073 1.154082 0.000001 -0.000000 -0.000002 9.109306 -0.518016 2.259899 6.090335 6.835969 -83.384725 5.535319 6.749086 -78.694557 1.552537 4.360281 -39.183941 0.000001 0.000001 -0.000001 9.533393 -0.000004 0.000008 6.088415 6.835750 -83.368510 5.537222 6.749461 -78.710772 1.552547 4.360283 -39.183928 -0.000000 0.000003 0.000001 9.104502 -0.042984 -1.865096 6.090336 6.835968 -83.384725 5.535318 6.749091 -78.694550 1.552540 4.360280 -39.183945 -0.000001 -0.000002 0.000002 8.077805 -0.486897 -3.806298 10.148459 7.303610 -83.373981 5.544912 2.664448 -78.811354 1.552531 4.360283 -39.183945 -0.000002 -0.000002 -0.000000 -8.207801 -6.751703 -1.599551 -69.736587 -4.015079 -3.352907 49.900211 -0.481784 -0.104777 36.480802 3.593031 12.996150 -0.000014 0.000003 0.000000 -0.000000 0.000001 0.000000 8.207798 -6.751705 -1.599543 -70.132724 -0.535703 14.333350 92.739912 9.744970 0.545675 -6.150890 3.219349 5.773227 -0.083496 0.000009 -0.000001 0.000000 0.000000 -0.000000 
-0.516523 64.068367 1.353670 -18.218237 -6.708780 -7.729635 0.000001 10.181540 0.131519 5.911846 3.025216 3.766260 10.720749 0.586488 2.402822 10.706152 0.643692 2.447337 -0.000000 16.740360 -2.049017 -4.085091 0.690325 -0.715833 0.000001 9.617866 1.684977 -12.557263 1.524185 3.744502 0.000001 22.037384 7.501073 0.000000 0.000000 0.000000 -4.569999 11.014856 -2.160841 3.349714 13.625703 10.892394 -22.863392 27.056130 21.646179 -0.000422 82.839594 0.000490 -6.499942 4.025220 -30.044943 -2.464786 -1.574002 2.681910 7.564649 7.028707 27.703719 -9.818517 -72.226675 -19.707070 -2.646264 -1.527813 1.527811 -2.645434 -31.790019 -7.915081 -1.994583 -1.151581 1.151563 -0.000000 0.000003 0.000006 -9.108296 -0.517881 2.259803 6.036403 -6.888418 82.440971 4.121022 -6.349619 65.937868 1.115601 -3.782566 32.854576 0.000000 -0.000000 0.000001 -9.532492 -0.000004 0.000002 6.036400 -6.888419 82.440971 4.121019 -6.349615 65.937868 1.115599 -3.782566 32.854573 0.000001 -0.000000 -0.000003 -9.103601 -0.043104 -1.865099 6.036403 -6.888416 82.440964 4.121019 -6.349615 65.937868 1.115599 -3.782567 32.854576 0.000000 0.000002 0.000001 -8.076701 -0.486713 -3.806299 6.036404 -6.888420 82.440971 4.121023 -6.349615 65.937861 1.115592 -3.782567 32.854600 -0.000000 0.000002 0.000001 4.570404 11.014690 -2.160814 1.244638 0.076117 -10.790645 -32.097159 -41.849003 -48.693942 0.000011 -81.974175 -0.000023 -1.052524 0.742346 26.301402 2.466093 -1.576189 2.681710 18.241729 -23.305282 -17.628944 53.671616 63.248460 -40.439515 2.647888 -1.528750 1.528754 10.741891 32.760815 -5.296232 1.998929 -1.154073 1.154082 0.000001 -0.000000 -0.000002 9.109306 -0.518016 2.259899 6.090335 6.835969 -83.384725 5.535319 6.749086 -78.694557 1.552537 4.360281 -39.183941 0.000001 0.000001 -0.000001 9.533393 -0.000004 0.000008 6.088415 6.835750 -83.368510 5.537222 6.749461 -78.710772 1.552547 4.360283 -39.183928 -0.000000 0.000003 0.000001 9.104502 -0.042984 -1.865096 6.090336 6.835968 -83.384725 5.535318 6.749091 -78.694550 1.552540 4.360280 -39.183945 -0.000001 -0.000002 0.000002 8.077805 -0.486897 -3.806298 10.148459 7.303610 -83.373981 5.544912 2.664448 -78.811354 1.552531 4.360283 -39.183945 -0.000002 -0.000002 -0.000000 -8.207801 -6.751703 -1.599551 -69.736587 -4.015079 -3.352907 49.900211 -0.481784 -0.104777 36.480802 3.593031 12.996150 -0.000014 0.000003 0.000000 -0.000000 0.000001 0.000000 8.207798 -6.751705 -1.599543 -70.132724 -0.535703 14.333350 92.739912 9.744970 0.545675 -6.150890 3.219349 5.773227 -0.083496 0.000009 -0.000001 0.000000 0.000000 -0.000000 
-0.516523 64.068367 1.353670 -18.218237 -6.708780 -7.729635 0.000001 10.181540 0.131519 5.911846 3.025216 3.766260 10.720749 0.586488 2.402822 10.706152 0.643692 2.447337 -0.000000 16.740360 -2.049017 -4.085091 0.690325 -0.715833 0.000001 9.617866 1.684977 -12.557263 1.524185 3.744502 0.000001 22.037384 7.501073 0.000000 0.000000 0.000000 -4.569999 11.014856 -2.160841 3.349714 13.625703 10.892394 -22.863392 27.056130 21.646179 -0.000422 82.839594 0.000490 -6.499942 4.025220 -30.044943 -2.464786 -1.574002 2.681910 7.564649 7.028707 27.703719 -9.818517 -72.226675 -19.707070 -2.646264 -1.527813 1.527811 -2.645434 -31.790019 -7.915081 -1.994583 -1.151581 1.151563 -0.000000 0.000003 0.000006 -9.108296 -0.517881 2.259803 6.036403 -6.888418 82.440971 4.121022 -6.349619 65.937868 1.115601 -3.782566 32.854576 0.000000 -0.000000 0.000001 -9.532492 -0.000004 0.000002 6.036400 -6.888419 82.440971 4.121019 -6.349615 65.937868 1.115599 -3.782566 32.854573 0.000001 -0.000000 -0.000003 -9.103601 -0.043104 -1.865099 6.036403 -6.888416 82.440964 4.121019 -6.349615 65.937868 1.115599 -3.782567 32.854576 0.000000 0.000002 0.000001 -8.076701 -0.486713 -3.806299 6.036404 -6.888420 82.440971 4.121023 -6.349615 65.937861 1.115592 -3.782567 32.854600 -0.000000 0.000002 0.000001 4.570404 11.014690 -2.160814 1.244638 0.076117 -10.790645 -32.097159 -41.849003 -48.693942 0.000011 -81.974175 -0.000023 -1.052524 0.742346 26.301402 2.466093 -1.576189 2.681710 18.241729 -23.305282 -17.628944 53.671616 63.248460 -40.439515 2.647888 -1.528750 1.528754 10.741891 32.760815 -5.296232 1.998929 -1.154073 1.154082 0.000001 -0.000000 -0.000002 9.109306 -0.518016 2.259899 6.090335 6.835969 -83.384725 5.535319 6.749086 -78.694557 1.552537 4.360281 -39.183941 0.000001 0.000001 -0.000001 9.533393 -0.000004 0.000008 6.088415 6.835750 -83.368510 5.537222 6.749461 -78.710772 1.552547 4.360283 -39.183928 -0.000000 0.000003 0.000001 9.104502 -0.042984 -1.865096 6.090336 6.835968 -83.384725 5.535318 6.749091 -78.694550 1.552540 4.360280 -39.183945 -0.000001 -0.000002 0.000002 8.077805 -0.486897 -3.806298 10.148459 7.303610 -83.373981 5.544912 2.664448 -78.811354 1.552531 4.360283 -39.183945 -0.000002 -0.000002 -0.000000 -8.207801 -6.751703 -1.599551 -69.736587 -4.015079 -3.352907 49.900211 -0.481784 -0.104777 36.480802 3.593031 12.996150 -0.000014 0.000003 0.000000 -0.000000 0.000001 0.000000 8.207798 -6.751705 -1.599543 -70.132724 -0.535703 14.333350 92.739912 9.744970 0.545675 -6.150890 3.219349 5.773227 -0.083496 0.000009 -0.000001 0.000000 0.000000 -0.000000 
-0.516523 64.068367 1.353670 -18.218237 -6.708780 -7.729635 0.000001 10.181540 0.131519 5.911846 3.025216 3.766260 10.720749 0.586488 2.402822 10.706152 0.643692 2.447337 -0.000000 16.740360 -2.049017 -4.085091 0.690325 -0.715833 0.000001 9.617866 1.684977 -12.557263 1.524185 3.744502 0.000001 22.037384 7.501073 0.000000 0.000000 0.000000 -4.569999 11.014856 -2.160841 3.349714 13.625703 10.892394 -22.863392 27.056130 21.646179 -0.000422 82.839594 0.000490 -6.499942 4.025220 -30.044943 -2.464786 -1.574002 2.681910 7.564649 7.028707 27.703719 -9.818517 -72.226675 -19.707070 -2.646264 -1.527813 1.527811 -2.645434 -31.790019 -7.915081 -1.994583 -1.151581 1.151563 -0.000000 0.000003 0.000006 -9.108296 -0.517881 2.259803 6.036403 -6.888418 82.440971 4.121022 -6.349619 65.937868 1.115601 -3.782566 32.854576 0.000000 -0.000000 0.000001 -9.532492 -0.000004 0.000002 6.036400 -6.888419 82.440971 4.121019 -6.349615 65.937868 1.115599 -3.782566 32.854573 0.000001 -0.000000 -0.000003 -9.103601 -0.043104 -1.865099 6.036403 -6.888416 82.440964 4.121019 -6.349615 65.937868 1.115599 -3.782567 32.854576 0.000000 0.000002 0.000001 -8.076701 -0.486713 -3.806299 6.036404 -6.888420 82.440971 4.121023 -6.349615 65.937861 1.115592 -3.782567 32.854600 -0.000000 0.000002 0.000001 4.570404 11.014690 -2.160814 1.244638 0.076117 -10.790645 -32.097159 -41.849003 -48.693942 0.000011 -81.974175 -0.000023 -1.052524 0.742346 26.301402 2.466093 -1.576189 2.681710 18.241729 -23.305282 -17.628944 53.671616 63.248460 -40.439515 2.647888 -1.528750 1.528754 10.741891 32.760815 -5.296232 1.998929 -1.154073 1.154082 0.000001 -0.000000 -0.000002 9.109306 -0.518016 2.259899 6.090335 6.835969 -83.384725 5.535319 6.749086 -78.694557 1.552537 4.360281 -39.183941 0.000001 0.000001 -0.000001 9.533393 -0.000004 0.000008 6.088415 6.835750 -83.368510 5.537222 6.749461 -78.710772 1.552547 4.360283 -39.183928 -0.000000 0.000003 0.000001 9.104502 -0.042984 -1.865096 6.090336 6.835968 -83.384725 5.535318 6.749091 -78.694550 1.552540 4.360280 -39.183945 -0.000001 -0.000002 0.000002 8.077805 -0.486897 -3.806298 10.148459 7.303610 -83.373981 5.544912 2.664448 -78.811354 1.552531 4.360283 -39.183945 -0.000002 -0.000002 -0.000000 -8.207801 -6.751703 -1.599551 -69.736587 -4.015079 -3.352907 49.900211 -0.481784 -0.104777 36.480802 3.593031 12.996150 -0.000014 0.000003 0.000000 -0.000000 0.000001 0.000000 8.207798 -6.751705 -1.599543 -70.132724 -0.535703 14.333350 92.739912 9.744970 0.545675 -6.150890 3.219349 5.773227 -0.083496 0.000009 -0.000001 0.000000 0.000000 -0.000000 
-0.516523 64.068367 1.353670 -18.218237 -6.708780 -7.729635 0.000001 10.181540 0.131519 5.911846 3.025216 3.766260 10.720749 0.586488 2.402822 10.706152 0.643692 2.447337 -0.000000 16.740360 -2.049017 -4.085091 0.690325 -0.715833 0.000001 9.617866 1.684977 -12.557263 1.524185 3.744502 0.000001 22.037384 7.501073 0.000000 0.000000 0.000000 -4.569999 11.014856 -2.160841 3.349714 13.625703 10.892394 -22.863392 27.056130 21.646179 -0.000422 82.839594 0.000490 -6.499942 4.025220 -30.044943 -2.464786 -1.574002 2.681910 7.564649 7.028707 27.703719 -9.818517 -72.226675 -19.707070 -2.646264 -1.527813 1.527811 -2.645434 -31.790019 -7.915081 -1.994583 -1.151581 1.151563 -0.000000 0.000003 0.000006 -9.108296 -0.517881 2.259803 6.036403 -6.888418 82.440971 4.121022 -6.349619 65.937868 1.115601 -3.782566 32.854576 0.000000 -0.000000 0.000001 -9.532492 -0.000004 0.000002 6.036400 -6.888419 82.440971 4.121019 -6.349615 65.937868 1.115599 -3.782566 32.854573 0.000001 -0.000000 -0.000003 -9.103601 -0.043104 -1.865099 6.036403 -6.888416 82.440964 4.121019 -6.349615 65.937868 1.115599 -3.782567 32.854576 0.000000 0.000002 0.000001 -8.076701 -0.486713 -3.806299 6.036404 -6.888420 82.440971 4.121023 -6.349615 65.937861 1.115592 -3.782567 32.854600 -0.000000 0.000002 0.000001 4.570404 11.014690 -2.160814 1.244638 0.076117 -10.790645 -32.097159 -41.849003 -48.693942 0.000011 -81.974175 -0.000023 -1.052524 0.742346 26.301402 2.466093 -1.576189 2.681710 18.241729 -23.305282 -17.628944 53.671616 63.248460 -40.439515 2.647888 -1.528750 1.528754 10.741891 32.760815 -5.296232 1.998929 -1.154073 1.154082 0.000001 -0.000000 -0.000002 9.109306 -0.518016 2.259899 6.090335 6.835969 -83.384725 5.535319 6.749086 -78.694557 1.552537 4.360281 -39.183941 0.000001 0.000001 -0.000001 9.533393 -0.000004 0.000008 6.088415 6.835750 -83.368510 5.537222 6.749461 -78.710772 1.552547 4.360283 -39.183928 -0.000000 0.000003 0.000001 9.104502 -0.042984 -1.865096 6.090336 6.835968 -83.384725 5.535318 6.749091 -78.694550 1.552540 4.360280 -39.183945 -0.000001 -0.000002 0.000002 8.077805 -0.486897 -3.806298 10.148459 7.303610 -83.373981 5.544912 2.664448 -78.811354 1.552531 4.360283 -39.183945 -0.000002 -0.000002 -0.000000 -8.207801 -6.751703 -1.599551 -69.736587 -4.015079 -3.352907 49.900211 -0.481784 -0.104777 36.480802 3.593031 12.996150 -0.000014 0.000003 0.000000 -0.000000 0.000001 0.000000 8.207798 -6.751705 -1.599543 -70.132724 -0.535703 14.333350 92.739912 9.744970 0.545675 -6.150890 3.219349 5.773227 -0.083496 0.000009 -0.000001 0.000000 0.000000 -0.000000 
-0.516523 64.068367 1.353670 -18.218237 -6.708780 -7.729635 0.000001 10.181540 0.131519 5.911846 3.025216 3.766260 10.720749 0.586488 2.402822 10.706152 0.643692 2.447337 -0.000000 16.740360 -2.049017 -4.085091 0.690325 -0.715833 0.000001 9.617866 1.684977 -12.557263 1.524185 3.744502 0.000001 22.037384 7.501073 0.000000 0.000000 0.000000 -4.569999 11.014856 -2.160841 3.349714 13.625703 10.892394 -22.863392 27.056130 21.646179 -0.000422 82.839594 0.000490 -6.499942 4.025220 -30.044943 -2.464786 -1.574002 2.681910 7.564649 7.028707 27.703719 -9.818517 -72.226675 -19.707070 -2.646264 -1.527813 1.527811 -2.645434 -31.790019 -7.915081 -1.994583 -1.151581 1.151563 -0.000000 0.000003 0.000006 -9.108296 -0.517881 2.259803 6.036403 -6.888418 82.440971 4.121022 -6.349619 65.937868 1.115601 -3.782566 32.854576 0.000000 -0.000000 0.000001 -9.532492 -0.000004 0.000002 6.036400 -6.888419 82.440971 4.121019 -6.349615 65.937868 1.115599 -3.782566 32.854573 0.000001 -0.000000 -0.000003 -9.103601 -0.043104 -1.865099 6.036403 -6.888416 82.440964 4.121019 -6.349615 65.937868 1.115599 -3.782567 32.854576 0.000000 0.000002 0.000001 -8.076701 -0.486713 -3.806299 6.036404 -6.888420 82.440971 4.121023 -6.349615 65.937861 1.115592 -3.782567 32.854600 -0.000000 0.000002 0.000001 4.570404 11.014690 -2.160814 1.244638 0.076117 -10.790645 -32.097159 -41.849003 -48.693942 0.000011 -81.974175 -0.000023 -1.052524 0.742346 26.301402 2.466093 -1.576189 2.681710 18.241729 -23.305282 -17.628944 53.671616 63.248460 -40.439515 2.647888 -1.528750 1.528754 10.741891 32.760815 -5.296232 1.998929 -1.154073 1.154082 0.000001 -0.000000 -0.000002 9.109306 -0.518016 2.259899 6.090335 6.835969 -83.384725 5.535319 6.749086 -78.694557 1.552537 4.360281 -39.183941 0.000001 0.000001 -0.000001 9.533393 -0.000004 0.000008 6.088415 6.835750 -83.368510 5.537222 6.749461 -78.710772 1.552547 4.360283 -39.183928 -0.000000 0.000003 0.000001 9.104502 -0.042984 -1.865096 6.090336 6.835968 -83.384725 5.535318 6.749091 -78.694550 1.552540 4.360280 -39.183945 -0.000001 -0.000002 0.000002 8.077805 -0.486897 -3.806298 10.148459 7.303610 -83.373981 5.544912 2.664448 -78.811354 1.552531 4.360283 -39.183945 -0.000002 -0.000002 -0.000000 -8.207801 -6.751703 -1.599551 -69.736587 -4.015079 -3.352907 49.900211 -0.481784 -0.104777 36.480802 3.593031 12.996150 -0.000014 0.000003 0.000000 -0.000000 0.000001 0.000000 8.207798 -6.751705 -1.599543 -70.132724 -0.535703 14.333350 92.739912 9.744970 0.545675 -6.150890 3.219349 5.773227 -0.083496 0.000009 -0.000001 0.000000 0.000000 -0.000000 
-0.516523 64.068367 1.353670 -18.218237 -6.708780 -7.729635 0.000001 10.181540 0.131519 5.911846 3.025216 3.766260 10.720749 0.586488 2.402822 10.706152 0.643692 2.447337 -0.000000 16.740360 -2.049017 -4.085091 0.690325 -0.715833 0.000001 9.617866 1.684977 -12.557263 1.524185 3.744502 0.000001 22.037384 7.501073 0.000000 0.000000 0.000000 -4.569999 11.014856 -2.160841 3.349714 13.625703 10.892394 -22.863392 27.056130 21.646179 -0.000422 82.839594 0.000490 -6.499942 4.025220 -30.044943 -2.464786 -1.574002 2.681910 7.564649 7.028707 27.703719 -9.818517 -72.226675 -19.707070 -2.646264 -1.527813 1.527811 -2.645434 -31.790019 -7.915081 -1.994583 -1.151581 1.151563 -0.000000 0.000003 0.000006 -9.108296 -0.517881 2.259803 6.036403 -6.888418 82.440971 4.121022 -6.349619 65.937868 1.115601 -3.782566 32.854576 0.000000 -0.000000 0.000001 -9.532492 -0.000004 0.000002 6.036400 -6.888419 82.440971 4.121019 -6.349615 65.937868 1.115599 -3.782566 32.854573 0.000001 -0.000000 -0.000003 -9.103601 -0.043104 -1.865099 6.036403 -6.888416 82.440964 4.121019 -6.349615 65.937868 1.115599 -3.782567 32.854576 0.000000 0.000002 0.000001 -8.076701 -0.486713 -3.806299 6.036404 -6.888420 82.440971 4.121023 -6.349615 65.937861 1.115592 -3.782567 32.854600 -0.000000 0.000002 0.000001 4.570404 11.014690 -2.160814 1.244638 0.076117 -10.790645 -32.097159 -41.849003 -48.693942 0.000011 -81.974175 -0.000023 -1.052524 0.742346 26.301402 2.466093 -1.576189 2.681710 18.241729 -23.305282 -17.628944 53.671616 63.248460 -40.439515 2.647888 -1.528750 1.528754 10.741891 32.760815 -5.296232 1.998929 -1.154073 1.154082 0.000001 -0.000000 -0.000002 9.109306 -0.518016 2.259899 6.090335 6.835969 -83.384725 5.535319 6.749086 -78.694557 1.552537 4.360281 -39.183941 0.000001 0.000001 -0.000001 9.533393 -0.000004 0.000008 6.088415 6.835750 -83.368510 5.537222 6.749461 -78.710772 1.552547 4.360283 -39.183928 -0.000000 0.000003 0.000001 9.104502 -0.042984 -1.865096 6.090336 6.835968 -83.384725 5.535318 6.749091 -78.694550 1.552540 4.360280 -39.183945 -0.000001 -0.000002 0.000002 8.077805 -0.486897 -3.806298 10.148459 7.303610 -83.373981 5.544912 2.664448 -78.811354 1.552531 4.360283 -39.183945 -0.000002 -0.000002 -0.000000 -8.207801 -6.751703 -1.599551 -69.736587 -4.015079 -3.352907 49.900211 -0.481784 -0.104777 36.480802 3.593031 12.996150 -0.000014 0.000003 0.000000 -0.000000 0.000001 0.000000 8.207798 -6.751705 -1.599543 -70.132724 -0.535703 14.333350 92.739912 9.744970 0.545675 -6.150890 3.219349 5.773227 -0.083496 0.000009 -0.000001 0.000000 0.000000 -0.000000 
-0.516523 64.068367 1.353670 -18.218237 -6.708780 -7.729635 0.000001 10.181540 0.131519 5.911846 3.025216 3.766260 10.720749 0.586488 2.402822 10.706152 0.643692 2.447337 -0.000000 16.740360 -2.049017 -4.085091 0.690325 -0.715833 0.000001 9.617866 1.684977 -12.557263 1.524185 3.744502 0.000001 22.037384 7.501073 0.000000 0.000000 0.000000 -4.569999 11.014856 -2.160841 3.349714 13.625703 10.892394 -22.863392 27.056130 21.646179 -0.000422 82.839594 0.000490 -6.499942 4.025220 -30.044943 -2.464786 -1.574002 2.681910 7.564649 7.028707 27.703719 -9.818517 -72.226675 -19.707070 -2.646264 -1.527813 1.527811 -2.645434 -31.790019 -7.915081 -1.994583 -1.151581 1.151563 -0.000000 0.000003 0.000006 -9.108296 -0.517881 2.259803 6.036403 -6.888418 82.440971 4.121022 -6.349619 65.937868 1.115601 -3.782566 32.854576 0.000000 -0.000000 0.000001 -9.532492 -0.000004 0.000002 6.036400 -6.888419 82.440971 4.121019 -6.349615 65.937868 1.115599 -3.782566 32.854573 0.000001 -0.000000 -0.000003 -9.103601 -0.043104 -1.865099 6.036403 -6.888416 82.440964 4.121019 -6.349615 65.937868 1.115599 -3.782567 32.854576 0.000000 0.000002 0.000001 -8.076701 -0.486713 -3.806299 6.036404 -6.888420 82.440971 4.121023 -6.349615 65.937861 1.115592 -3.782567 32.854600 -0.000000 0.000002 0.000001 4.570404 11.014690 -2.160814 1.244638 0.076117 -10.790645 -32.097159 -41.849003 -48.693942 0.000011 -81.974175 -0.000023 -1.052524 0.742346 26.301402 2.466093 -1.576189 2.681710 18.241729 -23.305282 -17.628944 53.671616 63.248460 -40.439515 2.647888 -1.528750 1.528754 10.741891 32.760815 -5.296232 1.998929 -1.154073 1.154082 0.000001 -0.000000 -0.000002 9.109306 -0.518016 2.259899 6.090335 6.835969 -83.384725 5.535319 6.749086 -78.694557 1.552537 4.360281 -39.183941 0.000001 0.000001 -0.000001 9.533393 -0.000004 0.000008 6.088415 6.835750 -83.368510 5.537222 6.749461 -78.710772 1.552547 4.360283 -39.183928 -0.000000 0.000003 0.000001 9.104502 -0.042984 -1.865096 6.090336 6.835968 -83.384725 5.535318 6.749091 -78.694550 1.552540 4.360280 -39.183945 -0.000001 -0.000002 0.000002 8.077805 -0.486897 -3.806298 10.148459 7.303610 -83.373981 5.544912 2.664448 -78.811354 1.552531 4.360283 -39.183945 -0.000002 -0.000002 -0.000000 -8.207801 -6.751703 -1.599551 -69.736587 -4.015079 -3.352907 49.900211 -0.481784 -0.104777 36.480802 3.593031 12.996150 -0.000014 0.000003 0.000000 -0.000000 0.000001 0.000000 8.207798 -6.751705 -1.599543 -70.132724 -0.535703 14.333350 92.739912 9.744970 0.545675 -6.150890 3.219349 5.773227 -0.083496 0.000009 -0.000001 0.000000 0.000000 -0.000000 
-0.516523 64.068367 1.353670 -18.218237 -6.708780 -7.729635 0.000001 10.181540 0.131519 5.911846 3.025216 3.766260 10.720749 0.586488 2.402822 10.706152 0.643692 2.447337 -0.000000 16.740360 -2.049017 -4.085091 0.690325 -0.715833 0.000001 9.617866 1.684977 -12.557263 1.524185 3.744502 0.000001 22.037384 7.501073 0.000000 0.000000 0.000000 -4.569999 11.014856 -2.160841 3.349714 13.625703 10.892394 -22.863392 27.056130 21.646179 -0.000422 82.839594 0.000490 -6.499942 4.025220 -30.044943 -2.464786 -1.574002 2.681910 7.564649 7.028707 27.703719 -9.818517 -72.226675 -19.707070 -2.646264 -1.527813 1.527811 -2.645434 -31.790019 -7.915081 -1.994583 -1.151581 1.151563 -0.000000 0.000003 0.000006 -9.108296 -0.517881 2.259803 6.036403 -6.888418 82.440971 4.121022 -6.349619 65.937868 1.115601 -3.782566 32.854576 0.000000 -0.000000 0.000001 -9.532492 -0.000004 0.000002 6.036400 -6.888419 82.440971 4.121019 -6.349615 65.937868 1.115599 -3.782566 32.854573 0.000001 -0.000000 -0.000003 -9.103601 -0.043104 -1.865099 6.036403 -6.888416 82.440964 4.121019 -6.349615 65.937868 1.115599 -3.782567 32.854576 0.000000 0.000002 0.000001 -8.076701 -0.486713 -3.806299 6.036404 -6.888420 82.440971 4.121023 -6.349615 65.937861 1.115592 -3.782567 32.854600 -0.000000 0.000002 0.000001 4.570404 11.014690 -2.160814 1.244638 0.076117 -10.790645 -32.097159 -41.849003 -48.693942 0.000011 -81.974175 -0.000023 -1.052524 0.742346 26.301402 2.466093 -1.576189 2.681710 18.241729 -23.305282 -17.628944 53.671616 63.248460 -40.439515 2.647888 -1.528750 1.528754 10.741891 32.760815 -5.296232 1.998929 -1.154073 1.154082 0.000001 -0.000000 -0.000002 9.109306 -0.518016 2.259899 6.090335 6.835969 -83.384725 5.535319 6.749086 -78.694557 1.552537 4.360281 -39.183941 0.000001 0.000001 -0.000001 9.533393 -0.000004 0.000008 6.088415 6.835750 -83.368510 5.537222 6.749461 -78.710772 1.552547 4.360283 -39.183928 -0.000000 0.000003 0.000001 9.104502 -0.042984 -1.865096 6.090336 6.835968 -83.384725 5.535318 6.749091 -78.694550 1.552540 4.360280 -39.183945 -0.000001 -0.000002 0.000002 8.077805 -0.486897 -3.806298 10.148459 7.303610 -83.373981 5.544912 2.664448 -78.811354 1.552531 4.360283 -39.183945 -0.000002 -0.000002 -0.000000 -8.207801 -6.751703 -1.599551 -69.736587 -4.015079 -3.352907 49.900211 -0.481784 -0.104777 36.480802 3.593031 12.996150 -0.000014 0.000003 0.000000 -0.000000 0.000001 0.000000 8.207798 -6.751705 -1.599543 -70.132724 -0.535703 14.333350 92.739912 9.744970 0.545675 -6.150890 3.219349 5.773227 -0.083496 0.000009 -0.000001 0.000000 0.000000 -0.000000 
-0.516523 64.068367 1.353670 -18.218237 -6.708780 -7.729635 0.000001 10.181540 0.131519 5.911846 3.025216 3.766260 10.720749 0.586488 2.402822 10.706152 0.643692 2.447337 -0.000000 16.740360 -2.049017 -4.085091 0.690325 -0.715833 0.000001 9.617866 1.684977 -12.557263 1.524185 3.744502 0.000001 22.037384 7.501073 0.000000 0.000000 0.000000 -4.569999 11.014856 -2.160841 3.349714 13.625703 10.892394 -22.863392 27.056130 21.646179 -0.000422 82.839594 0.000490 -6.499942 4.025220 -30.044943 -2.464786 -1.574002 2.681910 7.564649 7.028707 27.703719 -9.818517 -72.226675 -19.707070 -2.646264 -1.527813 1.527811 -2.645434 -31.790019 -7.915081 -1.994583 -1.151581 1.151563 -0.000000 0.000003 0.000006 -9.108296 -0.517881 2.259803 6.036403 -6.888418 82.440971 4.121022 -6.349619 65.937868 1.115601 -3.782566 32.854576 0.000000 -0.000000 0.000001 -9.532492 -0.000004 0.000002 6.036400 -6.888419 82.440971 4.121019 -6.349615 65.937868 1.115599 -3.782566 32.854573 0.000001 -0.000000 -0.000003 -9.103601 -0.043104 -1.865099 6.036403 -6.888416 82.440964 4.121019 -6.349615 65.937868 1.115599 -3.782567 32.854576 0.000000 0.000002 0.000001 -8.076701 -0.486713 -3.806299 6.036404 -6.888420 82.440971 4.121023 -6.349615 65.937861 1.115592 -3.782567 32.854600 -0.000000 0.000002 0.000001 4.570404 11.014690 -2.160814 1.244638 0.076117 -10.790645 -32.097159 -41.849003 -48.693942 0.000011 -81.974175 -0.000023 -1.052524 0.742346 26.301402 2.466093 -1.576189 2.681710 18.241729 -23.305282 -17.628944 53.671616 63.248460 -40.439515 2.647888 -1.528750 1.528754 10.741891 32.760815 -5.296232 1.998929 -1.154073 1.154082 0.000001 -0.000000 -0.000002 9.109306 -0.518016 2.259899 6.090335 6.835969 -83.384725 5.535319 6.749086 -78.694557 1.552537 4.360281 -39.183941 0.000001 0.000001 -0.000001 9.533393 -0.000004 0.000008 6.088415 6.835750 -83.368510 5.537222 6.749461 -78.710772 1.552547 4.360283 -39.183928 -0.000000 0.000003 0.000001 9.104502 -0.042984 -1.865096 6.090336 6.835968 -83.384725 5.535318 6.749091 -78.694550 1.552540 4.360280 -39.183945 -0.000001 -0.000002 0.000002 8.077805 -0.486897 -3.806298 10.148459 7.303610 -83.373981 5.544912 2.664448 -78.811354 1.552531 4.360283 -39.183945 -0.000002 -0.000002 -0.000000 -8.207801 -6.751703 -1.599551 -69.736587 -4.015079 -3.352907 49.900211 -0.481784 -0.104777 36.480802 3.593031 12.996150 -0.000014 0.000003 0.000000 -0.000000 0.000001 0.000000 8.207798 -6.751705 -1.599543 -70.132724 -0.535703 14.333350 92.739912 9.744970 0.545675 -6.150890 3.219349 5.773227 -0.083496 0.000009 -0.000001 0.000000 0.000000 -0.000000 
-0.516523 64.068367 1.353670 -18.218237 -6.708780 -7.729635 0.000001 10.181540 0.131519 5.911846 3.025216 3.766260 10.720749 0.586488 2.402822 10.706152 0.643692 2.447337 -0.000000 16.740360 -2.049017 -4.085091 0.690325 -0.715833 0.000001 9.617866 1.684977 -12.557263 1.524185 3.744502 0.000001 22.037384 7.501073 0.000000 0.000000 0.000000 -4.569999 11.014856 -2.160841 3.349714 13.625703 10.892394 -22.863392 27.056130 21.646179 -0.000422 82.839594 0.000490 -6.499942 4.025220 -30.044943 -2.464786 -1.574002 2.681910 7.564649 7.028707 27.703719 -9.818517 -72.226675 -19.707070 -2.646264 -1.527813 1.527811 -2.645434 -31.790019 -7.915081 -1.994583 -1.151581 1.151563 -0.000000 0.000003 0.000006 -9.108296 -0.517881 2.259803 6.036403 -6.888418 82.440971 4.121022 -6.349619 65.937868 1.115601 -3.782566 32.854576 0.000000 -0.000000 0.000001 -9.532492 -0.000004 0.000002 6.036400 -6.888419 82.440971 4.121019 -6.349615 65.937868 1.115599 -3.782566 32.854573 0.000001 -0.000000 -0.000003 -9.103601 -0.043104 -1.865099 6.036403 -6.888416 82.440964 4.121019 -6.349615 65.937868 1.115599 -3.782567 32.854576 0.000000 0.000002 0.000001 -8.076701 -0.486713 -3.806299 6.036404 -6.888420 82.440971 4.121023 -6.349615 65.937861 1.115592 -3.782567 32.854600 -0.000000 0.000002 0.000001 4.570404 11.014690 -2.160814 1.244638 0.076117 -10.790645 -32.097159 -41.849003 -48.693942 0.000011 -81.974175 -0.000023 -1.052524 0.742346 26.301402 2.466093 -1.576189 2.681710 18.241729 -23.305282 -17.628944 53.671616 63.248460 -40.439515 2.647888 -1.528750 1.528754 10.741891 32.760815 -5.296232 1.998929 -1.154073 1.154082 0.000001 -0.000000 -0.000002 9.109306 -0.518016 2.259899 6.090335 6.835969 -83.384725 5.535319 6.749086 -78.694557 1.552537 4.360281 -39.183941 0.000001 0.000001 -0.000001 9.533393 -0.000004 0.000008 6.088415 6.835750 -83.368510 5.537222 6.749461 -78.710772 1.552547 4.360283 -39.183928 -0.000000 0.000003 0.000001 9.104502 -0.042984 -1.865096 6.090336 6.835968 -83.384725 5.535318 6.749091 -78.694550 1.552540 4.360280 -39.183945 -0.000001 -0.000002 0.000002 8.077805 -0.486897 -3.806298 10.148459 7.303610 -83.373981 5.544912 2.664448 -78.811354 1.552531 4.360283 -39.183945 -0.000002 -0.000002 -0.000000 -8.207801 -6.751703 -1.599551 -69.736587 -4.015079 -3.352907 49.900211 -0.481784 -0.104777 36.480802 3.593031 12.996150 -0.000014 0.000003 0.000000 -0.000000 0.000001 0.000000 8.207798 -6.751705 -1.599543 -70.132724 -0.535703 14.333350 92.739912 9.744970 0.545675 -6.150890 3.219349 5.773227 -0.083496 0.000009 -0.000001 0.000000 0.000000 -0.000000 
-0.516523 64.068367 1.353670 -18.218237 -6.708780 -7.729635 0.000001 10.181540 0.131519 5.911846 3.025216 3.766260 10.720749 0.586488 2.402822 10.706152 0.643692 2.447337 -0.000000 16.740360 -2.049017 -4.085091 0.690325 -0.715833 0.000001 9.617866 1.684977 -12.557263 1.524185 3.744502 0.000001 22.037384 7.501073 0.000000 0.000000 0.000000 -4.569999 11.014856 -2.160841 3.349714 13.625703 10.892394 -22.863392 27.056130 21.646179 -0.000422 82.839594 0.000490 -6.499942 4.025220 -30.044943 -2.464786 -1.574002 2.681910 7.564649 7.028707 27.703719 -9.818517 -72.226675 -19.707070 -2.646264 -1.527813 1.527811 -2.645434 -31.790019 -7.915081 -1.994583 -1.151581 1.151563 -0.000000 0.000003 0.000006 -9.108296 -0.517881 2.259803 6.036403 -6.888418 82.440971 4.121022 -6.349619 65.937868 1.115601 -3.782566 32.854576 0.000000 -0.000000 0.000001 -9.532492 -0.000004 0.000002 6.036400 -6.888419 82.440971 4.121019 -6.349615 65.937868 1.115599 -3.782566 32.854573 0.000001 -0.000000 -0.000003 -9.103601 -0.043104 -1.865099 6.036403 -6.888416 82.440964 4.121019 -6.349615 65.937868 1.115599 -3.782567 32.854576 0.000000 0.000002 0.000001 -8.076701 -0.486713 -3.806299 6.036404 -6.888420 82.440971 4.121023 -6.349615 65.937861 1.115592 -3.782567 32.854600 -0.000000 0.000002 0.000001 4.570404 11.014690 -2.160814 1.244638 0.076117 -10.790645 -32.097159 -41.849003 -48.693942 0.000011 -81.974175 -0.000023 -1.052524 0.742346 26.301402 2.466093 -1.576189 2.681710 18.241729 -23.305282 -17.628944 53.671616 63.248460 -40.439515 2.647888 -1.528750 1.528754 10.741891 32.760815 -5.296232 1.998929 -1.154073 1.154082 0.000001 -0.000000 -0.000002 9.109306 -0.518016 2.259899 6.090335 6.835969 -83.384725 5.535319 6.749086 -78.694557 1.552537 4.360281 -39.183941 0.000001 0.000001 -0.000001 9.533393 -0.000004 0.000008 6.088415 6.835750 -83.368510 5.537222 6.749461 -78.710772 1.552547 4.360283 -39.183928 -0.000000 0.000003 0.000001 9.104502 -0.042984 -1.865096 6.090336 6.835968 -83.384725 5.535318 6.749091 -78.694550 1.552540 4.360280 -39.183945 -0.000001 -0.000002 0.000002 8.077805 -0.486897 -3.806298 10.148459 7.303610 -83.373981 5.544912 2.664448 -78.811354 1.552531 4.360283 -39.183945 -0.000002 -0.000002 -0.000000 -8.207801 -6.751703 -1.599551 -69.736587 -4.015079 -3.352907 49.900211 -0.481784 -0.104777 36.480802 3.593031 12.996150 -0.000014 0.000003 0.000000 -0.000000 0.000001 0.000000 8.207798 -6.751705 -1.599543 -70.132724 -0.535703 14.333350 92.739912 9.744970 0.545675 -6.150890 3.219349 5.773227 -0.083496 0.000009 -0.000001 0.000000 0.000000 -0.000000 
-0.516523 64.068367 1.353670 -18.218237 -6.708780 -7.729635 0.000001 10.181540 0.131519 5.911846 3.025216 3.766260 10.720749 0.586488 2.402822 10.706152 0.643692 2.447337 -0.000000 16.740360 -2.049017 -4.085091 0.690325 -0.715833 0.000001 9.617866 1.684977 -12.557263 1.524185 3.744502 0.000001 22.037384 7.501073 0.000000 0.000000 0.000000 -4.569999 11.014856 -2.160841 3.349714 13.625703 10.892394 -22.863392 27.056130 21.646179 -0.000422 82.839594 0.000490 -6.499942 4.025220 -30.044943 -2.464786 -1.574002 2.681910 7.564649 7.028707 27.703719 -9.818517 -72.226675 -19.707070 -2.646264 -1.527813 1.527811 -2.645434 -31.790019 -7.915081 -1.994583 -1.151581 1.151563 -0.000000 0.000003 0.000006 -9.108296 -0.517881 2.259803 6.036403 -6.888418 82.440971 4.121022 -6.349619 65.937868 1.115601 -3.782566 32.854576 0.000000 -0.000000 0.000001 -9.532492 -0.000004 0.000002 6.036400 -6.888419 82.440971 4.121019 -6.349615 65.937868 1.115599 -3.782566 32.854573 0.000001 -0.000000 -0.000003 -9.103601 -0.043104 -1.865099 6.036403 -6.888416 82.440964 4.121019 -6.349615 65.937868 1.115599 -3.782567 32.854576 0.000000 0.000002 0.000001 -8.076701 -0.486713 -3.806299 6.036404 -6.888420 82.440971 4.121023 -6.349615 65.937861 1.115592 -3.782567 32.854600 -0.000000 0.000002 0.000001 4.570404 11.014690 -2.160814 1.244638 0.076117 -10.790645 -32.097159 -41.849003 -48.693942 0.000011 -81.974175 -0.000023 -1.052524 0.742346 26.301402 2.466093 -1.576189 2.681710 18.241729 -23.305282 -17.628944 53.671616 63.248460 -40.439515 2.647888 -1.528750 1.528754 10.741891 32.760815 -5.296232 1.998929 -1.154073 1.154082 0.000001 -0.000000 -0.000002 9.109306 -0.518016 2.259899 6.090335 6.835969 -83.384725 5.535319 6.749086 -78.694557 1.552537 4.360281 -39.183941 0.000001 0.000001 -0.000001 9.533393 -0.000004 0.000008 6.088415 6.835750 -83.368510 5.537222 6.749461 -78.710772 1.552547 4.360283 -39.183928 -0.000000 0.000003 0.000001 9.104502 -0.042984 -1.865096 6.090336 6.835968 -83.384725 5.535318 6.749091 -78.694550 1.552540 4.360280 -39.183945 -0.000001 -0.000002 0.000002 8.077805 -0.486897 -3.806298 10.148459 7.303610 -83.373981 5.544912 2.664448 -78.811354 1.552531 4.360283 -39.183945 -0.000002 -0.000002 -0.000000 -8.207801 -6.751703 -1.599551 -69.736587 -4.015079 -3.352907 49.900211 -0.481784 -0.104777 36.480802 3.593031 12.996150 -0.000014 0.000003 0.000000 -0.000000 0.000001 0.000000 8.207798 -6.751705 -1.599543 -70.132724 -0.535703 14.333350 92.739912 9.744970 0.545675 -6.150890 3.219349 5.773227 -0.083496 0.000009 -0.000001 0.000000 0.000000 -0.000000 
-0.516523 64.068367 1.353670 -18.218237 -6.708780 -7.729635 0.000001 10.181540 0.131519 5.911846 3.025216 3.766260 10.720749 0.586488 2.402822 10.706152 0.643692 2.447337 -0.000000 16.740360 -2.049017 -4.085091 0.690325 -0.715833 0.000001 9.617866 1.684977 -12.557263 1.524185 3.744502 0.000001 22.037384 7.501073 0.000000 0.000000 0.000000 -4.569999 11.014856 -2.160841 3.349714 13.625703 10.892394 -22.863392 27.056130 21.646179 -0.000422 82.839594 0.000490 -6.499942 4.025220 -30.044943 -2.464786 -1.574002 2.681910 7.564649 7.028707 27.703719 -9.818517 -72.226675 -19.707070 -2.646264 -1.527813 1.527811 -2.645434 -31.790019 -7.915081 -1.994583 -1.151581 1.151563 -0.000000 0.000003 0.000006 -9.108296 -0.517881 2.259803 6.036403 -6.888418 82.440971 4.121022 -6.349619 65.937868 1.115601 -3.782566 32.854576 0.000000 -0.000000 0.000001 -9.532492 -0.000004 0.000002 6.036400 -6.888419 82.440971 4.121019 -6.349615 65.937868 1.115599 -3.782566 32.854573 0.000001 -0.000000 -0.000003 -9.103601 -0.043104 -1.865099 6.036403 -6.888416 82.440964 4.121019 -6.349615 65.937868 1.115599 -3.782567 32.854576 0.000000 0.000002 0.000001 -8.076701 -0.486713 -3.806299 6.036404 -6.888420 82.440971 4.121023 -6.349615 65.937861 1.115592 -3.782567 32.854600 -0.000000 0.000002 0.000001 4.570404 11.014690 -2.160814 1.244638 0.076117 -10.790645 -32.097159 -41.849003 -48.693942 0.000011 -81.974175 -0.000023 -1.052524 0.742346 26.301402 2.466093 -1.576189 2.681710 18.241729 -23.305282 -17.628944 53.671616 63.248460 -40.439515 2.647888 -1.528750 1.528754 10.741891 32.760815 -5.296232 1.998929 -1.154073 1.154082 0.000001 -0.000000 -0.000002 9.109306 -0.518016 2.259899 6.090335 6.835969 -83.384725 5.535319 6.749086 -78.694557 1.552537 4.360281 -39.183941 0.000001 0.000001 -0.000001 9.533393 -0.000004 0.000008 6.088415 6.835750 -83.368510 5.537222 6.749461 -78.710772 1.552547 4.360283 -39.183928 -0.000000 0.000003 0.000001 9.104502 -0.042984 -1.865096 6.090336 6.835968 -83.384725 5.535318 6.749091 -78.694550 1.552540 4.360280 -39.183945 -0.000001 -0.000002 0.000002 8.077805 -0.486897 -3.806298 10.148459 7.303610 -83.373981 5.544912 2.664448 -78.811354 1.552531 4.360283 -39.183945 -0.000002 -0.000002 -0.000000 -8.207801 -6.751703 -1.599551 -69.736587 -4.015079 -3.352907 49.900211 -0.481784 -0.104777 36.480802 3.593031 12.996150 -0.000014 0.000003 0.000000 -0.000000 0.000001 0.000000 8.207798 -6.751705 -1.599543 -70.132724 -0.535703 14.333350 92.739912 9.744970 0.545675 -6.150890 3.219349 5.773227 -0.083496 0.000009 -0.000001 0.000000 0.000000 -0.000000 
-0.516523 64.068367 1.353670 -18.218237 -6.708780 -7.729635 0.000001 10.181540 0.131519 5.911846 3.025216 3.766260 10.720749 0.586488 2.402822 10.706152 0.643692 2.447337 -0.000000 16.740360 -2.049017 -4.085091 0.690325 -0.715833 0.000001 9.617866 1.684977 -12.557263 1.524185 3.744502 0.000001 22.037384 7.501073 0.000000 0.000000 0.000000 -4.569999 11.014856 -2.160841 3.349714 13.625703 10.892394 -22.863392 27.056130 21.646179 -0.000422 82.839594 0.000490 -6.499942 4.025220 -30.044943 -2.464786 -1.574002 2.681910 7.564649 7.028707 27.703719 -9.818517 -72.226675 -19.707070 -2.646264 -1.527813 1.527811 -2.645434 -31.790019 -7.915081 -1.994583 -1.151581 1.151563 -0.000000 0.000003 0.000006 -9.108296 -0.517881 2.259803 6.036403 -6.888418 82.440971 4.121022 -6.349619 65.937868 1.115601 -3.782566 32.854576 0.000000 -0.000000 0.000001 -9.532492 -0.000004 0.000002 6.036400 -6.888419 82.440971 4.121019 -6.349615 65.937868 1.115599 -3.782566 32.854573 0.000001 -0.000000 -0.000003 -9.103601 -0.043104 -1.865099 6.036403 -6.888416 82.440964 4.121019 -6.349615 65.937868 1.115599 -3.782567 32.854576 0.000000 0.000002 0.000001 -8.076701 -0.486713 -3.806299 6.036404 -6.888420 82.440971 4.121023 -6.349615 65.937861 1.115592 -3.782567 32.854600 -0.000000 0.000002 0.000001 4.570404 11.014690 -2.160814 1.244638 0.076117 -10.790645 -32.097159 -41.849003 -48.693942 0.000011 -81.974175 -0.000023 -1.052524 0.742346 26.301402 2.466093 -1.576189 2.681710 18.241729 -23.305282 -17.628944 53.671616 63.248460 -40.439515 2.647888 -1.528750 1.528754 10.741891 32.760815 -5.296232 1.998929 -1.154073 1.154082 0.000001 -0.000000 -0.000002 9.109306 -0.518016 2.259899 6.090335 6.835969 -83.384725 5.535319 6.749086 -78.694557 1.552537 4.360281 -39.183941 0.000001 0.000001 -0.000001 9.533393 -0.000004 0.000008 6.088415 6.835750 -83.368510 5.537222 6.749461 -78.710772 1.552547 4.360283 -39.183928 -0.000000 0.000003 0.000001 9.104502 -0.042984 -1.865096 6.090336 6.835968 -83.384725 5.535318 6.749091 -78.694550 1.552540 4.360280 -39.183945 -0.000001 -0.000002 0.000002 8.077805 -0.486897 -3.806298 10.148459 7.303610 -83.373981 5.544912 2.664448 -78.811354 1.552531 4.360283 -39.183945 -0.000002 -0.000002 -0.000000 -8.207801 -6.751703 -1.599551 -69.736587 -4.015079 -3.352907 49.900211 -0.481784 -0.104777 36.480802 3.593031 12.996150 -0.000014 0.000003 0.000000 -0.000000 0.000001 0.000000 8.207798 -6.751705 -1.599543 -70.132724 -0.535703 14.333350 92.739912 9.744970 0.545675 -6.150890 3.219349 5.773227 -0.083496 0.000009 -0.000001 0.000000 0.000000 -0.000000 
-0.516523 64.068367 1.353670 -18.218237 -6.708780 -7.729635 0.000001 10.181540 0.131519 5.911846 3.025216 3.766260 10.720749 0.586488 2.402822 10.706152 0.643692 2.447337 -0.000000 16.740360 -2.049017 -4.085091 0.690325 -0.715833 0.000001 9.617866 1.684977 -12.557263 1.524185 3.744502 0.000001 22.037384 7.501073 0.000000 0.000000 0.000000 -4.569999 11.014856 -2.160841 3.349714 13.625703 10.892394 -22.863392 27.056130 21.646179 -0.000422 82.839594 0.000490 -6.499942 4.025220 -30.044943 -2.464786 -1.574002 2.681910 7.564649 7.028707 27.703719 -9.818517 -72.226675 -19.707070 -2.646264 -1.527813 1.527811 -2.645434 -31.790019 -7.915081 -1.994583 -1.151581 1.151563 -0.000000 0.000003 0.000006 -9.108296 -0.517881 2.259803 6.036403 -6.888418 82.440971 4.121022 -6.349619 65.937868 1.115601 -3.782566 32.854576 0.000000 -0.000000 0.000001 -9.532492 -0.000004 0.000002 6.036400 -6.888419 82.440971 4.121019 -6.349615 65.937868 1.115599 -3.782566 32.854573 0.000001 -0.000000 -0.000003 -9.103601 -0.043104 -1.865099 6.036403 -6.888416 82.440964 4.121019 -6.349615 65.937868 1.115599 -3.782567 32.854576 0.000000 0.000002 0.000001 -8.076701 -0.486713 -3.806299 6.036404 -6.888420 82.440971 4.121023 -6.349615 65.937861 1.115592 -3.782567 32.854600 -0.000000 0.000002 0.000001 4.570404 11.014690 -2.160814 1.244638 0.076117 -10.790645 -32.097159 -41.849003 -48.693942 0.000011 -81.974175 -0.000023 -1.052524 0.742346 26.301402 2.466093 -1.576189 2.681710 18.241729 -23.305282 -17.628944 53.671616 63.248460 -40.439515 2.647888 -1.528750 1.528754 10.741891 32.760815 -5.296232 1.998929 -1.154073 1.154082 0.000001 -0.000000 -0.000002 9.109306 -0.518016 2.259899 6.090335 6.835969 -83.384725 5.535319 6.749086 -78.694557 1.552537 4.360281 -39.183941 0.000001 0.000001 -0.000001 9.533393 -0.000004 0.000008 6.088415 6.835750 -83.368510 5.537222 6.749461 -78.710772 1.552547 4.360283 -39.183928 -0.000000 0.000003 0.000001 9.104502 -0.042984 -1.865096 6.090336 6.835968 -83.384725 5.535318 6.749091 -78.694550 1.552540 4.360280 -39.183945 -0.000001 -0.000002 0.000002 8.077805 -0.486897 -3.806298 10.148459 7.303610 -83.373981 5.544912 2.664448 -78.811354 1.552531 4.360283 -39.183945 -0.000002 -0.000002 -0.000000 -8.207801 -6.751703 -1.599551 -69.736587 -4.015079 -3.352907 49.900211 -0.481784 -0.104777 36.480802 3.593031 12.996150 -0.000014 0.000003 0.000000 -0.000000 0.000001 0.000000 8.207798 -6.751705 -1.599543 -70.132724 -0.535703 14.333350 92.739912 9.744970 0.545675 -6.150890 3.219349 5.773227 -0.083496 0.000009 -0.000001 0.000000 0.000000 -0.000000 
-0.516523 64.068367 1.353670 -18.218237 -6.708780 -7.729635 0.000001 10.181540 0.131519 5.911846 3.025216 3.766260 10.720749 0.586488 2.402822 10.706152 0.643692 2.447337 -0.000000 16.740360 -2.049017 -4.085091 0.690325 -0.715833 0.000001 9.617866 1.684977 -12.557263 1.524185 3.744502 0.000001 22.037384 7.501073 0.000000 0.000000 0.000000 -4.569999 11.014856 -2.160841 3.349714 13.625703 10.892394 -22.863392 27.056130 21.646179 -0.000422 82.839594 0.000490 -6.499942 4.025220 -30.044943 -2.464786 -1.574002 2.681910 7.564649 7.028707 27.703719 -9.818517 -72.226675 -19.707070 -2.646264 -1.527813 1.527811 -2.645434 -31.790019 -7.915081 -1.994583 -1.151581 1.151563 -0.000000 0.000003 0.000006 -9.108296 -0.517881 2.259803 6.036403 -6.888418 82.440971 4.121022 -6.349619 65.937868 1.115601 -3.782566 32.854576 0.000000 -0.000000 0.000001 -9.532492 -0.000004 0.000002 6.036400 -6.888419 82.440971 4.121019 -6.349615 65.937868 1.115599 -3.782566 32.854573 0.000001 -0.000000 -0.000003 -9.103601 -0.043104 -1.865099 6.036403 -6.888416 82.440964 4.121019 -6.349615 65.937868 1.115599 -3.782567 32.854576 0.000000 0.000002 0.000001 -8.076701 -0.486713 -3.806299 6.036404 -6.888420 82.440971 4.121023 -6.349615 65.937861 1.115592 -3.782567 32.854600 -0.000000 0.000002 0.000001 4.570404 11.014690 -2.160814 1.244638 0.076117 -10.790645 -32.097159 -41.849003 -48.693942 0.000011 -81.974175 -0.000023 -1.052524 0.742346 26.301402 2.466093 -1.576189 2.681710 18.241729 -23.305282 -17.628944 53.671616 63.248460 -40.439515 2.647888 -1.528750 1.528754 10.741891 32.760815 -5.296232 1.998929 -1.154073 1.154082 0.000001 -0.000000 -0.000002 9.109306 -0.518016 2.259899 6.090335 6.835969 -83.384725 5.535319 6.749086 -78.694557 1.552537 4.360281 -39.183941 0.000001 0.000001 -0.000001 9.533393 -0.000004 0.000008 6.088415 6.835750 -83.368510 5.537222 6.749461 -78.710772 1.552547 4.360283 -39.183928 -0.000000 0.000003 0.000001 9.104502 -0.042984 -1.865096 6.090336 6.835968 -83.384725 5.535318 6.749091 -78.694550 1.552540 4.360280 -39.183945 -0.000001 -0.000002 0.000002 8.077805 -0.486897 -3.806298 10.148459 7.303610 -83.373981 5.544912 2.664448 -78.811354 1.552531 4.360283 -39.183945 -0.000002 -0.000002 -0.000000 -8.207801 -6.751703 -1.599551 -69.736587 -4.015079 -3.352907 49.900211 -0.481784 -0.104777 36.480802 3.593031 12.996150 -0.000014 0.000003 0.000000 -0.000000 0.000001 0.000000 8.207798 -6.751705 -1.599543 -70.132724 -0.535703 14.333350 92.739912 9.744970 0.545675 -6.150890 3.219349 5.773227 -0.083496 0.000009 -0.000001 0.000000 0.000000 -0.000000 
-0.516523 64.068367 1.353670 -18.218237 -6.708780 -7.729635 0.000001 10.181540 0.131519 5.911846 3.025216 3.766260 10.720749 0.586488 2.402822 10.706152 0.643692 2.447337 -0.000000 16.740360 -2.049017 -4.085091 0.690325 -0.715833 0.000001 9.617866 1.684977 -12.557263 1.524185 3.744502 0.000001 22.037384 7.501073 0.000000 0.000000 0.000000 -4.569999 11.014856 -2.160841 3.349714 13.625703 10.892394 -22.863392 27.056130 21.646179 -0.000422 82.839594 0.000490 -6.499942 4.025220 -30.044943 -2.464786 -1.574002 2.681910 7.564649 7.028707 27.703719 -9.818517 -72.226675 -19.707070 -2.646264 -1.527813 1.527811 -2.645434 -31.790019 -7.915081 -1.994583 -1.151581 1.151563 -0.000000 0.000003 0.000006 -9.108296 -0.517881 2.259803 6.036403 -6.888418 82.440971 4.121022 -6.349619 65.937868 1.115601 -3.782566 32.854576 0.000000 -0.000000 0.000001 -9.532492 -0.000004 0.000002 6.036400 -6.888419 82.440971 4.121019 -6.349615 65.937868 1.115599 -3.782566 32.854573 0.000001 -0.000000 -0.000003 -9.103601 -0.043104 -1.865099 6.036403 -6.888416 82.440964 4.121019 -6.349615 65.937868 1.115599 -3.782567 32.854576 0.000000 0.000002 0.000001 -8.076701 -0.486713 -3.806299 6.036404 -6.888420 82.440971 4.121023 -6.349615 65.937861 1.115592 -3.782567 32.854600 -0.000000 0.000002 0.000001 4.570404 11.014690 -2.160814 1.244638 0.076117 -10.790645 -32.097159 -41.849003 -48.693942 0.000011 -81.974175 -0.000023 -1.052524 0.742346 26.301402 2.466093 -1.576189 2.681710 18.241729 -23.305282 -17.628944 53.671616 63.248460 -40.439515 2.647888 -1.528750 1.528754 10.741891 32.760815 -5.296232 1.998929 -1.154073 1.154082 0.000001 -0.000000 -0.000002 9.109306 -0.518016 2.259899 6.090335 6.835969 -83.384725 5.535319 6.749086 -78.694557 1.552537 4.360281 -39.183941 0.000001 0.000001 -0.000001 9.533393 -0.000004 0.000008 6.088415 6.835750 -83.368510 5.537222 6.749461 -78.710772 1.552547 4.360283 -39.183928 -0.000000 0.000003 0.000001 9.104502 -0.042984 -1.865096 6.090336 6.835968 -83.384725 5.535318 6.749091 -78.694550 1.552540 4.360280 -39.183945 -0.000001 -0.000002 0.000002 8.077805 -0.486897 -3.806298 10.148459 7.303610 -83.373981 5.544912 2.664448 -78.811354 1.552531 4.360283 -39.183945 -0.000002 -0.000002 -0.000000 -8.207801 -6.751703 -1.599551 -69.736587 -4.015079 -3.352907 49.900211 -0.481784 -0.104777 36.480802 3.593031 12.996150 -0.000014 0.000003 0.000000 -0.000000 0.000001 0.000000 8.207798 -6.751705 -1.599543 -70.132724 -0.535703 14.333350 92.739912 9.744970 0.545675 -6.150890 3.219349 5.773227 -0.083496 0.000009 -0.000001 0.000000 0.000000 -0.000000 
-0.516523 64.068367 1.353670 -18.218237 -6.708780 -7.729635 0.000001 10.181540 0.131519 5.911846 3.025216 3.766260 10.720749 0.586488 2.402822 10.706152 0.643692 2.447337 -0.000000 16.740360 -2.049017 -4.085091 0.690325 -0.715833 0.000001 9.617866 1.684977 -12.557263 1.524185 3.744502 0.000001 22.037384 7.501073 0.000000 0.000000 0.000000 -4.569999 11.014856 -2.160841 3.349714 13.625703 10.892394 -22.863392 27.056130 21.646179 -0.000422 82.839594 0.000490 -6.499942 4.025220 -30.044943 -2.464786 -1.574002 2.681910 7.564649 7.028707 27.703719 -9.818517 -72.226675 -19.707070 -2.646264 -1.527813 1.527811 -2.645434 -31.790019 -7.915081 -1.994583 -1.151581 1.151563 -0.000000 0.000003 0.000006 -9.108296 -0.517881 2.259803 6.036403 -6.888418 82.440971 4.121022 -6.349619 65.937868 1.115601 -3.782566 32.854576 0.000000 -0.000000 0.000001 -9.532492 -0.000004 0.000002 6.036400 -6.888419 82.440971 4.121019 -6.349615 65.937868 1.115599 -3.782566 32.854573 0.000001 -0.000000 -0.000003 -9.103601 -0.043104 -1.865099 6.036403 -6.888416 82.440964 4.121019 -6.349615 65.937868 1.115599 -3.782567 32.854576 0.000000 0.000002 0.000001 -8.076701 -0.486713 -3.806299 6.036404 -6.888420 82.440971 4.121023 -6.349615 65.937861 1.115592 -3.782567 32.854600 -0.000000 0.000002 0.000001 4.570404 11.014690 -2.160814 1.244638 0.076117 -10.790645 -32.097159 -41.849003 -48.693942 0.000011 -81.974175 -0.000023 -1.052524 0.742346 26.301402 2.466093 -1.576189 2.681710 18.241729 -23.305282 -17.628944 53.671616 63.248460 -40.439515 2.647888 -1.528750 1.528754 10.741891 32.760815 -5.296232 1.998929 -1.154073 1.154082 0.000001 -0.000000 -0.000002 9.109306 -0.518016 2.259899 6.090335 6.835969 -83.384725 5.535319 6.749086 -78.694557 1.552537 4.360281 -39.183941 0.000001 0.000001 -0.000001 9.533393 -0.000004 0.000008 6.088415 6.835750 -83.368510 5.537222 6.749461 -78.710772 1.552547 4.360283 -39.183928 -0.000000 0.000003 0.000001 9.104502 -0.042984 -1.865096 6.090336 6.835968 -83.384725 5.535318 6.749091 -78.694550 1.552540 4.360280 -39.183945 -0.000001 -0.000002 0.000002 8.077805 -0.486897 -3.806298 10.148459 7.303610 -83.373981 5.544912 2.664448 -78.811354 1.552531 4.360283 -39.183945 -0.000002 -0.000002 -0.000000 -8.207801 -6.751703 -1.599551 -69.736587 -4.015079 -3.352907 49.900211 -0.481784 -0.104777 36.480802 3.593031 12.996150 -0.000014 0.000003 0.000000 -0.000000 0.000001 0.000000 8.207798 -6.751705 -1.599543 -70.132724 -0.535703 14.333350 92.739912 9.744970 0.545675 -6.150890 3.219349 5.773227 -0.083496 0.000009 -0.000001 0.000000 0.000000 -0.000000 
-0.516523 64.068367 1.353670 -18.218237 -6.708780 -7.729635 0.000001 10.181540 0.131519 5.911846 3.025216 3.766260 10.720749 0.586488 2.402822 10.706152 0.643692 2.447337 -0.000000 16.740360 -2.049017 -4.085091 0.690325 -0.715833 0.000001 9.617866 1.684977 -12.557263 1.524185 3.744502 0.000001 22.037384 7.501073 0.000000 0.000000 0.000000 -4.569999 11.014856 -2.160841 3.349714 13.625703 10.892394 -22.863392 27.056130 21.646179 -0.000422 82.839594 0.000490 -6.499942 4.025220 -30.044943 -2.464786 -1.574002 2.681910 7.564649 7.028707 27.703719 -9.818517 -72.226675 -19.707070 -2.646264 -1.527813 1.527811 -2.645434 -31.790019 -7.915081 -1.994583 -1.151581 1.151563 -0.000000 0.000003 0.000006 -9.108296 -0.517881 2.259803 6.036403 -6.888418 82.440971 4.121022 -6.349619 65.937868 1.115601 -3.782566 32.854576 0.000000 -0.000000 0.000001 -9.532492 -0.000004 0.000002 6.036400 -6.888419 82.440971 4.121019 -6.349615 65.937868 1.115599 -3.782566 32.854573 0.000001 -0.000000 -0.000003 -9.103601 -0.043104 -1.865099 6.036403 -6.888416 82.440964 4.121019 -6.349615 65.937868 1.115599 -3.782567 32.854576 0.000000 0.000002 0.000001 -8.076701 -0.486713 -3.806299 6.036404 -6.888420 82.440971 4.121023 -6.349615 65.937861 1.115592 -3.782567 32.854600 -0.000000 0.000002 0.000001 4.570404 11.014690 -2.160814 1.244638 0.076117 -10.790645 -32.097159 -41.849003 -48.693942 0.000011 -81.974175 -0.000023 -1.052524 0.742346 26.301402 2.466093 -1.576189 2.681710 18.241729 -23.305282 -17.628944 53.671616 63.248460 -40.439515 2.647888 -1.528750 1.528754 10.741891 32.760815 -5.296232 1.998929 -1.154073 1.154082 0.000001 -0.000000 -0.000002 9.109306 -0.518016 2.259899 6.090335 6.835969 -83.384725 5.535319 6.749086 -78.694557 1.552537 4.360281 -39.183941 0.000001 0.000001 -0.000001 9.533393 -0.000004 0.000008 6.088415 6.835750 -83.368510 5.537222 6.749461 -78.710772 1.552547 4.360283 -39.183928 -0.000000 0.000003 0.000001 9.104502 -0.042984 -1.865096 6.090336 6.835968 -83.384725 5.535318 6.749091 -78.694550 1.552540 4.360280 -39.183945 -0.000001 -0.000002 0.000002 8.077805 -0.486897 -3.806298 10.148459 7.303610 -83.373981 5.544912 2.664448 -78.811354 1.552531 4.360283 -39.183945 -0.000002 -0.000002 -0.000000 -8.207801 -6.751703 -1.599551 -69.736587 -4.015079 -3.352907 49.900211 -0.481784 -0.104777 36.480802 3.593031 12.996150 -0.000014 0.000003 0.000000 -0.000000 0.000001 0.000000 8.207798 -6.751705 -1.599543 -70.132724 -0.535703 14.333350 92.739912 9.744970 0.545675 -6.150890 3.219349 5.773227 -0.083496 0.000009 -0.000001 0.000000 0.000000 -0.000000 
-0.516523 64.068367 1.353670 -18.218237 -6.708780 -7.729635 0.000001 10.181540 0.131519 5.911846 3.025216 3.766260 10.720749 0.586488 2.402822 10.706152 0.643692 2.447337 -0.000000 16.740360 -2.049017 -4.085091 0.690325 -0.715833 0.000001 9.617866 1.684977 -12.557263 1.524185 3.744502 0.000001 22.037384 7.501073 0.000000 0.000000 0.000000 -4.569999 11.014856 -2.160841 3.349714 13.625703 10.892394 -22.863392 27.056130 21.646179 -0.000422 82.839594 0.000490 -6.499942 4.025220 -30.044943 -2.464786 -1.574002 2.681910 7.564649 7.028707 27.703719 -9.818517 -72.226675 -19.707070 -2.646264 -1.527813 1.527811 -2.645434 -31.790019 -7.915081 -1.994583 -1.151581 1.151563 -0.000000 0.000003 0.000006 -9.108296 -0.517881 2.259803 6.036403 -6.888418 82.440971 4.121022 -6.349619 65.937868 1.115601 -3.782566 32.854576 0.000000 -0.000000 0.000001 -9.532492 -0.000004 0.000002 6.036400 -6.888419 82.440971 4.121019 -6.349615 65.937868 1.115599 -3.782566 32.854573 0.000001 -0.000000 -0.000003 -9.103601 -0.043104 -1.865099 6.036403 -6.888416 82.440964 4.121019 -6.349615 65.937868 1.115599 -3.782567 32.854576 0.000000 0.000002 0.000001 -8.076701 -0.486713 -3.806299 6.036404 -6.888420 82.440971 4.121023 -6.349615 65.937861 1.115592 -3.782567 32.854600 -0.000000 0.000002 0.000001 4.570404 11.014690 -2.160814 1.244638 0.076117 -10.790645 -32.097159 -41.849003 -48.693942 0.000011 -81.974175 -0.000023 -1.052524 0.742346 26.301402 2.466093 -1.576189 2.681710 18.241729 -23.305282 -17.628944 53.671616 63.248460 -40.439515 2.647888 -1.528750 1.528754 10.741891 32.760815 -5.296232 1.998929 -1.154073 1.154082 0.000001 -0.000000 -0.000002 9.109306 -0.518016 2.259899 6.090335 6.835969 -83.384725 5.535319 6.749086 -78.694557 1.552537 4.360281 -39.183941 0.000001 0.000001 -0.000001 9.533393 -0.000004 0.000008 6.088415 6.835750 -83.368510 5.537222 6.749461 -78.710772 1.552547 4.360283 -39.183928 -0.000000 0.000003 0.000001 9.104502 -0.042984 -1.865096 6.090336 6.835968 -83.384725 5.535318 6.749091 -78.694550 1.552540 4.360280 -39.183945 -0.000001 -0.000002 0.000002 8.077805 -0.486897 -3.806298 10.148459 7.303610 -83.373981 5.544912 2.664448 -78.811354 1.552531 4.360283 -39.183945 -0.000002 -0.000002 -0.000000 -8.207801 -6.751703 -1.599551 -69.736587 -4.015079 -3.352907 49.900211 -0.481784 -0.104777 36.480802 3.593031 12.996150 -0.000014 0.000003 0.000000 -0.000000 0.000001 0.000000 8.207798 -6.751705 -1.599543 -70.132724 -0.535703 14.333350 92.739912 9.744970 0.545675 -6.150890 3.219349 5.773227 -0.083496 0.000009 -0.000001 0.000000 0.000000 -0.000000 
-0.516523 64.068367 1.353670 -18.218237 -6.708780 -7.729635 0.000001 10.181540 0.131519 5.911846 3.025216 3.766260 10.720749 0.586488 2.402822 10.706152 0.643692 2.447337 -0.000000 16.740360 -2.049017 -4.085091 0.690325 -0.715833 0.000001 9.617866 1.684977 -12.557263 1.524185 3.744502 0.000001 22.037384 7.501073 0.000000 0.000000 0.000000 -4.569999 11.014856 -2.160841 3.349714 13.625703 10.892394 -22.863392 27.056130 21.646179 -0.000422 82.839594 0.000490 -6.499942 4.025220 -30.044943 -2.464786 -1.574002 2.681910 7.564649 7.028707 27.703719 -9.818517 -72.226675 -19.707070 -2.646264 -1.527813 1.527811 -2.645434 -31.790019 -7.915081 -1.994583 -1.151581 1.151563 -0.000000 0.000003 0.000006 -9.108296 -0.517881 2.259803 6.036403 -6.888418 82.440971 4.121022 -6.349619 65.937868 1.115601 -3.782566 32.854576 0.000000 -0.000000 0.000001 -9.532492 -0.000004 0.000002 6.036400 -6.888419 82.440971 4.121019 -6.349615 65.937868 1.115599 -3.782566 32.854573 0.000001 -0.000000 -0.000003 -9.103601 -0.043104 -1.865099 6.036403 -6.888416 82.440964 4.121019 -6.349615 65.937868 1.115599 -3.782567 32.854576 0.000000 0.000002 0.000001 -8.076701 -0.486713 -3.806299 6.036404 -6.888420 82.440971 4.121023 -6.349615 65.937861 1.115592 -3.782567 32.854600 -0.000000 0.000002 0.000001 4.570404 11.014690 -2.160814 1.244638 0.076117 -10.790645 -32.097159 -41.849003 -48.693942 0.000011 -81.974175 -0.000023 -1.052524 0.742346 26.301402 2.466093 -1.576189 2.681710 18.241729 -23.305282 -17.628944 53.671616 63.248460 -40.439515 2.647888 -1.528750 1.528754 10.741891 32.760815 -5.296232 1.998929 -1.154073 1.154082 0.000001 -0.000000 -0.000002 9.109306 -0.518016 2.259899 6.090335 6.835969 -83.384725 5.535319 6.749086 -78.694557 1.552537 4.360281 -39.183941 0.000001 0.000001 -0.000001 9.533393 -0.000004 0.000008 6.088415 6.835750 -83.368510 5.537222 6.749461 -78.710772 1.552547 4.360283 -39.183928 -0.000000 0.000003 0.000001 9.104502 -0.042984 -1.865096 6.090336 6.835968 -83.384725 5.535318 6.749091 -78.694550 1.552540 4.360280 -39.183945 -0.000001 -0.000002 0.000002 8.077805 -0.486897 -3.806298 10.148459 7.303610 -83.373981 5.544912 2.664448 -78.811354 1.552531 4.360283 -39.183945 -0.000002 -0.000002 -0.000000 -8.207801 -6.751703 -1.599551 -69.736587 -4.015079 -3.352907 49.900211 -0.481784 -0.104777 36.480802 3.593031 12.996150 -0.000014 0.000003 0.000000 -0.000000 0.000001 0.000000 8.207798 -6.751705 -1.599543 -70.132724 -0.535703 14.333350 92.739912 9.744970 0.545675 -6.150890 3.219349 5.773227 -0.083496 0.000009 -0.000001 0.000000 0.000000 -0.000000 
-0.516523 64.068367 1.353670 -18.218237 -6.708780 -7.729635 0.000001 10.181540 0.131519 5.911846 3.025216 3.766260 10.720749 0.586488 2.402822 10.706152 0.643692 2.447337 -0.000000 16.740360 -2.049017 -4.085091 0.690325 -0.715833 0.000001 9.617866 1.684977 -12.557263 1.524185 3.744502 0.000001 22.037384 7.501073 0.000000 0.000000 0.000000 -4.569999 11.014856 -2.160841 3.349714 13.625703 10.892394 -22.863392 27.056130 21.646179 -0.000422 82.839594 0.000490 -6.499942 4.025220 -30.044943 -2.464786 -1.574002 2.681910 7.564649 7.028707 27.703719 -9.818517 -72.226675 -19.707070 -2.646264 -1.527813 1.527811 -2.645434 -31.790019 -7.915081 -1.994583 -1.151581 1.151563 -0.000000 0.000003 0.000006 -9.108296 -0.517881 2.259803 6.036403 -6.888418 82.440971 4.121022 -6.349619 65.937868 1.115601 -3.782566 32.854576 0.000000 -0.000000 0.000001 -9.532492 -0.000004 0.000002 6.036400 -6.888419 82.440971 4.121019 -6.349615 65.937868 1.115599 -3.782566 32.854573 0.000001 -0.000000 -0.000003 -9.103601 -0.043104 -1.865099 6.036403 -6.888416 82.440964 4.121019 -6.349615 65.937868 1.115599 -3.782567 32.854576 0.000000 0.000002 0.000001 -8.076701 -0.486713 -3.806299 6.036404 -6.888420 82.440971 4.121023 -6.349615 65.937861 1.115592 -3.782567 32.854600 -0.000000 0.000002 0.000001 4.570404 11.014690 -2.160814 1.244638 0.076117 -10.790645 -32.097159 -41.849003 -48.693942 0.000011 -81.974175 -0.000023 -1.052524 0.742346 26.301402 2.466093 -1.576189 2.681710 18.241729 -23.305282 -17.628944 53.671616 63.248460 -40.439515 2.647888 -1.528750 1.528754 10.741891 32.760815 -5.296232 1.998929 -1.154073 1.154082 0.000001 -0.000000 -0.000002 9.109306 -0.518016 2.259899 6.090335 6.835969 -83.384725 5.535319 6.749086 -78.694557 1.552537 4.360281 -39.183941 0.000001 0.000001 -0.000001 9.533393 -0.000004 0.000008 6.088415 6.835750 -83.368510 5.537222 6.749461 -78.710772 1.552547 4.360283 -39.183928 -0.000000 0.000003 0.000001 9.104502 -0.042984 -1.865096 6.090336 6.835968 -83.384725 5.535318 6.749091 -78.694550 1.552540 4.360280 -39.183945 -0.000001 -0.000002 0.000002 8.077805 -0.486897 -3.806298 10.148459 7.303610 -83.373981 5.544912 2.664448 -78.811354 1.552531 4.360283 -39.183945 -0.000002 -0.000002 -0.000000 -8.207801 -6.751703 -1.599551 -69.736587 -4.015079 -3.352907 49.900211 -0.481784 -0.104777 36.480802 3.593031 12.996150 -0.000014 0.000003 0.000000 -0.000000 0.000001 0.000000 8.207798 -6.751705 -1.599543 -70.132724 -0.535703 14.333350 92.739912 9.744970 0.545675 -6.150890 3.219349 5.773227 -0.083496 0.000009 -0.000001 0.000000 0.000000 -0.000000 
-0.516523 64.068367 1.353670 -18.218237 -6.708780 -7.729635 0.000001 10.181540 0.131519 5.911846 3.025216 3.766260 10.720749 0.586488 2.402822 10.706152 0.643692 2.447337 -0.000000 16.740360 -2.049017 -4.085091 0.690325 -0.715833 0.000001 9.617866 1.684977 -12.557263 1.524185 3.744502 0.000001 22.037384 7.501073 0.000000 0.000000 0.000000 -4.569999 11.014856 -2.160841 3.349714 13.625703 10.892394 -22.863392 27.056130 21.646179 -0.000422 82.839594 0.000490 -6.499942 4.025220 -30.044943 -2.464786 -1.574002 2.681910 7.564649 7.028707 27.703719 -9.818517 -72.226675 -19.707070 -2.646264 -1.527813 1.527811 -2.645434 -31.790019 -7.915081 -1.994583 -1.151581 1.151563 -0.000000 0.000003 0.000006 -9.108296 -0.517881 2.259803 6.036403 -6.888418 82.440971 4.121022 -6.349619 65.937868 1.115601 -3.782566 32.854576 0.000000 -0.000000 0.000001 -9.532492 -0.000004 0.000002 6.036400 -6.888419 82.440971 4.121019 -6.349615 65.937868 1.115599 -3.782566 32.854573 0.000001 -0.000000 -0.000003 -9.103601 -0.043104 -1.865099 6.036403 -6.888416 82.440964 4.121019 -6.349615 65.937868 1.115599 -3.782567 32.854576 0.000000 0.000002 0.000001 -8.076701 -0.486713 -3.806299 6.036404 -6.888420 82.440971 4.121023 -6.349615 65.937861 1.115592 -3.782567 32.854600 -0.000000 0.000002 0.000001 4.570404 11.014690 -2.160814 1.244638 0.076117 -10.790645 -32.097159 -41.849003 -48.693942 0.000011 -81.974175 -0.000023 -1.052524 0.742346 26.301402 2.466093 -1.576189 2.681710 18.241729 -23.305282 -17.628944 53.671616 63.248460 -40.439515 2.647888 -1.528750 1.528754 10.741891 32.760815 -5.296232 1.998929 -1.154073 1.154082 0.000001 -0.000000 -0.000002 9.109306 -0.518016 2.259899 6.090335 6.835969 -83.384725 5.535319 6.749086 -78.694557 1.552537 4.360281 -39.183941 0.000001 0.000001 -0.000001 9.533393 -0.000004 0.000008 6.088415 6.835750 -83.368510 5.537222 6.749461 -78.710772 1.552547 4.360283 -39.183928 -0.000000 0.000003 0.000001 9.104502 -0.042984 -1.865096 6.090336 6.835968 -83.384725 5.535318 6.749091 -78.694550 1.552540 4.360280 -39.183945 -0.000001 -0.000002 0.000002 8.077805 -0.486897 -3.806298 10.148459 7.303610 -83.373981 5.544912 2.664448 -78.811354 1.552531 4.360283 -39.183945 -0.000002 -0.000002 -0.000000 -8.207801 -6.751703 -1.599551 -69.736587 -4.015079 -3.352907 49.900211 -0.481784 -0.104777 36.480802 3.593031 12.996150 -0.000014 0.000003 0.000000 -0.000000 0.000001 0.000000 8.207798 -6.751705 -1.599543 -70.132724 -0.535703 14.333350 92.739912 9.744970 0.545675 -6.150890 3.219349 5.773227 -0.083496 0.000009 -0.000001 0.000000 0.000000 -0.000000 
-0.516523 64.068367 1.353670 -18.218237 -6.708780 -7.729635 0.000001 10.181540 0.131519 5.911846 3.025216 3.766260 10.720749 0.586488 2.402822 10.706152 0.643692 2.447337 -0.000000 16.740360 -2.049017 -4.085091 0.690325 -0.715833 0.000001 9.617866 1.684977 -12.557263 1.524185 3.744502 0.000001 22.037384 7.501073 0.000000 0.000000 0.000000 -4.569999 11.014856 -2.160841 3.349714 13.625703 10.892394 -22.863392 27.056130 21.646179 -0.000422 82.839594 0.000490 -6.499942 4.025220 -30.044943 -2.464786 -1.574002 2.681910 7.564649 7.028707 27.703719 -9.818517 -72.226675 -19.707070 -2.646264 -1.527813 1.527811 -2.645434 -31.790019 -7.915081 -1.994583 -1.151581 1.151563 -0.000000 0.000003 0.000006 -9.108296 -0.517881 2.259803 6.036403 -6.888418 82.440971 4.121022 -6.349619 65.937868 1.115601 -3.782566 32.854576 0.000000 -0.000000 0.000001 -9.532492 -0.000004 0.000002 6.036400 -6.888419 82.440971 4.121019 -6.349615 65.937868 1.115599 -3.782566 32.854573 0.000001 -0.000000 -0.000003 -9.103601 -0.043104 -1.865099 6.036403 -6.888416 82.440964 4.121019 -6.349615 65.937868 1.115599 -3.782567 32.854576 0.000000 0.000002 0.000001 -8.076701 -0.486713 -3.806299 6.036404 -6.888420 82.440971 4.121023 -6.349615 65.937861 1.115592 -3.782567 32.854600 -0.000000 0.000002 0.000001 4.570404 11.014690 -2.160814 1.244638 0.076117 -10.790645 -32.097159 -41.849003 -48.693942 0.000011 -81.974175 -0.000023 -1.052524 0.742346 26.301402 2.466093 -1.576189 2.681710 18.241729 -23.305282 -17.628944 53.671616 63.248460 -40.439515 2.647888 -1.528750 1.528754 10.741891 32.760815 -5.296232 1.998929 -1.154073 1.154082 0.000001 -0.000000 -0.000002 9.109306 -0.518016 2.259899 6.090335 6.835969 -83.384725 5.535319 6.749086 -78.694557 1.552537 4.360281 -39.183941 0.000001 0.000001 -0.000001 9.533393 -0.000004 0.000008 6.088415 6.835750 -83.368510 5.537222 6.749461 -78.710772 1.552547 4.360283 -39.183928 -0.000000 0.000003 0.000001 9.104502 -0.042984 -1.865096 6.090336 6.835968 -83.384725 5.535318 6.749091 -78.694550 1.552540 4.360280 -39.183945 -0.000001 -0.000002 0.000002 8.077805 -0.486897 -3.806298 10.148459 7.303610 -83.373981 5.544912 2.664448 -78.811354 1.552531 4.360283 -39.183945 -0.000002 -0.000002 -0.000000 -8.207801 -6.751703 -1.599551 -69.736587 -4.015079 -3.352907 49.900211 -0.481784 -0.104777 36.480802 3.593031 12.996150 -0.000014 0.000003 0.000000 -0.000000 0.000001 0.000000 8.207798 -6.751705 -1.599543 -70.132724 -0.535703 14.333350 92.739912 9.744970 0.545675 -6.150890 3.219349 5.773227 -0.083496 0.000009 -0.000001 0.000000 0.000000 -0.000000 
-0.516523 64.068367 1.353670 -18.218237 -6.708780 -7.729635 0.000001 10.181540 0.131519 5.911846 3.025216 3.766260 10.720749 0.586488 2.402822 10.706152 0.643692 2.447337 -0.000000 16.740360 -2.049017 -4.085091 0.690325 -0.715833 0.000001 9.617866 1.684977 -12.557263 1.524185 3.744502 0.000001 22.037384 7.501073 0.000000 0.000000 0.000000 -4.569999 11.014856 -2.160841 3.349714 13.625703 10.892394 -22.863392 27.056130 21.646179 -0.000422 82.839594 0.000490 -6.499942 4.025220 -30.044943 -2.464786 -1.574002 2.681910 7.564649 7.028707 27.703719 -9.818517 -72.226675 -19.707070 -2.646264 -1.527813 1.527811 -2.645434 -31.790019 -7.915081 -1.994583 -1.151581 1.151563 -0.000000 0.000003 0.000006 -9.108296 -0.517881 2.259803 6.036403 -6.888418 82.440971 4.121022 -6.349619 65.937868 1.115601 -3.782566 32.854576 0.000000 -0.000000 0.000001 -9.532492 -0.000004 0.000002 6.036400 -6.888419 82.440971 4.121019 -6.349615 65.937868 1.115599 -3.782566 32.854573 0.000001 -0.000000 -0.000003 -9.103601 -0.043104 -1.865099 6.036403 -6.888416 82.440964 4.121019 -6.349615 65.937868 1.115599 -3.782567 32.854576 0.000000 0.000002 0.000001 -8.076701 -0.486713 -3.806299 6.036404 -6.888420 82.440971 4.121023 -6.349615 65.937861 1.115592 -3.782567 32.854600 -0.000000 0.000002 0.000001 4.570404 11.014690 -2.160814 1.244638 0.076117 -10.790645 -32.097159 -41.849003 -48.693942 0.000011 -81.974175 -0.000023 -1.052524 0.742346 26.301402 2.466093 -1.576189 2.681710 18.241729 -23.305282 -17.628944 53.671616 63.248460 -40.439515 2.647888 -1.528750 1.528754 10.741891 32.760815 -5.296232 1.998929 -1.154073 1.154082 0.000001 -0.000000 -0.000002 9.109306 -0.518016 2.259899 6.090335 6.835969 -83.384725 5.535319 6.749086 -78.694557 1.552537 4.360281 -39.183941 0.000001 0.000001 -0.000001 9.533393 -0.000004 0.000008 6.088415 6.835750 -83.368510 5.537222 6.749461 -78.710772 1.552547 4.360283 -39.183928 -0.000000 0.000003 0.000001 9.104502 -0.042984 -1.865096 6.090336 6.835968 -83.384725 5.535318 6.749091 -78.694550 1.552540 4.360280 -39.183945 -0.000001 -0.000002 0.000002 8.077805 -0.486897 -3.806298 10.148459 7.303610 -83.373981 5.544912 2.664448 -78.811354 1.552531 4.360283 -39.183945 -0.000002 -0.000002 -0.000000 -8.207801 -6.751703 -1.599551 -69.736587 -4.015079 -3.352907 49.900211 -0.481784 -0.104777 36.480802 3.593031 12.996150 -0.000014 0.000003 0.000000 -0.000000 0.000001 0.000000 8.207798 -6.751705 -1.599543 -70.132724 -0.535703 14.333350 92.739912 9.744970 0.545675 -6.150890 3.219349 5.773227 -0.083496 0.000009 -0.000001 0.000000 0.000000 -0.000000 
-0.516523 64.068367 1.353670 -18.218237 -6.708780 -7.729635 0.000001 10.181540 0.131519 5.911846 3.025216 3.766260 10.720749 0.586488 2.402822 10.706152 0.643692 2.447337 -0.000000 16.740360 -2.049017 -4.085091 0.690325 -0.715833 0.000001 9.617866 1.684977 -12.557263 1.524185 3.744502 0.000001 22.037384 7.501073 0.000000 0.000000 0.000000 -4.569999 11.014856 -2.160841 3.349714 13.625703 10.892394 -22.863392 27.056130 21.646179 -0.000422 82.839594 0.000490 -6.499942 4.025220 -30.044943 -2.464786 -1.574002 2.681910 7.564649 7.028707 27.703719 -9.818517 -72.226675 -19.707070 -2.646264 -1.527813 1.527811 -2.645434 -31.790019 -7.915081 -1.994583 -1.151581 1.151563 -0.000000 0.000003 0.000006 -9.108296 -0.517881 2.259803 6.036403 -6.888418 82.440971 4.121022 -6.349619 65.937868 1.115601 -3.782566 32.854576 0.000000 -0.000000 0.000001 -9.532492 -0.000004 0.000002 6.036400 -6.888419 82.440971 4.121019 -6.349615 65.937868 1.115599 -3.782566 32.854573 0.000001 -0.000000 -0.000003 -9.103601 -0.043104 -1.865099 6.036403 -6.888416 82.440964 4.121019 -6.349615 65.937868 1.115599 -3.782567 32.854576 0.000000 0.000002 0.000001 -8.076701 -0.486713 -3.806299 6.036404 -6.888420 82.440971 4.121023 -6.349615 65.937861 1.115592 -3.782567 32.854600 -0.000000 0.000002 0.000001 4.570404 11.014690 -2.160814 1.244638 0.076117 -10.790645 -32.097159 -41.849003 -48.693942 0.000011 -81.974175 -0.000023 -1.052524 0.742346 26.301402 2.466093 -1.576189 2.681710 18.241729 -23.305282 -17.628944 53.671616 63.248460 -40.439515 2.647888 -1.528750 1.528754 10.741891 32.760815 -5.296232 1.998929 -1.154073 1.154082 0.000001 -0.000000 -0.000002 9.109306 -0.518016 2.259899 6.090335 6.835969 -83.384725 5.535319 6.749086 -78.694557 1.552537 4.360281 -39.183941 0.000001 0.000001 -0.000001 9.533393 -0.000004 0.000008 6.088415 6.835750 -83.368510 5.537222 6.749461 -78.710772 1.552547 4.360283 -39.183928 -0.000000 0.000003 0.000001 9.104502 -0.042984 -1.865096 6.090336 6.835968 -83.384725 5.535318 6.749091 -78.694550 1.552540 4.360280 -39.183945 -0.000001 -0.000002 0.000002 8.077805 -0.486897 -3.806298 10.148459 7.303610 -83.373981 5.544912 2.664448 -78.811354 1.552531 4.360283 -39.183945 -0.000002 -0.000002 -0.000000 -8.207801 -6.751703 -1.599551 -69.736587 -4.015079 -3.352907 49.900211 -0.481784 -0.104777 36.480802 3.593031 12.996150 -0.000014 0.000003 0.000000 -0.000000 0.000001 0.000000 8.207798 -6.751705 -1.599543 -70.132724 -0.535703 14.333350 92.739912 9.744970 0.545675 -6.150890 3.219349 5.773227 -0.083496 0.000009 -0.000001 0.000000 0.000000 -0.000000 
-0.516523 64.068367 1.353670 -18.218237 -6.708780 -7.729635 0.000001 10.181540 0.131519 5.911846 3.025216 3.766260 10.720749 0.586488 2.402822 10.706152 0.643692 2.447337 -0.000000 16.740360 -2.049017 -4.085091 0.690325 -0.715833 0.000001 9.617866 1.684977 -12.557263 1.524185 3.744502 0.000001 22.037384 7.501073 0.000000 0.000000 0.000000 -4.569999 11.014856 -2.160841 3.349714 13.625703 10.892394 -22.863392 27.056130 21.646179 -0.000422 82.839594 0.000490 -6.499942 4.025220 -30.044943 -2.464786 -1.574002 2.681910 7.564649 7.028707 27.703719 -9.818517 -72.226675 -19.707070 -2.646264 -1.527813 1.527811 -2.645434 -31.790019 -7.915081 -1.994583 -1.151581 1.151563 -0.000000 0.000003 0.000006 -9.108296 -0.517881 2.259803 6.036403 -6.888418 82.440971 4.121022 -6.349619 65.937868 1.115601 -3.782566 32.854576 0.000000 -0.000000 0.000001 -9.532492 -0.000004 0.000002 6.036400 -6.888419 82.440971 4.121019 -6.349615 65.937868 1.115599 -3.782566 32.854573 0.000001 -0.000000 -0.000003 -9.103601 -0.043104 -1.865099 6.036403 -6.888416 82.440964 4.121019 -6.349615 65.937868 1.115599 -3.782567 32.854576 0.000000 0.000002 0.000001 -8.076701 -0.486713 -3.806299 6.036404 -6.888420 82.440971 4.121023 -6.349615 65.937861 1.115592 -3.782567 32.854600 -0.000000 0.000002 0.000001 4.570404 11.014690 -2.160814 1.244638 0.076117 -10.790645 -32.097159 -41.849003 -48.693942 0.000011 -81.974175 -0.000023 -1.052524 0.742346 26.301402 2.466093 -1.576189 2.681710 18.241729 -23.305282 -17.628944 53.671616 63.248460 -40.439515 2.647888 -1.528750 1.528754 10.741891 32.760815 -5.296232 1.998929 -1.154073 1.154082 0.000001 -0.000000 -0.000002 9.109306 -0.518016 2.259899 6.090335 6.835969 -83.384725 5.535319 6.749086 -78.694557 1.552537 4.360281 -39.183941 0.000001 0.000001 -0.000001 9.533393 -0.000004 0.000008 6.088415 6.835750 -83.368510 5.537222 6.749461 -78.710772 1.552547 4.360283 -39.183928 -0.000000 0.000003 0.000001 9.104502 -0.042984 -1.865096 6.090336 6.835968 -83.384725 5.535318 6.749091 -78.694550 1.552540 4.360280 -39.183945 -0.000001 -0.000002 0.000002 8.077805 -0.486897 -3.806298 10.148459 7.303610 -83.373981 5.544912 2.664448 -78.811354 1.552531 4.360283 -39.183945 -0.000002 -0.000002 -0.000000 -8.207801 -6.751703 -1.599551 -69.736587 -4.015079 -3.352907 49.900211 -0.481784 -0.104777 36.480802 3.593031 12.996150 -0.000014 0.000003 0.000000 -0.000000 0.000001 0.000000 8.207798 -6.751705 -1.599543 -70.132724 -0.535703 14.333350 92.739912 9.744970 0.545675 -6.150890 3.219349 5.773227 -0.083496 0.000009 -0.000001 0.000000 0.000000 -0.000000 
-0.516523 64.068367 1.353670 -18.218237 -6.708780 -7.729635 0.000001 10.181540 0.131519 5.911846 3.025216 3.766260 10.720749 0.586488 2.402822 10.706152 0.643692 2.447337 -0.000000 16.740360 -2.049017 -4.085091 0.690325 -0.715833 0.000001 9.617866 1.684977 -12.557263 1.524185 3.744502 0.000001 22.037384 7.501073 0.000000 0.000000 0.000000 -4.569999 11.014856 -2.160841 3.349714 13.625703 10.892394 -22.863392 27.056130 21.646179 -0.000422 82.839594 0.000490 -6.499942 4.025220 -30.044943 -2.464786 -1.574002 2.681910 7.564649 7.028707 27.703719 -9.818517 -72.226675 -19.707070 -2.646264 -1.527813 1.527811 -2.645434 -31.790019 -7.915081 -1.994583 -1.151581 1.151563 -0.000000 0.000003 0.000006 -9.108296 -0.517881 2.259803 6.036403 -6.888418 82.440971 4.121022 -6.349619 65.937868 1.115601 -3.782566 32.854576 0.000000 -0.000000 0.000001 -9.532492 -0.000004 0.000002 6.036400 -6.888419 82.440971 4.121019 -6.349615 65.937868 1.115599 -3.782566 32.854573 0.000001 -0.000000 -0.000003 -9.103601 -0.043104 -1.865099 6.036403 -6.888416 82.440964 4.121019 -6.349615 65.937868 1.115599 -3.782567 32.854576 0.000000 0.000002 0.000001 -8.076701 -0.486713 -3.806299 6.036404 -6.888420 82.440971 4.121023 -6.349615 65.937861 1.115592 -3.782567 32.854600 -0.000000 0.000002 0.000001 4.570404 11.014690 -2.160814 1.244638 0.076117 -10.790645 -32.097159 -41.849003 -48.693942 0.000011 -81.974175 -0.000023 -1.052524 0.742346 26.301402 2.466093 -1.576189 2.681710 18.241729 -23.305282 -17.628944 53.671616 63.248460 -40.439515 2.647888 -1.528750 1.528754 10.741891 32.760815 -5.296232 1.998929 -1.154073 1.154082 0.000001 -0.000000 -0.000002 9.109306 -0.518016 2.259899 6.090335 6.835969 -83.384725 5.535319 6.749086 -78.694557 1.552537 4.360281 -39.183941 0.000001 0.000001 -0.000001 9.533393 -0.000004 0.000008 6.088415 6.835750 -83.368510 5.537222 6.749461 -78.710772 1.552547 4.360283 -39.183928 -0.000000 0.000003 0.000001 9.104502 -0.042984 -1.865096 6.090336 6.835968 -83.384725 5.535318 6.749091 -78.694550 1.552540 4.360280 -39.183945 -0.000001 -0.000002 0.000002 8.077805 -0.486897 -3.806298 10.148459 7.303610 -83.373981 5.544912 2.664448 -78.811354 1.552531 4.360283 -39.183945 -0.000002 -0.000002 -0.000000 -8.207801 -6.751703 -1.599551 -69.736587 -4.015079 -3.352907 49.900211 -0.481784 -0.104777 36.480802 3.593031 12.996150 -0.000014 0.000003 0.000000 -0.000000 0.000001 0.000000 8.207798 -6.751705 -1.599543 -70.132724 -0.535703 14.333350 92.739912 9.744970 0.545675 -6.150890 3.219349 5.773227 -0.083496 0.000009 -0.000001 0.000000 0.000000 -0.000000 
-0.516523 64.068367 1.353670 -18.218237 -6.708780 -7.729635 0.000001 10.181540 0.131519 5.911846 3.025216 3.766260 10.720749 0.586488 2.402822 10.706152 0.643692 2.447337 -0.000000 16.740360 -2.049017 -4.085091 0.690325 -0.715833 0.000001 9.617866 1.684977 -12.557263 1.524185 3.744502 0.000001 22.037384 7.501073 0.000000 0.000000 0.000000 -4.569999 11.014856 -2.160841 3.349714 13.625703 10.892394 -22.863392 27.056130 21.646179 -0.000422 82.839594 0.000490 -6.499942 4.025220 -30.044943 -2.464786 -1.574002 2.681910 7.564649 7.028707 27.703719 -9.818517 -72.226675 -19.707070 -2.646264 -1.527813 1.527811 -2.645434 -31.790019 -7.915081 -1.994583 -1.151581 1.151563 -0.000000 0.000003 0.000006 -9.108296 -0.517881 2.259803 6.036403 -6.888418 82.440971 4.121022 -6.349619 65.937868 1.115601 -3.782566 32.854576 0.000000 -0.000000 0.000001 -9.532492 -0.000004 0.000002 6.036400 -6.888419 82.440971 4.121019 -6.349615 65.937868 1.115599 -3.782566 32.854573 0.000001 -0.000000 -0.000003 -9.103601 -0.043104 -1.865099 6.036403 -6.888416 82.440964 4.121019 -6.349615 65.937868 1.115599 -3.782567 32.854576 0.000000 0.000002 0.000001 -8.076701 -0.486713 -3.806299 6.036404 -6.888420 82.440971 4.121023 -6.349615 65.937861 1.115592 -3.782567 32.854600 -0.000000 0.000002 0.000001 4.570404 11.014690 -2.160814 1.244638 0.076117 -10.790645 -32.097159 -41.849003 -48.693942 0.000011 -81.974175 -0.000023 -1.052524 0.742346 26.301402 2.466093 -1.576189 2.681710 18.241729 -23.305282 -17.628944 53.671616 63.248460 -40.439515 2.647888 -1.528750 1.528754 10.741891 32.760815 -5.296232 1.998929 -1.154073 1.154082 0.000001 -0.000000 -0.000002 9.109306 -0.518016 2.259899 6.090335 6.835969 -83.384725 5.535319 6.749086 -78.694557 1.552537 4.360281 -39.183941 0.000001 0.000001 -0.000001 9.533393 -0.000004 0.000008 6.088415 6.835750 -83.368510 5.537222 6.749461 -78.710772 1.552547 4.360283 -39.183928 -0.000000 0.000003 0.000001 9.104502 -0.042984 -1.865096 6.090336 6.835968 -83.384725 5.535318 6.749091 -78.694550 1.552540 4.360280 -39.183945 -0.000001 -0.000002 0.000002 8.077805 -0.486897 -3.806298 10.148459 7.303610 -83.373981 5.544912 2.664448 -78.811354 1.552531 4.360283 -39.183945 -0.000002 -0.000002 -0.000000 -8.207801 -6.751703 -1.599551 -69.736587 -4.015079 -3.352907 49.900211 -0.481784 -0.104777 36.480802 3.593031 12.996150 -0.000014 0.000003 0.000000 -0.000000 0.000001 0.000000 8.207798 -6.751705 -1.599543 -70.132724 -0.535703 14.333350 92.739912 9.744970 0.545675 -6.150890 3.219349 5.773227 -0.083496 0.000009 -0.000001 0.000000 0.000000 -0.000000 
-0.516523 64.068367 1.353670 -18.218237 -6.708780 -7.729635 0.000001 10.181540 0.131519 5.911846 3.025216 3.766260 10.720749 0.586488 2.402822 10.706152 0.643692 2.447337 -0.000000 16.740360 -2.049017 -4.085091 0.690325 -0.715833 0.000001 9.617866 1.684977 -12.557263 1.524185 3.744502 0.000001 22.037384 7.501073 0.000000 0.000000 0.000000 -4.569999 11.014856 -2.160841 3.349714 13.625703 10.892394 -22.863392 27.056130 21.646179 -0.000422 82.839594 0.000490 -6.499942 4.025220 -30.044943 -2.464786 -1.574002 2.681910 7.564649 7.028707 27.703719 -9.818517 -72.226675 -19.707070 -2.646264 -1.527813 1.527811 -2.645434 -31.790019 -7.915081 -1.994583 -1.151581 1.151563 -0.000000 0.000003 0.000006 -9.108296 -0.517881 2.259803 6.036403 -6.888418 82.440971 4.121022 -6.349619 65.937868 1.115601 -3.782566 32.854576 0.000000 -0.000000 0.000001 -9.532492 -0.000004 0.000002 6.036400 -6.888419 82.440971 4.121019 -6.349615 65.937868 1.115599 -3.782566 32.854573 0.000001 -0.000000 -0.000003 -9.103601 -0.043104 -1.865099 6.036403 -6.888416 82.440964 4.121019 -6.349615 65.937868 1.115599 -3.782567 32.854576 0.000000 0.000002 0.000001 -8.076701 -0.486713 -3.806299 6.036404 -6.888420 82.440971 4.121023 -6.349615 65.937861 1.115592 -3.782567 32.854600 -0.000000 0.000002 0.000001 4.570404 11.014690 -2.160814 1.244638 0.076117 -10.790645 -32.097159 -41.849003 -48.693942 0.000011 -81.974175 -0.000023 -1.052524 0.742346 26.301402 2.466093 -1.576189 2.681710 18.241729 -23.305282 -17.628944 53.671616 63.248460 -40.439515 2.647888 -1.528750 1.528754 10.741891 32.760815 -5.296232 1.998929 -1.154073 1.154082 0.000001 -0.000000 -0.000002 9.109306 -0.518016 2.259899 6.090335 6.835969 -83.384725 5.535319 6.749086 -78.694557 1.552537 4.360281 -39.183941 0.000001 0.000001 -0.000001 9.533393 -0.000004 0.000008 6.088415 6.835750 -83.368510 5.537222 6.749461 -78.710772 1.552547 4.360283 -39.183928 -0.000000 0.000003 0.000001 9.104502 -0.042984 -1.865096 6.090336 6.835968 -83.384725 5.535318 6.749091 -78.694550 1.552540 4.360280 -39.183945 -0.000001 -0.000002 0.000002 8.077805 -0.486897 -3.806298 10.148459 7.303610 -83.373981 5.544912 2.664448 -78.811354 1.552531 4.360283 -39.183945 -0.000002 -0.000002 -0.000000 -8.207801 -6.751703 -1.599551 -69.736587 -4.015079 -3.352907 49.900211 -0.481784 -0.104777 36.480802 3.593031 12.996150 -0.000014 0.000003 0.000000 -0.000000 0.000001 0.000000 8.207798 -6.751705 -1.599543 -70.132724 -0.535703 14.333350 92.739912 9.744970 0.545675 -6.150890 3.219349 5.773227 -0.083496 0.000009 -0.000001 0.000000 0.000000 -0.000000 
-0.516523 64.068367 1.353670 -18.218237 -6.708780 -7.729635 0.000001 10.181540 0.131519 5.911846 3.025216 3.766260 10.720749 0.586488 2.402822 10.706152 0.643692 2.447337 -0.000000 16.740360 -2.049017 -4.085091 0.690325 -0.715833 0.000001 9.617866 1.684977 -12.557263 1.524185 3.744502 0.000001 22.037384 7.501073 0.000000 0.000000 0.000000 -4.569999 11.014856 -2.160841 3.349714 13.625703 10.892394 -22.863392 27.056130 21.646179 -0.000422 82.839594 0.000490 -6.499942 4.025220 -30.044943 -2.464786 -1.574002 2.681910 7.564649 7.028707 27.703719 -9.818517 -72.226675 -19.707070 -2.646264 -1.527813 1.527811 -2.645434 -31.790019 -7.915081 -1.994583 -1.151581 1.151563 -0.000000 0.000003 0.000006 -9.108296 -0.517881 2.259803 6.036403 -6.888418 82.440971 4.121022 -6.349619 65.937868 1.115601 -3.782566 32.854576 0.000000 -0.000000 0.000001 -9.532492 -0.000004 0.000002 6.036400 -6.888419 82.440971 4.121019 -6.349615 65.937868 1.115599 -3.782566 32.854573 0.000001 -0.000000 -0.000003 -9.103601 -0.043104 -1.865099 6.036403 -6.888416 82.440964 4.121019 -6.349615 65.937868 1.115599 -3.782567 32.854576 0.000000 0.000002 0.000001 -8.076701 -0.486713 -3.806299 6.036404 -6.888420 82.440971 4.121023 -6.349615 65.937861 1.115592 -3.782567 32.854600 -0.000000 0.000002 0.000001 4.570404 11.014690 -2.160814 1.244638 0.076117 -10.790645 -32.097159 -41.849003 -48.693942 0.000011 -81.974175 -0.000023 -1.052524 0.742346 26.301402 2.466093 -1.576189 2.681710 18.241729 -23.305282 -17.628944 53.671616 63.248460 -40.439515 2.647888 -1.528750 1.528754 10.741891 32.760815 -5.296232 1.998929 -1.154073 1.154082 0.000001 -0.000000 -0.000002 9.109306 -0.518016 2.259899 6.090335 6.835969 -83.384725 5.535319 6.749086 -78.694557 1.552537 4.360281 -39.183941 0.000001 0.000001 -0.000001 9.533393 -0.000004 0.000008 6.088415 6.835750 -83.368510 5.537222 6.749461 -78.710772 1.552547 4.360283 -39.183928 -0.000000 0.000003 0.000001 9.104502 -0.042984 -1.865096 6.090336 6.835968 -83.384725 5.535318 6.749091 -78.694550 1.552540 4.360280 -39.183945 -0.000001 -0.000002 0.000002 8.077805 -0.486897 -3.806298 10.148459 7.303610 -83.373981 5.544912 2.664448 -78.811354 1.552531 4.360283 -39.183945 -0.000002 -0.000002 -0.000000 -8.207801 -6.751703 -1.599551 -69.736587 -4.015079 -3.352907 49.900211 -0.481784 -0.104777 36.480802 3.593031 12.996150 -0.000014 0.000003 0.000000 -0.000000 0.000001 0.000000 8.207798 -6.751705 -1.599543 -70.132724 -0.535703 14.333350 92.739912 9.744970 0.545675 -6.150890 3.219349 5.773227 -0.083496 0.000009 -0.000001 0.000000 0.000000 -0.000000 
-0.516523 64.068367 1.353670 -18.218237 -6.708780 -7.729635 0.000001 10.181540 0.131519 5.911846 3.025216 3.766260 10.720749 0.586488 2.402822 10.706152 0.643692 2.447337 -0.000000 16.740360 -2.049017 -4.085091 0.690325 -0.715833 0.000001 9.617866 1.684977 -12.557263 1.524185 3.744502 0.000001 22.037384 7.501073 0.000000 0.000000 0.000000 -4.569999 11.014856 -2.160841 3.349714 13.625703 10.892394 -22.863392 27.056130 21.646179 -0.000422 82.839594 0.000490 -6.499942 4.025220 -30.044943 -2.464786 -1.574002 2.681910 7.564649 7.028707 27.703719 -9.818517 -72.226675 -19.707070 -2.646264 -1.527813 1.527811 -2.645434 -31.790019 -7.915081 -1.994583 -1.151581 1.151563 -0.000000 0.000003 0.000006 -9.108296 -0.517881 2.259803 6.036403 -6.888418 82.440971 4.121022 -6.349619 65.937868 1.115601 -3.782566 32.854576 0.000000 -0.000000 0.000001 -9.532492 -0.000004 0.000002 6.036400 -6.888419 82.440971 4.121019 -6.349615 65.937868 1.115599 -3.782566 32.854573 0.000001 -0.000000 -0.000003 -9.103601 -0.043104 -1.865099 6.036403 -6.888416 82.440964 4.121019 -6.349615 65.937868 1.115599 -3.782567 32.854576 0.000000 0.000002 0.000001 -8.076701 -0.486713 -3.806299 6.036404 -6.888420 82.440971 4.121023 -6.349615 65.937861 1.115592 -3.782567 32.854600 -0.000000 0.000002 0.000001 4.570404 11.014690 -2.160814 1.244638 0.076117 -10.790645 -32.097159 -41.849003 -48.693942 0.000011 -81.974175 -0.000023 -1.052524 0.742346 26.301402 2.466093 -1.576189 2.681710 18.241729 -23.305282 -17.628944 53.671616 63.248460 -40.439515 2.647888 -1.528750 1.528754 10.741891 32.760815 -5.296232 1.998929 -1.154073 1.154082 0.000001 -0.000000 -0.000002 9.109306 -0.518016 2.259899 6.090335 6.835969 -83.384725 5.535319 6.749086 -78.694557 1.552537 4.360281 -39.183941 0.000001 0.000001 -0.000001 9.533393 -0.000004 0.000008 6.088415 6.835750 -83.368510 5.537222 6.749461 -78.710772 1.552547 4.360283 -39.183928 -0.000000 0.000003 0.000001 9.104502 -0.042984 -1.865096 6.090336 6.835968 -83.384725 5.535318 6.749091 -78.694550 1.552540 4.360280 -39.183945 -0.000001 -0.000002 0.000002 8.077805 -0.486897 -3.806298 10.148459 7.303610 -83.373981 5.544912 2.664448 -78.811354 1.552531 4.360283 -39.183945 -0.000002 -0.000002 -0.000000 -8.207801 -6.751703 -1.599551 -69.736587 -4.015079 -3.352907 49.900211 -0.481784 -0.104777 36.480802 3.593031 12.996150 -0.000014 0.000003 0.000000 -0.000000 0.000001 0.000000 8.207798 -6.751705 -1.599543 -70.132724 -0.535703 14.333350 92.739912 9.744970 0.545675 -6.150890 3.219349 5.773227 -0.083496 0.000009 -0.000001 0.000000 0.000000 -0.000000 
-0.516523 64.068367 1.353670 -18.218237 -6.708780 -7.729635 0.000001 10.181540 0.131519 5.911846 3.025216 3.766260 10.720749 0.586488 2.402822 10.706152 0.643692 2.447337 -0.000000 16.740360 -2.049017 -4.085091 0.690325 -0.715833 0.000001 9.617866 1.684977 -12.557263 1.524185 3.744502 0.000001 22.037384 7.501073 0.000000 0.000000 0.000000 -4.569999 11.014856 -2.160841 3.349714 13.625703 10.892394 -22.863392 27.056130 21.646179 -0.000422 82.839594 0.000490 -6.499942 4.025220 -30.044943 -2.464786 -1.574002 2.681910 7.564649 7.028707 27.703719 -9.818517 -72.226675 -19.707070 -2.646264 -1.527813 1.527811 -2.645434 -31.790019 -7.915081 -1.994583 -1.151581 1.151563 -0.000000 0.000003 0.000006 -9.108296 -0.517881 2.259803 6.036403 -6.888418 82.440971 4.121022 -6.349619 65.937868 1.115601 -3.782566 32.854576 0.000000 -0.000000 0.000001 -9.532492 -0.000004 0.000002 6.036400 -6.888419 82.440971 4.121019 -6.349615 65.937868 1.115599 -3.782566 32.854573 0.000001 -0.000000 -0.000003 -9.103601 -0.043104 -1.865099 6.036403 -6.888416 82.440964 4.121019 -6.349615 65.937868 1.115599 -3.782567 32.854576 0.000000 0.000002 0.000001 -8.076701 -0.486713 -3.806299 6.036404 -6.888420 82.440971 4.121023 -6.349615 65.937861 1.115592 -3.782567 32.854600 -0.000000 0.000002 0.000001 4.570404 11.014690 -2.160814 1.244638 0.076117 -10.790645 -32.097159 -41.849003 -48.693942 0.000011 -81.974175 -0.000023 -1.052524 0.742346 26.301402 2.466093 -1.576189 2.681710 18.241729 -23.305282 -17.628944 53.671616 63.248460 -40.439515 2.647888 -1.528750 1.528754 10.741891 32.760815 -5.296232 1.998929 -1.154073 1.154082 0.000001 -0.000000 -0.000002 9.109306 -0.518016 2.259899 6.090335 6.835969 -83.384725 5.535319 6.749086 -78.694557 1.552537 4.360281 -39.183941 0.000001 0.000001 -0.000001 9.533393 -0.000004 0.000008 6.088415 6.835750 -83.368510 5.537222 6.749461 -78.710772 1.552547 4.360283 -39.183928 -0.000000 0.000003 0.000001 9.104502 -0.042984 -1.865096 6.090336 6.835968 -83.384725 5.535318 6.749091 -78.694550 1.552540 4.360280 -39.183945 -0.000001 -0.000002 0.000002 8.077805 -0.486897 -3.806298 10.148459 7.303610 -83.373981 5.544912 2.664448 -78.811354 1.552531 4.360283 -39.183945 -0.000002 -0.000002 -0.000000 -8.207801 -6.751703 -1.599551 -69.736587 -4.015079 -3.352907 49.900211 -0.481784 -0.104777 36.480802 3.593031 12.996150 -0.000014 0.000003 0.000000 -0.000000 0.000001 0.000000 8.207798 -6.751705 -1.599543 -70.132724 -0.535703 14.333350 92.739912 9.744970 0.545675 -6.150890 3.219349 5.773227 -0.083496 0.000009 -0.000001 0.000000 0.000000 -0.000000 
-0.516523 64.068367 1.353670 -18.218237 -6.708780 -7.729635 0.000001 10.181540 0.131519 5.911846 3.025216 3.766260 10.720749 0.586488 2.402822 10.706152 0.643692 2.447337 -0.000000 16.740360 -2.049017 -4.085091 0.690325 -0.715833 0.000001 9.617866 1.684977 -12.557263 1.524185 3.744502 0.000001 22.037384 7.501073 0.000000 0.000000 0.000000 -4.569999 11.014856 -2.160841 3.349714 13.625703 10.892394 -22.863392 27.056130 21.646179 -0.000422 82.839594 0.000490 -6.499942 4.025220 -30.044943 -2.464786 -1.574002 2.681910 7.564649 7.028707 27.703719 -9.818517 -72.226675 -19.707070 -2.646264 -1.527813 1.527811 -2.645434 -31.790019 -7.915081 -1.994583 -1.151581 1.151563 -0.000000 0.000003 0.000006 -9.108296 -0.517881 2.259803 6.036403 -6.888418 82.440971 4.121022 -6.349619 65.937868 1.115601 -3.782566 32.854576 0.000000 -0.000000 0.000001 -9.532492 -0.000004 0.000002 6.036400 -6.888419 82.440971 4.121019 -6.349615 65.937868 1.115599 -3.782566 32.854573 0.000001 -0.000000 -0.000003 -9.103601 -0.043104 -1.865099 6.036403 -6.888416 82.440964 4.121019 -6.349615 65.937868 1.115599 -3.782567 32.854576 0.000000 0.000002 0.000001 -8.076701 -0.486713 -3.806299 6.036404 -6.888420 82.440971 4.121023 -6.349615 65.937861 1.115592 -3.782567 32.854600 -0.000000 0.000002 0.000001 4.570404 11.014690 -2.160814 1.244638 0.076117 -10.790645 -32.097159 -41.849003 -48.693942 0.000011 -81.974175 -0.000023 -1.052524 0.742346 26.301402 2.466093 -1.576189 2.681710 18.241729 -23.305282 -17.628944 53.671616 63.248460 -40.439515 2.647888 -1.528750 1.528754 10.741891 32.760815 -5.296232 1.998929 -1.154073 1.154082 0.000001 -0.000000 -0.000002 9.109306 -0.518016 2.259899 6.090335 6.835969 -83.384725 5.535319 6.749086 -78.694557 1.552537 4.360281 -39.183941 0.000001 0.000001 -0.000001 9.533393 -0.000004 0.000008 6.088415 6.835750 -83.368510 5.537222 6.749461 -78.710772 1.552547 4.360283 -39.183928 -0.000000 0.000003 0.000001 9.104502 -0.042984 -1.865096 6.090336 6.835968 -83.384725 5.535318 6.749091 -78.694550 1.552540 4.360280 -39.183945 -0.000001 -0.000002 0.000002 8.077805 -0.486897 -3.806298 10.148459 7.303610 -83.373981 5.544912 2.664448 -78.811354 1.552531 4.360283 -39.183945 -0.000002 -0.000002 -0.000000 -8.207801 -6.751703 -1.599551 -69.736587 -4.015079 -3.352907 49.900211 -0.481784 -0.104777 36.480802 3.593031 12.996150 -0.000014 0.000003 0.000000 -0.000000 0.000001 0.000000 8.207798 -6.751705 -1.599543 -70.132724 -0.535703 14.333350 92.739912 9.744970 0.545675 -6.150890 3.219349 5.773227 -0.083496 0.000009 -0.000001 0.000000 0.000000 -0.000000 
-0.516523 64.068367 1.353670 -18.218237 -6.708780 -7.729635 0.000001 10.181540 0.131519 5.911846 3.025216 3.766260 10.720749 0.586488 2.402822 10.706152 0.643692 2.447337 -0.000000 16.740360 -2.049017 -4.085091 0.690325 -0.715833 0.000001 9.617866 1.684977 -12.557263 1.524185 3.744502 0.000001 22.037384 7.501073 0.000000 0.000000 0.000000 -4.569999 11.014856 -2.160841 3.349714 13.625703 10.892394 -22.863392 27.056130 21.646179 -0.000422 82.839594 0.000490 -6.499942 4.025220 -30.044943 -2.464786 -1.574002 2.681910 7.564649 7.028707 27.703719 -9.818517 -72.226675 -19.707070 -2.646264 -1.527813 1.527811 -2.645434 -31.790019 -7.915081 -1.994583 -1.151581 1.151563 -0.000000 0.000003 0.000006 -9.108296 -0.517881 2.259803 6.036403 -6.888418 82.440971 4.121022 -6.349619 65.937868 1.115601 -3.782566 32.854576 0.000000 -0.000000 0.000001 -9.532492 -0.000004 0.000002 6.036400 -6.888419 82.440971 4.121019 -6.349615 65.937868 1.115599 -3.782566 32.854573 0.000001 -0.000000 -0.000003 -9.103601 -0.043104 -1.865099 6.036403 -6.888416 82.440964 4.121019 -6.349615 65.937868 1.115599 -3.782567 32.854576 0.000000 0.000002 0.000001 -8.076701 -0.486713 -3.806299 6.036404 -6.888420 82.440971 4.121023 -6.349615 65.937861 1.115592 -3.782567 32.854600 -0.000000 0.000002 0.000001 4.570404 11.014690 -2.160814 1.244638 0.076117 -10.790645 -32.097159 -41.849003 -48.693942 0.000011 -81.974175 -0.000023 -1.052524 0.742346 26.301402 2.466093 -1.576189 2.681710 18.241729 -23.305282 -17.628944 53.671616 63.248460 -40.439515 2.647888 -1.528750 1.528754 10.741891 32.760815 -5.296232 1.998929 -1.154073 1.154082 0.000001 -0.000000 -0.000002 9.109306 -0.518016 2.259899 6.090335 6.835969 -83.384725 5.535319 6.749086 -78.694557 1.552537 4.360281 -39.183941 0.000001 0.000001 -0.000001 9.533393 -0.000004 0.000008 6.088415 6.835750 -83.368510 5.537222 6.749461 -78.710772 1.552547 4.360283 -39.183928 -0.000000 0.000003 0.000001 9.104502 -0.042984 -1.865096 6.090336 6.835968 -83.384725 5.535318 6.749091 -78.694550 1.552540 4.360280 -39.183945 -0.000001 -0.000002 0.000002 8.077805 -0.486897 -3.806298 10.148459 7.303610 -83.373981 5.544912 2.664448 -78.811354 1.552531 4.360283 -39.183945 -0.000002 -0.000002 -0.000000 -8.207801 -6.751703 -1.599551 -69.736587 -4.015079 -3.352907 49.900211 -0.481784 -0.104777 36.480802 3.593031 12.996150 -0.000014 0.000003 0.000000 -0.000000 0.000001 0.000000 8.207798 -6.751705 -1.599543 -70.132724 -0.535703 14.333350 92.739912 9.744970 0.545675 -6.150890 3.219349 5.773227 -0.083496 0.000009 -0.000001 0.000000 0.000000 -0.000000 
-0.516523 64.068367 1.353670 -18.218237 -6.708780 -7.729635 0.000001 10.181540 0.131519 5.911846 3.025216 3.766260 10.720749 0.586488 2.402822 10.706152 0.643692 2.447337 -0.000000 16.740360 -2.049017 -4.085091 0.690325 -0.715833 0.000001 9.617866 1.684977 -12.557263 1.524185 3.744502 0.000001 22.037384 7.501073 0.000000 0.000000 0.000000 -4.569999 11.014856 -2.160841 3.349714 13.625703 10.892394 -22.863392 27.056130 21.646179 -0.000422 82.839594 0.000490 -6.499942 4.025220 -30.044943 -2.464786 -1.574002 2.681910 7.564649 7.028707 27.703719 -9.818517 -72.226675 -19.707070 -2.646264 -1.527813 1.527811 -2.645434 -31.790019 -7.915081 -1.994583 -1.151581 1.151563 -0.000000 0.000003 0.000006 -9.108296 -0.517881 2.259803 6.036403 -6.888418 82.440971 4.121022 -6.349619 65.937868 1.115601 -3.782566 32.854576 0.000000 -0.000000 0.000001 -9.532492 -0.000004 0.000002 6.036400 -6.888419 82.440971 4.121019 -6.349615 65.937868 1.115599 -3.782566 32.854573 0.000001 -0.000000 -0.000003 -9.103601 -0.043104 -1.865099 6.036403 -6.888416 82.440964 4.121019 -6.349615 65.937868 1.115599 -3.782567 32.854576 0.000000 0.000002 0.000001 -8.076701 -0.486713 -3.806299 6.036404 -6.888420 82.440971 4.121023 -6.349615 65.937861 1.115592 -3.782567 32.854600 -0.000000 0.000002 0.000001 4.570404 11.014690 -2.160814 1.244638 0.076117 -10.790645 -32.097159 -41.849003 -48.693942 0.000011 -81.974175 -0.000023 -1.052524 0.742346 26.301402 2.466093 -1.576189 2.681710 18.241729 -23.305282 -17.628944 53.671616 63.248460 -40.439515 2.647888 -1.528750 1.528754 10.741891 32.760815 -5.296232 1.998929 -1.154073 1.154082 0.000001 -0.000000 -0.000002 9.109306 -0.518016 2.259899 6.090335 6.835969 -83.384725 5.535319 6.749086 -78.694557 1.552537 4.360281 -39.183941 0.000001 0.000001 -0.000001 9.533393 -0.000004 0.000008 6.088415 6.835750 -83.368510 5.537222 6.749461 -78.710772 1.552547 4.360283 -39.183928 -0.000000 0.000003 0.000001 9.104502 -0.042984 -1.865096 6.090336 6.835968 -83.384725 5.535318 6.749091 -78.694550 1.552540 4.360280 -39.183945 -0.000001 -0.000002 0.000002 8.077805 -0.486897 -3.806298 10.148459 7.303610 -83.373981 5.544912 2.664448 -78.811354 1.552531 4.360283 -39.183945 -0.000002 -0.000002 -0.000000 -8.207801 -6.751703 -1.599551 -69.736587 -4.015079 -3.352907 49.900211 -0.481784 -0.104777 36.480802 3.593031 12.996150 -0.000014 0.000003 0.000000 -0.000000 0.000001 0.000000 8.207798 -6.751705 -1.599543 -70.132724 -0.535703 14.333350 92.739912 9.744970 0.545675 -6.150890 3.219349 5.773227 -0.083496 0.000009 -0.000001 0.000000 0.000000 -0.000000 
-0.516523 64.068367 1.353670 -18.218237 -6.708780 -7.729635 0.000001 10.181540 0.131519 5.911846 3.025216 3.766260 10.720749 0.586488 2.402822 10.706152 0.643692 2.447337 -0.000000 16.740360 -2.049017 -4.085091 0.690325 -0.715833 0.000001 9.617866 1.684977 -12.557263 1.524185 3.744502 0.000001 22.037384 7.501073 0.000000 0.000000 0.000000 -4.569999 11.014856 -2.160841 3.349714 13.625703 10.892394 -22.863392 27.056130 21.646179 -0.000422 82.839594 0.000490 -6.499942 4.025220 -30.044943 -2.464786 -1.574002 2.681910 7.564649 7.028707 27.703719 -9.818517 -72.226675 -19.707070 -2.646264 -1.527813 1.527811 -2.645434 -31.790019 -7.915081 -1.994583 -1.151581 1.151563 -0.000000 0.000003 0.000006 -9.108296 -0.517881 2.259803 6.036403 -6.888418 82.440971 4.121022 -6.349619 65.937868 1.115601 -3.782566 32.854576 0.000000 -0.000000 0.000001 -9.532492 -0.000004 0.000002 6.036400 -6.888419 82.440971 4.121019 -6.349615 65.937868 1.115599 -3.782566 32.854573 0.000001 -0.000000 -0.000003 -9.103601 -0.043104 -1.865099 6.036403 -6.888416 82.440964 4.121019 -6.349615 65.937868 1.115599 -3.782567 32.854576 0.000000 0.000002 0.000001 -8.076701 -0.486713 -3.806299 6.036404 -6.888420 82.440971 4.121023 -6.349615 65.937861 1.115592 -3.782567 32.854600 -0.000000 0.000002 0.000001 4.570404 11.014690 -2.160814 1.244638 0.076117 -10.790645 -32.097159 -41.849003 -48.693942 0.000011 -81.974175 -0.000023 -1.052524 0.742346 26.301402 2.466093 -1.576189 2.681710 18.241729 -23.305282 -17.628944 53.671616 63.248460 -40.439515 2.647888 -1.528750 1.528754 10.741891 32.760815 -5.296232 1.998929 -1.154073 1.154082 0.000001 -0.000000 -0.000002 9.109306 -0.518016 2.259899 6.090335 6.835969 -83.384725 5.535319 6.749086 -78.694557 1.552537 4.360281 -39.183941 0.000001 0.000001 -0.000001 9.533393 -0.000004 0.000008 6.088415 6.835750 -83.368510 5.537222 6.749461 -78.710772 1.552547 4.360283 -39.183928 -0.000000 0.000003 0.000001 9.104502 -0.042984 -1.865096 6.090336 6.835968 -83.384725 5.535318 6.749091 -78.694550 1.552540 4.360280 -39.183945 -0.000001 -0.000002 0.000002 8.077805 -0.486897 -3.806298 10.148459 7.303610 -83.373981 5.544912 2.664448 -78.811354 1.552531 4.360283 -39.183945 -0.000002 -0.000002 -0.000000 -8.207801 -6.751703 -1.599551 -69.736587 -4.015079 -3.352907 49.900211 -0.481784 -0.104777 36.480802 3.593031 12.996150 -0.000014 0.000003 0.000000 -0.000000 0.000001 0.000000 8.207798 -6.751705 -1.599543 -70.132724 -0.535703 14.333350 92.739912 9.744970 0.545675 -6.150890 3.219349 5.773227 -0.083496 0.000009 -0.000001 0.000000 0.000000 -0.000000 
-0.516523 64.068367 1.353670 -18.218237 -6.708780 -7.729635 0.000001 10.181540 0.131519 5.911846 3.025216 3.766260 10.720749 0.586488 2.402822 10.706152 0.643692 2.447337 -0.000000 16.740360 -2.049017 -4.085091 0.690325 -0.715833 0.000001 9.617866 1.684977 -12.557263 1.524185 3.744502 0.000001 22.037384 7.501073 0.000000 0.000000 0.000000 -4.569999 11.014856 -2.160841 3.349714 13.625703 10.892394 -22.863392 27.056130 21.646179 -0.000422 82.839594 0.000490 -6.499942 4.025220 -30.044943 -2.464786 -1.574002 2.681910 7.564649 7.028707 27.703719 -9.818517 -72.226675 -19.707070 -2.646264 -1.527813 1.527811 -2.645434 -31.790019 -7.915081 -1.994583 -1.151581 1.151563 -0.000000 0.000003 0.000006 -9.108296 -0.517881 2.259803 6.036403 -6.888418 82.440971 4.121022 -6.349619 65.937868 1.115601 -3.782566 32.854576 0.000000 -0.000000 0.000001 -9.532492 -0.000004 0.000002 6.036400 -6.888419 82.440971 4.121019 -6.349615 65.937868 1.115599 -3.782566 32.854573 0.000001 -0.000000 -0.000003 -9.103601 -0.043104 -1.865099 6.036403 -6.888416 82.440964 4.121019 -6.349615 65.937868 1.115599 -3.782567 32.854576 0.000000 0.000002 0.000001 -8.076701 -0.486713 -3.806299 6.036404 -6.888420 82.440971 4.121023 -6.349615 65.937861 1.115592 -3.782567 32.854600 -0.000000 0.000002 0.000001 4.570404 11.014690 -2.160814 1.244638 0.076117 -10.790645 -32.097159 -41.849003 -48.693942 0.000011 -81.974175 -0.000023 -1.052524 0.742346 26.301402 2.466093 -1.576189 2.681710 18.241729 -23.305282 -17.628944 53.671616 63.248460 -40.439515 2.647888 -1.528750 1.528754 10.741891 32.760815 -5.296232 1.998929 -1.154073 1.154082 0.000001 -0.000000 -0.000002 9.109306 -0.518016 2.259899 6.090335 6.835969 -83.384725 5.535319 6.749086 -78.694557 1.552537 4.360281 -39.183941 0.000001 0.000001 -0.000001 9.533393 -0.000004 0.000008 6.088415 6.835750 -83.368510 5.537222 6.749461 -78.710772 1.552547 4.360283 -39.183928 -0.000000 0.000003 0.000001 9.104502 -0.042984 -1.865096 6.090336 6.835968 -83.384725 5.535318 6.749091 -78.694550 1.552540 4.360280 -39.183945 -0.000001 -0.000002 0.000002 8.077805 -0.486897 -3.806298 10.148459 7.303610 -83.373981 5.544912 2.664448 -78.811354 1.552531 4.360283 -39.183945 -0.000002 -0.000002 -0.000000 -8.207801 -6.751703 -1.599551 -69.736587 -4.015079 -3.352907 49.900211 -0.481784 -0.104777 36.480802 3.593031 12.996150 -0.000014 0.000003 0.000000 -0.000000 0.000001 0.000000 8.207798 -6.751705 -1.599543 -70.132724 -0.535703 14.333350 92.739912 9.744970 0.545675 -6.150890 3.219349 5.773227 -0.083496 0.000009 -0.000001 0.000000 0.000000 -0.000000 
-0.516523 64.068367 1.353670 -18.218237 -6.708780 -7.729635 0.000001 10.181540 0.131519 5.911846 3.025216 3.766260 10.720749 0.586488 2.402822 10.706152 0.643692 2.447337 -0.000000 16.740360 -2.049017 -4.085091 0.690325 -0.715833 0.000001 9.617866 1.684977 -12.557263 1.524185 3.744502 0.000001 22.037384 7.501073 0.000000 0.000000 0.000000 -4.569999 11.014856 -2.160841 3.349714 13.625703 10.892394 -22.863392 27.056130 21.646179 -0.000422 82.839594 0.000490 -6.499942 4.025220 -30.044943 -2.464786 -1.574002 2.681910 7.564649 7.028707 27.703719 -9.818517 -72.226675 -19.707070 -2.646264 -1.527813 1.527811 -2.645434 -31.790019 -7.915081 -1.994583 -1.151581 1.151563 -0.000000 0.000003 0.000006 -9.108296 -0.517881 2.259803 6.036403 -6.888418 82.440971 4.121022 -6.349619 65.937868 1.115601 -3.782566 32.854576 0.000000 -0.000000 0.000001 -9.532492 -0.000004 0.000002 6.036400 -6.888419 82.440971 4.121019 -6.349615 65.937868 1.115599 -3.782566 32.854573 0.000001 -0.000000 -0.000003 -9.103601 -0.043104 -1.865099 6.036403 -6.888416 82.440964 4.121019 -6.349615 65.937868 1.115599 -3.782567 32.854576 0.000000 0.000002 0.000001 -8.076701 -0.486713 -3.806299 6.036404 -6.888420 82.440971 4.121023 -6.349615 65.937861 1.115592 -3.782567 32.854600 -0.000000 0.000002 0.000001 4.570404 11.014690 -2.160814 1.244638 0.076117 -10.790645 -32.097159 -41.849003 -48.693942 0.000011 -81.974175 -0.000023 -1.052524 0.742346 26.301402 2.466093 -1.576189 2.681710 18.241729 -23.305282 -17.628944 53.671616 63.248460 -40.439515 2.647888 -1.528750 1.528754 10.741891 32.760815 -5.296232 1.998929 -1.154073 1.154082 0.000001 -0.000000 -0.000002 9.109306 -0.518016 2.259899 6.090335 6.835969 -83.384725 5.535319 6.749086 -78.694557 1.552537 4.360281 -39.183941 0.000001 0.000001 -0.000001 9.533393 -0.000004 0.000008 6.088415 6.835750 -83.368510 5.537222 6.749461 -78.710772 1.552547 4.360283 -39.183928 -0.000000 0.000003 0.000001 9.104502 -0.042984 -1.865096 6.090336 6.835968 -83.384725 5.535318 6.749091 -78.694550 1.552540 4.360280 -39.183945 -0.000001 -0.000002 0.000002 8.077805 -0.486897 -3.806298 10.148459 7.303610 -83.373981 5.544912 2.664448 -78.811354 1.552531 4.360283 -39.183945 -0.000002 -0.000002 -0.000000 -8.207801 -6.751703 -1.599551 -69.736587 -4.015079 -3.352907 49.900211 -0.481784 -0.104777 36.480802 3.593031 12.996150 -0.000014 0.000003 0.000000 -0.000000 0.000001 0.000000 8.207798 -6.751705 -1.599543 -70.132724 -0.535703 14.333350 92.739912 9.744970 0.545675 -6.150890 3.219349 5.773227 -0.083496 0.000009 -0.000001 0.000000 0.000000 -0.000000 
-0.516523 64.068367 1.353670 -18.218237 -6.708780 -7.729635 0.000001 10.181540 0.131519 5.911846 3.025216 3.766260 10.720749 0.586488 2.402822 10.706152 0.643692 2.447337 -0.000000 16.740360 -2.049017 -4.085091 0.690325 -0.715833 0.000001 9.617866 1.684977 -12.557263 1.524185 3.744502 0.000001 22.037384 7.501073 0.000000 0.000000 0.000000 -4.569999 11.014856 -2.160841 3.349714 13.625703 10.892394 -22.863392 27.056130 21.646179 -0.000422 82.839594 0.000490 -6.499942 4.025220 -30.044943 -2.464786 -1.574002 2.681910 7.564649 7.028707 27.703719 -9.818517 -72.226675 -19.707070 -2.646264 -1.527813 1.527811 -2.645434 -31.790019 -7.915081 -1.994583 -1.151581 1.151563 -0.000000 0.000003 0.000006 -9.108296 -0.517881 2.259803 6.036403 -6.888418 82.440971 4.121022 -6.349619 65.937868 1.115601 -3.782566 32.854576 0.000000 -0.000000 0.000001 -9.532492 -0.000004 0.000002 6.036400 -6.888419 82.440971 4.121019 -6.349615 65.937868 1.115599 -3.782566 32.854573 0.000001 -0.000000 -0.000003 -9.103601 -0.043104 -1.865099 6.036403 -6.888416 82.440964 4.121019 -6.349615 65.937868 1.115599 -3.782567 32.854576 0.000000 0.000002 0.000001 -8.076701 -0.486713 -3.806299 6.036404 -6.888420 82.440971 4.121023 -6.349615 65.937861 1.115592 -3.782567 32.854600 -0.000000 0.000002 0.000001 4.570404 11.014690 -2.160814 1.244638 0.076117 -10.790645 -32.097159 -41.849003 -48.693942 0.000011 -81.974175 -0.000023 -1.052524 0.742346 26.301402 2.466093 -1.576189 2.681710 18.241729 -23.305282 -17.628944 53.671616 63.248460 -40.439515 2.647888 -1.528750 1.528754 10.741891 32.760815 -5.296232 1.998929 -1.154073 1.154082 0.000001 -0.000000 -0.000002 9.109306 -0.518016 2.259899 6.090335 6.835969 -83.384725 5.535319 6.749086 -78.694557 1.552537 4.360281 -39.183941 0.000001 0.000001 -0.000001 9.533393 -0.000004 0.000008 6.088415 6.835750 -83.368510 5.537222 6.749461 -78.710772 1.552547 4.360283 -39.183928 -0.000000 0.000003 0.000001 9.104502 -0.042984 -1.865096 6.090336 6.835968 -83.384725 5.535318 6.749091 -78.694550 1.552540 4.360280 -39.183945 -0.000001 -0.000002 0.000002 8.077805 -0.486897 -3.806298 10.148459 7.303610 -83.373981 5.544912 2.664448 -78.811354 1.552531 4.360283 -39.183945 -0.000002 -0.000002 -0.000000 -8.207801 -6.751703 -1.599551 -69.736587 -4.015079 -3.352907 49.900211 -0.481784 -0.104777 36.480802 3.593031 12.996150 -0.000014 0.000003 0.000000 -0.000000 0.000001 0.000000 8.207798 -6.751705 -1.599543 -70.132724 -0.535703 14.333350 92.739912 9.744970 0.545675 -6.150890 3.219349 5.773227 -0.083496 0.000009 -0.000001 0.000000 0.000000 -0.000000 
-0.516523 64.068367 1.353670 -18.218237 -6.708780 -7.729635 0.000001 10.181540 0.131519 5.911846 3.025216 3.766260 10.720749 0.586488 2.402822 10.706152 0.643692 2.447337 -0.000000 16.740360 -2.049017 -4.085091 0.690325 -0.715833 0.000001 9.617866 1.684977 -12.557263 1.524185 3.744502 0.000001 22.037384 7.501073 0.000000 0.000000 0.000000 -4.569999 11.014856 -2.160841 3.349714 13.625703 10.892394 -22.863392 27.056130 21.646179 -0.000422 82.839594 0.000490 -6.499942 4.025220 -30.044943 -2.464786 -1.574002 2.681910 7.564649 7.028707 27.703719 -9.818517 -72.226675 -19.707070 -2.646264 -1.527813 1.527811 -2.645434 -31.790019 -7.915081 -1.994583 -1.151581 1.151563 -0.000000 0.000003 0.000006 -9.108296 -0.517881 2.259803 6.036403 -6.888418 82.440971 4.121022 -6.349619 65.937868 1.115601 -3.782566 32.854576 0.000000 -0.000000 0.000001 -9.532492 -0.000004 0.000002 6.036400 -6.888419 82.440971 4.121019 -6.349615 65.937868 1.115599 -3.782566 32.854573 0.000001 -0.000000 -0.000003 -9.103601 -0.043104 -1.865099 6.036403 -6.888416 82.440964 4.121019 -6.349615 65.937868 1.115599 -3.782567 32.854576 0.000000 0.000002 0.000001 -8.076701 -0.486713 -3.806299 6.036404 -6.888420 82.440971 4.121023 -6.349615 65.937861 1.115592 -3.782567 32.854600 -0.000000 0.000002 0.000001 4.570404 11.014690 -2.160814 1.244638 0.076117 -10.790645 -32.097159 -41.849003 -48.693942 0.000011 -81.974175 -0.000023 -1.052524 0.742346 26.301402 2.466093 -1.576189 2.681710 18.241729 -23.305282 -17.628944 53.671616 63.248460 -40.439515 2.647888 -1.528750 1.528754 10.741891 32.760815 -5.296232 1.998929 -1.154073 1.154082 0.000001 -0.000000 -0.000002 9.109306 -0.518016 2.259899 6.090335 6.835969 -83.384725 5.535319 6.749086 -78.694557 1.552537 4.360281 -39.183941 0.000001 0.000001 -0.000001 9.533393 -0.000004 0.000008 6.088415 6.835750 -83.368510 5.537222 6.749461 -78.710772 1.552547 4.360283 -39.183928 -0.000000 0.000003 0.000001 9.104502 -0.042984 -1.865096 6.090336 6.835968 -83.384725 5.535318 6.749091 -78.694550 1.552540 4.360280 -39.183945 -0.000001 -0.000002 0.000002 8.077805 -0.486897 -3.806298 10.148459 7.303610 -83.373981 5.544912 2.664448 -78.811354 1.552531 4.360283 -39.183945 -0.000002 -0.000002 -0.000000 -8.207801 -6.751703 -1.599551 -69.736587 -4.015079 -3.352907 49.900211 -0.481784 -0.104777 36.480802 3.593031 12.996150 -0.000014 0.000003 0.000000 -0.000000 0.000001 0.000000 8.207798 -6.751705 -1.599543 -70.132724 -0.535703 14.333350 92.739912 9.744970 0.545675 -6.150890 3.219349 5.773227 -0.083496 0.000009 -0.000001 0.000000 0.000000 -0.000000 
-0.516523 64.068367 1.353670 -18.218237 -6.708780 -7.729635 0.000001 10.181540 0.131519 5.911846 3.025216 3.766260 10.720749 0.586488 2.402822 10.706152 0.643692 2.447337 -0.000000 16.740360 -2.049017 -4.085091 0.690325 -0.715833 0.000001 9.617866 1.684977 -12.557263 1.524185 3.744502 0.000001 22.037384 7.501073 0.000000 0.000000 0.000000 -4.569999 11.014856 -2.160841 3.349714 13.625703 10.892394 -22.863392 27.056130 21.646179 -0.000422 82.839594 0.000490 -6.499942 4.025220 -30.044943 -2.464786 -1.574002 2.681910 7.564649 7.028707 27.703719 -9.818517 -72.226675 -19.707070 -2.646264 -1.527813 1.527811 -2.645434 -31.790019 -7.915081 -1.994583 -1.151581 1.151563 -0.000000 0.000003 0.000006 -9.108296 -0.517881 2.259803 6.036403 -6.888418 82.440971 4.121022 -6.349619 65.937868 1.115601 -3.782566 32.854576 0.000000 -0.000000 0.000001 -9.532492 -0.000004 0.000002 6.036400 -6.888419 82.440971 4.121019 -6.349615 65.937868 1.115599 -3.782566 32.854573 0.000001 -0.000000 -0.000003 -9.103601 -0.043104 -1.865099 6.036403 -6.888416 82.440964 4.121019 -6.349615 65.937868 1.115599 -3.782567 32.854576 0.000000 0.000002 0.000001 -8.076701 -0.486713 -3.806299 6.036404 -6.888420 82.440971 4.121023 -6.349615 65.937861 1.115592 -3.782567 32.854600 -0.000000 0.000002 0.000001 4.570404 11.014690 -2.160814 1.244638 0.076117 -10.790645 -32.097159 -41.849003 -48.693942 0.000011 -81.974175 -0.000023 -1.052524 0.742346 26.301402 2.466093 -1.576189 2.681710 18.241729 -23.305282 -17.628944 53.671616 63.248460 -40.439515 2.647888 -1.528750 1.528754 10.741891 32.760815 -5.296232 1.998929 -1.154073 1.154082 0.000001 -0.000000 -0.000002 9.109306 -0.518016 2.259899 6.090335 6.835969 -83.384725 5.535319 6.749086 -78.694557 1.552537 4.360281 -39.183941 0.000001 0.000001 -0.000001 9.533393 -0.000004 0.000008 6.088415 6.835750 -83.368510 5.537222 6.749461 -78.710772 1.552547 4.360283 -39.183928 -0.000000 0.000003 0.000001 9.104502 -0.042984 -1.865096 6.090336 6.835968 -83.384725 5.535318 6.749091 -78.694550 1.552540 4.360280 -39.183945 -0.000001 -0.000002 0.000002 8.077805 -0.486897 -3.806298 10.148459 7.303610 -83.373981 5.544912 2.664448 -78.811354 1.552531 4.360283 -39.183945 -0.000002 -0.000002 -0.000000 -8.207801 -6.751703 -1.599551 -69.736587 -4.015079 -3.352907 49.900211 -0.481784 -0.104777 36.480802 3.593031 12.996150 -0.000014 0.000003 0.000000 -0.000000 0.000001 0.000000 8.207798 -6.751705 -1.599543 -70.132724 -0.535703 14.333350 92.739912 9.744970 0.545675 -6.150890 3.219349 5.773227 -0.083496 0.000009 -0.000001 0.000000 0.000000 -0.000000 
-0.516523 64.068367 1.353670 -18.218237 -6.708780 -7.729635 0.000001 10.181540 0.131519 5.911846 3.025216 3.766260 10.720749 0.586488 2.402822 10.706152 0.643692 2.447337 -0.000000 16.740360 -2.049017 -4.085091 0.690325 -0.715833 0.000001 9.617866 1.684977 -12.557263 1.524185 3.744502 0.000001 22.037384 7.501073 0.000000 0.000000 0.000000 -4.569999 11.014856 -2.160841 3.349714 13.625703 10.892394 -22.863392 27.056130 21.646179 -0.000422 82.839594 0.000490 -6.499942 4.025220 -30.044943 -2.464786 -1.574002 2.681910 7.564649 7.028707 27.703719 -9.818517 -72.226675 -19.707070 -2.646264 -1.527813 1.527811 -2.645434 -31.790019 -7.915081 -1.994583 -1.151581 1.151563 -0.000000 0.000003 0.000006 -9.108296 -0.517881 2.259803 6.036403 -6.888418 82.440971 4.121022 -6.349619 65.937868 1.115601 -3.782566 32.854576 0.000000 -0.000000 0.000001 -9.532492 -0.000004 0.000002 6.036400 -6.888419 82.440971 4.121019 -6.349615 65.937868 1.115599 -3.782566 32.854573 0.000001 -0.000000 -0.000003 -9.103601 -0.043104 -1.865099 6.036403 -6.888416 82.440964 4.121019 -6.349615 65.937868 1.115599 -3.782567 32.854576 0.000000 0.000002 0.000001 -8.076701 -0.486713 -3.806299 6.036404 -6.888420 82.440971 4.121023 -6.349615 65.937861 1.115592 -3.782567 32.854600 -0.000000 0.000002 0.000001 4.570404 11.014690 -2.160814 1.244638 0.076117 -10.790645 -32.097159 -41.849003 -48.693942 0.000011 -81.974175 -0.000023 -1.052524 0.742346 26.301402 2.466093 -1.576189 2.681710 18.241729 -23.305282 -17.628944 53.671616 63.248460 -40.439515 2.647888 -1.528750 1.528754 10.741891 32.760815 -5.296232 1.998929 -1.154073 1.154082 0.000001 -0.000000 -0.000002 9.109306 -0.518016 2.259899 6.090335 6.835969 -83.384725 5.535319 6.749086 -78.694557 1.552537 4.360281 -39.183941 0.000001 0.000001 -0.000001 9.533393 -0.000004 0.000008 6.088415 6.835750 -83.368510 5.537222 6.749461 -78.710772 1.552547 4.360283 -39.183928 -0.000000 0.000003 0.000001 9.104502 -0.042984 -1.865096 6.090336 6.835968 -83.384725 5.535318 6.749091 -78.694550 1.552540 4.360280 -39.183945 -0.000001 -0.000002 0.000002 8.077805 -0.486897 -3.806298 10.148459 7.303610 -83.373981 5.544912 2.664448 -78.811354 1.552531 4.360283 -39.183945 -0.000002 -0.000002 -0.000000 -8.207801 -6.751703 -1.599551 -69.736587 -4.015079 -3.352907 49.900211 -0.481784 -0.104777 36.480802 3.593031 12.996150 -0.000014 0.000003 0.000000 -0.000000 0.000001 0.000000 8.207798 -6.751705 -1.599543 -70.132724 -0.535703 14.333350 92.739912 9.744970 0.545675 -6.150890 3.219349 5.773227 -0.083496 0.000009 -0.000001 0.000000 0.000000 -0.000000 
-0.516523 64.068367 1.353670 -18.218237 -6.708780 -7.729635 0.000001 10.181540 0.131519 5.911846 3.025216 3.766260 10.720749 0.586488 2.402822 10.706152 0.643692 2.447337 -0.000000 16.740360 -2.049017 -4.085091 0.690325 -0.715833 0.000001 9.617866 1.684977 -12.557263 1.524185 3.744502 0.000001 22.037384 7.501073 0.000000 0.000000 0.000000 -4.569999 11.014856 -2.160841 3.349714 13.625703 10.892394 -22.863392 27.056130 21.646179 -0.000422 82.839594 0.000490 -6.499942 4.025220 -30.044943 -2.464786 -1.574002 2.681910 7.564649 7.028707 27.703719 -9.818517 -72.226675 -19.707070 -2.646264 -1.527813 1.527811 -2.645434 -31.790019 -7.915081 -1.994583 -1.151581 1.151563 -0.000000 0.000003 0.000006 -9.108296 -0.517881 2.259803 6.036403 -6.888418 82.440971 4.121022 -6.349619 65.937868 1.115601 -3.782566 32.854576 0.000000 -0.000000 0.000001 -9.532492 -0.000004 0.000002 6.036400 -6.888419 82.440971 4.121019 -6.349615 65.937868 1.115599 -3.782566 32.854573 0.000001 -0.000000 -0.000003 -9.103601 -0.043104 -1.865099 6.036403 -6.888416 82.440964 4.121019 -6.349615 65.937868 1.115599 -3.782567 32.854576 0.000000 0.000002 0.000001 -8.076701 -0.486713 -3.806299 6.036404 -6.888420 82.440971 4.121023 -6.349615 65.937861 1.115592 -3.782567 32.854600 -0.000000 0.000002 0.000001 4.570404 11.014690 -2.160814 1.244638 0.076117 -10.790645 -32.097159 -41.849003 -48.693942 0.000011 -81.974175 -0.000023 -1.052524 0.742346 26.301402 2.466093 -1.576189 2.681710 18.241729 -23.305282 -17.628944 53.671616 63.248460 -40.439515 2.647888 -1.528750 1.528754 10.741891 32.760815 -5.296232 1.998929 -1.154073 1.154082 0.000001 -0.000000 -0.000002 9.109306 -0.518016 2.259899 6.090335 6.835969 -83.384725 5.535319 6.749086 -78.694557 1.552537 4.360281 -39.183941 0.000001 0.000001 -0.000001 9.533393 -0.000004 0.000008 6.088415 6.835750 -83.368510 5.537222 6.749461 -78.710772 1.552547 4.360283 -39.183928 -0.000000 0.000003 0.000001 9.104502 -0.042984 -1.865096 6.090336 6.835968 -83.384725 5.535318 6.749091 -78.694550 1.552540 4.360280 -39.183945 -0.000001 -0.000002 0.000002 8.077805 -0.486897 -3.806298 10.148459 7.303610 -83.373981 5.544912 2.664448 -78.811354 1.552531 4.360283 -39.183945 -0.000002 -0.000002 -0.000000 -8.207801 -6.751703 -1.599551 -69.736587 -4.015079 -3.352907 49.900211 -0.481784 -0.104777 36.480802 3.593031 12.996150 -0.000014 0.000003 0.000000 -0.000000 0.000001 0.000000 8.207798 -6.751705 -1.599543 -70.132724 -0.535703 14.333350 92.739912 9.744970 0.545675 -6.150890 3.219349 5.773227 -0.083496 0.000009 -0.000001 0.000000 0.000000 -0.000000 
-0.516523 64.068367 1.353670 -18.218237 -6.708780 -7.729635 0.000001 10.181540 0.131519 5.911846 3.025216 3.766260 10.720749 0.586488 2.402822 10.706152 0.643692 2.447337 -0.000000 16.740360 -2.049017 -4.085091 0.690325 -0.715833 0.000001 9.617866 1.684977 -12.557263 1.524185 3.744502 0.000001 22.037384 7.501073 0.000000 0.000000 0.000000 -4.569999 11.014856 -2.160841 3.349714 13.625703 10.892394 -22.863392 27.056130 21.646179 -0.000422 82.839594 0.000490 -6.499942 4.025220 -30.044943 -2.464786 -1.574002 2.681910 7.564649 7.028707 27.703719 -9.818517 -72.226675 -19.707070 -2.646264 -1.527813 1.527811 -2.645434 -31.790019 -7.915081 -1.994583 -1.151581 1.151563 -0.000000 0.000003 0.000006 -9.108296 -0.517881 2.259803 6.036403 -6.888418 82.440971 4.121022 -6.349619 65.937868 1.115601 -3.782566 32.854576 0.000000 -0.000000 0.000001 -9.532492 -0.000004 0.000002 6.036400 -6.888419 82.440971 4.121019 -6.349615 65.937868 1.115599 -3.782566 32.854573 0.000001 -0.000000 -0.000003 -9.103601 -0.043104 -1.865099 6.036403 -6.888416 82.440964 4.121019 -6.349615 65.937868 1.115599 -3.782567 32.854576 0.000000 0.000002 0.000001 -8.076701 -0.486713 -3.806299 6.036404 -6.888420 82.440971 4.121023 -6.349615 65.937861 1.115592 -3.782567 32.854600 -0.000000 0.000002 0.000001 4.570404 11.014690 -2.160814 1.244638 0.076117 -10.790645 -32.097159 -41.849003 -48.693942 0.000011 -81.974175 -0.000023 -1.052524 0.742346 26.301402 2.466093 -1.576189 2.681710 18.241729 -23.305282 -17.628944 53.671616 63.248460 -40.439515 2.647888 -1.528750 1.528754 10.741891 32.760815 -5.296232 1.998929 -1.154073 1.154082 0.000001 -0.000000 -0.000002 9.109306 -0.518016 2.259899 6.090335 6.835969 -83.384725 5.535319 6.749086 -78.694557 1.552537 4.360281 -39.183941 0.000001 0.000001 -0.000001 9.533393 -0.000004 0.000008 6.088415 6.835750 -83.368510 5.537222 6.749461 -78.710772 1.552547 4.360283 -39.183928 -0.000000 0.000003 0.000001 9.104502 -0.042984 -1.865096 6.090336 6.835968 -83.384725 5.535318 6.749091 -78.694550 1.552540 4.360280 -39.183945 -0.000001 -0.000002 0.000002 8.077805 -0.486897 -3.806298 10.148459 7.303610 -83.373981 5.544912 2.664448 -78.811354 1.552531 4.360283 -39.183945 -0.000002 -0.000002 -0.000000 -8.207801 -6.751703 -1.599551 -69.736587 -4.015079 -3.352907 49.900211 -0.481784 -0.104777 36.480802 3.593031 12.996150 -0.000014 0.000003 0.000000 -0.000000 0.000001 0.000000 8.207798 -6.751705 -1.599543 -70.132724 -0.535703 14.333350 92.739912 9.744970 0.545675 -6.150890 3.219349 5.773227 -0.083496 0.000009 -0.000001 0.000000 0.000000 -0.000000 
-0.516523 64.068367 1.353670 -18.218237 -6.708780 -7.729635 0.000001 10.181540 0.131519 5.911846 3.025216 3.766260 10.720749 0.586488 2.402822 10.706152 0.643692 2.447337 -0.000000 16.740360 -2.049017 -4.085091 0.690325 -0.715833 0.000001 9.617866 1.684977 -12.557263 1.524185 3.744502 0.000001 22.037384 7.501073 0.000000 0.000000 0.000000 -4.569999 11.014856 -2.160841 3.349714 13.625703 10.892394 -22.863392 27.056130 21.646179 -0.000422 82.839594 0.000490 -6.499942 4.025220 -30.044943 -2.464786 -1.574002 2.681910 7.564649 7.028707 27.703719 -9.818517 -72.226675 -19.707070 -2.646264 -1.527813 1.527811 -2.645434 -31.790019 -7.915081 -1.994583 -1.151581 1.151563 -0.000000 0.000003 0.000006 -9.108296 -0.517881 2.259803 6.036403 -6.888418 82.440971 4.121022 -6.349619 65.937868 1.115601 -3.782566 32.854576 0.000000 -0.000000 0.000001 -9.532492 -0.000004 0.000002 6.036400 -6.888419 82.440971 4.121019 -6.349615 65.937868 1.115599 -3.782566 32.854573 0.000001 -0.000000 -0.000003 -9.103601 -0.043104 -1.865099 6.036403 -6.888416 82.440964 4.121019 -6.349615 65.937868 1.115599 -3.782567 32.854576 0.000000 0.000002 0.000001 -8.076701 -0.486713 -3.806299 6.036404 -6.888420 82.440971 4.121023 -6.349615 65.937861 1.115592 -3.782567 32.854600 -0.000000 0.000002 0.000001 4.570404 11.014690 -2.160814 1.244638 0.076117 -10.790645 -32.097159 -41.849003 -48.693942 0.000011 -81.974175 -0.000023 -1.052524 0.742346 26.301402 2.466093 -1.576189 2.681710 18.241729 -23.305282 -17.628944 53.671616 63.248460 -40.439515 2.647888 -1.528750 1.528754 10.741891 32.760815 -5.296232 1.998929 -1.154073 1.154082 0.000001 -0.000000 -0.000002 9.109306 -0.518016 2.259899 6.090335 6.835969 -83.384725 5.535319 6.749086 -78.694557 1.552537 4.360281 -39.183941 0.000001 0.000001 -0.000001 9.533393 -0.000004 0.000008 6.088415 6.835750 -83.368510 5.537222 6.749461 -78.710772 1.552547 4.360283 -39.183928 -0.000000 0.000003 0.000001 9.104502 -0.042984 -1.865096 6.090336 6.835968 -83.384725 5.535318 6.749091 -78.694550 1.552540 4.360280 -39.183945 -0.000001 -0.000002 0.000002 8.077805 -0.486897 -3.806298 10.148459 7.303610 -83.373981 5.544912 2.664448 -78.811354 1.552531 4.360283 -39.183945 -0.000002 -0.000002 -0.000000 -8.207801 -6.751703 -1.599551 -69.736587 -4.015079 -3.352907 49.900211 -0.481784 -0.104777 36.480802 3.593031 12.996150 -0.000014 0.000003 0.000000 -0.000000 0.000001 0.000000 8.207798 -6.751705 -1.599543 -70.132724 -0.535703 14.333350 92.739912 9.744970 0.545675 -6.150890 3.219349 5.773227 -0.083496 0.000009 -0.000001 0.000000 0.000000 -0.000000 
-0.516523 64.068367 1.353670 -18.218237 -6.708780 -7.729635 0.000001 10.181540 0.131519 5.911846 3.025216 3.766260 10.720749 0.586488 2.402822 10.706152 0.643692 2.447337 -0.000000 16.740360 -2.049017 -4.085091 0.690325 -0.715833 0.000001 9.617866 1.684977 -12.557263 1.524185 3.744502 0.000001 22.037384 7.501073 0.000000 0.000000 0.000000 -4.569999 11.014856 -2.160841 3.349714 13.625703 10.892394 -22.863392 27.056130 21.646179 -0.000422 82.839594 0.000490 -6.499942 4.025220 -30.044943 -2.464786 -1.574002 2.681910 7.564649 7.028707 27.703719 -9.818517 -72.226675 -19.707070 -2.646264 -1.527813 1.527811 -2.645434 -31.790019 -7.915081 -1.994583 -1.151581 1.151563 -0.000000 0.000003 0.000006 -9.108296 -0.517881 2.259803 6.036403 -6.888418 82.440971 4.121022 -6.349619 65.937868 1.115601 -3.782566 32.854576 0.000000 -0.000000 0.000001 -9.532492 -0.000004 0.000002 6.036400 -6.888419 82.440971 4.121019 -6.349615 65.937868 1.115599 -3.782566 32.854573 0.000001 -0.000000 -0.000003 -9.103601 -0.043104 -1.865099 6.036403 -6.888416 82.440964 4.121019 -6.349615 65.937868 1.115599 -3.782567 32.854576 0.000000 0.000002 0.000001 -8.076701 -0.486713 -3.806299 6.036404 -6.888420 82.440971 4.121023 -6.349615 65.937861 1.115592 -3.782567 32.854600 -0.000000 0.000002 0.000001 4.570404 11.014690 -2.160814 1.244638 0.076117 -10.790645 -32.097159 -41.849003 -48.693942 0.000011 -81.974175 -0.000023 -1.052524 0.742346 26.301402 2.466093 -1.576189 2.681710 18.241729 -23.305282 -17.628944 53.671616 63.248460 -40.439515 2.647888 -1.528750 1.528754 10.741891 32.760815 -5.296232 1.998929 -1.154073 1.154082 0.000001 -0.000000 -0.000002 9.109306 -0.518016 2.259899 6.090335 6.835969 -83.384725 5.535319 6.749086 -78.694557 1.552537 4.360281 -39.183941 0.000001 0.000001 -0.000001 9.533393 -0.000004 0.000008 6.088415 6.835750 -83.368510 5.537222 6.749461 -78.710772 1.552547 4.360283 -39.183928 -0.000000 0.000003 0.000001 9.104502 -0.042984 -1.865096 6.090336 6.835968 -83.384725 5.535318 6.749091 -78.694550 1.552540 4.360280 -39.183945 -0.000001 -0.000002 0.000002 8.077805 -0.486897 -3.806298 10.148459 7.303610 -83.373981 5.544912 2.664448 -78.811354 1.552531 4.360283 -39.183945 -0.000002 -0.000002 -0.000000 -8.207801 -6.751703 -1.599551 -69.736587 -4.015079 -3.352907 49.900211 -0.481784 -0.104777 36.480802 3.593031 12.996150 -0.000014 0.000003 0.000000 -0.000000 0.000001 0.000000 8.207798 -6.751705 -1.599543 -70.132724 -0.535703 14.333350 92.739912 9.744970 0.545675 -6.150890 3.219349 5.773227 -0.083496 0.000009 -0.000001 0.000000 0.000000 -0.000000 
-0.516523 64.068367 1.353670 -18.218237 -6.708780 -7.729635 0.000001 10.181540 0.131519 5.911846 3.025216 3.766260 10.720749 0.586488 2.402822 10.706152 0.643692 2.447337 -0.000000 16.740360 -2.049017 -4.085091 0.690325 -0.715833 0.000001 9.617866 1.684977 -12.557263 1.524185 3.744502 0.000001 22.037384 7.501073 0.000000 0.000000 0.000000 -4.569999 11.014856 -2.160841 3.349714 13.625703 10.892394 -22.863392 27.056130 21.646179 -0.000422 82.839594 0.000490 -6.499942 4.025220 -30.044943 -2.464786 -1.574002 2.681910 7.564649 7.028707 27.703719 -9.818517 -72.226675 -19.707070 -2.646264 -1.527813 1.527811 -2.645434 -31.790019 -7.915081 -1.994583 -1.151581 1.151563 -0.000000 0.000003 0.000006 -9.108296 -0.517881 2.259803 6.036403 -6.888418 82.440971 4.121022 -6.349619 65.937868 1.115601 -3.782566 32.854576 0.000000 -0.000000 0.000001 -9.532492 -0.000004 0.000002 6.036400 -6.888419 82.440971 4.121019 -6.349615 65.937868 1.115599 -3.782566 32.854573 0.000001 -0.000000 -0.000003 -9.103601 -0.043104 -1.865099 6.036403 -6.888416 82.440964 4.121019 -6.349615 65.937868 1.115599 -3.782567 32.854576 0.000000 0.000002 0.000001 -8.076701 -0.486713 -3.806299 6.036404 -6.888420 82.440971 4.121023 -6.349615 65.937861 1.115592 -3.782567 32.854600 -0.000000 0.000002 0.000001 4.570404 11.014690 -2.160814 1.244638 0.076117 -10.790645 -32.097159 -41.849003 -48.693942 0.000011 -81.974175 -0.000023 -1.052524 0.742346 26.301402 2.466093 -1.576189 2.681710 18.241729 -23.305282 -17.628944 53.671616 63.248460 -40.439515 2.647888 -1.528750 1.528754 10.741891 32.760815 -5.296232 1.998929 -1.154073 1.154082 0.000001 -0.000000 -0.000002 9.109306 -0.518016 2.259899 6.090335 6.835969 -83.384725 5.535319 6.749086 -78.694557 1.552537 4.360281 -39.183941 0.000001 0.000001 -0.000001 9.533393 -0.000004 0.000008 6.088415 6.835750 -83.368510 5.537222 6.749461 -78.710772 1.552547 4.360283 -39.183928 -0.000000 0.000003 0.000001 9.104502 -0.042984 -1.865096 6.090336 6.835968 -83.384725 5.535318 6.749091 -78.694550 1.552540 4.360280 -39.183945 -0.000001 -0.000002 0.000002 8.077805 -0.486897 -3.806298 10.148459 7.303610 -83.373981 5.544912 2.664448 -78.811354 1.552531 4.360283 -39.183945 -0.000002 -0.000002 -0.000000 -8.207801 -6.751703 -1.599551 -69.736587 -4.015079 -3.352907 49.900211 -0.481784 -0.104777 36.480802 3.593031 12.996150 -0.000014 0.000003 0.000000 -0.000000 0.000001 0.000000 8.207798 -6.751705 -1.599543 -70.132724 -0.535703 14.333350 92.739912 9.744970 0.545675 -6.150890 3.219349 5.773227 -0.083496 0.000009 -0.000001 0.000000 0.000000 -0.000000 
-0.516523 64.068367 1.353670 -18.218237 -6.708780 -7.729635 0.000001 10.181540 0.131519 5.911846 3.025216 3.766260 10.720749 0.586488 2.402822 10.706152 0.643692 2.447337 -0.000000 16.740360 -2.049017 -4.085091 0.690325 -0.715833 0.000001 9.617866 1.684977 -12.557263 1.524185 3.744502 0.000001 22.037384 7.501073 0.000000 0.000000 0.000000 -4.569999 11.014856 -2.160841 3.349714 13.625703 10.892394 -22.863392 27.056130 21.646179 -0.000422 82.839594 0.000490 -6.499942 4.025220 -30.044943 -2.464786 -1.574002 2.681910 7.564649 7.028707 27.703719 -9.818517 -72.226675 -19.707070 -2.646264 -1.527813 1.527811 -2.645434 -31.790019 -7.915081 -1.994583 -1.151581 1.151563 -0.000000 0.000003 0.000006 -9.108296 -0.517881 2.259803 6.036403 -6.888418 82.440971 4.121022 -6.349619 65.937868 1.115601 -3.782566 32.854576 0.000000 -0.000000 0.000001 -9.532492 -0.000004 0.000002 6.036400 -6.888419 82.440971 4.121019 -6.349615 65.937868 1.115599 -3.782566 32.854573 0.000001 -0.000000 -0.000003 -9.103601 -0.043104 -1.865099 6.036403 -6.888416 82.440964 4.121019 -6.349615 65.937868 1.115599 -3.782567 32.854576 0.000000 0.000002 0.000001 -8.076701 -0.486713 -3.806299 6.036404 -6.888420 82.440971 4.121023 -6.349615 65.937861 1.115592 -3.782567 32.854600 -0.000000 0.000002 0.000001 4.570404 11.014690 -2.160814 1.244638 0.076117 -10.790645 -32.097159 -41.849003 -48.693942 0.000011 -81.974175 -0.000023 -1.052524 0.742346 26.301402 2.466093 -1.576189 2.681710 18.241729 -23.305282 -17.628944 53.671616 63.248460 -40.439515 2.647888 -1.528750 1.528754 10.741891 32.760815 -5.296232 1.998929 -1.154073 1.154082 0.000001 -0.000000 -0.000002 9.109306 -0.518016 2.259899 6.090335 6.835969 -83.384725 5.535319 6.749086 -78.694557 1.552537 4.360281 -39.183941 0.000001 0.000001 -0.000001 9.533393 -0.000004 0.000008 6.088415 6.835750 -83.368510 5.537222 6.749461 -78.710772 1.552547 4.360283 -39.183928 -0.000000 0.000003 0.000001 9.104502 -0.042984 -1.865096 6.090336 6.835968 -83.384725 5.535318 6.749091 -78.694550 1.552540 4.360280 -39.183945 -0.000001 -0.000002 0.000002 8.077805 -0.486897 -3.806298 10.148459 7.303610 -83.373981 5.544912 2.664448 -78.811354 1.552531 4.360283 -39.183945 -0.000002 -0.000002 -0.000000 -8.207801 -6.751703 -1.599551 -69.736587 -4.015079 -3.352907 49.900211 -0.481784 -0.104777 36.480802 3.593031 12.996150 -0.000014 0.000003 0.000000 -0.000000 0.000001 0.000000 8.207798 -6.751705 -1.599543 -70.132724 -0.535703 14.333350 92.739912 9.744970 0.545675 -6.150890 3.219349 5.773227 -0.083496 0.000009 -0.000001 0.000000 0.000000 -0.000000 
-0.516523 64.068367 1.353670 -18.218237 -6.708780 -7.729635 0.000001 10.181540 0.131519 5.911846 3.025216 3.766260 10.720749 0.586488 2.402822 10.706152 0.643692 2.447337 -0.000000 16.740360 -2.049017 -4.085091 0.690325 -0.715833 0.000001 9.617866 1.684977 -12.557263 1.524185 3.744502 0.000001 22.037384 7.501073 0.000000 0.000000 0.000000 -4.569999 11.014856 -2.160841 3.349714 13.625703 10.892394 -22.863392 27.056130 21.646179 -0.000422 82.839594 0.000490 -6.499942 4.025220 -30.044943 -2.464786 -1.574002 2.681910 7.564649 7.028707 27.703719 -9.818517 -72.226675 -19.707070 -2.646264 -1.527813 1.527811 -2.645434 -31.790019 -7.915081 -1.994583 -1.151581 1.151563 -0.000000 0.000003 0.000006 -9.108296 -0.517881 2.259803 6.036403 -6.888418 82.440971 4.121022 -6.349619 65.937868 1.115601 -3.782566 32.854576 0.000000 -0.000000 0.000001 -9.532492 -0.000004 0.000002 6.036400 -6.888419 82.440971 4.121019 -6.349615 65.937868 1.115599 -3.782566 32.854573 0.000001 -0.000000 -0.000003 -9.103601 -0.043104 -1.865099 6.036403 -6.888416 82.440964 4.121019 -6.349615 65.937868 1.115599 -3.782567 32.854576 0.000000 0.000002 0.000001 -8.076701 -0.486713 -3.806299 6.036404 -6.888420 82.440971 4.121023 -6.349615 65.937861 1.115592 -3.782567 32.854600 -0.000000 0.000002 0.000001 4.570404 11.014690 -2.160814 1.244638 0.076117 -10.790645 -32.097159 -41.849003 -48.693942 0.000011 -81.974175 -0.000023 -1.052524 0.742346 26.301402 2.466093 -1.576189 2.681710 18.241729 -23.305282 -17.628944 53.671616 63.248460 -40.439515 2.647888 -1.528750 1.528754 10.741891 32.760815 -5.296232 1.998929 -1.154073 1.154082 0.000001 -0.000000 -0.000002 9.109306 -0.518016 2.259899 6.090335 6.835969 -83.384725 5.535319 6.749086 -78.694557 1.552537 4.360281 -39.183941 0.000001 0.000001 -0.000001 9.533393 -0.000004 0.000008 6.088415 6.835750 -83.368510 5.537222 6.749461 -78.710772 1.552547 4.360283 -39.183928 -0.000000 0.000003 0.000001 9.104502 -0.042984 -1.865096 6.090336 6.835968 -83.384725 5.535318 6.749091 -78.694550 1.552540 4.360280 -39.183945 -0.000001 -0.000002 0.000002 8.077805 -0.486897 -3.806298 10.148459 7.303610 -83.373981 5.544912 2.664448 -78.811354 1.552531 4.360283 -39.183945 -0.000002 -0.000002 -0.000000 -8.207801 -6.751703 -1.599551 -69.736587 -4.015079 -3.352907 49.900211 -0.481784 -0.104777 36.480802 3.593031 12.996150 -0.000014 0.000003 0.000000 -0.000000 0.000001 0.000000 8.207798 -6.751705 -1.599543 -70.132724 -0.535703 14.333350 92.739912 9.744970 0.545675 -6.150890 3.219349 5.773227 -0.083496 0.000009 -0.000001 0.000000 0.000000 -0.000000 
-0.516523 64.068367 1.353670 -18.218237 -6.708780 -7.729635 0.000001 10.181540 0.131519 5.911846 3.025216 3.766260 10.720749 0.586488 2.402822 10.706152 0.643692 2.447337 -0.000000 16.740360 -2.049017 -4.085091 0.690325 -0.715833 0.000001 9.617866 1.684977 -12.557263 1.524185 3.744502 0.000001 22.037384 7.501073 0.000000 0.000000 0.000000 -4.569999 11.014856 -2.160841 3.349714 13.625703 10.892394 -22.863392 27.056130 21.646179 -0.000422 82.839594 0.000490 -6.499942 4.025220 -30.044943 -2.464786 -1.574002 2.681910 7.564649 7.028707 27.703719 -9.818517 -72.226675 -19.707070 -2.646264 -1.527813 1.527811 -2.645434 -31.790019 -7.915081 -1.994583 -1.151581 1.151563 -0.000000 0.000003 0.000006 -9.108296 -0.517881 2.259803 6.036403 -6.888418 82.440971 4.121022 -6.349619 65.937868 1.115601 -3.782566 32.854576 0.000000 -0.000000 0.000001 -9.532492 -0.000004 0.000002 6.036400 -6.888419 82.440971 4.121019 -6.349615 65.937868 1.115599 -3.782566 32.854573 0.000001 -0.000000 -0.000003 -9.103601 -0.043104 -1.865099 6.036403 -6.888416 82.440964 4.121019 -6.349615 65.937868 1.115599 -3.782567 32.854576 0.000000 0.000002 0.000001 -8.076701 -0.486713 -3.806299 6.036404 -6.888420 82.440971 4.121023 -6.349615 65.937861 1.115592 -3.782567 32.854600 -0.000000 0.000002 0.000001 4.570404 11.014690 -2.160814 1.244638 0.076117 -10.790645 -32.097159 -41.849003 -48.693942 0.000011 -81.974175 -0.000023 -1.052524 0.742346 26.301402 2.466093 -1.576189 2.681710 18.241729 -23.305282 -17.628944 53.671616 63.248460 -40.439515 2.647888 -1.528750 1.528754 10.741891 32.760815 -5.296232 1.998929 -1.154073 1.154082 0.000001 -0.000000 -0.000002 9.109306 -0.518016 2.259899 6.090335 6.835969 -83.384725 5.535319 6.749086 -78.694557 1.552537 4.360281 -39.183941 0.000001 0.000001 -0.000001 9.533393 -0.000004 0.000008 6.088415 6.835750 -83.368510 5.537222 6.749461 -78.710772 1.552547 4.360283 -39.183928 -0.000000 0.000003 0.000001 9.104502 -0.042984 -1.865096 6.090336 6.835968 -83.384725 5.535318 6.749091 -78.694550 1.552540 4.360280 -39.183945 -0.000001 -0.000002 0.000002 8.077805 -0.486897 -3.806298 10.148459 7.303610 -83.373981 5.544912 2.664448 -78.811354 1.552531 4.360283 -39.183945 -0.000002 -0.000002 -0.000000 -8.207801 -6.751703 -1.599551 -69.736587 -4.015079 -3.352907 49.900211 -0.481784 -0.104777 36.480802 3.593031 12.996150 -0.000014 0.000003 0.000000 -0.000000 0.000001 0.000000 8.207798 -6.751705 -1.599543 -70.132724 -0.535703 14.333350 92.739912 9.744970 0.545675 -6.150890 3.219349 5.773227 -0.083496 0.000009 -0.000001 0.000000 0.000000 -0.000000 
-0.516523 64.068367 1.353670 -18.218237 -6.708780 -7.729635 0.000001 10.181540 0.131519 5.911846 3.025216 3.766260 10.720749 0.586488 2.402822 10.706152 0.643692 2.447337 -0.000000 16.740360 -2.049017 -4.085091 0.690325 -0.715833 0.000001 9.617866 1.684977 -12.557263 1.524185 3.744502 0.000001 22.037384 7.501073 0.000000 0.000000 0.000000 -4.569999 11.014856 -2.160841 3.349714 13.625703 10.892394 -22.863392 27.056130 21.646179 -0.000422 82.839594 0.000490 -6.499942 4.025220 -30.044943 -2.464786 -1.574002 2.681910 7.564649 7.028707 27.703719 -9.818517 -72.226675 -19.707070 -2.646264 -1.527813 1.527811 -2.645434 -31.790019 -7.915081 -1.994583 -1.151581 1.151563 -0.000000 0.000003 0.000006 -9.108296 -0.517881 2.259803 6.036403 -6.888418 82.440971 4.121022 -6.349619 65.937868 1.115601 -3.782566 32.854576 0.000000 -0.000000 0.000001 -9.532492 -0.000004 0.000002 6.036400 -6.888419 82.440971 4.121019 -6.349615 65.937868 1.115599 -3.782566 32.854573 0.000001 -0.000000 -0.000003 -9.103601 -0.043104 -1.865099 6.036403 -6.888416 82.440964 4.121019 -6.349615 65.937868 1.115599 -3.782567 32.854576 0.000000 0.000002 0.000001 -8.076701 -0.486713 -3.806299 6.036404 -6.888420 82.440971 4.121023 -6.349615 65.937861 1.115592 -3.782567 32.854600 -0.000000 0.000002 0.000001 4.570404 11.014690 -2.160814 1.244638 0.076117 -10.790645 -32.097159 -41.849003 -48.693942 0.000011 -81.974175 -0.000023 -1.052524 0.742346 26.301402 2.466093 -1.576189 2.681710 18.241729 -23.305282 -17.628944 53.671616 63.248460 -40.439515 2.647888 -1.528750 1.528754 10.741891 32.760815 -5.296232 1.998929 -1.154073 1.154082 0.000001 -0.000000 -0.000002 9.109306 -0.518016 2.259899 6.090335 6.835969 -83.384725 5.535319 6.749086 -78.694557 1.552537 4.360281 -39.183941 0.000001 0.000001 -0.000001 9.533393 -0.000004 0.000008 6.088415 6.835750 -83.368510 5.537222 6.749461 -78.710772 1.552547 4.360283 -39.183928 -0.000000 0.000003 0.000001 9.104502 -0.042984 -1.865096 6.090336 6.835968 -83.384725 5.535318 6.749091 -78.694550 1.552540 4.360280 -39.183945 -0.000001 -0.000002 0.000002 8.077805 -0.486897 -3.806298 10.148459 7.303610 -83.373981 5.544912 2.664448 -78.811354 1.552531 4.360283 -39.183945 -0.000002 -0.000002 -0.000000 -8.207801 -6.751703 -1.599551 -69.736587 -4.015079 -3.352907 49.900211 -0.481784 -0.104777 36.480802 3.593031 12.996150 -0.000014 0.000003 0.000000 -0.000000 0.000001 0.000000 8.207798 -6.751705 -1.599543 -70.132724 -0.535703 14.333350 92.739912 9.744970 0.545675 -6.150890 3.219349 5.773227 -0.083496 0.000009 -0.000001 0.000000 0.000000 -0.000000 
-0.516523 64.068367 1.353670 -18.218237 -6.708780 -7.729635 0.000001 10.181540 0.131519 5.911846 3.025216 3.766260 10.720749 0.586488 2.402822 10.706152 0.643692 2.447337 -0.000000 16.740360 -2.049017 -4.085091 0.690325 -0.715833 0.000001 9.617866 1.684977 -12.557263 1.524185 3.744502 0.000001 22.037384 7.501073 0.000000 0.000000 0.000000 -4.569999 11.014856 -2.160841 3.349714 13.625703 10.892394 -22.863392 27.056130 21.646179 -0.000422 82.839594 0.000490 -6.499942 4.025220 -30.044943 -2.464786 -1.574002 2.681910 7.564649 7.028707 27.703719 -9.818517 -72.226675 -19.707070 -2.646264 -1.527813 1.527811 -2.645434 -31.790019 -7.915081 -1.994583 -1.151581 1.151563 -0.000000 0.000003 0.000006 -9.108296 -0.517881 2.259803 6.036403 -6.888418 82.440971 4.121022 -6.349619 65.937868 1.115601 -3.782566 32.854576 0.000000 -0.000000 0.000001 -9.532492 -0.000004 0.000002 6.036400 -6.888419 82.440971 4.121019 -6.349615 65.937868 1.115599 -3.782566 32.854573 0.000001 -0.000000 -0.000003 -9.103601 -0.043104 -1.865099 6.036403 -6.888416 82.440964 4.121019 -6.349615 65.937868 1.115599 -3.782567 32.854576 0.000000 0.000002 0.000001 -8.076701 -0.486713 -3.806299 6.036404 -6.888420 82.440971 4.121023 -6.349615 65.937861 1.115592 -3.782567 32.854600 -0.000000 0.000002 0.000001 4.570404 11.014690 -2.160814 1.244638 0.076117 -10.790645 -32.097159 -41.849003 -48.693942 0.000011 -81.974175 -0.000023 -1.052524 0.742346 26.301402 2.466093 -1.576189 2.681710 18.241729 -23.305282 -17.628944 53.671616 63.248460 -40.439515 2.647888 -1.528750 1.528754 10.741891 32.760815 -5.296232 1.998929 -1.154073 1.154082 0.000001 -0.000000 -0.000002 9.109306 -0.518016 2.259899 6.090335 6.835969 -83.384725 5.535319 6.749086 -78.694557 1.552537 4.360281 -39.183941 0.000001 0.000001 -0.000001 9.533393 -0.000004 0.000008 6.088415 6.835750 -83.368510 5.537222 6.749461 -78.710772 1.552547 4.360283 -39.183928 -0.000000 0.000003 0.000001 9.104502 -0.042984 -1.865096 6.090336 6.835968 -83.384725 5.535318 6.749091 -78.694550 1.552540 4.360280 -39.183945 -0.000001 -0.000002 0.000002 8.077805 -0.486897 -3.806298 10.148459 7.303610 -83.373981 5.544912 2.664448 -78.811354 1.552531 4.360283 -39.183945 -0.000002 -0.000002 -0.000000 -8.207801 -6.751703 -1.599551 -69.736587 -4.015079 -3.352907 49.900211 -0.481784 -0.104777 36.480802 3.593031 12.996150 -0.000014 0.000003 0.000000 -0.000000 0.000001 0.000000 8.207798 -6.751705 -1.599543 -70.132724 -0.535703 14.333350 92.739912 9.744970 0.545675 -6.150890 3.219349 5.773227 -0.083496 0.000009 -0.000001 0.000000 0.000000 -0.000000 
-0.516523 64.068367 1.353670 -18.218237 -6.708780 -7.729635 0.000001 10.181540 0.131519 5.911846 3.025216 3.766260 10.720749 0.586488 2.402822 10.706152 0.643692 2.447337 -0.000000 16.740360 -2.049017 -4.085091 0.690325 -0.715833 0.000001 9.617866 1.684977 -12.557263 1.524185 3.744502 0.000001 22.037384 7.501073 0.000000 0.000000 0.000000 -4.569999 11.014856 -2.160841 3.349714 13.625703 10.892394 -22.863392 27.056130 21.646179 -0.000422 82.839594 0.000490 -6.499942 4.025220 -30.044943 -2.464786 -1.574002 2.681910 7.564649 7.028707 27.703719 -9.818517 -72.226675 -19.707070 -2.646264 -1.527813 1.527811 -2.645434 -31.790019 -7.915081 -1.994583 -1.151581 1.151563 -0.000000 0.000003 0.000006 -9.108296 -0.517881 2.259803 6.036403 -6.888418 82.440971 4.121022 -6.349619 65.937868 1.115601 -3.782566 32.854576 0.000000 -0.000000 0.000001 -9.532492 -0.000004 0.000002 6.036400 -6.888419 82.440971 4.121019 -6.349615 65.937868 1.115599 -3.782566 32.854573 0.000001 -0.000000 -0.000003 -9.103601 -0.043104 -1.865099 6.036403 -6.888416 82.440964 4.121019 -6.349615 65.937868 1.115599 -3.782567 32.854576 0.000000 0.000002 0.000001 -8.076701 -0.486713 -3.806299 6.036404 -6.888420 82.440971 4.121023 -6.349615 65.937861 1.115592 -3.782567 32.854600 -0.000000 0.000002 0.000001 4.570404 11.014690 -2.160814 1.244638 0.076117 -10.790645 -32.097159 -41.849003 -48.693942 0.000011 -81.974175 -0.000023 -1.052524 0.742346 26.301402 2.466093 -1.576189 2.681710 18.241729 -23.305282 -17.628944 53.671616 63.248460 -40.439515 2.647888 -1.528750 1.528754 10.741891 32.760815 -5.296232 1.998929 -1.154073 1.154082 0.000001 -0.000000 -0.000002 9.109306 -0.518016 2.259899 6.090335 6.835969 -83.384725 5.535319 6.749086 -78.694557 1.552537 4.360281 -39.183941 0.000001 0.000001 -0.000001 9.533393 -0.000004 0.000008 6.088415 6.835750 -83.368510 5.537222 6.749461 -78.710772 1.552547 4.360283 -39.183928 -0.000000 0.000003 0.000001 9.104502 -0.042984 -1.865096 6.090336 6.835968 -83.384725 5.535318 6.749091 -78.694550 1.552540 4.360280 -39.183945 -0.000001 -0.000002 0.000002 8.077805 -0.486897 -3.806298 10.148459 7.303610 -83.373981 5.544912 2.664448 -78.811354 1.552531 4.360283 -39.183945 -0.000002 -0.000002 -0.000000 -8.207801 -6.751703 -1.599551 -69.736587 -4.015079 -3.352907 49.900211 -0.481784 -0.104777 36.480802 3.593031 12.996150 -0.000014 0.000003 0.000000 -0.000000 0.000001 0.000000 8.207798 -6.751705 -1.599543 -70.132724 -0.535703 14.333350 92.739912 9.744970 0.545675 -6.150890 3.219349 5.773227 -0.083496 0.000009 -0.000001 0.000000 0.000000 -0.000000 
-0.516523 64.068367 1.353670 -18.218237 -6.708780 -7.729635 0.000001 10.181540 0.131519 5.911846 3.025216 3.766260 10.720749 0.586488 2.402822 10.706152 0.643692 2.447337 -0.000000 16.740360 -2.049017 -4.085091 0.690325 -0.715833 0.000001 9.617866 1.684977 -12.557263 1.524185 3.744502 0.000001 22.037384 7.501073 0.000000 0.000000 0.000000 -4.569999 11.014856 -2.160841 3.349714 13.625703 10.892394 -22.863392 27.056130 21.646179 -0.000422 82.839594 0.000490 -6.499942 4.025220 -30.044943 -2.464786 -1.574002 2.681910 7.564649 7.028707 27.703719 -9.818517 -72.226675 -19.707070 -2.646264 -1.527813 1.527811 -2.645434 -31.790019 -7.915081 -1.994583 -1.151581 1.151563 -0.000000 0.000003 0.000006 -9.108296 -0.517881 2.259803 6.036403 -6.888418 82.440971 4.121022 -6.349619 65.937868 1.115601 -3.782566 32.854576 0.000000 -0.000000 0.000001 -9.532492 -0.000004 0.000002 6.036400 -6.888419 82.440971 4.121019 -6.349615 65.937868 1.115599 -3.782566 32.854573 0.000001 -0.000000 -0.000003 -9.103601 -0.043104 -1.865099 6.036403 -6.888416 82.440964 4.121019 -6.349615 65.937868 1.115599 -3.782567 32.854576 0.000000 0.000002 0.000001 -8.076701 -0.486713 -3.806299 6.036404 -6.888420 82.440971 4.121023 -6.349615 65.937861 1.115592 -3.782567 32.854600 -0.000000 0.000002 0.000001 4.570404 11.014690 -2.160814 1.244638 0.076117 -10.790645 -32.097159 -41.849003 -48.693942 0.000011 -81.974175 -0.000023 -1.052524 0.742346 26.301402 2.466093 -1.576189 2.681710 18.241729 -23.305282 -17.628944 53.671616 63.248460 -40.439515 2.647888 -1.528750 1.528754 10.741891 32.760815 -5.296232 1.998929 -1.154073 1.154082 0.000001 -0.000000 -0.000002 9.109306 -0.518016 2.259899 6.090335 6.835969 -83.384725 5.535319 6.749086 -78.694557 1.552537 4.360281 -39.183941 0.000001 0.000001 -0.000001 9.533393 -0.000004 0.000008 6.088415 6.835750 -83.368510 5.537222 6.749461 -78.710772 1.552547 4.360283 -39.183928 -0.000000 0.000003 0.000001 9.104502 -0.042984 -1.865096 6.090336 6.835968 -83.384725 5.535318 6.749091 -78.694550 1.552540 4.360280 -39.183945 -0.000001 -0.000002 0.000002 8.077805 -0.486897 -3.806298 10.148459 7.303610 -83.373981 5.544912 2.664448 -78.811354 1.552531 4.360283 -39.183945 -0.000002 -0.000002 -0.000000 -8.207801 -6.751703 -1.599551 -69.736587 -4.015079 -3.352907 49.900211 -0.481784 -0.104777 36.480802 3.593031 12.996150 -0.000014 0.000003 0.000000 -0.000000 0.000001 0.000000 8.207798 -6.751705 -1.599543 -70.132724 -0.535703 14.333350 92.739912 9.744970 0.545675 -6.150890 3.219349 5.773227 -0.083496 0.000009 -0.000001 0.000000 0.000000 -0.000000 
-0.516523 64.068367 1.353670 -18.218237 -6.708780 -7.729635 0.000001 10.181540 0.131519 5.911846 3.025216 3.766260 10.720749 0.586488 2.402822 10.706152 0.643692 2.447337 -0.000000 16.740360 -2.049017 -4.085091 0.690325 -0.715833 0.000001 9.617866 1.684977 -12.557263 1.524185 3.744502 0.000001 22.037384 7.501073 0.000000 0.000000 0.000000 -4.569999 11.014856 -2.160841 3.349714 13.625703 10.892394 -22.863392 27.056130 21.646179 -0.000422 82.839594 0.000490 -6.499942 4.025220 -30.044943 -2.464786 -1.574002 2.681910 7.564649 7.028707 27.703719 -9.818517 -72.226675 -19.707070 -2.646264 -1.527813 1.527811 -2.645434 -31.790019 -7.915081 -1.994583 -1.151581 1.151563 -0.000000 0.000003 0.000006 -9.108296 -0.517881 2.259803 6.036403 -6.888418 82.440971 4.121022 -6.349619 65.937868 1.115601 -3.782566 32.854576 0.000000 -0.000000 0.000001 -9.532492 -0.000004 0.000002 6.036400 -6.888419 82.440971 4.121019 -6.349615 65.937868 1.115599 -3.782566 32.854573 0.000001 -0.000000 -0.000003 -9.103601 -0.043104 -1.865099 6.036403 -6.888416 82.440964 4.121019 -6.349615 65.937868 1.115599 -3.782567 32.854576 0.000000 0.000002 0.000001 -8.076701 -0.486713 -3.806299 6.036404 -6.888420 82.440971 4.121023 -6.349615 65.937861 1.115592 -3.782567 32.854600 -0.000000 0.000002 0.000001 4.570404 11.014690 -2.160814 1.244638 0.076117 -10.790645 -32.097159 -41.849003 -48.693942 0.000011 -81.974175 -0.000023 -1.052524 0.742346 26.301402 2.466093 -1.576189 2.681710 18.241729 -23.305282 -17.628944 53.671616 63.248460 -40.439515 2.647888 -1.528750 1.528754 10.741891 32.760815 -5.296232 1.998929 -1.154073 1.154082 0.000001 -0.000000 -0.000002 9.109306 -0.518016 2.259899 6.090335 6.835969 -83.384725 5.535319 6.749086 -78.694557 1.552537 4.360281 -39.183941 0.000001 0.000001 -0.000001 9.533393 -0.000004 0.000008 6.088415 6.835750 -83.368510 5.537222 6.749461 -78.710772 1.552547 4.360283 -39.183928 -0.000000 0.000003 0.000001 9.104502 -0.042984 -1.865096 6.090336 6.835968 -83.384725 5.535318 6.749091 -78.694550 1.552540 4.360280 -39.183945 -0.000001 -0.000002 0.000002 8.077805 -0.486897 -3.806298 10.148459 7.303610 -83.373981 5.544912 2.664448 -78.811354 1.552531 4.360283 -39.183945 -0.000002 -0.000002 -0.000000 -8.207801 -6.751703 -1.599551 -69.736587 -4.015079 -3.352907 49.900211 -0.481784 -0.104777 36.480802 3.593031 12.996150 -0.000014 0.000003 0.000000 -0.000000 0.000001 0.000000 8.207798 -6.751705 -1.599543 -70.132724 -0.535703 14.333350 92.739912 9.744970 0.545675 -6.150890 3.219349 5.773227 -0.083496 0.000009 -0.000001 0.000000 0.000000 -0.000000 
-0.516523 64.068367 1.353670 -18.218237 -6.708780 -7.729635 0.000001 10.181540 0.131519 5.911846 3.025216 3.766260 10.720749 0.586488 2.402822 10.706152 0.643692 2.447337 -0.000000 16.740360 -2.049017 -4.085091 0.690325 -0.715833 0.000001 9.617866 1.684977 -12.557263 1.524185 3.744502 0.000001 22.037384 7.501073 0.000000 0.000000 0.000000 -4.569999 11.014856 -2.160841 3.349714 13.625703 10.892394 -22.863392 27.056130 21.646179 -0.000422 82.839594 0.000490 -6.499942 4.025220 -30.044943 -2.464786 -1.574002 2.681910 7.564649 7.028707 27.703719 -9.818517 -72.226675 -19.707070 -2.646264 -1.527813 1.527811 -2.645434 -31.790019 -7.915081 -1.994583 -1.151581 1.151563 -0.000000 0.000003 0.000006 -9.108296 -0.517881 2.259803 6.036403 -6.888418 82.440971 4.121022 -6.349619 65.937868 1.115601 -3.782566 32.854576 0.000000 -0.000000 0.000001 -9.532492 -0.000004 0.000002 6.036400 -6.888419 82.440971 4.121019 -6.349615 65.937868 1.115599 -3.782566 32.854573 0.000001 -0.000000 -0.000003 -9.103601 -0.043104 -1.865099 6.036403 -6.888416 82.440964 4.121019 -6.349615 65.937868 1.115599 -3.782567 32.854576 0.000000 0.000002 0.000001 -8.076701 -0.486713 -3.806299 6.036404 -6.888420 82.440971 4.121023 -6.349615 65.937861 1.115592 -3.782567 32.854600 -0.000000 0.000002 0.000001 4.570404 11.014690 -2.160814 1.244638 0.076117 -10.790645 -32.097159 -41.849003 -48.693942 0.000011 -81.974175 -0.000023 -1.052524 0.742346 26.301402 2.466093 -1.576189 2.681710 18.241729 -23.305282 -17.628944 53.671616 63.248460 -40.439515 2.647888 -1.528750 1.528754 10.741891 32.760815 -5.296232 1.998929 -1.154073 1.154082 0.000001 -0.000000 -0.000002 9.109306 -0.518016 2.259899 6.090335 6.835969 -83.384725 5.535319 6.749086 -78.694557 1.552537 4.360281 -39.183941 0.000001 0.000001 -0.000001 9.533393 -0.000004 0.000008 6.088415 6.835750 -83.368510 5.537222 6.749461 -78.710772 1.552547 4.360283 -39.183928 -0.000000 0.000003 0.000001 9.104502 -0.042984 -1.865096 6.090336 6.835968 -83.384725 5.535318 6.749091 -78.694550 1.552540 4.360280 -39.183945 -0.000001 -0.000002 0.000002 8.077805 -0.486897 -3.806298 10.148459 7.303610 -83.373981 5.544912 2.664448 -78.811354 1.552531 4.360283 -39.183945 -0.000002 -0.000002 -0.000000 -8.207801 -6.751703 -1.599551 -69.736587 -4.015079 -3.352907 49.900211 -0.481784 -0.104777 36.480802 3.593031 12.996150 -0.000014 0.000003 0.000000 -0.000000 0.000001 0.000000 8.207798 -6.751705 -1.599543 -70.132724 -0.535703 14.333350 92.739912 9.744970 0.545675 -6.150890 3.219349 5.773227 -0.083496 0.000009 -0.000001 0.000000 0.000000 -0.000000 
